/*******************************************************************************
 * Size: 14 px
 * Bpp: 4
 * Opts: --bpp 4 --size 14 --no-compress --stride 1 --align 1 --font Font Awesome 7 Free-Solid-900.otf --symbols 0xF2CB, 0xF043, 0xF624, 0xF185, 0xF0C2, 0xF240, 0xF242, 0xF244, 0xF015, 0xF186, 0xF013, 0xF053, 0xF060, 0xF011, 0xF085 --range 61440-63743 --font Montserrat-SemiBold.ttf --range 32-127,160-255,260-263,280-281,321-322,323-324,346-347,377-380 --format lvgl -o montserrat_pl_14.c
 ******************************************************************************/

#ifdef __has_include
    #if __has_include("lvgl.h")
        #ifndef LV_LVGL_H_INCLUDE_SIMPLE
            #define LV_LVGL_H_INCLUDE_SIMPLE
        #endif
    #endif
#endif

#ifdef LV_LVGL_H_INCLUDE_SIMPLE
    #include "lvgl.h"
#else
    #include "lvgl/lvgl.h"
#endif



#ifndef MONTSERRAT_PL_14
#define MONTSERRAT_PL_14 1
#endif

#if MONTSERRAT_PL_14

/*-----------------
 *    BITMAPS
 *----------------*/

/*Store the image of the glyphs*/
static LV_ATTRIBUTE_LARGE_CONST const uint8_t glyph_bitmap[] = {
    /* U+0020 " " */

    /* U+0021 "!" */
    0xf, 0xf0, 0xf, 0xe0, 0xf, 0xd0, 0xe, 0xd0,
    0xd, 0xc0, 0xc, 0xb0, 0xb, 0x90, 0x2, 0x20,
    0x1f, 0xf0, 0xd, 0xc0,

    /* U+0022 "\"" */
    0x3f, 0x48, 0xf2, 0xf4, 0x7f, 0x2f, 0x37, 0xe2,
    0xf3, 0x6e, 0x1, 0x0, 0x10,

    /* U+0023 "#" */
    0x0, 0xe, 0x50, 0x4f, 0x0, 0x0, 0xf, 0x30,
    0x6d, 0x0, 0x3f, 0xff, 0xff, 0xff, 0xfa, 0x15,
    0x8f, 0x55, 0xcb, 0x53, 0x0, 0x6d, 0x0, 0xc7,
    0x0, 0x1, 0x9c, 0x11, 0xe6, 0x10, 0xaf, 0xff,
    0xff, 0xff, 0xf2, 0x24, 0xd9, 0x46, 0xf5, 0x40,
    0x0, 0xe6, 0x4, 0xf0, 0x0, 0x0, 0xf4, 0x6,
    0xe0, 0x0,

    /* U+0024 "$" */
    0x0, 0x0, 0x80, 0x0, 0x0, 0x0, 0x1f, 0x0,
    0x0, 0x0, 0x1, 0xf0, 0x0, 0x0, 0x1a, 0xef,
    0xfb, 0x40, 0xd, 0xfc, 0xfb, 0xea, 0x4, 0xfa,
    0x1f, 0x0, 0x10, 0x3f, 0xc2, 0xf0, 0x0, 0x0,
    0xaf, 0xff, 0x82, 0x0, 0x0, 0x39, 0xff, 0xf9,
    0x0, 0x0, 0x1f, 0x2c, 0xf3, 0x6, 0x1, 0xf0,
    0x9f, 0x45, 0xfe, 0xbf, 0xcf, 0xd0, 0x6, 0xbf,
    0xfe, 0xa1, 0x0, 0x0, 0x1f, 0x0, 0x0, 0x0,
    0x0, 0x80, 0x0, 0x0,

    /* U+0025 "%" */
    0x9, 0xee, 0x40, 0x0, 0xab, 0x0, 0x5d, 0x4,
    0xf0, 0x5, 0xf1, 0x0, 0x89, 0x0, 0xf2, 0x1e,
    0x60, 0x0, 0x6d, 0x4, 0xf0, 0xab, 0x0, 0x0,
    0xb, 0xff, 0x55, 0xf4, 0xce, 0x70, 0x0, 0x10,
    0x1e, 0x6c, 0x83, 0xe4, 0x0, 0x0, 0xab, 0x1f,
    0x10, 0x98, 0x0, 0x5, 0xe1, 0x1f, 0x0, 0x98,
    0x0, 0x1e, 0x50, 0xd, 0x50, 0xd4, 0x0, 0xab,
    0x0, 0x3, 0xdf, 0x80,

    /* U+0026 "&" */
    0x0, 0x5d, 0xfe, 0x50, 0x0, 0x1, 0xfc, 0x5b,
    0xf1, 0x0, 0x3, 0xf6, 0x5, 0xf2, 0x0, 0x0,
    0xde, 0x6e, 0xa0, 0x0, 0x0, 0x7f, 0xf9, 0x0,
    0x0, 0x8, 0xf8, 0xee, 0x24, 0xc1, 0x3f, 0x70,
    0x2d, 0xec, 0xf0, 0x6f, 0x60, 0x1, 0xef, 0x90,
    0x2f, 0xf9, 0x8b, 0xff, 0xf4, 0x3, 0xbf, 0xfd,
    0x71, 0xb2, 0x0, 0x0, 0x0, 0x0, 0x0,

    /* U+0027 "'" */
    0x3f, 0x42, 0xf4, 0x2f, 0x32, 0xf3, 0x1, 0x0,

    /* U+0028 "(" */
    0x6, 0xf5, 0xd, 0xd0, 0x3f, 0x80, 0x7f, 0x40,
    0xaf, 0x10, 0xcf, 0x0, 0xde, 0x0, 0xde, 0x0,
    0xcf, 0x0, 0xaf, 0x10, 0x7f, 0x40, 0x3f, 0x80,
    0xd, 0xd0, 0x6, 0xf4,

    /* U+0029 ")" */
    0x7f, 0x40, 0xf, 0xb0, 0xa, 0xf1, 0x6, 0xf5,
    0x3, 0xf8, 0x1, 0xf9, 0x0, 0xfa, 0x0, 0xfa,
    0x1, 0xf9, 0x3, 0xf8, 0x6, 0xf5, 0xa, 0xf1,
    0xf, 0xb0, 0x7f, 0x30,

    /* U+002A "*" */
    0x0, 0xa7, 0x0, 0x8a, 0xb9, 0xc5, 0x1b, 0xff,
    0x90, 0x5e, 0xff, 0xd3, 0x55, 0x97, 0x73, 0x0,
    0x64, 0x0,

    /* U+002B "+" */
    0x0, 0x6, 0x90, 0x0, 0x0, 0x9, 0xe0, 0x0,
    0x2, 0x2a, 0xe2, 0x20, 0x1f, 0xff, 0xff, 0xf5,
    0x5, 0x5b, 0xf5, 0x51, 0x0, 0x9, 0xe0, 0x0,
    0x0, 0x8, 0xb0, 0x0,

    /* U+002C "," */
    0x5, 0x25, 0xfc, 0x3f, 0xb0, 0xe5, 0x2f, 0x0,

    /* U+002D "-" */
    0x28, 0x88, 0x53, 0xff, 0xfa,

    /* U+002E "." */
    0x6, 0x26, 0xfc, 0x3f, 0x90,

    /* U+002F "/" */
    0x0, 0x0, 0xf, 0x90, 0x0, 0x4, 0xf4, 0x0,
    0x0, 0xae, 0x0, 0x0, 0xe, 0x90, 0x0, 0x4,
    0xf4, 0x0, 0x0, 0x9e, 0x0, 0x0, 0xe, 0x90,
    0x0, 0x4, 0xf4, 0x0, 0x0, 0x9e, 0x0, 0x0,
    0xe, 0xa0, 0x0, 0x4, 0xf4, 0x0, 0x0, 0x9f,
    0x0, 0x0, 0xe, 0xa0, 0x0, 0x4, 0xf4, 0x0,
    0x0,

    /* U+0030 "0" */
    0x0, 0x4c, 0xfe, 0x80, 0x0, 0x5f, 0xfb, 0xdf,
    0xc0, 0xe, 0xf2, 0x0, 0xaf, 0x53, 0xfa, 0x0,
    0x3, 0xfa, 0x5f, 0x70, 0x0, 0xf, 0xc5, 0xf7,
    0x0, 0x0, 0xfc, 0x3f, 0xa0, 0x0, 0x3f, 0xa0,
    0xef, 0x20, 0xa, 0xf5, 0x5, 0xff, 0xbd, 0xfc,
    0x0, 0x5, 0xcf, 0xe9, 0x0,

    /* U+0031 "1" */
    0xef, 0xff, 0x89, 0xef, 0x0, 0xdf, 0x0, 0xdf,
    0x0, 0xdf, 0x0, 0xdf, 0x0, 0xdf, 0x0, 0xdf,
    0x0, 0xdf, 0x0, 0xdf,

    /* U+0032 "2" */
    0x7, 0xdf, 0xfb, 0x20, 0x9f, 0xeb, 0xcf, 0xe1,
    0x17, 0x0, 0xa, 0xf5, 0x0, 0x0, 0x9, 0xf4,
    0x0, 0x0, 0x2f, 0xd0, 0x0, 0x2, 0xee, 0x20,
    0x0, 0x3e, 0xe3, 0x0, 0x4, 0xfe, 0x20, 0x0,
    0x4f, 0xfc, 0xaa, 0xa7, 0x8f, 0xff, 0xff, 0xfb,

    /* U+0033 "3" */
    0x8f, 0xff, 0xff, 0xf2, 0x59, 0x99, 0xcf, 0xd1,
    0x0, 0x2, 0xed, 0x10, 0x0, 0x2e, 0xf6, 0x0,
    0x0, 0x4f, 0xff, 0xb0, 0x0, 0x0, 0x1b, 0xf5,
    0x0, 0x0, 0x4, 0xf8, 0x44, 0x0, 0x8, 0xf7,
    0xcf, 0xdb, 0xcf, 0xe1, 0x29, 0xef, 0xfb, 0x20,

    /* U+0034 "4" */
    0x0, 0x0, 0x2f, 0xd0, 0x0, 0x0, 0x0, 0xcf,
    0x20, 0x0, 0x0, 0x9, 0xf5, 0x0, 0x0, 0x0,
    0x6f, 0x90, 0x0, 0x0, 0x2, 0xfd, 0x1, 0xf9,
    0x0, 0xd, 0xf2, 0x1, 0xf9, 0x0, 0x8f, 0xff,
    0xff, 0xff, 0xf5, 0x5a, 0xaa, 0xab, 0xfd, 0xa3,
    0x0, 0x0, 0x2, 0xf9, 0x0, 0x0, 0x0, 0x2,
    0xf9, 0x0,

    /* U+0035 "5" */
    0xa, 0xff, 0xff, 0xf2, 0xb, 0xf9, 0x99, 0x91,
    0xd, 0xd0, 0x0, 0x0, 0xf, 0xea, 0x96, 0x0,
    0xf, 0xff, 0xff, 0xe1, 0x0, 0x0, 0x1a, 0xf8,
    0x0, 0x0, 0x2, 0xfb, 0x25, 0x0, 0x5, 0xf9,
    0xaf, 0xeb, 0xcf, 0xf3, 0x18, 0xdf, 0xfc, 0x30,

    /* U+0036 "6" */
    0x0, 0x2a, 0xef, 0xe8, 0x0, 0x3f, 0xfb, 0xab,
    0x80, 0xd, 0xf4, 0x0, 0x0, 0x3, 0xfa, 0x27,
    0x73, 0x0, 0x5f, 0xdf, 0xff, 0xf9, 0x6, 0xff,
    0x60, 0x2c, 0xf3, 0x4f, 0xc0, 0x0, 0x5f, 0x60,
    0xfe, 0x0, 0x8, 0xf5, 0x7, 0xfd, 0x8a, 0xfd,
    0x0, 0x6, 0xdf, 0xfa, 0x10,

    /* U+0037 "7" */
    0x9f, 0xff, 0xff, 0xff, 0x9, 0xfa, 0xaa, 0xbf,
    0xe0, 0x9f, 0x10, 0x7, 0xf7, 0x3, 0x50, 0x0,
    0xef, 0x10, 0x0, 0x0, 0x5f, 0x90, 0x0, 0x0,
    0xc, 0xf2, 0x0, 0x0, 0x3, 0xfb, 0x0, 0x0,
    0x0, 0xaf, 0x40, 0x0, 0x0, 0x1f, 0xd0, 0x0,
    0x0, 0x8, 0xf6, 0x0, 0x0,

    /* U+0038 "8" */
    0x1, 0x9e, 0xfe, 0xa1, 0x0, 0xcf, 0xb8, 0xaf,
    0xd0, 0x1f, 0xc0, 0x0, 0xaf, 0x30, 0xee, 0x30,
    0x2d, 0xf1, 0x6, 0xff, 0xff, 0xf8, 0x1, 0xfe,
    0x64, 0x5d, 0xf3, 0x6f, 0x70, 0x0, 0x5f, 0x85,
    0xf9, 0x0, 0x7, 0xf7, 0xe, 0xfb, 0x8a, 0xff,
    0x20, 0x1a, 0xef, 0xea, 0x20,

    /* U+0039 "9" */
    0x4, 0xcf, 0xfb, 0x30, 0x3, 0xfe, 0x99, 0xef,
    0x30, 0x9f, 0x30, 0x1, 0xfc, 0x9, 0xf3, 0x0,
    0x1f, 0xf0, 0x4f, 0xe9, 0x9e, 0xff, 0x20, 0x5d,
    0xfe, 0x9b, 0xf1, 0x0, 0x0, 0x0, 0xef, 0x0,
    0x0, 0x0, 0x8f, 0x90, 0xc, 0xba, 0xdf, 0xd1,
    0x1, 0xae, 0xfe, 0x81, 0x0,

    /* U+003A ":" */
    0x3f, 0x95, 0xfc, 0x6, 0x20, 0x0, 0x0, 0x0,
    0x62, 0x6f, 0xc3, 0xf9,

    /* U+003B ";" */
    0x3f, 0x95, 0xfc, 0x6, 0x20, 0x0, 0x0, 0x0,
    0x52, 0x5f, 0xc3, 0xfb, 0xe, 0x52, 0xf0,

    /* U+003C "<" */
    0x0, 0x0, 0x0, 0x43, 0x0, 0x1, 0x7d, 0xf5,
    0x3, 0xaf, 0xfa, 0x30, 0x1f, 0xe7, 0x10, 0x0,
    0xd, 0xfc, 0x60, 0x0, 0x0, 0x4a, 0xff, 0x91,
    0x0, 0x0, 0x18, 0xe5, 0x0, 0x0, 0x0, 0x1,

    /* U+003D "=" */
    0x1f, 0xff, 0xff, 0xf5, 0x7, 0x77, 0x77, 0x72,
    0x0, 0x0, 0x0, 0x0, 0x2, 0x22, 0x22, 0x20,
    0x1f, 0xff, 0xff, 0xf5, 0x5, 0x55, 0x55, 0x51,

    /* U+003E ">" */
    0x6, 0x0, 0x0, 0x0, 0x1f, 0xf9, 0x20, 0x0,
    0x2, 0x8e, 0xfc, 0x50, 0x0, 0x0, 0x5c, 0xf5,
    0x0, 0x4, 0xbf, 0xe3, 0x8, 0xef, 0xc6, 0x0,
    0x1f, 0x93, 0x0, 0x0, 0x1, 0x0, 0x0, 0x0,

    /* U+003F "?" */
    0x7, 0xdf, 0xfb, 0x30, 0xaf, 0xd9, 0xbf, 0xf1,
    0x16, 0x0, 0xa, 0xf4, 0x0, 0x0, 0xc, 0xf1,
    0x0, 0x0, 0xbf, 0x50, 0x0, 0x9, 0xf5, 0x0,
    0x0, 0x7, 0x80, 0x0, 0x0, 0x2, 0x20, 0x0,
    0x0, 0xf, 0xf0, 0x0, 0x0, 0xd, 0xd0, 0x0,

    /* U+0040 "@" */
    0x0, 0x0, 0x7c, 0xff, 0xea, 0x40, 0x0, 0x0,
    0x3e, 0xd7, 0x43, 0x59, 0xfb, 0x0, 0x2, 0xf9,
    0x0, 0x0, 0x1, 0x2c, 0xb0, 0xb, 0xc0, 0x2c,
    0xff, 0xad, 0xc1, 0xf4, 0x1f, 0x40, 0xee, 0x64,
    0xbf, 0xc0, 0x9a, 0x5f, 0x5, 0xf4, 0x0, 0xe,
    0xc0, 0x5d, 0x6e, 0x7, 0xf2, 0x0, 0xc, 0xc0,
    0x5d, 0x5f, 0x5, 0xf5, 0x0, 0x1f, 0xc0, 0x7b,
    0x1f, 0x40, 0xdf, 0x76, 0xcf, 0xf7, 0xe6, 0xb,
    0xb0, 0x1b, 0xff, 0x93, 0xdf, 0x90, 0x2, 0xf9,
    0x0, 0x0, 0x0, 0x0, 0x0, 0x0, 0x3e, 0xd7,
    0x43, 0x6b, 0x10, 0x0, 0x0, 0x1, 0x7c, 0xff,
    0xea, 0x10, 0x0,

    /* U+0041 "A" */
    0x0, 0x0, 0xd, 0xf5, 0x0, 0x0, 0x0, 0x0,
    0x5f, 0xfc, 0x0, 0x0, 0x0, 0x0, 0xce, 0x8f,
    0x30, 0x0, 0x0, 0x3, 0xf8, 0x1f, 0xa0, 0x0,
    0x0, 0xa, 0xf1, 0xa, 0xf2, 0x0, 0x0, 0x1f,
    0xb0, 0x3, 0xf9, 0x0, 0x0, 0x8f, 0xff, 0xff,
    0xff, 0x0, 0x0, 0xee, 0x88, 0x88, 0xaf, 0x70,
    0x6, 0xf7, 0x0, 0x0, 0xe, 0xe0, 0xd, 0xf1,
    0x0, 0x0, 0x8, 0xf5,

    /* U+0042 "B" */
    0xbf, 0xff, 0xff, 0xc6, 0x0, 0xbf, 0x98, 0x89,
    0xff, 0x40, 0xbf, 0x20, 0x0, 0x6f, 0x70, 0xbf,
    0x20, 0x1, 0xaf, 0x30, 0xbf, 0xff, 0xff, 0xfb,
    0x0, 0xbf, 0x98, 0x88, 0xcf, 0x90, 0xbf, 0x20,
    0x0, 0xe, 0xf0, 0xbf, 0x20, 0x0, 0xe, 0xf0,
    0xbf, 0x98, 0x88, 0xdf, 0xa0, 0xbf, 0xff, 0xff,
    0xe8, 0x0,

    /* U+0043 "C" */
    0x0, 0x8, 0xdf, 0xfc, 0x50, 0x1, 0xdf, 0xeb,
    0xbf, 0xf7, 0xb, 0xf9, 0x0, 0x1, 0x91, 0x2f,
    0xd0, 0x0, 0x0, 0x0, 0x5f, 0x80, 0x0, 0x0,
    0x0, 0x5f, 0x80, 0x0, 0x0, 0x0, 0x2f, 0xc0,
    0x0, 0x0, 0x0, 0xb, 0xf9, 0x0, 0x1, 0x91,
    0x1, 0xdf, 0xeb, 0xbf, 0xf7, 0x0, 0x8, 0xdf,
    0xfc, 0x50,

    /* U+0044 "D" */
    0xbf, 0xff, 0xfe, 0xb4, 0x0, 0xbf, 0xaa, 0xab,
    0xff, 0x90, 0xbf, 0x20, 0x0, 0x2d, 0xf5, 0xbf,
    0x20, 0x0, 0x3, 0xfb, 0xbf, 0x20, 0x0, 0x0,
    0xee, 0xbf, 0x20, 0x0, 0x0, 0xee, 0xbf, 0x20,
    0x0, 0x3, 0xfb, 0xbf, 0x20, 0x0, 0x2d, 0xf5,
    0xbf, 0xaa, 0xab, 0xff, 0x90, 0xbf, 0xff, 0xfe,
    0xb4, 0x0,

    /* U+0045 "E" */
    0xbf, 0xff, 0xff, 0xf7, 0xbf, 0xa9, 0x99, 0x94,
    0xbf, 0x20, 0x0, 0x0, 0xbf, 0x20, 0x0, 0x0,
    0xbf, 0xff, 0xff, 0xe0, 0xbf, 0xa9, 0x99, 0x80,
    0xbf, 0x20, 0x0, 0x0, 0xbf, 0x20, 0x0, 0x0,
    0xbf, 0xa9, 0x99, 0x96, 0xbf, 0xff, 0xff, 0xfa,

    /* U+0046 "F" */
    0xbf, 0xff, 0xff, 0xf7, 0xbf, 0xa9, 0x99, 0x94,
    0xbf, 0x20, 0x0, 0x0, 0xbf, 0x20, 0x0, 0x0,
    0xbf, 0xba, 0xaa, 0x80, 0xbf, 0xff, 0xff, 0xe0,
    0xbf, 0x20, 0x0, 0x0, 0xbf, 0x20, 0x0, 0x0,
    0xbf, 0x20, 0x0, 0x0, 0xbf, 0x20, 0x0, 0x0,

    /* U+0047 "G" */
    0x0, 0x7, 0xdf, 0xfc, 0x60, 0x1, 0xdf, 0xfb,
    0xbf, 0xf9, 0xb, 0xf9, 0x0, 0x0, 0x82, 0x2f,
    0xd0, 0x0, 0x0, 0x0, 0x5f, 0x80, 0x0, 0x0,
    0x11, 0x5f, 0x80, 0x0, 0x0, 0xfb, 0x2f, 0xd0,
    0x0, 0x0, 0xfb, 0xb, 0xf9, 0x0, 0x0, 0xfb,
    0x1, 0xdf, 0xfb, 0xbe, 0xfa, 0x0, 0x8, 0xdf,
    0xfc, 0x70,

    /* U+0048 "H" */
    0xbf, 0x20, 0x0, 0xc, 0xf0, 0xbf, 0x20, 0x0,
    0xc, 0xf0, 0xbf, 0x20, 0x0, 0xc, 0xf0, 0xbf,
    0x20, 0x0, 0xc, 0xf0, 0xbf, 0xff, 0xff, 0xff,
    0xf0, 0xbf, 0xba, 0xaa, 0xaf, 0xf0, 0xbf, 0x20,
    0x0, 0xc, 0xf0, 0xbf, 0x20, 0x0, 0xc, 0xf0,
    0xbf, 0x20, 0x0, 0xc, 0xf0, 0xbf, 0x20, 0x0,
    0xc, 0xf0,

    /* U+0049 "I" */
    0xbf, 0x2b, 0xf2, 0xbf, 0x2b, 0xf2, 0xbf, 0x2b,
    0xf2, 0xbf, 0x2b, 0xf2, 0xbf, 0x2b, 0xf2,

    /* U+004A "J" */
    0x2, 0xff, 0xff, 0xf2, 0x1, 0x99, 0x9d, 0xf2,
    0x0, 0x0, 0xa, 0xf2, 0x0, 0x0, 0xa, 0xf2,
    0x0, 0x0, 0xa, 0xf2, 0x0, 0x0, 0xa, 0xf2,
    0x0, 0x0, 0xa, 0xf2, 0x5, 0x20, 0xd, 0xf0,
    0xf, 0xfa, 0xcf, 0xb0, 0x3, 0xcf, 0xfa, 0x10,

    /* U+004B "K" */
    0xbf, 0x20, 0x0, 0x7f, 0x90, 0xbf, 0x20, 0x6,
    0xfa, 0x0, 0xbf, 0x20, 0x6f, 0xb0, 0x0, 0xbf,
    0x25, 0xfc, 0x0, 0x0, 0xbf, 0x6f, 0xf2, 0x0,
    0x0, 0xbf, 0xff, 0xfb, 0x0, 0x0, 0xbf, 0xe2,
    0xbf, 0x80, 0x0, 0xbf, 0x30, 0x1d, 0xf4, 0x0,
    0xbf, 0x20, 0x2, 0xff, 0x20, 0xbf, 0x20, 0x0,
    0x4f, 0xd0,

    /* U+004C "L" */
    0xbf, 0x20, 0x0, 0x0, 0xbf, 0x20, 0x0, 0x0,
    0xbf, 0x20, 0x0, 0x0, 0xbf, 0x20, 0x0, 0x0,
    0xbf, 0x20, 0x0, 0x0, 0xbf, 0x20, 0x0, 0x0,
    0xbf, 0x20, 0x0, 0x0, 0xbf, 0x20, 0x0, 0x0,
    0xbf, 0xaa, 0xaa, 0xa2, 0xbf, 0xff, 0xff, 0xf4,

    /* U+004D "M" */
    0xbf, 0x20, 0x0, 0x0, 0xc, 0xf0, 0xbf, 0xb0,
    0x0, 0x0, 0x5f, 0xf0, 0xbf, 0xf4, 0x0, 0x0,
    0xef, 0xf0, 0xbf, 0xdd, 0x0, 0x8, 0xfd, 0xf0,
    0xbf, 0x4f, 0x70, 0x2f, 0x8b, 0xf0, 0xbf, 0xa,
    0xf1, 0xbe, 0xb, 0xf0, 0xbf, 0x1, 0xfd, 0xf6,
    0xb, 0xf0, 0xbf, 0x0, 0x7f, 0xd0, 0xb, 0xf0,
    0xbf, 0x0, 0xc, 0x40, 0xb, 0xf0, 0xbf, 0x0,
    0x0, 0x0, 0xb, 0xf0,

    /* U+004E "N" */
    0xbf, 0x30, 0x0, 0xc, 0xf0, 0xbf, 0xe1, 0x0,
    0xc, 0xf0, 0xbf, 0xfb, 0x0, 0xc, 0xf0, 0xbf,
    0x9f, 0x80, 0xc, 0xf0, 0xbf, 0x2b, 0xf4, 0xc,
    0xf0, 0xbf, 0x21, 0xde, 0x1c, 0xf0, 0xbf, 0x20,
    0x3f, 0xcc, 0xf0, 0xbf, 0x20, 0x6, 0xff, 0xf0,
    0xbf, 0x20, 0x0, 0x9f, 0xf0, 0xbf, 0x20, 0x0,
    0xd, 0xf0,

    /* U+004F "O" */
    0x0, 0x7, 0xdf, 0xfc, 0x60, 0x0, 0x1, 0xdf,
    0xeb, 0xcf, 0xfb, 0x0, 0xb, 0xf9, 0x0, 0x1,
    0xcf, 0x80, 0x2f, 0xd0, 0x0, 0x0, 0x1f, 0xe0,
    0x5f, 0x80, 0x0, 0x0, 0xb, 0xf2, 0x5f, 0x80,
    0x0, 0x0, 0xb, 0xf2, 0x2f, 0xd0, 0x0, 0x0,
    0x1f, 0xe0, 0xb, 0xf9, 0x0, 0x1, 0xcf, 0x80,
    0x1, 0xdf, 0xeb, 0xcf, 0xfb, 0x0, 0x0, 0x7,
    0xdf, 0xfc, 0x60, 0x0,

    /* U+0050 "P" */
    0xbf, 0xff, 0xfe, 0x91, 0xb, 0xfb, 0xaa, 0xdf,
    0xd0, 0xbf, 0x20, 0x0, 0x9f, 0x6b, 0xf2, 0x0,
    0x5, 0xf8, 0xbf, 0x20, 0x0, 0xaf, 0x6b, 0xfb,
    0xaa, 0xdf, 0xd0, 0xbf, 0xff, 0xfe, 0x91, 0xb,
    0xf2, 0x0, 0x0, 0x0, 0xbf, 0x20, 0x0, 0x0,
    0xb, 0xf2, 0x0, 0x0, 0x0,

    /* U+0051 "Q" */
    0x0, 0x7, 0xdf, 0xfc, 0x60, 0x0, 0x1, 0xdf,
    0xeb, 0xcf, 0xfb, 0x0, 0xb, 0xf9, 0x0, 0x1,
    0xcf, 0x80, 0x2f, 0xd0, 0x0, 0x0, 0x1f, 0xe0,
    0x5f, 0x80, 0x0, 0x0, 0xb, 0xf2, 0x5f, 0x80,
    0x0, 0x0, 0xb, 0xf2, 0x2f, 0xd0, 0x0, 0x0,
    0x1f, 0xe0, 0xb, 0xf9, 0x0, 0x1, 0xcf, 0x80,
    0x1, 0xdf, 0xeb, 0xcf, 0xfb, 0x0, 0x0, 0x7,
    0xdf, 0xfd, 0x60, 0x0, 0x0, 0x0, 0x3, 0xfe,
    0x53, 0xc4, 0x0, 0x0, 0x0, 0x3e, 0xff, 0xf4,
    0x0, 0x0, 0x0, 0x0, 0x44, 0x10,

    /* U+0052 "R" */
    0xbf, 0xff, 0xfe, 0x91, 0xb, 0xfb, 0xaa, 0xdf,
    0xd0, 0xbf, 0x20, 0x0, 0xaf, 0x6b, 0xf2, 0x0,
    0x5, 0xf8, 0xbf, 0x20, 0x0, 0x9f, 0x6b, 0xfa,
    0x99, 0xcf, 0xd0, 0xbf, 0xff, 0xff, 0xc1, 0xb,
    0xf2, 0x0, 0xee, 0x10, 0xbf, 0x20, 0x4, 0xfb,
    0xb, 0xf2, 0x0, 0x9, 0xf5,

    /* U+0053 "S" */
    0x1, 0xae, 0xfe, 0xb4, 0x0, 0xdf, 0xc9, 0xbe,
    0xa0, 0x4f, 0xa0, 0x0, 0x1, 0x3, 0xfc, 0x10,
    0x0, 0x0, 0xa, 0xff, 0xb7, 0x20, 0x0, 0x3,
    0x8c, 0xff, 0x90, 0x0, 0x0, 0x1, 0xcf, 0x30,
    0x60, 0x0, 0x9, 0xf4, 0x5f, 0xea, 0x9c, 0xfd,
    0x0, 0x6b, 0xff, 0xea, 0x10,

    /* U+0054 "T" */
    0xff, 0xff, 0xff, 0xff, 0x69, 0xaa, 0xef, 0xaa,
    0xa3, 0x0, 0xb, 0xf2, 0x0, 0x0, 0x0, 0xbf,
    0x20, 0x0, 0x0, 0xb, 0xf2, 0x0, 0x0, 0x0,
    0xbf, 0x20, 0x0, 0x0, 0xb, 0xf2, 0x0, 0x0,
    0x0, 0xbf, 0x20, 0x0, 0x0, 0xb, 0xf2, 0x0,
    0x0, 0x0, 0xbf, 0x20, 0x0,

    /* U+0055 "U" */
    0xcf, 0x0, 0x0, 0xf, 0xdc, 0xf0, 0x0, 0x0,
    0xfd, 0xcf, 0x0, 0x0, 0xf, 0xdc, 0xf0, 0x0,
    0x0, 0xfd, 0xcf, 0x0, 0x0, 0xf, 0xdc, 0xf0,
    0x0, 0x0, 0xfc, 0xbf, 0x20, 0x0, 0x1f, 0xb7,
    0xfa, 0x0, 0x9, 0xf8, 0xd, 0xfe, 0xbd, 0xfe,
    0x10, 0x19, 0xef, 0xea, 0x10,

    /* U+0056 "V" */
    0xd, 0xf2, 0x0, 0x0, 0xc, 0xf1, 0x6, 0xf8,
    0x0, 0x0, 0x3f, 0xa0, 0x0, 0xfe, 0x0, 0x0,
    0x9f, 0x30, 0x0, 0x9f, 0x60, 0x1, 0xfc, 0x0,
    0x0, 0x2f, 0xc0, 0x7, 0xf5, 0x0, 0x0, 0xb,
    0xf3, 0xe, 0xe0, 0x0, 0x0, 0x4, 0xfa, 0x5f,
    0x70, 0x0, 0x0, 0x0, 0xdf, 0xdf, 0x10, 0x0,
    0x0, 0x0, 0x6f, 0xfa, 0x0, 0x0, 0x0, 0x0,
    0xf, 0xf3, 0x0, 0x0,

    /* U+0057 "W" */
    0x7f, 0x60, 0x0, 0xe, 0xf1, 0x0, 0x4, 0xf7,
    0x2f, 0xb0, 0x0, 0x4f, 0xf6, 0x0, 0x9, 0xf2,
    0xd, 0xf1, 0x0, 0x9f, 0xfb, 0x0, 0xe, 0xd0,
    0x7, 0xf6, 0x0, 0xeb, 0xaf, 0x10, 0x3f, 0x80,
    0x2, 0xfb, 0x4, 0xf6, 0x5f, 0x60, 0x9f, 0x20,
    0x0, 0xdf, 0x9, 0xf1, 0xf, 0xb0, 0xed, 0x0,
    0x0, 0x8f, 0x5e, 0xb0, 0xb, 0xf4, 0xf8, 0x0,
    0x0, 0x2f, 0xef, 0x60, 0x5, 0xfd, 0xf3, 0x0,
    0x0, 0xd, 0xff, 0x10, 0x1, 0xff, 0xe0, 0x0,
    0x0, 0x8, 0xfb, 0x0, 0x0, 0xbf, 0x80, 0x0,

    /* U+0058 "X" */
    0x5f, 0xb0, 0x0, 0x1e, 0xe1, 0x9, 0xf6, 0x0,
    0xaf, 0x40, 0x0, 0xdf, 0x26, 0xf9, 0x0, 0x0,
    0x3f, 0xdf, 0xd0, 0x0, 0x0, 0x8, 0xff, 0x20,
    0x0, 0x0, 0xa, 0xff, 0x60, 0x0, 0x0, 0x6f,
    0xae, 0xf2, 0x0, 0x2, 0xfe, 0x4, 0xfc, 0x0,
    0xc, 0xf3, 0x0, 0x9f, 0x80, 0x8f, 0x80, 0x0,
    0xd, 0xf4,

    /* U+0059 "Y" */
    0xd, 0xf2, 0x0, 0x0, 0xbf, 0x10, 0x3f, 0xb0,
    0x0, 0x4f, 0x70, 0x0, 0xaf, 0x40, 0xd, 0xd0,
    0x0, 0x1, 0xfd, 0x7, 0xf4, 0x0, 0x0, 0x7,
    0xf9, 0xfb, 0x0, 0x0, 0x0, 0xd, 0xff, 0x20,
    0x0, 0x0, 0x0, 0x5f, 0xa0, 0x0, 0x0, 0x0,
    0x4, 0xf8, 0x0, 0x0, 0x0, 0x0, 0x4f, 0x80,
    0x0, 0x0, 0x0, 0x4, 0xf8, 0x0, 0x0,

    /* U+005A "Z" */
    0x5f, 0xff, 0xff, 0xff, 0xc3, 0xaa, 0xaa, 0xaf,
    0xf8, 0x0, 0x0, 0x6, 0xfb, 0x0, 0x0, 0x3,
    0xfe, 0x10, 0x0, 0x1, 0xef, 0x20, 0x0, 0x0,
    0xcf, 0x50, 0x0, 0x0, 0xaf, 0x80, 0x0, 0x0,
    0x6f, 0xb0, 0x0, 0x0, 0x3f, 0xfb, 0xaa, 0xaa,
    0x96, 0xff, 0xff, 0xff, 0xff,

    /* U+005B "[" */
    0xbf, 0xfa, 0xbf, 0x84, 0xbf, 0x10, 0xbf, 0x10,
    0xbf, 0x10, 0xbf, 0x10, 0xbf, 0x10, 0xbf, 0x10,
    0xbf, 0x10, 0xbf, 0x10, 0xbf, 0x10, 0xbf, 0x10,
    0xbf, 0x85, 0xbf, 0xfa,

    /* U+005C "\\" */
    0x6f, 0x20, 0x0, 0x1, 0xf8, 0x0, 0x0, 0xb,
    0xd0, 0x0, 0x0, 0x6f, 0x20, 0x0, 0x1, 0xf7,
    0x0, 0x0, 0xb, 0xd0, 0x0, 0x0, 0x6f, 0x20,
    0x0, 0x1, 0xf7, 0x0, 0x0, 0xc, 0xd0, 0x0,
    0x0, 0x6f, 0x20, 0x0, 0x1, 0xf7, 0x0, 0x0,
    0xc, 0xc0, 0x0, 0x0, 0x6f, 0x20, 0x0, 0x1,
    0xf7,

    /* U+005D "]" */
    0xcf, 0xf9, 0x59, 0xf9, 0x3, 0xf9, 0x3, 0xf9,
    0x3, 0xf9, 0x3, 0xf9, 0x3, 0xf9, 0x3, 0xf9,
    0x3, 0xf9, 0x3, 0xf9, 0x3, 0xf9, 0x3, 0xf9,
    0x59, 0xf9, 0xcf, 0xf9,

    /* U+005E "^" */
    0x0, 0xc, 0xf1, 0x0, 0x0, 0x3f, 0xe7, 0x0,
    0x0, 0x9b, 0x6e, 0x0, 0x1, 0xf4, 0x1f, 0x40,
    0x7, 0xe0, 0xa, 0xb0, 0xd, 0x80, 0x3, 0xf2,

    /* U+005F "_" */
    0xff, 0xff, 0xff, 0xf2, 0x22, 0x22, 0x22,

    /* U+0060 "`" */
    0x2d, 0xd1, 0x0, 0xb, 0xd1,

    /* U+0061 "a" */
    0x6, 0xcf, 0xfc, 0x30, 0xd, 0xb9, 0xaf, 0xe0,
    0x0, 0x0, 0x8, 0xf5, 0x6, 0xef, 0xff, 0xf6,
    0x3f, 0xb3, 0x37, 0xf6, 0x6f, 0x50, 0x7, 0xf6,
    0x2f, 0xc4, 0x6f, 0xf6, 0x5, 0xef, 0xd8, 0xf6,

    /* U+0062 "b" */
    0xde, 0x0, 0x0, 0x0, 0xd, 0xe0, 0x0, 0x0,
    0x0, 0xde, 0x0, 0x0, 0x0, 0xd, 0xe7, 0xef,
    0xc4, 0x0, 0xdf, 0xfa, 0xaf, 0xf5, 0xd, 0xf5,
    0x0, 0x2f, 0xd0, 0xdf, 0x0, 0x0, 0xbf, 0xd,
    0xf0, 0x0, 0xc, 0xf0, 0xdf, 0x50, 0x2, 0xfd,
    0xd, 0xff, 0xba, 0xff, 0x50, 0xdd, 0x7e, 0xfc,
    0x40, 0x0,

    /* U+0063 "c" */
    0x0, 0x7d, 0xfe, 0x80, 0xa, 0xfd, 0x9c, 0xf8,
    0x3f, 0xb0, 0x0, 0x61, 0x6f, 0x50, 0x0, 0x0,
    0x6f, 0x50, 0x0, 0x0, 0x3f, 0xc0, 0x0, 0x71,
    0x9, 0xfd, 0x9d, 0xf8, 0x0, 0x7d, 0xfe, 0x70,

    /* U+0064 "d" */
    0x0, 0x0, 0x0, 0x4f, 0x70, 0x0, 0x0, 0x4,
    0xf7, 0x0, 0x0, 0x0, 0x4f, 0x70, 0x8, 0xef,
    0xc7, 0xf7, 0xb, 0xfd, 0x9d, 0xff, 0x73, 0xfb,
    0x0, 0xb, 0xf7, 0x7f, 0x50, 0x0, 0x4f, 0x77,
    0xf5, 0x0, 0x4, 0xf7, 0x3f, 0xc0, 0x0, 0xbf,
    0x70, 0xbf, 0xd9, 0xdf, 0xf7, 0x0, 0x8e, 0xfc,
    0x6f, 0x70,

    /* U+0065 "e" */
    0x0, 0x8e, 0xfd, 0x60, 0x0, 0xaf, 0xb8, 0xcf,
    0x80, 0x3f, 0x90, 0x0, 0xbf, 0x6, 0xff, 0xff,
    0xff, 0xf2, 0x6f, 0x73, 0x33, 0x33, 0x3, 0xfb,
    0x0, 0x4, 0x0, 0xa, 0xfd, 0x9b, 0xf7, 0x0,
    0x7, 0xdf, 0xe9, 0x10,

    /* U+0066 "f" */
    0x0, 0x9f, 0xf6, 0x5, 0xfb, 0x83, 0x9, 0xf1,
    0x0, 0xdf, 0xff, 0xf2, 0x6c, 0xf8, 0x71, 0x9,
    0xf2, 0x0, 0x9, 0xf2, 0x0, 0x9, 0xf2, 0x0,
    0x9, 0xf2, 0x0, 0x9, 0xf2, 0x0, 0x9, 0xf2,
    0x0,

    /* U+0067 "g" */
    0x0, 0x8e, 0xfc, 0x5f, 0x90, 0xbf, 0xc8, 0xbf,
    0xf9, 0x3f, 0xb0, 0x0, 0x9f, 0x97, 0xf5, 0x0,
    0x3, 0xf9, 0x6f, 0x50, 0x0, 0x4f, 0x93, 0xfc,
    0x0, 0xa, 0xf9, 0xb, 0xfd, 0x9c, 0xff, 0x90,
    0x8, 0xef, 0xc7, 0xf8, 0x1, 0x0, 0x0, 0x8f,
    0x50, 0xde, 0xa9, 0xbf, 0xd0, 0x4, 0xbe, 0xfe,
    0xa1, 0x0,

    /* U+0068 "h" */
    0xde, 0x0, 0x0, 0x0, 0xde, 0x0, 0x0, 0x0,
    0xde, 0x0, 0x0, 0x0, 0xde, 0x7e, 0xfc, 0x40,
    0xdf, 0xfa, 0xbf, 0xf1, 0xdf, 0x40, 0x8, 0xf6,
    0xde, 0x0, 0x4, 0xf8, 0xde, 0x0, 0x3, 0xf8,
    0xde, 0x0, 0x3, 0xf8, 0xde, 0x0, 0x3, 0xf8,
    0xde, 0x0, 0x3, 0xf8,

    /* U+0069 "i" */
    0xd, 0xd0, 0xf, 0xf1, 0x1, 0x10, 0xd, 0xe0,
    0xd, 0xe0, 0xd, 0xe0, 0xd, 0xe0, 0xd, 0xe0,
    0xd, 0xe0, 0xd, 0xe0, 0xd, 0xe0,

    /* U+006A "j" */
    0x0, 0xc, 0xe1, 0x0, 0xe, 0xf2, 0x0, 0x1,
    0x20, 0x0, 0xc, 0xf0, 0x0, 0xc, 0xf0, 0x0,
    0xc, 0xf0, 0x0, 0xc, 0xf0, 0x0, 0xc, 0xf0,
    0x0, 0xc, 0xf0, 0x0, 0xc, 0xf0, 0x0, 0xc,
    0xf0, 0x0, 0xc, 0xf0, 0xa, 0x9f, 0xb0, 0x2e,
    0xfc, 0x20,

    /* U+006B "k" */
    0xde, 0x0, 0x0, 0x0, 0xde, 0x0, 0x0, 0x0,
    0xde, 0x0, 0x0, 0x0, 0xde, 0x0, 0x1d, 0xf3,
    0xde, 0x1, 0xdf, 0x40, 0xde, 0x2e, 0xf5, 0x0,
    0xdf, 0xef, 0xb0, 0x0, 0xdf, 0xfe, 0xf5, 0x0,
    0xdf, 0x42, 0xff, 0x20, 0xde, 0x0, 0x5f, 0xc0,
    0xde, 0x0, 0x9, 0xf8,

    /* U+006C "l" */
    0xde, 0xde, 0xde, 0xde, 0xde, 0xde, 0xde, 0xde,
    0xde, 0xde, 0xde,

    /* U+006D "m" */
    0xdd, 0x8e, 0xfc, 0x26, 0xdf, 0xd5, 0xd, 0xfe,
    0x9a, 0xff, 0xfa, 0x8e, 0xf3, 0xdf, 0x30, 0xa,
    0xf9, 0x0, 0x4f, 0x9d, 0xe0, 0x0, 0x7f, 0x50,
    0x1, 0xfa, 0xde, 0x0, 0x7, 0xf4, 0x0, 0x1f,
    0xad, 0xe0, 0x0, 0x7f, 0x40, 0x1, 0xfa, 0xde,
    0x0, 0x7, 0xf4, 0x0, 0x1f, 0xad, 0xe0, 0x0,
    0x7f, 0x40, 0x1, 0xfa,

    /* U+006E "n" */
    0xdd, 0x8e, 0xfc, 0x40, 0xdf, 0xf9, 0x9f, 0xf1,
    0xdf, 0x40, 0x7, 0xf6, 0xde, 0x0, 0x3, 0xf8,
    0xde, 0x0, 0x3, 0xf8, 0xde, 0x0, 0x3, 0xf8,
    0xde, 0x0, 0x3, 0xf8, 0xde, 0x0, 0x3, 0xf8,

    /* U+006F "o" */
    0x0, 0x7e, 0xfe, 0x80, 0x0, 0xaf, 0xd9, 0xcf,
    0xa0, 0x3f, 0xb0, 0x0, 0xbf, 0x36, 0xf5, 0x0,
    0x5, 0xf7, 0x6f, 0x50, 0x0, 0x5f, 0x73, 0xfc,
    0x0, 0xb, 0xf3, 0x9, 0xfd, 0x9d, 0xfa, 0x0,
    0x7, 0xef, 0xe7, 0x0,

    /* U+0070 "p" */
    0xdd, 0x7e, 0xfc, 0x40, 0xd, 0xff, 0xaa, 0xff,
    0x50, 0xdf, 0x50, 0x2, 0xfd, 0xd, 0xf0, 0x0,
    0xb, 0xf0, 0xdf, 0x0, 0x0, 0xcf, 0xd, 0xf5,
    0x0, 0x2f, 0xd0, 0xdf, 0xfb, 0xaf, 0xf5, 0xd,
    0xe7, 0xef, 0xd4, 0x0, 0xde, 0x0, 0x0, 0x0,
    0xd, 0xe0, 0x0, 0x0, 0x0, 0xde, 0x0, 0x0,
    0x0, 0x0,

    /* U+0071 "q" */
    0x0, 0x8e, 0xfc, 0x6f, 0x70, 0xbf, 0xd9, 0xdf,
    0xf7, 0x3f, 0xb0, 0x0, 0xbf, 0x77, 0xf5, 0x0,
    0x5, 0xf7, 0x7f, 0x50, 0x0, 0x5f, 0x73, 0xfc,
    0x0, 0xb, 0xf7, 0xb, 0xfd, 0x9d, 0xff, 0x70,
    0x8, 0xef, 0xc7, 0xf7, 0x0, 0x0, 0x0, 0x4f,
    0x70, 0x0, 0x0, 0x4, 0xf7, 0x0, 0x0, 0x0,
    0x4f, 0x70,

    /* U+0072 "r" */
    0xdd, 0x7e, 0x7d, 0xff, 0xb4, 0xdf, 0x50, 0xd,
    0xf0, 0x0, 0xde, 0x0, 0xd, 0xe0, 0x0, 0xde,
    0x0, 0xd, 0xe0, 0x0,

    /* U+0073 "s" */
    0x6, 0xdf, 0xfc, 0x44, 0xfd, 0x89, 0xd3, 0x7f,
    0x40, 0x0, 0x3, 0xff, 0xc9, 0x40, 0x3, 0x8c,
    0xff, 0x80, 0x0, 0x0, 0xed, 0x6f, 0xa8, 0xaf,
    0x93, 0xae, 0xfe, 0x90,

    /* U+0074 "t" */
    0x9, 0xf2, 0x0, 0x9, 0xf2, 0x0, 0xdf, 0xff,
    0xf2, 0x6c, 0xf8, 0x71, 0x9, 0xf2, 0x0, 0x9,
    0xf2, 0x0, 0x9, 0xf2, 0x0, 0x9, 0xf2, 0x0,
    0x6, 0xfc, 0x94, 0x0, 0x9f, 0xe6,

    /* U+0075 "u" */
    0xed, 0x0, 0x5, 0xf6, 0xed, 0x0, 0x5, 0xf6,
    0xed, 0x0, 0x5, 0xf6, 0xed, 0x0, 0x5, 0xf6,
    0xed, 0x0, 0x6, 0xf6, 0xcf, 0x20, 0xc, 0xf6,
    0x7f, 0xea, 0xdf, 0xf6, 0x8, 0xef, 0xc7, 0xf6,

    /* U+0076 "v" */
    0xd, 0xe0, 0x0, 0xb, 0xe0, 0x7, 0xf5, 0x0,
    0x2f, 0x80, 0x1, 0xfb, 0x0, 0x8f, 0x20, 0x0,
    0xaf, 0x20, 0xeb, 0x0, 0x0, 0x4f, 0x85, 0xf5,
    0x0, 0x0, 0xd, 0xec, 0xe0, 0x0, 0x0, 0x7,
    0xff, 0x80, 0x0, 0x0, 0x1, 0xff, 0x20, 0x0,

    /* U+0077 "w" */
    0xcd, 0x0, 0x7, 0xf6, 0x0, 0xe, 0xa6, 0xf3,
    0x0, 0xcf, 0xb0, 0x4, 0xf4, 0x1f, 0x80, 0x2f,
    0xef, 0x10, 0x9e, 0x0, 0xbd, 0x7, 0xf4, 0xf6,
    0xe, 0x90, 0x6, 0xf3, 0xdb, 0xd, 0xb4, 0xf4,
    0x0, 0x1f, 0xbf, 0x50, 0x8f, 0xbe, 0x0, 0x0,
    0xbf, 0xf0, 0x2, 0xff, 0x90, 0x0, 0x6, 0xfa,
    0x0, 0xc, 0xf3, 0x0,

    /* U+0078 "x" */
    0x6f, 0x80, 0x7, 0xf6, 0xa, 0xf4, 0x3f, 0xa0,
    0x1, 0xee, 0xde, 0x10, 0x0, 0x4f, 0xf4, 0x0,
    0x0, 0x5f, 0xf6, 0x0, 0x2, 0xfc, 0xcf, 0x20,
    0xc, 0xf2, 0x2f, 0xc0, 0x8f, 0x60, 0x7, 0xf8,

    /* U+0079 "y" */
    0xd, 0xe0, 0x0, 0xb, 0xe0, 0x7, 0xf5, 0x0,
    0x2f, 0x80, 0x1, 0xfb, 0x0, 0x8f, 0x20, 0x0,
    0xaf, 0x20, 0xeb, 0x0, 0x0, 0x3f, 0x85, 0xf5,
    0x0, 0x0, 0xd, 0xec, 0xe0, 0x0, 0x0, 0x6,
    0xff, 0x80, 0x0, 0x0, 0x0, 0xff, 0x10, 0x0,
    0x0, 0x1, 0xfb, 0x0, 0x0, 0xc, 0x9c, 0xf3,
    0x0, 0x0, 0x1b, 0xfe, 0x60, 0x0, 0x0,

    /* U+007A "z" */
    0x6f, 0xff, 0xff, 0xd3, 0x77, 0x7c, 0xf9, 0x0,
    0x2, 0xfc, 0x0, 0x0, 0xde, 0x20, 0x0, 0xaf,
    0x40, 0x0, 0x7f, 0x80, 0x0, 0x3f, 0xf7, 0x77,
    0x77, 0xff, 0xff, 0xff,

    /* U+007B "{" */
    0x0, 0x5e, 0xe0, 0xf, 0xf7, 0x2, 0xfa, 0x0,
    0x2f, 0x90, 0x2, 0xf9, 0x0, 0x2f, 0x90, 0x1a,
    0xf7, 0x3, 0xff, 0x30, 0x3, 0xf9, 0x0, 0x2f,
    0x90, 0x2, 0xf9, 0x0, 0x2f, 0xa0, 0x0, 0xff,
    0x70, 0x6, 0xef,

    /* U+007C "|" */
    0xbe, 0xbe, 0xbe, 0xbe, 0xbe, 0xbe, 0xbe, 0xbe,
    0xbe, 0xbe, 0xbe, 0xbe, 0xbe, 0xbe,

    /* U+007D "}" */
    0xce, 0x80, 0x5, 0xef, 0x20, 0x7, 0xf5, 0x0,
    0x6f, 0x50, 0x6, 0xf5, 0x0, 0x6f, 0x50, 0x4,
    0xfc, 0x30, 0x1e, 0xf6, 0x6, 0xf6, 0x0, 0x6f,
    0x50, 0x6, 0xf5, 0x0, 0x7f, 0x50, 0x6d, 0xf3,
    0xc, 0xf8, 0x0,

    /* U+007E "~" */
    0x0, 0x0, 0x0, 0x0, 0x9, 0xfe, 0x72, 0xc7,
    0x2f, 0x68, 0xff, 0xe1, 0x14, 0x0, 0x14, 0x10,

    /* U+00A0 " " */

    /* U+00A1 "¡" */
    0xd, 0xc0, 0x1f, 0xf0, 0x2, 0x20, 0x9, 0x70,
    0xc, 0xb0, 0xd, 0xc0, 0xe, 0xd0, 0xf, 0xd0,
    0xf, 0xe0, 0xf, 0xf0,

    /* U+00A2 "¢" */
    0x0, 0x1, 0xf0, 0x0, 0x0, 0x1, 0xf0, 0x0,
    0x0, 0x7e, 0xfe, 0x80, 0xa, 0xfe, 0xfd, 0xf8,
    0x3f, 0xb2, 0xf0, 0x61, 0x6f, 0x51, 0xf0, 0x0,
    0x6f, 0x51, 0xf0, 0x0, 0x3f, 0xc2, 0xf0, 0x71,
    0x9, 0xfe, 0xfd, 0xf8, 0x0, 0x7e, 0xfe, 0x70,
    0x0, 0x1, 0xf0, 0x0, 0x0, 0x0, 0x80, 0x0,

    /* U+00A3 "£" */
    0x0, 0x4, 0xbf, 0xfe, 0x80, 0x5, 0xff, 0xcb,
    0xda, 0x0, 0xdf, 0x30, 0x0, 0x0, 0x1f, 0xc0,
    0x0, 0x0, 0x9f, 0xff, 0xff, 0xf4, 0x1, 0x4f,
    0xc3, 0x33, 0x0, 0x1, 0xfb, 0x0, 0x0, 0x0,
    0x1f, 0xb0, 0x0, 0x0, 0x37, 0xfd, 0x66, 0x66,
    0x49, 0xff, 0xff, 0xff, 0xfc,

    /* U+00A4 "¤" */
    0x19, 0x0, 0x0, 0x1, 0x90, 0x5f, 0xba, 0xfe,
    0x9d, 0xf2, 0x7, 0xfe, 0x89, 0xff, 0x40, 0x8,
    0xf2, 0x0, 0x4f, 0x50, 0xc, 0xa0, 0x0, 0xc,
    0x90, 0xc, 0xa0, 0x0, 0xc, 0x90, 0x8, 0xf1,
    0x0, 0x4f, 0x50, 0x6, 0xfe, 0x89, 0xff, 0x30,
    0x4f, 0xcb, 0xff, 0xad, 0xe2, 0x1a, 0x0, 0x0,
    0x2, 0xa0,

    /* U+00A5 "¥" */
    0xc, 0xf3, 0x0, 0x0, 0x1e, 0xd0, 0x1, 0xed,
    0x0, 0x0, 0xbf, 0x20, 0x0, 0x4f, 0xa0, 0x7,
    0xf6, 0x0, 0x0, 0x9, 0xf6, 0x3f, 0xa0, 0x0,
    0x0, 0x0, 0xdf, 0xed, 0x10, 0x0, 0x0, 0x9e,
    0xff, 0xff, 0xeb, 0x0, 0x0, 0x11, 0x1e, 0xf1,
    0x11, 0x0, 0x0, 0x9e, 0xef, 0xfe, 0xeb, 0x0,
    0x0, 0x11, 0x1e, 0xf1, 0x11, 0x0, 0x0, 0x0,
    0xd, 0xf0, 0x0, 0x0,

    /* U+00A6 "¦" */
    0xbe, 0xbe, 0xbe, 0xbe, 0xbe, 0x12, 0x0, 0x0,
    0x22, 0xbe, 0xbe, 0xbe, 0xbe, 0xbe,

    /* U+00A7 "§" */
    0x2, 0xbf, 0xfd, 0x60, 0xed, 0x77, 0xb7, 0x3f,
    0x50, 0x0, 0x1, 0xfe, 0x73, 0x0, 0x1e, 0xff,
    0xfc, 0x17, 0xf2, 0x16, 0xf9, 0x8f, 0x30, 0xd,
    0xa2, 0xef, 0xcb, 0xf5, 0x1, 0x7b, 0xff, 0x10,
    0x0, 0x4, 0xf6, 0x59, 0x32, 0x8f, 0x46, 0xff,
    0xff, 0x90, 0x0, 0x34, 0x20, 0x0,

    /* U+00A8 "¨" */
    0x95, 0x1b, 0x2d, 0x82, 0xf3,

    /* U+00A9 "©" */
    0x0, 0x6, 0xcd, 0xc7, 0x0, 0x0, 0xb, 0x71,
    0x0, 0x6c, 0x10, 0x8, 0x60, 0x0, 0x0, 0x4b,
    0x1, 0xc0, 0x3d, 0xfe, 0x60, 0xb2, 0x48, 0xf,
    0xb4, 0x68, 0x6, 0x66, 0x63, 0xf2, 0x0, 0x0,
    0x57, 0x48, 0x1f, 0x81, 0x35, 0x6, 0x61, 0xc0,
    0x6f, 0xff, 0x80, 0xb2, 0x9, 0x60, 0x3, 0x10,
    0x4a, 0x0, 0xb, 0x71, 0x0, 0x7c, 0x10, 0x0,
    0x6, 0xcd, 0xc7, 0x0, 0x0,

    /* U+00AA "ª" */
    0x2c, 0xfe, 0x40, 0x40, 0x8d, 0x2b, 0xcd, 0xe7,
    0xb0, 0x7e, 0x2c, 0xdb, 0xc0,

    /* U+00AB "«" */
    0x0, 0x7a, 0x9, 0x90, 0x4, 0xf5, 0x5f, 0x30,
    0x1e, 0xa1, 0xf9, 0x0, 0x2f, 0x73, 0xf6, 0x0,
    0x7, 0xf2, 0x8f, 0x10, 0x0, 0xcc, 0xd, 0xb0,

    /* U+00AC "¬" */
    0x2, 0x22, 0x22, 0x20, 0x1f, 0xff, 0xff, 0xf5,
    0x5, 0x55, 0x56, 0xf5, 0x0, 0x0, 0x2, 0xf5,
    0x0, 0x0, 0x1, 0xd4,

    /* U+00AE "®" */
    0x0, 0x6, 0xcd, 0xc7, 0x0, 0x0, 0xb, 0x71,
    0x0, 0x6c, 0x10, 0x8, 0x60, 0x0, 0x0, 0x4b,
    0x1, 0xc0, 0x8f, 0xfe, 0x60, 0xb2, 0x48, 0x8,
    0xa0, 0x4f, 0x6, 0x66, 0x60, 0x8a, 0x4, 0xf0,
    0x57, 0x48, 0x8, 0xff, 0xf6, 0x6, 0x61, 0xc0,
    0x8b, 0xb, 0x70, 0xb2, 0x9, 0x65, 0x70, 0x2a,
    0x5a, 0x0, 0xb, 0x71, 0x0, 0x7c, 0x10, 0x0,
    0x6, 0xcd, 0xc7, 0x0, 0x0,

    /* U+00AF "¯" */
    0x3f, 0xff, 0xf9, 0x2, 0x22, 0x21,

    /* U+00B0 "°" */
    0x7, 0xee, 0x50, 0x3d, 0x12, 0xe1, 0x78, 0x0,
    0xb4, 0x3d, 0x12, 0xe1, 0x7, 0xee, 0x50,

    /* U+00B1 "±" */
    0x0, 0x4, 0x70, 0x0, 0x0, 0x9, 0xe0, 0x0,
    0x2, 0x2a, 0xe2, 0x20, 0x1f, 0xff, 0xff, 0xf5,
    0x5, 0x5b, 0xf5, 0x51, 0x0, 0x9, 0xe0, 0x0,
    0x0, 0x9, 0xe0, 0x0, 0x0, 0x0, 0x0, 0x0,
    0x7, 0x77, 0x77, 0x72, 0x1f, 0xff, 0xff, 0xf5,

    /* U+00B2 "²" */
    0x2c, 0xfe, 0x70, 0x37, 0x26, 0xf1, 0x0, 0x7,
    0xe0, 0x0, 0x7e, 0x30, 0x9, 0xe3, 0x10, 0x6f,
    0xff, 0xf6,

    /* U+00B3 "³" */
    0x7f, 0xff, 0xf2, 0x0, 0x3e, 0x50, 0x0, 0xdf,
    0xa0, 0x0, 0x1, 0xe6, 0x46, 0x23, 0xf5, 0x5d,
    0xfe, 0x80,

    /* U+00B4 "´" */
    0x9, 0xf6, 0x8e, 0x30,

    /* U+00B5 "µ" */
    0xde, 0x0, 0x4, 0xf7, 0xde, 0x0, 0x4, 0xf7,
    0xde, 0x0, 0x4, 0xf7, 0xde, 0x0, 0x4, 0xf7,
    0xde, 0x0, 0x5, 0xf7, 0xdf, 0x20, 0xa, 0xf7,
    0xdf, 0xe9, 0xbf, 0xf7, 0xdf, 0xbf, 0xd7, 0xf7,
    0xde, 0x0, 0x0, 0x0, 0xde, 0x0, 0x0, 0x0,
    0xde, 0x0, 0x0, 0x0,

    /* U+00B6 "¶" */
    0x8, 0xef, 0xff, 0xff, 0x7, 0xff, 0xfc, 0x6a,
    0xf0, 0xbf, 0xff, 0xa0, 0x7f, 0xa, 0xff, 0xfa,
    0x7, 0xf0, 0x2e, 0xff, 0xa0, 0x7f, 0x0, 0x16,
    0xea, 0x7, 0xf0, 0x0, 0xd, 0xa0, 0x7f, 0x0,
    0x0, 0xda, 0x7, 0xf0, 0x0, 0xd, 0xa0, 0x7f,
    0x0, 0x0, 0xda, 0x7, 0xf0, 0x0, 0xd, 0xa0,
    0x7f, 0x0, 0x0, 0xda, 0x7, 0xf0, 0x0, 0x5,
    0x30, 0x26, 0x0,

    /* U+00B7 "·" */
    0x4, 0x40, 0x1f, 0xf1, 0xd, 0xd0,

    /* U+00B8 "¸" */
    0x2, 0x50, 0x8, 0xd3, 0x0, 0x9a, 0x4f, 0xd4,

    /* U+00B9 "¹" */
    0xdf, 0xe0, 0x0, 0x6e, 0x0, 0x6, 0xe0, 0x0,
    0x6e, 0x0, 0x6, 0xe1, 0xe, 0xff, 0xf3,

    /* U+00BA "º" */
    0x8, 0xfe, 0x70, 0x6e, 0x23, 0xf4, 0x99, 0x0,
    0xb8, 0x6d, 0x11, 0xe5, 0xa, 0xff, 0x90, 0x0,
    0x10, 0x0,

    /* U+00BB "»" */
    0x3b, 0x35, 0xb2, 0x0, 0xbd, 0xd, 0xc0, 0x2,
    0xf8, 0x2f, 0x70, 0xd, 0xb1, 0xea, 0x9, 0xe1,
    0xae, 0x13, 0xf5, 0x5f, 0x40,

    /* U+00BC "¼" */
    0xce, 0xd0, 0x0, 0x0, 0x5d, 0x10, 0x0, 0x17,
    0xe0, 0x0, 0x1, 0xe6, 0x0, 0x0, 0x6, 0xe0,
    0x0, 0x9, 0xc0, 0x0, 0x0, 0x6, 0xe0, 0x0,
    0x3f, 0x20, 0x0, 0x0, 0x6, 0xe0, 0x0, 0xd7,
    0x0, 0x97, 0x0, 0xdf, 0xfe, 0x38, 0xd0, 0x5,
    0xe1, 0x0, 0x11, 0x11, 0x3f, 0x30, 0x1f, 0x51,
    0x0, 0x0, 0x0, 0xc9, 0x0, 0xba, 0xf, 0x30,
    0x0, 0x6, 0xe0, 0x3, 0xff, 0xff, 0xf3, 0x0,
    0x1f, 0x50, 0x0, 0x11, 0x2f, 0x40, 0x0, 0x57,
    0x0, 0x0, 0x0, 0x9, 0x10,

    /* U+00BD "½" */
    0xce, 0xd0, 0x0, 0x0, 0x5d, 0x10, 0x1, 0x7e,
    0x0, 0x0, 0x1e, 0x50, 0x0, 0x6, 0xe0, 0x0,
    0xa, 0xa0, 0x0, 0x0, 0x6e, 0x0, 0x5, 0xe1,
    0x0, 0x0, 0x6, 0xe0, 0x1, 0xe5, 0x6d, 0xeb,
    0x1d, 0xff, 0xe3, 0xaa, 0x9, 0x42, 0xc9, 0x11,
    0x11, 0x5e, 0x10, 0x0, 0xd, 0x70, 0x0, 0x1e,
    0x50, 0x0, 0x1c, 0xb0, 0x0, 0xa, 0xa0, 0x0,
    0x2d, 0x90, 0x0, 0x5, 0xe1, 0x0, 0xd, 0xff,
    0xfd, 0x0, 0x11, 0x0, 0x0, 0x11, 0x11, 0x10,

    /* U+00BE "¾" */
    0x6e, 0xee, 0xe2, 0x0, 0x5, 0xd1, 0x0, 0x0,
    0x11, 0xba, 0x0, 0x1, 0xe6, 0x0, 0x0, 0x0,
    0x6d, 0x0, 0x0, 0x9c, 0x0, 0x0, 0x0, 0xb,
    0xeb, 0x10, 0x3f, 0x20, 0x0, 0x0, 0x12, 0x0,
    0xe6, 0xd, 0x70, 0x6, 0x60, 0x6, 0xff, 0xfc,
    0x18, 0xd0, 0x4, 0xf2, 0x0, 0x0, 0x21, 0x2,
    0xf3, 0x1, 0xe6, 0x10, 0x0, 0x0, 0x0, 0xc9,
    0x0, 0xba, 0xf, 0x30, 0x0, 0x0, 0x6e, 0x0,
    0x3f, 0xff, 0xff, 0x30, 0x0, 0x1f, 0x50, 0x0,
    0x11, 0x2f, 0x40, 0x0, 0x5, 0x70, 0x0, 0x0,
    0x0, 0x91, 0x0,

    /* U+00BF "¿" */
    0x0, 0xb, 0xe1, 0x0, 0x0, 0x0, 0xef, 0x20,
    0x0, 0x0, 0x1, 0x30, 0x0, 0x0, 0x0, 0x57,
    0x0, 0x0, 0x0, 0x1f, 0xd0, 0x0, 0x0, 0x1d,
    0xf3, 0x0, 0x0, 0xc, 0xf4, 0x0, 0x0, 0x1,
    0xfb, 0x0, 0x0, 0x0, 0x1f, 0xe3, 0x3, 0xd9,
    0x0, 0x8f, 0xff, 0xff, 0x60, 0x0, 0x48, 0x97,
    0x20, 0x0,

    /* U+00C0 "À" */
    0x0, 0x1, 0xce, 0x10, 0x0, 0x0, 0x0, 0x0,
    0xa, 0xd1, 0x0, 0x0, 0x0, 0x0, 0x0, 0x0,
    0x0, 0x0, 0x0, 0x0, 0xd, 0xf5, 0x0, 0x0,
    0x0, 0x0, 0x5f, 0xfc, 0x0, 0x0, 0x0, 0x0,
    0xce, 0x8f, 0x30, 0x0, 0x0, 0x3, 0xf8, 0x1f,
    0xa0, 0x0, 0x0, 0xa, 0xf1, 0xa, 0xf2, 0x0,
    0x0, 0x1f, 0xb0, 0x3, 0xf9, 0x0, 0x0, 0x8f,
    0xff, 0xff, 0xff, 0x0, 0x0, 0xee, 0x88, 0x88,
    0xaf, 0x70, 0x6, 0xf7, 0x0, 0x0, 0xe, 0xe0,
    0xd, 0xf1, 0x0, 0x0, 0x8, 0xf5,

    /* U+00C1 "Á" */
    0x0, 0x0, 0x0, 0x8f, 0x60, 0x0, 0x0, 0x0,
    0x7, 0xe4, 0x0, 0x0, 0x0, 0x0, 0x0, 0x0,
    0x0, 0x0, 0x0, 0x0, 0xd, 0xf5, 0x0, 0x0,
    0x0, 0x0, 0x5f, 0xfc, 0x0, 0x0, 0x0, 0x0,
    0xce, 0x8f, 0x30, 0x0, 0x0, 0x3, 0xf8, 0x1f,
    0xa0, 0x0, 0x0, 0xa, 0xf1, 0xa, 0xf2, 0x0,
    0x0, 0x1f, 0xb0, 0x3, 0xf9, 0x0, 0x0, 0x8f,
    0xff, 0xff, 0xff, 0x0, 0x0, 0xee, 0x88, 0x88,
    0xaf, 0x70, 0x6, 0xf7, 0x0, 0x0, 0xe, 0xe0,
    0xd, 0xf1, 0x0, 0x0, 0x8, 0xf5,

    /* U+00C2 "Â" */
    0x0, 0x0, 0x2e, 0xe7, 0x0, 0x0, 0x0, 0x1,
    0xd7, 0x1e, 0x70, 0x0, 0x0, 0x0, 0x0, 0x0,
    0x0, 0x0, 0x0, 0x0, 0xd, 0xf5, 0x0, 0x0,
    0x0, 0x0, 0x5f, 0xfc, 0x0, 0x0, 0x0, 0x0,
    0xce, 0x8f, 0x30, 0x0, 0x0, 0x3, 0xf8, 0x1f,
    0xa0, 0x0, 0x0, 0xa, 0xf1, 0xa, 0xf2, 0x0,
    0x0, 0x1f, 0xb0, 0x3, 0xf9, 0x0, 0x0, 0x8f,
    0xff, 0xff, 0xff, 0x0, 0x0, 0xee, 0x88, 0x88,
    0xaf, 0x70, 0x6, 0xf7, 0x0, 0x0, 0xe, 0xe0,
    0xd, 0xf1, 0x0, 0x0, 0x8, 0xf5,

    /* U+00C3 "Ã" */
    0x0, 0x0, 0xce, 0x53, 0xd0, 0x0, 0x0, 0x6,
    0xc4, 0xdf, 0x70, 0x0, 0x0, 0x1, 0x10, 0x2,
    0x0, 0x0, 0x0, 0x0, 0xd, 0xf5, 0x0, 0x0,
    0x0, 0x0, 0x5f, 0xfc, 0x0, 0x0, 0x0, 0x0,
    0xce, 0x8f, 0x30, 0x0, 0x0, 0x3, 0xf8, 0x1f,
    0xa0, 0x0, 0x0, 0xa, 0xf1, 0xa, 0xf2, 0x0,
    0x0, 0x1f, 0xb0, 0x3, 0xf9, 0x0, 0x0, 0x8f,
    0xff, 0xff, 0xff, 0x0, 0x0, 0xee, 0x88, 0x88,
    0xaf, 0x70, 0x6, 0xf7, 0x0, 0x0, 0xe, 0xe0,
    0xd, 0xf1, 0x0, 0x0, 0x8, 0xf5,

    /* U+00C4 "Ä" */
    0x0, 0x0, 0xc8, 0x2f, 0x40, 0x0, 0x0, 0x0,
    0x96, 0x1b, 0x30, 0x0, 0x0, 0x0, 0x0, 0x0,
    0x0, 0x0, 0x0, 0x0, 0xd, 0xf5, 0x0, 0x0,
    0x0, 0x0, 0x5f, 0xfc, 0x0, 0x0, 0x0, 0x0,
    0xce, 0x8f, 0x30, 0x0, 0x0, 0x3, 0xf8, 0x1f,
    0xa0, 0x0, 0x0, 0xa, 0xf1, 0xa, 0xf2, 0x0,
    0x0, 0x1f, 0xb0, 0x3, 0xf9, 0x0, 0x0, 0x8f,
    0xff, 0xff, 0xff, 0x0, 0x0, 0xee, 0x88, 0x88,
    0xaf, 0x70, 0x6, 0xf7, 0x0, 0x0, 0xe, 0xe0,
    0xd, 0xf1, 0x0, 0x0, 0x8, 0xf5,

    /* U+00C5 "Å" */
    0x0, 0x0, 0x9, 0xc2, 0x0, 0x0, 0x0, 0x0,
    0x38, 0x1a, 0x0, 0x0, 0x0, 0x0, 0x65, 0xb,
    0x0, 0x0, 0x0, 0x0, 0x39, 0x2a, 0x0, 0x0,
    0x0, 0x0, 0x7, 0xb1, 0x0, 0x0, 0x0, 0x0,
    0xd, 0xf5, 0x0, 0x0, 0x0, 0x0, 0x5f, 0xfc,
    0x0, 0x0, 0x0, 0x0, 0xce, 0x8f, 0x30, 0x0,
    0x0, 0x3, 0xf8, 0x1f, 0xa0, 0x0, 0x0, 0xa,
    0xf1, 0xa, 0xf2, 0x0, 0x0, 0x1f, 0xb0, 0x3,
    0xf9, 0x0, 0x0, 0x8f, 0xff, 0xff, 0xff, 0x0,
    0x0, 0xee, 0x88, 0x88, 0xaf, 0x70, 0x6, 0xf7,
    0x0, 0x0, 0xe, 0xe0, 0xd, 0xf1, 0x0, 0x0,
    0x8, 0xf5,

    /* U+00C6 "Æ" */
    0x0, 0x0, 0x0, 0xaf, 0xff, 0xff, 0xff, 0xf0,
    0x0, 0x0, 0x3, 0xfd, 0xfd, 0x99, 0x99, 0x90,
    0x0, 0x0, 0xc, 0xe4, 0xfa, 0x0, 0x0, 0x0,
    0x0, 0x0, 0x6f, 0x63, 0xfa, 0x0, 0x0, 0x0,
    0x0, 0x0, 0xed, 0x3, 0xff, 0xff, 0xff, 0x60,
    0x0, 0x8, 0xf5, 0x3, 0xfd, 0x99, 0x99, 0x30,
    0x0, 0x1f, 0xff, 0xff, 0xfa, 0x0, 0x0, 0x0,
    0x0, 0xaf, 0x88, 0x89, 0xfa, 0x0, 0x0, 0x0,
    0x3, 0xfa, 0x0, 0x3, 0xfd, 0x99, 0x99, 0x91,
    0xc, 0xf1, 0x0, 0x3, 0xff, 0xff, 0xff, 0xf2,

    /* U+00C7 "Ç" */
    0x0, 0x8, 0xdf, 0xfc, 0x50, 0x1, 0xdf, 0xeb,
    0xbf, 0xf7, 0xb, 0xf9, 0x0, 0x1, 0x91, 0x2f,
    0xd0, 0x0, 0x0, 0x0, 0x5f, 0x80, 0x0, 0x0,
    0x0, 0x5f, 0x80, 0x0, 0x0, 0x0, 0x2f, 0xc0,
    0x0, 0x0, 0x0, 0xb, 0xf9, 0x0, 0x1, 0x91,
    0x1, 0xdf, 0xeb, 0xbf, 0xf7, 0x0, 0x8, 0xdf,
    0xfc, 0x50, 0x0, 0x0, 0xe, 0x60, 0x0, 0x0,
    0x0, 0x2, 0xf3, 0x0, 0x0, 0x0, 0xbf, 0xb0,
    0x0,

    /* U+00C8 "È" */
    0x5, 0xfa, 0x0, 0x0, 0x0, 0x2d, 0x90, 0x0,
    0x0, 0x0, 0x0, 0x0, 0xbf, 0xff, 0xff, 0xf7,
    0xbf, 0xa9, 0x99, 0x94, 0xbf, 0x20, 0x0, 0x0,
    0xbf, 0x20, 0x0, 0x0, 0xbf, 0xff, 0xff, 0xe0,
    0xbf, 0xa9, 0x99, 0x80, 0xbf, 0x20, 0x0, 0x0,
    0xbf, 0x20, 0x0, 0x0, 0xbf, 0xa9, 0x99, 0x96,
    0xbf, 0xff, 0xff, 0xfa,

    /* U+00C9 "É" */
    0x0, 0x0, 0xce, 0x20, 0x0, 0xc, 0xc1, 0x0,
    0x0, 0x0, 0x0, 0x0, 0xbf, 0xff, 0xff, 0xf7,
    0xbf, 0xa9, 0x99, 0x94, 0xbf, 0x20, 0x0, 0x0,
    0xbf, 0x20, 0x0, 0x0, 0xbf, 0xff, 0xff, 0xe0,
    0xbf, 0xa9, 0x99, 0x80, 0xbf, 0x20, 0x0, 0x0,
    0xbf, 0x20, 0x0, 0x0, 0xbf, 0xa9, 0x99, 0x96,
    0xbf, 0xff, 0xff, 0xfa,

    /* U+00CA "Ê" */
    0x0, 0x5e, 0xf3, 0x0, 0x5, 0xe3, 0x5e, 0x20,
    0x0, 0x0, 0x0, 0x0, 0xbf, 0xff, 0xff, 0xf7,
    0xbf, 0xa9, 0x99, 0x94, 0xbf, 0x20, 0x0, 0x0,
    0xbf, 0x20, 0x0, 0x0, 0xbf, 0xff, 0xff, 0xe0,
    0xbf, 0xa9, 0x99, 0x80, 0xbf, 0x20, 0x0, 0x0,
    0xbf, 0x20, 0x0, 0x0, 0xbf, 0xa9, 0x99, 0x96,
    0xbf, 0xff, 0xff, 0xfa,

    /* U+00CB "Ë" */
    0x2, 0xf3, 0x6e, 0x0, 0x1, 0xb2, 0x4b, 0x0,
    0x0, 0x0, 0x0, 0x0, 0xbf, 0xff, 0xff, 0xf7,
    0xbf, 0xa9, 0x99, 0x94, 0xbf, 0x20, 0x0, 0x0,
    0xbf, 0x20, 0x0, 0x0, 0xbf, 0xff, 0xff, 0xe0,
    0xbf, 0xa9, 0x99, 0x80, 0xbf, 0x20, 0x0, 0x0,
    0xbf, 0x20, 0x0, 0x0, 0xbf, 0xa9, 0x99, 0x96,
    0xbf, 0xff, 0xff, 0xfa,

    /* U+00CC "Ì" */
    0x1d, 0xe1, 0x0, 0xa, 0xd1, 0x0, 0x0, 0x0,
    0xb, 0xf2, 0x0, 0xbf, 0x20, 0xb, 0xf2, 0x0,
    0xbf, 0x20, 0xb, 0xf2, 0x0, 0xbf, 0x20, 0xb,
    0xf2, 0x0, 0xbf, 0x20, 0xb, 0xf2, 0x0, 0xbf,
    0x20,

    /* U+00CD "Í" */
    0x8, 0xf6, 0x7e, 0x30, 0x0, 0x0, 0xbf, 0x20,
    0xbf, 0x20, 0xbf, 0x20, 0xbf, 0x20, 0xbf, 0x20,
    0xbf, 0x20, 0xbf, 0x20, 0xbf, 0x20, 0xbf, 0x20,
    0xbf, 0x20,

    /* U+00CE "Î" */
    0x2, 0xee, 0x70, 0x1e, 0x72, 0xe7, 0x0, 0x0,
    0x0, 0x0, 0xbf, 0x20, 0x0, 0xbf, 0x20, 0x0,
    0xbf, 0x20, 0x0, 0xbf, 0x20, 0x0, 0xbf, 0x20,
    0x0, 0xbf, 0x20, 0x0, 0xbf, 0x20, 0x0, 0xbf,
    0x20, 0x0, 0xbf, 0x20, 0x0, 0xbf, 0x20,

    /* U+00CF "Ï" */
    0xc8, 0x2f, 0x49, 0x61, 0xb3, 0x0, 0x0, 0x0,
    0xbf, 0x20, 0xb, 0xf2, 0x0, 0xbf, 0x20, 0xb,
    0xf2, 0x0, 0xbf, 0x20, 0xb, 0xf2, 0x0, 0xbf,
    0x20, 0xb, 0xf2, 0x0, 0xbf, 0x20, 0xb, 0xf2,
    0x0,

    /* U+00D0 "Ð" */
    0x8, 0xff, 0xff, 0xfc, 0x60, 0x0, 0x8, 0xfb,
    0xaa, 0xbf, 0xfb, 0x0, 0x8, 0xf4, 0x0, 0x1,
    0xcf, 0x70, 0x19, 0xf5, 0x11, 0x0, 0x1f, 0xe0,
    0xef, 0xff, 0xfe, 0x0, 0xc, 0xf1, 0x4a, 0xf7,
    0x44, 0x0, 0xc, 0xf1, 0x8, 0xf4, 0x0, 0x0,
    0x1f, 0xe0, 0x8, 0xf4, 0x0, 0x1, 0xcf, 0x70,
    0x8, 0xfb, 0xaa, 0xbf, 0xfb, 0x0, 0x8, 0xff,
    0xff, 0xfc, 0x60, 0x0,

    /* U+00D1 "Ñ" */
    0x0, 0x6f, 0xa1, 0xc4, 0x0, 0x0, 0xe5, 0x9f,
    0xd0, 0x0, 0x0, 0x20, 0x1, 0x0, 0x0, 0xbf,
    0x30, 0x0, 0xc, 0xf0, 0xbf, 0xe1, 0x0, 0xc,
    0xf0, 0xbf, 0xfb, 0x0, 0xc, 0xf0, 0xbf, 0x9f,
    0x80, 0xc, 0xf0, 0xbf, 0x2b, 0xf4, 0xc, 0xf0,
    0xbf, 0x21, 0xde, 0x1c, 0xf0, 0xbf, 0x20, 0x3f,
    0xcc, 0xf0, 0xbf, 0x20, 0x6, 0xff, 0xf0, 0xbf,
    0x20, 0x0, 0x9f, 0xf0, 0xbf, 0x20, 0x0, 0xd,
    0xf0,

    /* U+00D2 "Ò" */
    0x0, 0x4, 0x83, 0x0, 0x0, 0x0, 0x0, 0x0,
    0xaf, 0x30, 0x0, 0x0, 0x0, 0x0, 0x5, 0x60,
    0x0, 0x0, 0x0, 0x0, 0x0, 0x0, 0x0, 0x0,
    0x0, 0x7, 0xdf, 0xfc, 0x60, 0x0, 0x1, 0xdf,
    0xeb, 0xcf, 0xfb, 0x0, 0xb, 0xf9, 0x0, 0x1,
    0xcf, 0x80, 0x2f, 0xd0, 0x0, 0x0, 0x1f, 0xe0,
    0x5f, 0x80, 0x0, 0x0, 0xb, 0xf2, 0x5f, 0x80,
    0x0, 0x0, 0xb, 0xf2, 0x2f, 0xd0, 0x0, 0x0,
    0x1f, 0xe0, 0xb, 0xf9, 0x0, 0x1, 0xcf, 0x80,
    0x1, 0xdf, 0xeb, 0xcf, 0xfb, 0x0, 0x0, 0x7,
    0xdf, 0xfc, 0x60, 0x0,

    /* U+00D3 "Ó" */
    0x0, 0x0, 0x0, 0x58, 0x20, 0x0, 0x0, 0x0,
    0x5, 0xf7, 0x0, 0x0, 0x0, 0x0, 0x7, 0x40,
    0x0, 0x0, 0x0, 0x0, 0x0, 0x0, 0x0, 0x0,
    0x0, 0x7, 0xdf, 0xfc, 0x60, 0x0, 0x1, 0xdf,
    0xeb, 0xcf, 0xfb, 0x0, 0xb, 0xf9, 0x0, 0x1,
    0xcf, 0x80, 0x2f, 0xd0, 0x0, 0x0, 0x1f, 0xe0,
    0x5f, 0x80, 0x0, 0x0, 0xb, 0xf2, 0x5f, 0x80,
    0x0, 0x0, 0xb, 0xf2, 0x2f, 0xd0, 0x0, 0x0,
    0x1f, 0xe0, 0xb, 0xf9, 0x0, 0x1, 0xcf, 0x80,
    0x1, 0xdf, 0xeb, 0xcf, 0xfb, 0x0, 0x0, 0x7,
    0xdf, 0xfc, 0x60, 0x0,

    /* U+00D4 "Ô" */
    0x0, 0x0, 0x17, 0x70, 0x0, 0x0, 0x0, 0x0,
    0xcd, 0xe9, 0x0, 0x0, 0x0, 0x4, 0x70, 0x17,
    0x20, 0x0, 0x0, 0x0, 0x0, 0x0, 0x0, 0x0,
    0x0, 0x7, 0xdf, 0xfc, 0x60, 0x0, 0x1, 0xdf,
    0xeb, 0xcf, 0xfb, 0x0, 0xb, 0xf9, 0x0, 0x1,
    0xcf, 0x80, 0x2f, 0xd0, 0x0, 0x0, 0x1f, 0xe0,
    0x5f, 0x80, 0x0, 0x0, 0xb, 0xf2, 0x5f, 0x80,
    0x0, 0x0, 0xb, 0xf2, 0x2f, 0xd0, 0x0, 0x0,
    0x1f, 0xe0, 0xb, 0xf9, 0x0, 0x1, 0xcf, 0x80,
    0x1, 0xdf, 0xeb, 0xcf, 0xfb, 0x0, 0x0, 0x7,
    0xdf, 0xfc, 0x60, 0x0,

    /* U+00D5 "Õ" */
    0x0, 0x2, 0xe9, 0x7, 0x80, 0x0, 0x0, 0x9,
    0x9a, 0x5a, 0x60, 0x0, 0x0, 0xc, 0x41, 0xee,
    0x10, 0x0, 0x0, 0x2, 0x0, 0x1, 0x0, 0x0,
    0x0, 0x7, 0xdf, 0xfc, 0x60, 0x0, 0x1, 0xdf,
    0xeb, 0xcf, 0xfb, 0x0, 0xb, 0xf9, 0x0, 0x1,
    0xcf, 0x80, 0x2f, 0xd0, 0x0, 0x0, 0x1f, 0xe0,
    0x5f, 0x80, 0x0, 0x0, 0xb, 0xf2, 0x5f, 0x80,
    0x0, 0x0, 0xb, 0xf2, 0x2f, 0xd0, 0x0, 0x0,
    0x1f, 0xe0, 0xb, 0xf9, 0x0, 0x1, 0xcf, 0x80,
    0x1, 0xdf, 0xeb, 0xcf, 0xfb, 0x0, 0x0, 0x7,
    0xdf, 0xfc, 0x60, 0x0,

    /* U+00D6 "Ö" */
    0x0, 0x2, 0xf3, 0x6e, 0x0, 0x0, 0x0, 0x1,
    0xb2, 0x5b, 0x0, 0x0, 0x0, 0x0, 0x0, 0x0,
    0x0, 0x0, 0x0, 0x7, 0xdf, 0xfc, 0x60, 0x0,
    0x1, 0xdf, 0xeb, 0xcf, 0xfb, 0x0, 0xb, 0xf9,
    0x0, 0x1, 0xcf, 0x80, 0x2f, 0xd0, 0x0, 0x0,
    0x1f, 0xe0, 0x5f, 0x80, 0x0, 0x0, 0xb, 0xf2,
    0x5f, 0x80, 0x0, 0x0, 0xb, 0xf2, 0x2f, 0xd0,
    0x0, 0x0, 0x1f, 0xe0, 0xb, 0xf9, 0x0, 0x1,
    0xcf, 0x80, 0x1, 0xdf, 0xeb, 0xcf, 0xfb, 0x0,
    0x0, 0x7, 0xdf, 0xfc, 0x60, 0x0,

    /* U+00D7 "×" */
    0x0, 0x0, 0x0, 0x4d, 0x10, 0xa8, 0x2e, 0xda,
    0xf5, 0x3, 0xff, 0x70, 0x7, 0xff, 0xb0, 0x5f,
    0x84, 0xfa, 0x18, 0x0, 0x53,

    /* U+00D8 "Ø" */
    0x0, 0x0, 0x0, 0x0, 0x55, 0x0, 0x0, 0x0,
    0x0, 0x1, 0xf5, 0x0, 0x0, 0x7, 0xdf, 0xfe,
    0xe0, 0x0, 0x1, 0xdf, 0xeb, 0xdf, 0xfb, 0x0,
    0xb, 0xf9, 0x0, 0xac, 0xcf, 0x80, 0x2f, 0xd0,
    0x2, 0xf4, 0x1f, 0xe0, 0x5f, 0x80, 0xa, 0xb0,
    0xb, 0xf2, 0x5f, 0x80, 0x3f, 0x30, 0xb, 0xf2,
    0x2f, 0xd0, 0xbb, 0x0, 0x1f, 0xe0, 0xb, 0xfb,
    0xf3, 0x1, 0xcf, 0x80, 0x1, 0xdf, 0xfb, 0xcf,
    0xfb, 0x0, 0x0, 0x4f, 0xdf, 0xfc, 0x60, 0x0,
    0x0, 0xca, 0x0, 0x0, 0x0, 0x0,

    /* U+00D9 "Ù" */
    0x0, 0x77, 0x0, 0x0, 0x0, 0x2, 0xdb, 0x0,
    0x0, 0x0, 0x1, 0x73, 0x0, 0x0, 0x0, 0x0,
    0x0, 0x0, 0xcf, 0x0, 0x0, 0xf, 0xdc, 0xf0,
    0x0, 0x0, 0xfd, 0xcf, 0x0, 0x0, 0xf, 0xdc,
    0xf0, 0x0, 0x0, 0xfd, 0xcf, 0x0, 0x0, 0xf,
    0xdc, 0xf0, 0x0, 0x0, 0xfc, 0xbf, 0x20, 0x0,
    0x1f, 0xb7, 0xfa, 0x0, 0x9, 0xf8, 0xd, 0xfe,
    0xbd, 0xfe, 0x10, 0x19, 0xef, 0xea, 0x10,

    /* U+00DA "Ú" */
    0x0, 0x0, 0x7, 0x70, 0x0, 0x0, 0xa, 0xe3,
    0x0, 0x0, 0x3, 0x71, 0x0, 0x0, 0x0, 0x0,
    0x0, 0x0, 0xcf, 0x0, 0x0, 0xf, 0xdc, 0xf0,
    0x0, 0x0, 0xfd, 0xcf, 0x0, 0x0, 0xf, 0xdc,
    0xf0, 0x0, 0x0, 0xfd, 0xcf, 0x0, 0x0, 0xf,
    0xdc, 0xf0, 0x0, 0x0, 0xfc, 0xbf, 0x20, 0x0,
    0x1f, 0xb7, 0xfa, 0x0, 0x9, 0xf8, 0xd, 0xfe,
    0xbd, 0xfe, 0x10, 0x19, 0xef, 0xea, 0x10,

    /* U+00DB "Û" */
    0x0, 0x3, 0x84, 0x0, 0x0, 0x3, 0xfb, 0xf4,
    0x0, 0x0, 0x75, 0x4, 0x70, 0x0, 0x0, 0x0,
    0x0, 0x0, 0xcf, 0x0, 0x0, 0xf, 0xdc, 0xf0,
    0x0, 0x0, 0xfd, 0xcf, 0x0, 0x0, 0xf, 0xdc,
    0xf0, 0x0, 0x0, 0xfd, 0xcf, 0x0, 0x0, 0xf,
    0xdc, 0xf0, 0x0, 0x0, 0xfc, 0xbf, 0x20, 0x0,
    0x1f, 0xb7, 0xfa, 0x0, 0x9, 0xf8, 0xd, 0xfe,
    0xbd, 0xfe, 0x10, 0x19, 0xef, 0xea, 0x10,

    /* U+00DC "Ü" */
    0x0, 0x7d, 0xc, 0x90, 0x0, 0x5, 0xa0, 0x96,
    0x0, 0x0, 0x0, 0x0, 0x0, 0xc, 0xf0, 0x0,
    0x0, 0xfd, 0xcf, 0x0, 0x0, 0xf, 0xdc, 0xf0,
    0x0, 0x0, 0xfd, 0xcf, 0x0, 0x0, 0xf, 0xdc,
    0xf0, 0x0, 0x0, 0xfd, 0xcf, 0x0, 0x0, 0xf,
    0xcb, 0xf2, 0x0, 0x1, 0xfb, 0x7f, 0xa0, 0x0,
    0x9f, 0x80, 0xdf, 0xeb, 0xdf, 0xe1, 0x1, 0x9e,
    0xfe, 0xa1, 0x0,

    /* U+00DD "Ý" */
    0x0, 0x0, 0x0, 0x23, 0x10, 0x0, 0x0, 0x0,
    0x4f, 0x90, 0x0, 0x0, 0x0, 0x2f, 0x80, 0x0,
    0x0, 0x0, 0x0, 0x0, 0x0, 0x0, 0xd, 0xf2,
    0x0, 0x0, 0xbf, 0x10, 0x3f, 0xb0, 0x0, 0x4f,
    0x70, 0x0, 0xaf, 0x40, 0xd, 0xd0, 0x0, 0x1,
    0xfd, 0x7, 0xf4, 0x0, 0x0, 0x7, 0xf9, 0xfb,
    0x0, 0x0, 0x0, 0xd, 0xff, 0x20, 0x0, 0x0,
    0x0, 0x5f, 0xa0, 0x0, 0x0, 0x0, 0x4, 0xf8,
    0x0, 0x0, 0x0, 0x0, 0x4f, 0x80, 0x0, 0x0,
    0x0, 0x4, 0xf8, 0x0, 0x0,

    /* U+00DE "Þ" */
    0xbf, 0x20, 0x0, 0x0, 0xb, 0xff, 0xff, 0xe9,
    0x10, 0xbf, 0xba, 0xad, 0xfd, 0xb, 0xf2, 0x0,
    0xa, 0xf6, 0xbf, 0x20, 0x0, 0x5f, 0x8b, 0xf2,
    0x0, 0xa, 0xf6, 0xbf, 0xba, 0xad, 0xfd, 0xb,
    0xff, 0xff, 0xe9, 0x10, 0xbf, 0x20, 0x0, 0x0,
    0xb, 0xf2, 0x0, 0x0, 0x0,

    /* U+00DF "ß" */
    0x4, 0xcf, 0xfa, 0x10, 0x3, 0xfe, 0x9b, 0xfd,
    0x0, 0xaf, 0x20, 0x9, 0xf2, 0xd, 0xe0, 0x0,
    0x9f, 0x10, 0xde, 0x3, 0xbf, 0x90, 0xd, 0xe0,
    0x7f, 0xff, 0x50, 0xde, 0x0, 0x5, 0xfe, 0xd,
    0xe0, 0x0, 0xb, 0xf0, 0xde, 0x0, 0x0, 0xef,
    0xd, 0xe0, 0x99, 0xdf, 0x80, 0xde, 0xd, 0xfe,
    0x80, 0x0,

    /* U+00E0 "à" */
    0x2, 0xdd, 0x10, 0x0, 0x0, 0x1b, 0xc0, 0x0,
    0x0, 0x0, 0x0, 0x0, 0x6, 0xcf, 0xfc, 0x30,
    0xd, 0xb9, 0xaf, 0xe0, 0x0, 0x0, 0x8, 0xf5,
    0x6, 0xef, 0xff, 0xf6, 0x3f, 0xb3, 0x37, 0xf6,
    0x6f, 0x50, 0x7, 0xf6, 0x2f, 0xc4, 0x6f, 0xf6,
    0x5, 0xef, 0xd8, 0xf6,

    /* U+00E1 "á" */
    0x0, 0x0, 0x9f, 0x50, 0x0, 0x8, 0xe3, 0x0,
    0x0, 0x0, 0x0, 0x0, 0x6, 0xcf, 0xfc, 0x30,
    0xd, 0xb9, 0xaf, 0xe0, 0x0, 0x0, 0x8, 0xf5,
    0x6, 0xef, 0xff, 0xf6, 0x3f, 0xb3, 0x37, 0xf6,
    0x6f, 0x50, 0x7, 0xf6, 0x2f, 0xc4, 0x6f, 0xf6,
    0x5, 0xef, 0xd8, 0xf6,

    /* U+00E2 "â" */
    0x0, 0x3e, 0xe7, 0x0, 0x2, 0xd5, 0x2d, 0x50,
    0x0, 0x0, 0x0, 0x0, 0x6, 0xcf, 0xfc, 0x30,
    0xd, 0xb9, 0xaf, 0xe0, 0x0, 0x0, 0x8, 0xf5,
    0x6, 0xef, 0xff, 0xf6, 0x3f, 0xb3, 0x37, 0xf6,
    0x6f, 0x50, 0x7, 0xf6, 0x2f, 0xc4, 0x6f, 0xf6,
    0x5, 0xef, 0xd8, 0xf6,

    /* U+00E3 "ã" */
    0x0, 0xce, 0x46, 0x90, 0x4, 0xc3, 0xdf, 0x30,
    0x0, 0x0, 0x0, 0x0, 0x6, 0xcf, 0xfc, 0x30,
    0xd, 0xb9, 0xaf, 0xe0, 0x0, 0x0, 0x8, 0xf5,
    0x6, 0xef, 0xff, 0xf6, 0x3f, 0xb3, 0x37, 0xf6,
    0x6f, 0x50, 0x7, 0xf6, 0x2f, 0xc4, 0x6f, 0xf6,
    0x5, 0xef, 0xd8, 0xf6,

    /* U+00E4 "ä" */
    0x0, 0xd7, 0x3f, 0x30, 0x0, 0xa5, 0x1b, 0x20,
    0x0, 0x0, 0x0, 0x0, 0x6, 0xcf, 0xfc, 0x30,
    0xd, 0xb9, 0xaf, 0xe0, 0x0, 0x0, 0x8, 0xf5,
    0x6, 0xef, 0xff, 0xf6, 0x3f, 0xb3, 0x37, 0xf6,
    0x6f, 0x50, 0x7, 0xf6, 0x2f, 0xc4, 0x6f, 0xf6,
    0x5, 0xef, 0xd8, 0xf6,

    /* U+00E5 "å" */
    0x0, 0x1b, 0xc4, 0x0, 0x0, 0x76, 0x1b, 0x0,
    0x0, 0x1b, 0xc4, 0x0, 0x0, 0x0, 0x0, 0x0,
    0x6, 0xcf, 0xfc, 0x30, 0xd, 0xb9, 0xaf, 0xe0,
    0x0, 0x0, 0x8, 0xf5, 0x6, 0xef, 0xff, 0xf6,
    0x3f, 0xb3, 0x37, 0xf6, 0x6f, 0x50, 0x7, 0xf6,
    0x2f, 0xc4, 0x6f, 0xf6, 0x5, 0xef, 0xd8, 0xf6,

    /* U+00E6 "æ" */
    0x6, 0xcf, 0xfc, 0x36, 0xdf, 0xe8, 0x0, 0xd,
    0xb9, 0xaf, 0xff, 0xd9, 0xcf, 0xa0, 0x0, 0x0,
    0x8, 0xfc, 0x0, 0x9, 0xf3, 0x6, 0xdf, 0xff,
    0xff, 0xff, 0xff, 0xf5, 0x3f, 0xb3, 0x37, 0xf8,
    0x33, 0x33, 0x31, 0x5f, 0x60, 0x7, 0xfb, 0x0,
    0x2, 0x10, 0x2f, 0xd6, 0x7f, 0xcf, 0xb6, 0x7e,
    0x90, 0x5, 0xdf, 0xe8, 0x5, 0xcf, 0xfa, 0x20,

    /* U+00E7 "ç" */
    0x0, 0x7d, 0xfe, 0x80, 0xa, 0xfd, 0x9c, 0xf8,
    0x3f, 0xb0, 0x0, 0x61, 0x6f, 0x50, 0x0, 0x0,
    0x6f, 0x50, 0x0, 0x0, 0x3f, 0xc0, 0x0, 0x71,
    0x9, 0xfd, 0x9d, 0xf8, 0x0, 0x7e, 0xfe, 0x70,
    0x0, 0x4, 0xd2, 0x0, 0x0, 0x1, 0x8c, 0x0,
    0x0, 0x2e, 0xe6, 0x0,

    /* U+00E8 "è" */
    0x1, 0xbe, 0x20, 0x0, 0x0, 0x0, 0x9e, 0x20,
    0x0, 0x0, 0x0, 0x0, 0x0, 0x0, 0x8, 0xef,
    0xd6, 0x0, 0xa, 0xfb, 0x8c, 0xf8, 0x3, 0xf9,
    0x0, 0xb, 0xf0, 0x6f, 0xff, 0xff, 0xff, 0x26,
    0xf7, 0x33, 0x33, 0x30, 0x3f, 0xb0, 0x0, 0x40,
    0x0, 0xaf, 0xd9, 0xbf, 0x70, 0x0, 0x7d, 0xfe,
    0x91, 0x0,

    /* U+00E9 "é" */
    0x0, 0x0, 0x6f, 0x80, 0x0, 0x0, 0x5f, 0x50,
    0x0, 0x0, 0x0, 0x0, 0x0, 0x0, 0x8, 0xef,
    0xd6, 0x0, 0xa, 0xfb, 0x8c, 0xf8, 0x3, 0xf9,
    0x0, 0xb, 0xf0, 0x6f, 0xff, 0xff, 0xff, 0x26,
    0xf7, 0x33, 0x33, 0x30, 0x3f, 0xb0, 0x0, 0x40,
    0x0, 0xaf, 0xd9, 0xbf, 0x70, 0x0, 0x7d, 0xfe,
    0x91, 0x0,

    /* U+00EA "ê" */
    0x0, 0x1d, 0xea, 0x0, 0x0, 0xb, 0x80, 0xb8,
    0x0, 0x0, 0x0, 0x0, 0x0, 0x0, 0x8, 0xef,
    0xd6, 0x0, 0xa, 0xfb, 0x8c, 0xf8, 0x3, 0xf9,
    0x0, 0xb, 0xf0, 0x6f, 0xff, 0xff, 0xff, 0x26,
    0xf7, 0x33, 0x33, 0x30, 0x3f, 0xb0, 0x0, 0x40,
    0x0, 0xaf, 0xd9, 0xbf, 0x70, 0x0, 0x7d, 0xfe,
    0x91, 0x0,

    /* U+00EB "ë" */
    0x0, 0xaa, 0xe, 0x60, 0x0, 0x8, 0x70, 0xa4,
    0x0, 0x0, 0x0, 0x0, 0x0, 0x0, 0x8, 0xef,
    0xd6, 0x0, 0xa, 0xfb, 0x8c, 0xf8, 0x3, 0xf9,
    0x0, 0xb, 0xf0, 0x6f, 0xff, 0xff, 0xff, 0x26,
    0xf7, 0x33, 0x33, 0x30, 0x3f, 0xb0, 0x0, 0x40,
    0x0, 0xaf, 0xd9, 0xbf, 0x70, 0x0, 0x7d, 0xfe,
    0x91, 0x0,

    /* U+00EC "ì" */
    0x3e, 0xc0, 0x0, 0x1c, 0xb0, 0x0, 0x0, 0x0,
    0xd, 0xe0, 0x0, 0xde, 0x0, 0xd, 0xe0, 0x0,
    0xde, 0x0, 0xd, 0xe0, 0x0, 0xde, 0x0, 0xd,
    0xe0, 0x0, 0xde, 0x0,

    /* U+00ED "í" */
    0x0, 0xbe, 0x40, 0xac, 0x10, 0x0, 0x0, 0x0,
    0xde, 0x0, 0xd, 0xe0, 0x0, 0xde, 0x0, 0xd,
    0xe0, 0x0, 0xde, 0x0, 0xd, 0xe0, 0x0, 0xde,
    0x0, 0xd, 0xe0, 0x0,

    /* U+00EE "î" */
    0x3, 0xff, 0x40, 0xb, 0x54, 0xc1, 0x0, 0x0,
    0x0, 0x0, 0xde, 0x0, 0x0, 0xde, 0x0, 0x0,
    0xde, 0x0, 0x0, 0xde, 0x0, 0x0, 0xde, 0x0,
    0x0, 0xde, 0x0, 0x0, 0xde, 0x0, 0x0, 0xde,
    0x0,

    /* U+00EF "ï" */
    0xa9, 0x8b, 0x76, 0x58, 0x0, 0x0, 0xd, 0xe0,
    0xd, 0xe0, 0xd, 0xe0, 0xd, 0xe0, 0xd, 0xe0,
    0xd, 0xe0, 0xd, 0xe0, 0xd, 0xe0,

    /* U+00F0 "ð" */
    0x0, 0x53, 0x0, 0x0, 0x1, 0xbf, 0x99, 0xe1,
    0x0, 0x2d, 0xfe, 0x10, 0x5, 0xe7, 0x5f, 0x70,
    0x0, 0x1, 0x8, 0xf1, 0x4, 0xef, 0xf8, 0xf7,
    0x2f, 0xe6, 0x5d, 0xfb, 0x7f, 0x50, 0x3, 0xfd,
    0x8f, 0x30, 0x0, 0xfd, 0x6f, 0x60, 0x4, 0xf9,
    0xe, 0xf9, 0x8f, 0xf2, 0x2, 0xbf, 0xfb, 0x20,

    /* U+00F1 "ñ" */
    0x3, 0xec, 0x2b, 0x40, 0x9, 0x76, 0xfd, 0x0,
    0x1, 0x0, 0x0, 0x0, 0xdd, 0x8e, 0xfc, 0x40,
    0xdf, 0xf9, 0x9f, 0xf1, 0xdf, 0x40, 0x7, 0xf6,
    0xde, 0x0, 0x3, 0xf8, 0xde, 0x0, 0x3, 0xf8,
    0xde, 0x0, 0x3, 0xf8, 0xde, 0x0, 0x3, 0xf8,
    0xde, 0x0, 0x3, 0xf8,

    /* U+00F2 "ò" */
    0x0, 0xaf, 0x40, 0x0, 0x0, 0x0, 0x7f, 0x30,
    0x0, 0x0, 0x0, 0x0, 0x0, 0x0, 0x7, 0xef,
    0xe8, 0x0, 0xa, 0xfd, 0x9c, 0xfa, 0x3, 0xfb,
    0x0, 0xb, 0xf3, 0x6f, 0x50, 0x0, 0x5f, 0x76,
    0xf5, 0x0, 0x5, 0xf7, 0x3f, 0xc0, 0x0, 0xbf,
    0x30, 0x9f, 0xd9, 0xdf, 0xa0, 0x0, 0x7e, 0xfe,
    0x70, 0x0,

    /* U+00F3 "ó" */
    0x0, 0x0, 0x4f, 0xa0, 0x0, 0x0, 0x3f, 0x70,
    0x0, 0x0, 0x0, 0x0, 0x0, 0x0, 0x7, 0xef,
    0xe8, 0x0, 0xa, 0xfd, 0x9c, 0xfa, 0x3, 0xfb,
    0x0, 0xb, 0xf3, 0x6f, 0x50, 0x0, 0x5f, 0x76,
    0xf5, 0x0, 0x5, 0xf7, 0x3f, 0xc0, 0x0, 0xbf,
    0x30, 0x9f, 0xd9, 0xdf, 0xa0, 0x0, 0x7e, 0xfe,
    0x70, 0x0,

    /* U+00F4 "ô" */
    0x0, 0xc, 0xeb, 0x0, 0x0, 0xa, 0xa0, 0xaa,
    0x0, 0x0, 0x0, 0x0, 0x0, 0x0, 0x7, 0xef,
    0xe8, 0x0, 0xa, 0xfd, 0x9c, 0xfa, 0x3, 0xfb,
    0x0, 0xb, 0xf3, 0x6f, 0x50, 0x0, 0x5f, 0x76,
    0xf5, 0x0, 0x5, 0xf7, 0x3f, 0xc0, 0x0, 0xbf,
    0x30, 0x9f, 0xd9, 0xdf, 0xa0, 0x0, 0x7e, 0xfe,
    0x70, 0x0,

    /* U+00F5 "õ" */
    0x0, 0x7f, 0x81, 0xe0, 0x0, 0xe, 0x3a, 0xf8,
    0x0, 0x0, 0x10, 0x0, 0x0, 0x0, 0x7, 0xef,
    0xe8, 0x0, 0xa, 0xfd, 0x9c, 0xfa, 0x3, 0xfb,
    0x0, 0xb, 0xf3, 0x6f, 0x50, 0x0, 0x5f, 0x76,
    0xf5, 0x0, 0x5, 0xf7, 0x3f, 0xc0, 0x0, 0xbf,
    0x30, 0x9f, 0xd9, 0xdf, 0xa0, 0x0, 0x7e, 0xfe,
    0x70, 0x0,

    /* U+00F6 "ö" */
    0x0, 0x8c, 0xd, 0x80, 0x0, 0x6, 0x90, 0x95,
    0x0, 0x0, 0x0, 0x0, 0x0, 0x0, 0x7, 0xef,
    0xe8, 0x0, 0xa, 0xfd, 0x9c, 0xfa, 0x3, 0xfb,
    0x0, 0xb, 0xf3, 0x6f, 0x50, 0x0, 0x5f, 0x76,
    0xf5, 0x0, 0x5, 0xf7, 0x3f, 0xc0, 0x0, 0xbf,
    0x30, 0x9f, 0xd9, 0xdf, 0xa0, 0x0, 0x7e, 0xfe,
    0x70, 0x0,

    /* U+00F7 "÷" */
    0x0, 0x0, 0x0, 0x0, 0x0, 0xb, 0xe0, 0x0,
    0x0, 0xa, 0xd0, 0x0, 0x2, 0x22, 0x22, 0x20,
    0x1f, 0xff, 0xff, 0xf5, 0x5, 0x55, 0x55, 0x51,
    0x0, 0x0, 0x0, 0x0, 0x0, 0xb, 0xe0, 0x0,
    0x0, 0xa, 0xd0, 0x0,

    /* U+00F8 "ø" */
    0x0, 0x0, 0x0, 0xe3, 0x0, 0x7, 0xef, 0xed,
    0x0, 0xa, 0xfd, 0x9f, 0xfa, 0x3, 0xfb, 0x6,
    0xbb, 0xf3, 0x6f, 0x50, 0xd3, 0x5f, 0x76, 0xf5,
    0x6c, 0x5, 0xf7, 0x3f, 0xcd, 0x40, 0xbf, 0x30,
    0x9f, 0xf9, 0xdf, 0xa0, 0x0, 0xee, 0xfe, 0x70,
    0x0, 0x5c, 0x0, 0x0, 0x0,

    /* U+00F9 "ù" */
    0x7, 0xf8, 0x0, 0x0, 0x0, 0x4e, 0x60, 0x0,
    0x0, 0x0, 0x0, 0x0, 0xed, 0x0, 0x5, 0xf6,
    0xed, 0x0, 0x5, 0xf6, 0xed, 0x0, 0x5, 0xf6,
    0xed, 0x0, 0x5, 0xf6, 0xed, 0x0, 0x6, 0xf6,
    0xcf, 0x20, 0xc, 0xf6, 0x7f, 0xea, 0xdf, 0xf6,
    0x8, 0xef, 0xc7, 0xf6,

    /* U+00FA "ú" */
    0x0, 0x2, 0xec, 0x10, 0x0, 0x1d, 0x90, 0x0,
    0x0, 0x0, 0x0, 0x0, 0xed, 0x0, 0x5, 0xf6,
    0xed, 0x0, 0x5, 0xf6, 0xed, 0x0, 0x5, 0xf6,
    0xed, 0x0, 0x5, 0xf6, 0xed, 0x0, 0x6, 0xf6,
    0xcf, 0x20, 0xc, 0xf6, 0x7f, 0xea, 0xdf, 0xf6,
    0x8, 0xef, 0xc7, 0xf6,

    /* U+00FB "û" */
    0x0, 0x9e, 0xe2, 0x0, 0x6, 0xb1, 0x6b, 0x10,
    0x0, 0x0, 0x0, 0x0, 0xed, 0x0, 0x5, 0xf6,
    0xed, 0x0, 0x5, 0xf6, 0xed, 0x0, 0x5, 0xf6,
    0xed, 0x0, 0x5, 0xf6, 0xed, 0x0, 0x6, 0xf6,
    0xcf, 0x20, 0xc, 0xf6, 0x7f, 0xea, 0xdf, 0xf6,
    0x8, 0xef, 0xc7, 0xf6,

    /* U+00FC "ü" */
    0x4, 0xe1, 0x9c, 0x0, 0x3, 0xb1, 0x69, 0x0,
    0x0, 0x0, 0x0, 0x0, 0xed, 0x0, 0x5, 0xf6,
    0xed, 0x0, 0x5, 0xf6, 0xed, 0x0, 0x5, 0xf6,
    0xed, 0x0, 0x5, 0xf6, 0xed, 0x0, 0x6, 0xf6,
    0xcf, 0x20, 0xc, 0xf6, 0x7f, 0xea, 0xdf, 0xf6,
    0x8, 0xef, 0xc7, 0xf6,

    /* U+00FD "ý" */
    0x0, 0x0, 0x1d, 0xd2, 0x0, 0x0, 0x0, 0xcb,
    0x10, 0x0, 0x0, 0x0, 0x0, 0x0, 0x0, 0xd,
    0xe0, 0x0, 0xb, 0xe0, 0x7, 0xf5, 0x0, 0x2f,
    0x80, 0x1, 0xfb, 0x0, 0x8f, 0x20, 0x0, 0xaf,
    0x20, 0xeb, 0x0, 0x0, 0x3f, 0x85, 0xf5, 0x0,
    0x0, 0xd, 0xec, 0xe0, 0x0, 0x0, 0x6, 0xff,
    0x80, 0x0, 0x0, 0x0, 0xff, 0x10, 0x0, 0x0,
    0x1, 0xfb, 0x0, 0x0, 0xc, 0x9c, 0xf3, 0x0,
    0x0, 0x1b, 0xfe, 0x60, 0x0, 0x0,

    /* U+00FE "þ" */
    0xde, 0x0, 0x0, 0x0, 0xd, 0xe0, 0x0, 0x0,
    0x0, 0xde, 0x0, 0x0, 0x0, 0xd, 0xe7, 0xef,
    0xc4, 0x0, 0xdf, 0xfa, 0xaf, 0xf5, 0xd, 0xf5,
    0x0, 0x2f, 0xd0, 0xdf, 0x0, 0x0, 0xbf, 0xd,
    0xf0, 0x0, 0xc, 0xf0, 0xdf, 0x50, 0x2, 0xfd,
    0xd, 0xff, 0xba, 0xff, 0x50, 0xde, 0x7e, 0xfd,
    0x40, 0xd, 0xe0, 0x0, 0x0, 0x0, 0xde, 0x0,
    0x0, 0x0, 0xd, 0xe0, 0x0, 0x0, 0x0,

    /* U+00FF "ÿ" */
    0x0, 0x3e, 0x37, 0xd0, 0x0, 0x0, 0x2b, 0x25,
    0xa0, 0x0, 0x0, 0x0, 0x0, 0x0, 0x0, 0xd,
    0xe0, 0x0, 0xb, 0xe0, 0x7, 0xf5, 0x0, 0x2f,
    0x80, 0x1, 0xfb, 0x0, 0x8f, 0x20, 0x0, 0xaf,
    0x20, 0xeb, 0x0, 0x0, 0x3f, 0x85, 0xf5, 0x0,
    0x0, 0xd, 0xec, 0xe0, 0x0, 0x0, 0x6, 0xff,
    0x80, 0x0, 0x0, 0x0, 0xff, 0x10, 0x0, 0x0,
    0x1, 0xfb, 0x0, 0x0, 0xc, 0x9c, 0xf3, 0x0,
    0x0, 0x1b, 0xfe, 0x60, 0x0, 0x0,

    /* U+0104 "Ą" */
    0x0, 0x0, 0xd, 0xf5, 0x0, 0x0, 0x0, 0x0,
    0x5f, 0xfc, 0x0, 0x0, 0x0, 0x0, 0xce, 0x8f,
    0x30, 0x0, 0x0, 0x3, 0xf8, 0x1f, 0xa0, 0x0,
    0x0, 0xa, 0xf1, 0xa, 0xf2, 0x0, 0x0, 0x1f,
    0xb0, 0x3, 0xf9, 0x0, 0x0, 0x8f, 0xff, 0xff,
    0xff, 0x0, 0x0, 0xee, 0x88, 0x88, 0xaf, 0x70,
    0x6, 0xf7, 0x0, 0x0, 0xe, 0xe0, 0xd, 0xf1,
    0x0, 0x0, 0x8, 0xf5, 0x0, 0x0, 0x0, 0x0,
    0xc, 0x81, 0x0, 0x0, 0x0, 0x0, 0x3f, 0x10,
    0x0, 0x0, 0x0, 0x0, 0xb, 0xfa,

    /* U+0105 "ą" */
    0x6, 0xcf, 0xfc, 0x30, 0xd, 0xb9, 0xaf, 0xe0,
    0x0, 0x0, 0x8, 0xf5, 0x6, 0xef, 0xff, 0xf6,
    0x3f, 0xb3, 0x37, 0xf6, 0x6f, 0x50, 0x7, 0xf6,
    0x2f, 0xc4, 0x6f, 0xf6, 0x5, 0xef, 0xd8, 0xf6,
    0x0, 0x0, 0x1d, 0x70, 0x0, 0x0, 0x5d, 0x0,
    0x0, 0x0, 0x1d, 0xf8,

    /* U+0106 "Ć" */
    0x0, 0x0, 0x0, 0x68, 0x10, 0x0, 0x0, 0x7,
    0xf5, 0x0, 0x0, 0x0, 0x17, 0x30, 0x0, 0x0,
    0x0, 0x0, 0x0, 0x0, 0x0, 0x8, 0xdf, 0xfc,
    0x50, 0x1, 0xdf, 0xeb, 0xbf, 0xf7, 0xb, 0xf9,
    0x0, 0x1, 0x91, 0x2f, 0xd0, 0x0, 0x0, 0x0,
    0x5f, 0x80, 0x0, 0x0, 0x0, 0x5f, 0x80, 0x0,
    0x0, 0x0, 0x2f, 0xc0, 0x0, 0x0, 0x0, 0xb,
    0xf9, 0x0, 0x1, 0x91, 0x1, 0xdf, 0xeb, 0xbf,
    0xf7, 0x0, 0x8, 0xdf, 0xfc, 0x50,

    /* U+0107 "ć" */
    0x0, 0x0, 0x6f, 0x80, 0x0, 0x5, 0xf5, 0x0,
    0x0, 0x0, 0x0, 0x0, 0x0, 0x7d, 0xfe, 0x80,
    0xa, 0xfd, 0x9c, 0xf8, 0x3f, 0xb0, 0x0, 0x61,
    0x6f, 0x50, 0x0, 0x0, 0x6f, 0x50, 0x0, 0x0,
    0x3f, 0xc0, 0x0, 0x71, 0x9, 0xfd, 0x9d, 0xf8,
    0x0, 0x7d, 0xfe, 0x70,

    /* U+0118 "Ę" */
    0xbf, 0xff, 0xff, 0xf7, 0xbf, 0xa9, 0x99, 0x94,
    0xbf, 0x20, 0x0, 0x0, 0xbf, 0x20, 0x0, 0x0,
    0xbf, 0xff, 0xff, 0xe0, 0xbf, 0xa9, 0x99, 0x80,
    0xbf, 0x20, 0x0, 0x0, 0xbf, 0x20, 0x0, 0x0,
    0xbf, 0xa9, 0x99, 0x96, 0xbf, 0xff, 0xff, 0xfa,
    0x0, 0x0, 0xb, 0xa1, 0x0, 0x0, 0x1f, 0x21,
    0x0, 0x0, 0xa, 0xfc,

    /* U+0119 "ę" */
    0x0, 0x8e, 0xfd, 0x60, 0x0, 0xaf, 0xb8, 0xcf,
    0x80, 0x3f, 0x90, 0x0, 0xbf, 0x6, 0xff, 0xff,
    0xff, 0xf2, 0x6f, 0x73, 0x33, 0x33, 0x3, 0xfb,
    0x0, 0x4, 0x0, 0xa, 0xfd, 0x9b, 0xf7, 0x0,
    0x7, 0xdf, 0xfb, 0x0, 0x0, 0x0, 0x5d, 0x0,
    0x0, 0x0, 0x9, 0xa0, 0x0, 0x0, 0x0, 0x3e,
    0xf5, 0x0,

    /* U+0141 "Ł" */
    0x0, 0x8f, 0x40, 0x0, 0x0, 0x0, 0x8f, 0x40,
    0x0, 0x0, 0x0, 0x8f, 0x48, 0x10, 0x0, 0x0,
    0x8f, 0xee, 0x30, 0x0, 0x0, 0x9f, 0xc1, 0x0,
    0x0, 0x8, 0xff, 0x40, 0x0, 0x0, 0x9, 0xcf,
    0x40, 0x0, 0x0, 0x0, 0x8f, 0x40, 0x0, 0x0,
    0x0, 0x8f, 0xba, 0xaa, 0xa4, 0x0, 0x8f, 0xff,
    0xff, 0xf6,

    /* U+0142 "ł" */
    0x0, 0xbf, 0x0, 0x0, 0xbf, 0x0, 0x0, 0xbf,
    0x0, 0x0, 0xbf, 0x20, 0x0, 0xbf, 0xf5, 0x0,
    0xcf, 0x80, 0xa, 0xff, 0x0, 0xb, 0xdf, 0x0,
    0x0, 0xbf, 0x0, 0x0, 0xbf, 0x0, 0x0, 0xbf,
    0x0,

    /* U+0143 "Ń" */
    0x0, 0x0, 0x2e, 0xc1, 0x0, 0x0, 0x2, 0xe9,
    0x0, 0x0, 0x0, 0x0, 0x0, 0x0, 0x0, 0xbf,
    0x30, 0x0, 0xc, 0xf0, 0xbf, 0xe1, 0x0, 0xc,
    0xf0, 0xbf, 0xfb, 0x0, 0xc, 0xf0, 0xbf, 0x9f,
    0x80, 0xc, 0xf0, 0xbf, 0x2b, 0xf4, 0xc, 0xf0,
    0xbf, 0x21, 0xde, 0x1c, 0xf0, 0xbf, 0x20, 0x3f,
    0xcc, 0xf0, 0xbf, 0x20, 0x6, 0xff, 0xf0, 0xbf,
    0x20, 0x0, 0x9f, 0xf0, 0xbf, 0x20, 0x0, 0xd,
    0xf0,

    /* U+0144 "ń" */
    0x0, 0x1, 0xdd, 0x20, 0x0, 0x1c, 0xa0, 0x0,
    0x0, 0x0, 0x0, 0x0, 0xdd, 0x8e, 0xfc, 0x40,
    0xdf, 0xf9, 0x9f, 0xf1, 0xdf, 0x40, 0x7, 0xf6,
    0xde, 0x0, 0x3, 0xf8, 0xde, 0x0, 0x3, 0xf8,
    0xde, 0x0, 0x3, 0xf8, 0xde, 0x0, 0x3, 0xf8,
    0xde, 0x0, 0x3, 0xf8,

    /* U+015A "Ś" */
    0x0, 0x0, 0x7, 0x70, 0x0, 0x0, 0xa, 0xe3,
    0x0, 0x0, 0x3, 0x71, 0x0, 0x0, 0x0, 0x0,
    0x0, 0x0, 0x1, 0xae, 0xfe, 0xb4, 0x0, 0xdf,
    0xc9, 0xbe, 0xa0, 0x4f, 0xa0, 0x0, 0x1, 0x3,
    0xfc, 0x10, 0x0, 0x0, 0xa, 0xff, 0xb7, 0x20,
    0x0, 0x3, 0x8c, 0xff, 0x90, 0x0, 0x0, 0x1,
    0xcf, 0x30, 0x60, 0x0, 0x9, 0xf4, 0x5f, 0xea,
    0x9c, 0xfd, 0x0, 0x6b, 0xff, 0xea, 0x10,

    /* U+015B "ś" */
    0x0, 0x3, 0xfa, 0x0, 0x3, 0xf8, 0x0, 0x0,
    0x0, 0x0, 0x0, 0x6d, 0xff, 0xc4, 0x4f, 0xd8,
    0x9d, 0x37, 0xf4, 0x0, 0x0, 0x3f, 0xfc, 0x94,
    0x0, 0x38, 0xcf, 0xf8, 0x0, 0x0, 0xe, 0xd6,
    0xfa, 0x8a, 0xf9, 0x3a, 0xef, 0xe9, 0x0,

    /* U+0179 "Ź" */
    0x0, 0x0, 0x1e, 0xc1, 0x0, 0x0, 0x1d, 0xa0,
    0x0, 0x0, 0x0, 0x0, 0x0, 0x5, 0xff, 0xff,
    0xff, 0xfc, 0x3a, 0xaa, 0xaa, 0xff, 0x80, 0x0,
    0x0, 0x6f, 0xb0, 0x0, 0x0, 0x3f, 0xe1, 0x0,
    0x0, 0x1e, 0xf2, 0x0, 0x0, 0xc, 0xf5, 0x0,
    0x0, 0xa, 0xf8, 0x0, 0x0, 0x6, 0xfb, 0x0,
    0x0, 0x3, 0xff, 0xba, 0xaa, 0xa9, 0x6f, 0xff,
    0xff, 0xff, 0xf0,

    /* U+017A "ź" */
    0x0, 0x2, 0xec, 0x10, 0x1, 0xda, 0x0, 0x0,
    0x0, 0x0, 0x6, 0xff, 0xff, 0xfd, 0x37, 0x77,
    0xcf, 0x90, 0x0, 0x2f, 0xc0, 0x0, 0xd, 0xe2,
    0x0, 0xa, 0xf4, 0x0, 0x7, 0xf8, 0x0, 0x3,
    0xff, 0x77, 0x77, 0x7f, 0xff, 0xff, 0xf0,

    /* U+017B "Ż" */
    0x0, 0x0, 0x0, 0x0, 0x0, 0x0, 0x2f, 0x90,
    0x0, 0x0, 0x1, 0xe8, 0x0, 0x0, 0x0, 0x0,
    0x0, 0x0, 0x5f, 0xff, 0xff, 0xff, 0xc3, 0xaa,
    0xaa, 0xaf, 0xf8, 0x0, 0x0, 0x6, 0xfb, 0x0,
    0x0, 0x3, 0xfe, 0x10, 0x0, 0x1, 0xef, 0x20,
    0x0, 0x0, 0xcf, 0x50, 0x0, 0x0, 0xaf, 0x80,
    0x0, 0x0, 0x6f, 0xb0, 0x0, 0x0, 0x3f, 0xfb,
    0xaa, 0xaa, 0x96, 0xff, 0xff, 0xff, 0xff,

    /* U+017C "ż" */
    0x0, 0x1e, 0x80, 0x0, 0x2, 0xf9, 0x0, 0x0,
    0x0, 0x0, 0x6, 0xff, 0xff, 0xfd, 0x37, 0x77,
    0xcf, 0x90, 0x0, 0x2f, 0xc0, 0x0, 0xd, 0xe2,
    0x0, 0xa, 0xf4, 0x0, 0x7, 0xf8, 0x0, 0x3,
    0xff, 0x77, 0x77, 0x7f, 0xff, 0xff, 0xf0,

    /* U+F000 "" */
    0x8, 0x99, 0x99, 0x99, 0x99, 0x99, 0x99, 0x42,
    0xff, 0xff, 0xff, 0xff, 0xff, 0xff, 0xfb, 0x6,
    0xff, 0x52, 0x22, 0x22, 0x2a, 0xfd, 0x10, 0x6,
    0xfe, 0x20, 0x0, 0x8, 0xfd, 0x10, 0x0, 0x7,
    0xfe, 0x20, 0x8, 0xfe, 0x10, 0x0, 0x0, 0x7,
    0xfe, 0x28, 0xfe, 0x20, 0x0, 0x0, 0x0, 0x7,
    0xff, 0xfe, 0x20, 0x0, 0x0, 0x0, 0x0, 0x7,
    0xfe, 0x20, 0x0, 0x0, 0x0, 0x0, 0x0, 0x1f,
    0xa0, 0x0, 0x0, 0x0, 0x0, 0x0, 0x1, 0xfa,
    0x0, 0x0, 0x0, 0x0, 0x0, 0x0, 0x1f, 0xa0,
    0x0, 0x0, 0x0, 0x0, 0x0, 0x1, 0xfa, 0x0,
    0x0, 0x0, 0x0, 0x0, 0x7f, 0xff, 0xff, 0xe2,
    0x0, 0x0, 0x0, 0x5, 0xbb, 0xbb, 0xba, 0x10,
    0x0,

    /* U+F001 "" */
    0x0, 0x0, 0x0, 0x0, 0x0, 0x0, 0x21, 0x0,
    0x0, 0x0, 0x0, 0x37, 0xae, 0xfd, 0x0, 0x0,
    0x29, 0xcf, 0xff, 0xff, 0xff, 0x0, 0x0, 0xaf,
    0xff, 0xff, 0xff, 0xff, 0x0, 0x0, 0xaf, 0xff,
    0xff, 0xfd, 0xff, 0x0, 0x0, 0xaf, 0xfb, 0x84,
    0x10, 0xcf, 0x0, 0x0, 0xaf, 0x10, 0x0, 0x0,
    0xcf, 0x0, 0x0, 0xaf, 0x10, 0x0, 0x13, 0xdf,
    0x0, 0x0, 0xaf, 0x10, 0x8, 0xff, 0xff, 0x0,
    0x47, 0xcf, 0x10, 0x3f, 0xff, 0xff, 0xa, 0xff,
    0xff, 0x10, 0x2f, 0xff, 0xfc, 0x1f, 0xff, 0xff,
    0x10, 0x6, 0xff, 0xd3, 0xe, 0xff, 0xfd, 0x0,
    0x0, 0x1, 0x0, 0x2, 0xad, 0xa1, 0x0, 0x0,
    0x0, 0x0,

    /* U+F002 "" */
    0x0, 0x0, 0x1, 0x0, 0x0, 0x0, 0x0, 0x0,
    0x1, 0xae, 0xff, 0xc5, 0x0, 0x0, 0x0, 0x4,
    0xef, 0xda, 0xcf, 0xfb, 0x0, 0x0, 0x1, 0xef,
    0x50, 0x0, 0x1b, 0xf8, 0x0, 0x0, 0x9f, 0x60,
    0x0, 0x0, 0xd, 0xf1, 0x0, 0xc, 0xf0, 0x0,
    0x0, 0x0, 0x7f, 0x40, 0x0, 0xfc, 0x0, 0x0,
    0x0, 0x4, 0xf7, 0x0, 0xc, 0xf0, 0x0, 0x0,
    0x0, 0x7f, 0x50, 0x0, 0x9f, 0x60, 0x0, 0x0,
    0xd, 0xf1, 0x0, 0x1, 0xef, 0x50, 0x0, 0x1b,
    0xf9, 0x0, 0x0, 0x4, 0xef, 0xda, 0xcf, 0xff,
    0xe3, 0x0, 0x0, 0x1, 0x9e, 0xff, 0xd6, 0x5f,
    0xe3, 0x0, 0x0, 0x0, 0x1, 0x0, 0x0, 0x5f,
    0xe3, 0x0, 0x0, 0x0, 0x0, 0x0, 0x0, 0x5f,
    0xe0, 0x0, 0x0, 0x0, 0x0, 0x0, 0x0, 0x59,
    0x0,

    /* U+F003 "" */
    0x4b, 0xbb, 0xbb, 0xbb, 0xbb, 0xbb, 0xb4, 0xef,
    0xff, 0xff, 0xff, 0xff, 0xff, 0xfe, 0x8f, 0xff,
    0xff, 0xff, 0xff, 0xff, 0xf8, 0x5, 0xff, 0xff,
    0xff, 0xff, 0xff, 0x50, 0xb1, 0x2d, 0xff, 0xff,
    0xff, 0xd2, 0x1b, 0xfd, 0x20, 0x9f, 0xff, 0xf9,
    0x2, 0xdf, 0xff, 0xf5, 0x5, 0xff, 0x50, 0x5f,
    0xff, 0xff, 0xff, 0x90, 0x0, 0x8, 0xff, 0xff,
    0xff, 0xff, 0xfc, 0x66, 0xcf, 0xff, 0xff, 0xef,
    0xff, 0xff, 0xff, 0xff, 0xff, 0xfe, 0x6f, 0xff,
    0xff, 0xff, 0xff, 0xff, 0xf5,

    /* U+F004 "" */
    0x0, 0x25, 0x20, 0x0, 0x2, 0x52, 0x0, 0x9,
    0xff, 0xfc, 0x11, 0xcf, 0xff, 0x90, 0x7f, 0xff,
    0xff, 0xdd, 0xff, 0xff, 0xf7, 0xdf, 0xff, 0xff,
    0xff, 0xff, 0xff, 0xfd, 0xff, 0xff, 0xff, 0xff,
    0xff, 0xff, 0xff, 0xcf, 0xff, 0xff, 0xff, 0xff,
    0xff, 0xfc, 0x6f, 0xff, 0xff, 0xff, 0xff, 0xff,
    0xf6, 0xd, 0xff, 0xff, 0xff, 0xff, 0xff, 0xc0,
    0x3, 0xff, 0xff, 0xff, 0xff, 0xff, 0x20, 0x0,
    0x5f, 0xff, 0xff, 0xff, 0xf5, 0x0, 0x0, 0x6,
    0xff, 0xff, 0xff, 0x60, 0x0, 0x0, 0x0, 0x5f,
    0xff, 0xf5, 0x0, 0x0, 0x0, 0x0, 0x3, 0xbb,
    0x30, 0x0, 0x0,

    /* U+F005 "" */
    0x0, 0x0, 0x0, 0x0, 0x0, 0x0, 0x0, 0x0,
    0x0, 0x0, 0x0, 0xc, 0x90, 0x0, 0x0, 0x0,
    0x0, 0x0, 0x0, 0x5f, 0xf2, 0x0, 0x0, 0x0,
    0x0, 0x0, 0x0, 0xdf, 0xf9, 0x0, 0x0, 0x0,
    0x0, 0x0, 0x6, 0xff, 0xff, 0x20, 0x0, 0x0,
    0x3, 0x68, 0xbf, 0xff, 0xff, 0xea, 0x75, 0x20,
    0x7f, 0xff, 0xff, 0xff, 0xff, 0xff, 0xff, 0xf4,
    0x1d, 0xff, 0xff, 0xff, 0xff, 0xff, 0xff, 0xa0,
    0x1, 0xdf, 0xff, 0xff, 0xff, 0xff, 0xfa, 0x0,
    0x0, 0x1d, 0xff, 0xff, 0xff, 0xff, 0xa0, 0x0,
    0x0, 0x6, 0xff, 0xff, 0xff, 0xff, 0x20, 0x0,
    0x0, 0x8, 0xff, 0xff, 0xff, 0xff, 0x40, 0x0,
    0x0, 0xb, 0xff, 0xff, 0xff, 0xff, 0x70, 0x0,
    0x0, 0xd, 0xff, 0xd5, 0x7e, 0xff, 0x90, 0x0,
    0x0, 0xf, 0xd6, 0x0, 0x1, 0x8f, 0xb0, 0x0,
    0x0, 0x1, 0x0, 0x0, 0x0, 0x0, 0x10, 0x0,

    /* U+F006 "" */
    0x0, 0x0, 0x0, 0x0, 0x0, 0x0, 0x0, 0x0,
    0x0, 0x0, 0x0, 0xc, 0x90, 0x0, 0x0, 0x0,
    0x0, 0x0, 0x0, 0x5f, 0xf2, 0x0, 0x0, 0x0,
    0x0, 0x0, 0x0, 0xdf, 0xf9, 0x0, 0x0, 0x0,
    0x0, 0x0, 0x6, 0xff, 0xff, 0x20, 0x0, 0x0,
    0x3, 0x68, 0xbf, 0xff, 0xff, 0xea, 0x75, 0x20,
    0x7f, 0xff, 0xff, 0xff, 0xff, 0xff, 0xff, 0xf4,
    0x1d, 0xff, 0xff, 0xff, 0xff, 0xff, 0xff, 0xa0,
    0x1, 0xdf, 0xff, 0xff, 0xff, 0xff, 0xfa, 0x0,
    0x0, 0x1d, 0xff, 0xff, 0xff, 0xff, 0xa0, 0x0,
    0x0, 0x6, 0xff, 0xff, 0xff, 0xff, 0x20, 0x0,
    0x0, 0x8, 0xff, 0xff, 0xff, 0xff, 0x40, 0x0,
    0x0, 0xb, 0xff, 0xff, 0xff, 0xff, 0x70, 0x0,
    0x0, 0xd, 0xff, 0xd5, 0x7e, 0xff, 0x90, 0x0,
    0x0, 0xf, 0xd6, 0x0, 0x1, 0x8f, 0xb0, 0x0,
    0x0, 0x1, 0x0, 0x0, 0x0, 0x0, 0x10, 0x0,

    /* U+F007 "" */
    0x0, 0x0, 0x0, 0x0, 0x0, 0x0, 0x0, 0x0,
    0x8e, 0xfa, 0x10, 0x0, 0x0, 0x9, 0xff, 0xff,
    0xc0, 0x0, 0x0, 0xf, 0xff, 0xff, 0xf4, 0x0,
    0x0, 0x1f, 0xff, 0xff, 0xf5, 0x0, 0x0, 0xd,
    0xff, 0xff, 0xf1, 0x0, 0x0, 0x3, 0xef, 0xff,
    0x60, 0x0, 0x0, 0x0, 0x16, 0x72, 0x0, 0x0,
    0x0, 0x0, 0x0, 0x0, 0x0, 0x0, 0x0, 0x8,
    0xcf, 0xfd, 0xa2, 0x0, 0x2, 0xef, 0xff, 0xff,
    0xff, 0x50, 0xc, 0xff, 0xff, 0xff, 0xff, 0xf1,
    0x4f, 0xff, 0xff, 0xff, 0xff, 0xf8, 0x7f, 0xff,
    0xff, 0xff, 0xff, 0xfb, 0x3b, 0xbb, 0xbb, 0xbb,
    0xbb, 0xb6,

    /* U+F008 "" */
    0x18, 0x99, 0x99, 0x99, 0x99, 0x93, 0xc, 0xff,
    0xff, 0xff, 0xff, 0xff, 0xf1, 0xf8, 0x3f, 0xff,
    0xff, 0xf6, 0x5f, 0x3f, 0x50, 0xff, 0xff, 0xff,
    0x31, 0xf4, 0xff, 0xef, 0xff, 0xff, 0xff, 0xef,
    0x4f, 0xfe, 0xff, 0xff, 0xff, 0xfe, 0xf4, 0xf5,
    0xf, 0xff, 0xff, 0xf3, 0x1f, 0x4f, 0xca, 0xff,
    0xff, 0xff, 0xcb, 0xf4, 0xff, 0xff, 0xff, 0xff,
    0xff, 0xff, 0x4f, 0x73, 0xff, 0xff, 0xff, 0x64,
    0xf4, 0xf5, 0xf, 0xff, 0xff, 0xf3, 0x1f, 0x4e,
    0xed, 0xff, 0xff, 0xff, 0xed, 0xf2, 0x5e, 0xff,
    0xff, 0xff, 0xff, 0xe8, 0x0,

    /* U+F009 "" */
    0x18, 0x99, 0x99, 0x99, 0x99, 0x93, 0xc, 0xff,
    0xff, 0xff, 0xff, 0xff, 0xf1, 0xfc, 0x22, 0x2c,
    0xf2, 0x22, 0x9f, 0x3f, 0xc0, 0x0, 0xcf, 0x0,
    0x8, 0xf4, 0xfc, 0x0, 0xc, 0xf0, 0x0, 0x8f,
    0x4f, 0xc0, 0x0, 0xcf, 0x0, 0x8, 0xf4, 0xff,
    0xff, 0xff, 0xff, 0xff, 0xff, 0x4f, 0xeb, 0xbb,
    0xef, 0xbb, 0xbd, 0xf4, 0xfc, 0x0, 0xc, 0xf0,
    0x0, 0x8f, 0x4f, 0xc0, 0x0, 0xcf, 0x0, 0x8,
    0xf4, 0xfc, 0x0, 0xc, 0xf0, 0x0, 0x8f, 0x4e,
    0xfc, 0xcc, 0xff, 0xcc, 0xce, 0xf2, 0x5e, 0xff,
    0xff, 0xff, 0xff, 0xe8, 0x0,

    /* U+F00A "" */
    0x18, 0x99, 0x99, 0x99, 0x99, 0x82, 0xc, 0xff,
    0xff, 0xff, 0xff, 0xff, 0xe0, 0xfc, 0x2b, 0xf3,
    0x2f, 0xc2, 0xbf, 0x1f, 0xb0, 0xaf, 0x10, 0xfb,
    0xa, 0xf1, 0xff, 0xce, 0xfd, 0xcf, 0xfc, 0xef,
    0x1f, 0xff, 0xff, 0xff, 0xff, 0xff, 0xf1, 0xfb,
    0xa, 0xf1, 0xf, 0xb0, 0xaf, 0x1f, 0xe9, 0xdf,
    0xa9, 0xfe, 0x9d, 0xf1, 0xff, 0xff, 0xff, 0xff,
    0xff, 0xff, 0x1f, 0xc2, 0xbf, 0x32, 0xfc, 0x2b,
    0xf1, 0xfb, 0xa, 0xf1, 0xf, 0xb0, 0xaf, 0x1e,
    0xfc, 0xef, 0xdc, 0xff, 0xce, 0xf0, 0x5e, 0xff,
    0xff, 0xff, 0xff, 0xe6, 0x0,

    /* U+F00B "" */
    0x18, 0x99, 0x99, 0x99, 0x99, 0x82, 0xc, 0xff,
    0xff, 0xff, 0xff, 0xff, 0xe0, 0xfc, 0x2b, 0xf3,
    0x22, 0x22, 0xbf, 0x1f, 0xc0, 0xaf, 0x10, 0x0,
    0xa, 0xf1, 0xff, 0xce, 0xfd, 0xcc, 0xcc, 0xef,
    0x1f, 0xff, 0xff, 0xff, 0xff, 0xff, 0xf1, 0xfc,
    0xa, 0xf1, 0x0, 0x0, 0xaf, 0x1f, 0xe9, 0xdf,
    0xa9, 0x99, 0x9d, 0xf1, 0xff, 0xff, 0xff, 0xff,
    0xff, 0xff, 0x1f, 0xc2, 0xbf, 0x32, 0x22, 0x2b,
    0xf1, 0xfc, 0xa, 0xf1, 0x0, 0x0, 0xaf, 0x1e,
    0xfc, 0xef, 0xdc, 0xcc, 0xce, 0xf0, 0x5e, 0xff,
    0xff, 0xff, 0xff, 0xe6, 0x0,

    /* U+F00C "" */
    0x0, 0x0, 0x0, 0x0, 0x0, 0x1, 0x60, 0x0,
    0x0, 0x0, 0x0, 0x0, 0xc, 0xf2, 0x0, 0x0,
    0x0, 0x0, 0x0, 0x8f, 0xa0, 0x0, 0x0, 0x0,
    0x0, 0x4, 0xfd, 0x0, 0x0, 0x0, 0x0, 0x0,
    0x1e, 0xf3, 0x0, 0x0, 0x0, 0x0, 0x0, 0xbf,
    0x70, 0x0, 0x3, 0x10, 0x0, 0x7, 0xfb, 0x0,
    0x0, 0xe, 0xe3, 0x0, 0x3f, 0xe1, 0x0, 0x0,
    0x6, 0xfe, 0x20, 0xdf, 0x40, 0x0, 0x0, 0x0,
    0x6f, 0xeb, 0xf8, 0x0, 0x0, 0x0, 0x0, 0x6,
    0xff, 0xc0, 0x0, 0x0, 0x0, 0x0, 0x0, 0x5c,
    0x20, 0x0, 0x0, 0x0,

    /* U+F00D "" */
    0x0, 0x0, 0x0, 0x0, 0x0, 0x0, 0xc, 0xb0,
    0x0, 0x0, 0x4, 0xe5, 0xa, 0xfb, 0x0, 0x0,
    0x3f, 0xf3, 0x0, 0xbf, 0xa0, 0x3, 0xff, 0x50,
    0x0, 0xc, 0xfa, 0x3e, 0xf5, 0x0, 0x0, 0x1,
    0xcf, 0xff, 0x60, 0x0, 0x0, 0x0, 0x3f, 0xfc,
    0x0, 0x0, 0x0, 0x1, 0xef, 0xef, 0x80, 0x0,
    0x0, 0x1d, 0xf8, 0x1d, 0xf7, 0x0, 0x1, 0xdf,
    0x90, 0x2, 0xef, 0x70, 0xc, 0xf9, 0x0, 0x0,
    0x2e, 0xf4, 0xa, 0x90, 0x0, 0x0, 0x3, 0xc4,

    /* U+F00E "" */
    0x0, 0x0, 0x2, 0x0, 0x0, 0x0, 0x0, 0x0,
    0x2b, 0xff, 0xfd, 0x50, 0x0, 0x0, 0x5, 0xff,
    0xff, 0xff, 0xf9, 0x0, 0x0, 0x1f, 0xff, 0xff,
    0xff, 0xff, 0x50, 0x0, 0x9f, 0xff, 0xf1, 0xcf,
    0xff, 0xe0, 0x0, 0xcf, 0xfe, 0xd0, 0x9d, 0xff,
    0xf1, 0x0, 0xff, 0xf2, 0x0, 0x0, 0xef, 0xf4,
    0x0, 0xcf, 0xff, 0xe0, 0xae, 0xff, 0xf2, 0x0,
    0x9f, 0xff, 0xf1, 0xcf, 0xff, 0xd0, 0x0, 0x1e,
    0xff, 0xff, 0xff, 0xff, 0x60, 0x0, 0x4, 0xef,
    0xff, 0xff, 0xff, 0xd1, 0x0, 0x0, 0x1a, 0xef,
    0xfc, 0x49, 0xfd, 0x10, 0x0, 0x0, 0x1, 0x0,
    0x0, 0x9f, 0xd1, 0x0, 0x0, 0x0, 0x0, 0x0,
    0x9, 0xfb, 0x0, 0x0, 0x0, 0x0, 0x0, 0x0,
    0x77,

    /* U+F010 "" */
    0x0, 0x0, 0x0, 0x0, 0x0, 0x0, 0x0, 0x0,
    0x19, 0xdf, 0xeb, 0x30, 0x0, 0x0, 0x4, 0xef,
    0xff, 0xff, 0xf7, 0x0, 0x0, 0x1e, 0xff, 0xff,
    0xff, 0xff, 0x40, 0x0, 0x9f, 0xff, 0xff, 0xff,
    0xff, 0xd0, 0x0, 0xcf, 0xff, 0xff, 0xff, 0xff,
    0xf1, 0x0, 0xff, 0xf3, 0x0, 0x0, 0xef, 0xf4,
    0x0, 0xcf, 0xff, 0xff, 0xff, 0xff, 0xf2, 0x0,
    0x9f, 0xff, 0xff, 0xff, 0xff, 0xd0, 0x0, 0x1e,
    0xff, 0xff, 0xff, 0xff, 0x60, 0x0, 0x4, 0xef,
    0xff, 0xff, 0xff, 0xd1, 0x0, 0x0, 0x19, 0xdf,
    0xfb, 0x38, 0xfd, 0x10, 0x0, 0x0, 0x0, 0x0,
    0x0, 0x8f, 0xd1, 0x0, 0x0, 0x0, 0x0, 0x0,
    0x8, 0xfc, 0x0, 0x0, 0x0, 0x0, 0x0, 0x0,
    0x66,

    /* U+F011 "" */
    0x0, 0x0, 0x0, 0x0, 0x0, 0x0, 0x0, 0x0,
    0x0, 0x0, 0xcb, 0x0, 0x0, 0x0, 0x0, 0x0,
    0x0, 0xed, 0x0, 0x0, 0x0, 0x0, 0x8f, 0x30,
    0xed, 0x5, 0xf7, 0x0, 0x8, 0xfd, 0x0, 0xed,
    0x1, 0xef, 0x60, 0x2f, 0xe2, 0x0, 0xed, 0x0,
    0x3f, 0xf1, 0x9f, 0x40, 0x0, 0xed, 0x0, 0x6,
    0xf7, 0xde, 0x0, 0x0, 0xed, 0x0, 0x0, 0xfb,
    0xfc, 0x0, 0x0, 0xed, 0x0, 0x0, 0xed, 0xee,
    0x0, 0x0, 0x54, 0x0, 0x0, 0xfd, 0xcf, 0x10,
    0x0, 0x0, 0x0, 0x3, 0xfa, 0x6f, 0xa0, 0x0,
    0x0, 0x0, 0xb, 0xf4, 0xc, 0xf6, 0x0, 0x0,
    0x0, 0x8f, 0xa0, 0x2, 0xef, 0xb4, 0x11, 0x5c,
    0xfe, 0x10, 0x0, 0x1b, 0xff, 0xff, 0xff, 0x90,
    0x0, 0x0, 0x0, 0x49, 0xbb, 0x83, 0x0, 0x0,

    /* U+F012 "" */
    0x0, 0x0, 0x0, 0x0, 0x0, 0x0, 0x30, 0x0,
    0x0, 0x0, 0x0, 0x0, 0x0, 0xf5, 0x0, 0x0,
    0x0, 0x0, 0x0, 0x0, 0xf5, 0x0, 0x0, 0x0,
    0x0, 0x8, 0x20, 0xf5, 0x0, 0x0, 0x0, 0x0,
    0xe, 0x60, 0xf5, 0x0, 0x0, 0x0, 0x0, 0xe,
    0x60, 0xf5, 0x0, 0x0, 0x0, 0xc5, 0xe, 0x60,
    0xf5, 0x0, 0x0, 0x0, 0xd6, 0xe, 0x60, 0xf5,
    0x0, 0x1, 0x50, 0xd6, 0xe, 0x60, 0xf5, 0x0,
    0x6, 0xe0, 0xd6, 0xe, 0x60, 0xf5, 0x29, 0x6,
    0xe0, 0xd6, 0xe, 0x60, 0xf5, 0x5f, 0x6, 0xe0,
    0xd6, 0xe, 0x60, 0xf5, 0x3b, 0x3, 0xa0, 0xa4,
    0xa, 0x30, 0xb3,

    /* U+F013 "" */
    0x0, 0x0, 0x0, 0x6e, 0xe7, 0x0, 0x0, 0x0,
    0x0, 0x0, 0x0, 0xdf, 0xfd, 0x0, 0x0, 0x0,
    0x0, 0x32, 0x1, 0xff, 0xff, 0x10, 0x13, 0x0,
    0x3, 0xff, 0xcf, 0xff, 0xff, 0xfc, 0xff, 0x40,
    0xc, 0xff, 0xff, 0xff, 0xff, 0xff, 0xff, 0xc0,
    0xb, 0xff, 0xff, 0xe7, 0x7e, 0xff, 0xff, 0xb0,
    0x0, 0xbf, 0xff, 0x20, 0x2, 0xff, 0xfb, 0x0,
    0x0, 0x3f, 0xfd, 0x0, 0x0, 0xdf, 0xf3, 0x0,
    0x0, 0x7f, 0xff, 0x0, 0x1, 0xff, 0xf8, 0x0,
    0x8, 0xff, 0xff, 0xb2, 0x2b, 0xff, 0xff, 0x80,
    0xd, 0xff, 0xff, 0xff, 0xff, 0xff, 0xff, 0xe0,
    0x6, 0xff, 0xff, 0xff, 0xff, 0xff, 0xff, 0x60,
    0x0, 0x76, 0x15, 0xff, 0xff, 0x51, 0x67, 0x0,
    0x0, 0x0, 0x0, 0xdf, 0xfe, 0x0, 0x0, 0x0,
    0x0, 0x0, 0x0, 0x9f, 0xfa, 0x0, 0x0, 0x0,
    0x0, 0x0, 0x0, 0x2, 0x20, 0x0, 0x0, 0x0,

    /* U+F014 "" */
    0x0, 0x2, 0xde, 0xee, 0x50, 0x0, 0x6, 0x99,
    0xcf, 0xff, 0xfd, 0x99, 0x80, 0xdf, 0xff, 0xff,
    0xff, 0xff, 0xff, 0x20, 0x22, 0x22, 0x22, 0x22,
    0x22, 0x10, 0x1, 0x11, 0x11, 0x11, 0x11, 0x10,
    0x2, 0xff, 0xff, 0xff, 0xff, 0xff, 0x60, 0x2f,
    0xfc, 0xfe, 0xdf, 0xde, 0xf6, 0x2, 0xfa, 0x1f,
    0x73, 0xf5, 0x6f, 0x60, 0x2f, 0xa1, 0xf7, 0x3f,
    0x56, 0xf6, 0x2, 0xfa, 0x1f, 0x73, 0xf5, 0x6f,
    0x60, 0x2f, 0xa1, 0xf7, 0x3f, 0x56, 0xf6, 0x2,
    0xfa, 0x1f, 0x73, 0xf5, 0x6f, 0x60, 0x2f, 0xb3,
    0xf9, 0x5f, 0x67, 0xf6, 0x0, 0xff, 0xff, 0xff,
    0xff, 0xff, 0x40, 0x4, 0xbc, 0xcc, 0xcc, 0xcb,
    0x70, 0x0,

    /* U+F015 "" */
    0x0, 0x0, 0x0, 0x0, 0x0, 0x0, 0x0, 0x0,
    0x0, 0x0, 0x0, 0x2d, 0xc1, 0x0, 0x0, 0x0,
    0x0, 0x0, 0x3, 0xef, 0xfd, 0x20, 0x0, 0x0,
    0x0, 0x0, 0x4f, 0xff, 0xff, 0xe2, 0x0, 0x0,
    0x0, 0x5, 0xff, 0xff, 0xff, 0xff, 0x30, 0x0,
    0x0, 0x6f, 0xff, 0xff, 0xff, 0xff, 0xf4, 0x0,
    0x7, 0xff, 0xff, 0xff, 0xff, 0xff, 0xff, 0x60,
    0x1f, 0xff, 0xff, 0xff, 0xff, 0xff, 0xff, 0xf0,
    0x4, 0xef, 0xff, 0xff, 0xff, 0xff, 0xfd, 0x30,
    0x0, 0xdf, 0xff, 0xfb, 0xcf, 0xff, 0xfb, 0x0,
    0x0, 0xdf, 0xff, 0x40, 0x6, 0xff, 0xfb, 0x0,
    0x0, 0xdf, 0xff, 0x10, 0x3, 0xff, 0xfb, 0x0,
    0x0, 0xdf, 0xff, 0x10, 0x3, 0xff, 0xfb, 0x0,
    0x0, 0xcf, 0xff, 0x65, 0x57, 0xff, 0xfa, 0x0,
    0x0, 0x3d, 0xff, 0xff, 0xff, 0xff, 0xd2, 0x0,

    /* U+F016 "" */
    0x0, 0x0, 0x0, 0x0, 0x0, 0x6, 0xff, 0xff,
    0xfd, 0x20, 0x0, 0xff, 0xff, 0xfe, 0xfe, 0x20,
    0xf, 0xff, 0xff, 0xa6, 0xfe, 0x20, 0xff, 0xff,
    0xfa, 0x5, 0xfe, 0x1f, 0xff, 0xff, 0xd4, 0x39,
    0xf7, 0xff, 0xff, 0xff, 0xff, 0xff, 0x7f, 0xff,
    0xff, 0xff, 0xff, 0xf7, 0xff, 0xff, 0xff, 0xff,
    0xff, 0x7f, 0xff, 0xff, 0xff, 0xff, 0xf7, 0xff,
    0xff, 0xff, 0xff, 0xff, 0x7f, 0xff, 0xff, 0xff,
    0xff, 0xf7, 0xff, 0xff, 0xff, 0xff, 0xff, 0x7e,
    0xff, 0xff, 0xff, 0xff, 0xf6, 0x5e, 0xff, 0xff,
    0xff, 0xfb, 0x0,

    /* U+F017 "" */
    0x0, 0x0, 0x0, 0x11, 0x0, 0x0, 0x0, 0x0,
    0x1, 0xaf, 0xff, 0xfa, 0x10, 0x0, 0x0, 0x6f,
    0xff, 0xff, 0xff, 0xf6, 0x0, 0x5, 0xff, 0xff,
    0xcc, 0xff, 0xff, 0x50, 0x1e, 0xff, 0xff, 0x55,
    0xff, 0xff, 0xe1, 0x8f, 0xff, 0xff, 0x55, 0xff,
    0xff, 0xf8, 0xdf, 0xff, 0xff, 0x55, 0xff, 0xff,
    0xfd, 0xff, 0xff, 0xff, 0x53, 0xff, 0xff, 0xff,
    0xff, 0xff, 0xff, 0xc1, 0x1b, 0xff, 0xfe, 0xcf,
    0xff, 0xff, 0xfe, 0x50, 0xdf, 0xfc, 0x7f, 0xff,
    0xff, 0xff, 0xfd, 0xff, 0xf7, 0xc, 0xff, 0xff,
    0xff, 0xff, 0xff, 0xc0, 0x2, 0xff, 0xff, 0xff,
    0xff, 0xff, 0x20, 0x0, 0x2c, 0xff, 0xff, 0xff,
    0xc2, 0x0, 0x0, 0x0, 0x5a, 0xdc, 0xa5, 0x0,
    0x0,

    /* U+F018 "" */
    0x0, 0x0, 0x14, 0x40, 0x4, 0x41, 0x0, 0x0,
    0x0, 0x4, 0xff, 0xf1, 0x1f, 0xff, 0x50, 0x0,
    0x0, 0xc, 0xff, 0xf2, 0x2f, 0xff, 0xc0, 0x0,
    0x0, 0xf, 0xff, 0xfd, 0xdf, 0xff, 0xf0, 0x0,
    0x0, 0x4f, 0xff, 0xff, 0xff, 0xff, 0xf4, 0x0,
    0x0, 0x8f, 0xff, 0xf6, 0x6f, 0xff, 0xf8, 0x0,
    0x0, 0xcf, 0xff, 0xf1, 0x1f, 0xff, 0xfc, 0x0,
    0x0, 0xff, 0xff, 0xf2, 0x2f, 0xff, 0xff, 0x0,
    0x4, 0xff, 0xff, 0xfb, 0xbf, 0xff, 0xff, 0x40,
    0x8, 0xff, 0xff, 0xff, 0xff, 0xff, 0xff, 0x80,
    0xc, 0xff, 0xff, 0xfa, 0x9f, 0xff, 0xff, 0xc0,
    0xf, 0xff, 0xff, 0xf2, 0x2f, 0xff, 0xff, 0xf0,
    0x8, 0xef, 0xff, 0xf1, 0x1f, 0xff, 0xfe, 0x80,

    /* U+F019 "" */
    0x0, 0x0, 0x0, 0x0, 0x0, 0x0, 0x0, 0x0,
    0x0, 0xae, 0x0, 0x0, 0x0, 0x0, 0x0, 0xb,
    0xf0, 0x0, 0x0, 0x0, 0x0, 0x0, 0xbf, 0x0,
    0x0, 0x0, 0x0, 0x0, 0xb, 0xf0, 0x0, 0x0,
    0x0, 0x0, 0x0, 0xbf, 0x0, 0x0, 0x0, 0x0,
    0x2d, 0x5b, 0xf2, 0xc5, 0x0, 0x0, 0x2, 0xff,
    0xef, 0xef, 0x50, 0x0, 0x0, 0x3, 0xff, 0xff,
    0x60, 0x0, 0x1, 0x77, 0x23, 0xef, 0x60, 0x77,
    0x20, 0xcf, 0xfd, 0x11, 0x30, 0xbf, 0xfe, 0xf,
    0xff, 0xfe, 0x64, 0xcf, 0x97, 0xf3, 0xef, 0xff,
    0xff, 0xff, 0xfd, 0xdf, 0x25, 0xef, 0xff, 0xff,
    0xff, 0xfe, 0x80,

    /* U+F01A "" */
    0x0, 0x0, 0x2, 0x44, 0x20, 0x0, 0x0, 0x0,
    0x4, 0xdf, 0xff, 0xfd, 0x40, 0x0, 0x0, 0x9f,
    0xff, 0xff, 0xff, 0xf9, 0x0, 0x7, 0xff, 0xff,
    0xff, 0xff, 0xff, 0x70, 0x2f, 0xff, 0xfe, 0x33,
    0xef, 0xff, 0xf2, 0x9f, 0xff, 0xfb, 0x0, 0xbf,
    0xff, 0xf9, 0xdf, 0xff, 0xfa, 0x0, 0xaf, 0xff,
    0xfd, 0xff, 0xff, 0xa7, 0x0, 0x7a, 0xff, 0xff,
    0xef, 0xfe, 0x10, 0x0, 0x1, 0xef, 0xfe, 0xcf,
    0xff, 0xd1, 0x0, 0x1d, 0xff, 0xfc, 0x6f, 0xff,
    0xfc, 0x0, 0xcf, 0xff, 0xf6, 0xc, 0xff, 0xff,
    0xcc, 0xff, 0xff, 0xc0, 0x2, 0xff, 0xff, 0xff,
    0xff, 0xff, 0x20, 0x0, 0x2c, 0xff, 0xff, 0xff,
    0xc2, 0x0, 0x0, 0x0, 0x5a, 0xcc, 0xa5, 0x0,
    0x0,

    /* U+F01B "" */
    0x0, 0x0, 0x1, 0x33, 0x10, 0x0, 0x0, 0x0,
    0x2, 0xbf, 0xff, 0xfb, 0x20, 0x0, 0x0, 0x7f,
    0xff, 0xff, 0xff, 0xf7, 0x0, 0x6, 0xff, 0xff,
    0xff, 0xff, 0xff, 0x60, 0x1f, 0xff, 0xff, 0x66,
    0xff, 0xff, 0xf1, 0x9f, 0xff, 0xf6, 0x0, 0x6f,
    0xff, 0xf9, 0xdf, 0xff, 0x70, 0x0, 0x7, 0xff,
    0xfd, 0xff, 0xfe, 0x21, 0x0, 0x12, 0xef, 0xff,
    0xef, 0xff, 0xfa, 0x0, 0xaf, 0xff, 0xfe, 0xcf,
    0xff, 0xfa, 0x0, 0xaf, 0xff, 0xfc, 0x6f, 0xff,
    0xfb, 0x0, 0xbf, 0xff, 0xf6, 0xc, 0xff, 0xff,
    0xbb, 0xff, 0xff, 0xc0, 0x2, 0xff, 0xff, 0xff,
    0xff, 0xff, 0x20, 0x0, 0x2c, 0xff, 0xff, 0xff,
    0xc2, 0x0, 0x0, 0x0, 0x5a, 0xcc, 0xa5, 0x0,
    0x0,

    /* U+F01C "" */
    0x2, 0x89, 0x99, 0x99, 0x99, 0x98, 0x20, 0x1e,
    0xff, 0xff, 0xff, 0xff, 0xff, 0xe1, 0x4f, 0x82,
    0x22, 0x22, 0x22, 0x28, 0xf4, 0x7f, 0x50, 0x0,
    0x0, 0x0, 0x5, 0xf7, 0x9f, 0x30, 0x0, 0x0,
    0x0, 0x3, 0xf9, 0xbf, 0x0, 0x0, 0x0, 0x0,
    0x0, 0xfb, 0xde, 0x0, 0x0, 0x0, 0x0, 0x0,
    0xed, 0xfd, 0x43, 0x0, 0x0, 0x0, 0x34, 0xdf,
    0xff, 0xff, 0x50, 0x0, 0x5, 0xff, 0xff, 0xff,
    0xff, 0xf9, 0x88, 0x9f, 0xff, 0xff, 0xff, 0xff,
    0xff, 0xff, 0xff, 0xff, 0xff, 0xef, 0xff, 0xff,
    0xff, 0xff, 0xff, 0xfe, 0x5e, 0xff, 0xff, 0xff,
    0xff, 0xff, 0xe5,

    /* U+F01D "" */
    0x0, 0x0, 0x0, 0x11, 0x0, 0x0, 0x0, 0x0,
    0x1, 0xaf, 0xff, 0xfa, 0x10, 0x0, 0x0, 0x6f,
    0xff, 0xff, 0xff, 0xf6, 0x0, 0x5, 0xff, 0xff,
    0xff, 0xff, 0xff, 0x50, 0x1e, 0xff, 0xfe, 0xff,
    0xff, 0xff, 0xe1, 0x9f, 0xff, 0xd0, 0x4d, 0xff,
    0xff, 0xf9, 0xdf, 0xff, 0xd0, 0x0, 0x7f, 0xff,
    0xfd, 0xff, 0xff, 0xd0, 0x0, 0x2, 0xff, 0xff,
    0xef, 0xff, 0xd0, 0x0, 0x8, 0xff, 0xfe, 0xcf,
    0xff, 0xd0, 0x4, 0xdf, 0xff, 0xfc, 0x6f, 0xff,
    0xe4, 0xaf, 0xff, 0xff, 0xf6, 0xc, 0xff, 0xff,
    0xff, 0xff, 0xff, 0xc0, 0x2, 0xef, 0xff, 0xff,
    0xff, 0xfe, 0x20, 0x0, 0x1b, 0xff, 0xff, 0xff,
    0xb1, 0x0, 0x0, 0x0, 0x49, 0xbb, 0x94, 0x0,
    0x0,

    /* U+F01E "" */
    0x0, 0x0, 0x0, 0x13, 0x31, 0x0, 0x0, 0x10,
    0x0, 0x4, 0xcf, 0xff, 0xfc, 0x40, 0xae, 0x0,
    0x9, 0xff, 0xc9, 0x9c, 0xff, 0x9c, 0xf0, 0x9,
    0xfd, 0x30, 0x0, 0x3, 0xdf, 0xff, 0x3, 0xfe,
    0x0, 0x0, 0x0, 0xac, 0xff, 0xf0, 0xaf, 0x40,
    0x0, 0x0, 0x1e, 0xff, 0xfc, 0xe, 0xf0, 0x0,
    0x0, 0x0, 0x0, 0x0, 0x0, 0xfc, 0x0, 0x0,
    0x0, 0x0, 0x0, 0x0, 0xe, 0xe0, 0x0, 0x0,
    0x0, 0x0, 0x0, 0x0, 0xbf, 0x20, 0x0, 0x0,
    0x0, 0x0, 0x0, 0x5, 0xfb, 0x0, 0x0, 0x0,
    0x0, 0x88, 0x0, 0xc, 0xf9, 0x0, 0x0, 0x1,
    0xaf, 0xa0, 0x0, 0x1d, 0xfe, 0x85, 0x58, 0xef,
    0xc1, 0x0, 0x0, 0x9, 0xff, 0xff, 0xff, 0x80,
    0x0, 0x0, 0x0, 0x1, 0x57, 0x75, 0x10, 0x0,
    0x0, 0x0, 0x0, 0x0, 0x0, 0x0, 0x0, 0x0,

    /* U+F021 "" */
    0x0, 0x0, 0x0, 0x1, 0x0, 0x0, 0x0, 0x0,
    0x1, 0xad, 0xff, 0xfa, 0x20, 0xae, 0x0, 0x6f,
    0xfe, 0xbb, 0xef, 0xf6, 0xcf, 0x5, 0xfe, 0x50,
    0x0, 0x4, 0xdf, 0xff, 0x2f, 0xe2, 0x0, 0x0,
    0xa, 0xcf, 0xff, 0x7f, 0x50, 0x0, 0x0, 0x1e,
    0xff, 0xfc, 0xcf, 0x0, 0x0, 0x0, 0x0, 0x0,
    0x0, 0x97, 0x0, 0x0, 0x0, 0x0, 0x0, 0x11,
    0x0, 0x0, 0x0, 0x0, 0x0, 0x0, 0xcd, 0x7b,
    0xbb, 0x90, 0x0, 0x0, 0x2, 0xfa, 0xff, 0xff,
    0xf1, 0x0, 0x0, 0x9, 0xf5, 0xff, 0xf9, 0x0,
    0x0, 0x0, 0x6f, 0xc0, 0xfe, 0xef, 0xc5, 0x11,
    0x4b, 0xfe, 0x10, 0xfc, 0x1a, 0xff, 0xff, 0xff,
    0xb2, 0x0, 0x75, 0x0, 0x38, 0xba, 0x73, 0x0,
    0x0,

    /* U+F022 "" */
    0x2a, 0xbb, 0xbb, 0xbb, 0xbb, 0xbb, 0xa2, 0xdf,
    0xff, 0xff, 0xff, 0xff, 0xff, 0xfd, 0xff, 0xff,
    0xff, 0xff, 0xff, 0xff, 0xff, 0xff, 0xc0, 0xcf,
    0x61, 0x11, 0x2c, 0xff, 0xff, 0xd2, 0xdf, 0x73,
    0x33, 0x4d, 0xff, 0xff, 0xff, 0xff, 0xff, 0xff,
    0xff, 0xff, 0xff, 0xfd, 0xff, 0xff, 0xff, 0xff,
    0xff, 0xff, 0xb0, 0xbf, 0x40, 0x0, 0xc, 0xff,
    0xff, 0xfb, 0xff, 0xed, 0xdd, 0xdf, 0xff, 0xef,
    0xff, 0xff, 0xff, 0xff, 0xff, 0xfe, 0x6f, 0xff,
    0xff, 0xff, 0xff, 0xff, 0xf6,

    /* U+F023 "" */
    0x0, 0x0, 0x1, 0x0, 0x0, 0x0, 0x0, 0x9f,
    0xfd, 0x40, 0x0, 0x0, 0xaf, 0xdb, 0xff, 0x20,
    0x0, 0x1f, 0xc0, 0x4, 0xf9, 0x0, 0x3, 0xf8,
    0x0, 0xf, 0xb0, 0x0, 0x4f, 0x80, 0x0, 0xfc,
    0x0, 0x5e, 0xff, 0xff, 0xff, 0xfb, 0xe, 0xff,
    0xff, 0xff, 0xff, 0xf6, 0xff, 0xff, 0xff, 0xff,
    0xff, 0x8f, 0xff, 0xff, 0xff, 0xff, 0xf8, 0xff,
    0xff, 0xff, 0xff, 0xff, 0x8f, 0xff, 0xff, 0xff,
    0xff, 0xf8, 0xff, 0xff, 0xff, 0xff, 0xff, 0x8f,
    0xff, 0xff, 0xff, 0xff, 0xf7, 0xdf, 0xff, 0xff,
    0xff, 0xff, 0x52, 0x9a, 0xaa, 0xaa, 0xaa, 0x70,

    /* U+F024 "" */
    0x0, 0x0, 0x0, 0x0, 0x0, 0x0, 0xe, 0xa0,
    0x24, 0x40, 0x0, 0x0, 0x10, 0xfe, 0xef, 0xff,
    0xfc, 0x8a, 0xef, 0x2f, 0xff, 0xff, 0xff, 0xff,
    0xff, 0xf3, 0xff, 0xff, 0xff, 0xff, 0xff, 0xff,
    0x3f, 0xff, 0xff, 0xff, 0xff, 0xff, 0xf3, 0xff,
    0xff, 0xff, 0xff, 0xff, 0xff, 0x3f, 0xff, 0xff,
    0xff, 0xff, 0xff, 0xf3, 0xff, 0xff, 0xff, 0xff,
    0xff, 0xff, 0x3f, 0xff, 0xff, 0xff, 0xff, 0xff,
    0xf3, 0xfe, 0x62, 0x0, 0x59, 0xdd, 0xa4, 0xf,
    0xb0, 0x0, 0x0, 0x0, 0x0, 0x0, 0xfb, 0x0,
    0x0, 0x0, 0x0, 0x0, 0xf, 0xb0, 0x0, 0x0,
    0x0, 0x0, 0x0, 0xa6, 0x0, 0x0, 0x0, 0x0,
    0x0, 0x0,

    /* U+F025 "" */
    0x0, 0x0, 0x0, 0x0, 0x0, 0x0, 0x0, 0x0,
    0x8d, 0xff, 0xd8, 0x0, 0x0, 0x2, 0xdf, 0xeb,
    0xbe, 0xfd, 0x20, 0x0, 0xcf, 0x80, 0x0, 0x7,
    0xfd, 0x0, 0x6f, 0x90, 0x0, 0x0, 0x8, 0xf8,
    0xb, 0xf0, 0x0, 0x0, 0x0, 0xf, 0xc0, 0xed,
    0x0, 0x0, 0x0, 0x0, 0xcf, 0xf, 0xc3, 0x10,
    0x0, 0x1, 0x3b, 0xf1, 0xff, 0xff, 0x20, 0x1,
    0xff, 0xff, 0x1f, 0xff, 0xf5, 0x0, 0x4f, 0xff,
    0xf1, 0xff, 0xff, 0x50, 0x4, 0xff, 0xff, 0x1f,
    0xff, 0xf5, 0x0, 0x4f, 0xff, 0xf0, 0xaf, 0xff,
    0x50, 0x4, 0xff, 0xfb, 0x0, 0x9d, 0xb0, 0x0,
    0xa, 0xd9, 0x10,

    /* U+F026 "" */
    0x0, 0x0, 0x0, 0x32, 0x0, 0x0, 0x6, 0xfc,
    0x0, 0x0, 0x8f, 0xfe, 0x0, 0xa, 0xff, 0xfe,
    0x6d, 0xef, 0xff, 0xfe, 0xff, 0xff, 0xff, 0xfe,
    0xff, 0xff, 0xff, 0xfe, 0xff, 0xff, 0xff, 0xfe,
    0xdf, 0xff, 0xff, 0xfe, 0x15, 0x6f, 0xff, 0xfe,
    0x0, 0x3, 0xef, 0xfe, 0x0, 0x0, 0x2d, 0xfd,
    0x0, 0x0, 0x1, 0xa7,

    /* U+F027 "" */
    0x0, 0x0, 0x0, 0x32, 0x0, 0x0, 0x0, 0x0,
    0x6, 0xfc, 0x0, 0x0, 0x0, 0x0, 0x8f, 0xfd,
    0x0, 0x0, 0x0, 0xa, 0xff, 0xfd, 0x0, 0x0,
    0x6d, 0xef, 0xff, 0xfd, 0x2, 0x20, 0xff, 0xff,
    0xff, 0xfd, 0x8, 0xe1, 0xff, 0xff, 0xff, 0xfd,
    0x1, 0xf4, 0xff, 0xff, 0xff, 0xfd, 0x4, 0xf3,
    0xdf, 0xff, 0xff, 0xfd, 0x7, 0x90, 0x15, 0x6f,
    0xff, 0xfd, 0x0, 0x0, 0x0, 0x3, 0xef, 0xfd,
    0x0, 0x0, 0x0, 0x0, 0x2d, 0xfd, 0x0, 0x0,
    0x0, 0x0, 0x1, 0xa7, 0x0, 0x0,

    /* U+F028 "" */
    0x0, 0x0, 0x0, 0x3, 0x10, 0x0, 0x1, 0x50,
    0x0, 0x0, 0x0, 0x0, 0x7f, 0xb0, 0x0, 0x3,
    0xf7, 0x0, 0x0, 0x0, 0x9, 0xff, 0xc0, 0x0,
    0x50, 0x6f, 0x40, 0x0, 0x0, 0xbf, 0xff, 0xc0,
    0x0, 0xea, 0xa, 0xd0, 0x7, 0xde, 0xff, 0xff,
    0xc0, 0x32, 0x3f, 0x53, 0xf2, 0xf, 0xff, 0xff,
    0xff, 0xc0, 0x9e, 0xa, 0xb0, 0xe6, 0x1f, 0xff,
    0xff, 0xff, 0xc0, 0x2f, 0x37, 0xe0, 0xc8, 0x1f,
    0xff, 0xff, 0xff, 0xc0, 0x6f, 0x19, 0xd0, 0xd7,
    0xe, 0xff, 0xff, 0xff, 0xc0, 0x88, 0xd, 0x90,
    0xf5, 0x1, 0x57, 0xff, 0xff, 0xc0, 0x0, 0x9e,
    0x16, 0xf0, 0x0, 0x0, 0x3e, 0xff, 0xc0, 0x0,
    0xd4, 0x1e, 0x80, 0x0, 0x0, 0x2, 0xef, 0xc0,
    0x0, 0x1, 0xcd, 0x0, 0x0, 0x0, 0x0, 0x1b,
    0x60, 0x0, 0x4, 0xd2, 0x0, 0x0, 0x0, 0x0,
    0x0, 0x0, 0x0, 0x0, 0x0, 0x0,

    /* U+F029 "" */
    0x39, 0x99, 0x30, 0x3, 0x99, 0x95, 0xe, 0xff,
    0xfe, 0x0, 0xdf, 0xff, 0xf1, 0xfc, 0x2b, 0xf1,
    0xf, 0xc2, 0x9f, 0x3f, 0xc0, 0xaf, 0x10, 0xfc,
    0x8, 0xf3, 0xff, 0xce, 0xf0, 0xf, 0xfc, 0xef,
    0x37, 0xff, 0xf8, 0x0, 0x7e, 0xff, 0xa0, 0x0,
    0x0, 0x0, 0x0, 0x0, 0x0, 0x3, 0x99, 0x94,
    0x0, 0x63, 0x2, 0x70, 0xef, 0xff, 0xe0, 0xd,
    0x90, 0x6f, 0x1f, 0xc2, 0xbf, 0x10, 0x1, 0xb3,
    0x0, 0xfc, 0xa, 0xf1, 0x0, 0x1f, 0x50, 0xf,
    0xfe, 0xff, 0x0, 0xa7, 0x4, 0xc1, 0x6d, 0xed,
    0x70, 0xa, 0x70, 0x4c, 0x10,

    /* U+F02A "" */
    0x31, 0x3, 0x1, 0x30, 0x30, 0x4, 0xf, 0xb5,
    0xe0, 0xbf, 0xe, 0x60, 0xf3, 0xfb, 0x5e, 0xb,
    0xf0, 0xe6, 0xf, 0x3f, 0xb5, 0xe0, 0xbf, 0xe,
    0x60, 0xf3, 0xfb, 0x5e, 0xb, 0xf0, 0xe6, 0xf,
    0x3f, 0xb5, 0xe0, 0xbf, 0xe, 0x60, 0xf3, 0xfb,
    0x5e, 0xb, 0xf0, 0xe6, 0xf, 0x3f, 0xb5, 0xe0,
    0xbf, 0xe, 0x60, 0xf3, 0xfb, 0x5e, 0xb, 0xf0,
    0xe6, 0xf, 0x3f, 0xb5, 0xe0, 0xbf, 0xe, 0x60,
    0xf3, 0xfb, 0x5e, 0xb, 0xf0, 0xe6, 0xf, 0x3f,
    0xb5, 0xe0, 0xbf, 0xe, 0x60, 0xf3, 0xa7, 0x3a,
    0x7, 0xa0, 0xa3, 0xc, 0x20,

    /* U+F02B "" */
    0x0, 0x33, 0x33, 0x30, 0x0, 0x0, 0x0, 0xb,
    0xff, 0xff, 0xfe, 0x30, 0x0, 0x0, 0x1f, 0xff,
    0xff, 0xff, 0xf3, 0x0, 0x0, 0x1f, 0xf4, 0x5f,
    0xff, 0xff, 0x30, 0x0, 0x1f, 0xf9, 0xaf, 0xff,
    0xff, 0xf3, 0x0, 0x1f, 0xff, 0xff, 0xff, 0xff,
    0xff, 0x30, 0x1f, 0xff, 0xff, 0xff, 0xff, 0xff,
    0xf3, 0xb, 0xff, 0xff, 0xff, 0xff, 0xff, 0xfa,
    0x1, 0xdf, 0xff, 0xff, 0xff, 0xff, 0xf7, 0x0,
    0x1d, 0xff, 0xff, 0xff, 0xff, 0xa0, 0x0, 0x1,
    0xdf, 0xff, 0xff, 0xfb, 0x0, 0x0, 0x0, 0x1d,
    0xff, 0xff, 0xb0, 0x0, 0x0, 0x0, 0x1, 0xdf,
    0xfb, 0x0, 0x0, 0x0, 0x0, 0x0, 0x18, 0x70,
    0x0, 0x0,

    /* U+F02C "" */
    0x1, 0x78, 0x88, 0x71, 0x0, 0x60, 0x0, 0x0,
    0xe, 0xff, 0xff, 0xfe, 0x20, 0xeb, 0x0, 0x0,
    0x1f, 0xfd, 0xef, 0xff, 0xd1, 0x2e, 0xb0, 0x0,
    0x2f, 0xf2, 0x4f, 0xff, 0xfd, 0x12, 0xeb, 0x0,
    0x2f, 0xfc, 0xcf, 0xff, 0xff, 0xd1, 0x2e, 0xb0,
    0x1f, 0xff, 0xff, 0xff, 0xff, 0xfb, 0x3, 0xf6,
    0xf, 0xff, 0xff, 0xff, 0xff, 0xfe, 0x0, 0xd8,
    0x5, 0xff, 0xff, 0xff, 0xff, 0xf6, 0xb, 0xe1,
    0x0, 0x5f, 0xff, 0xff, 0xff, 0x70, 0xbe, 0x20,
    0x0, 0x5, 0xff, 0xff, 0xf7, 0xb, 0xe2, 0x0,
    0x0, 0x0, 0x5f, 0xff, 0x70, 0xbe, 0x30, 0x0,
    0x0, 0x0, 0x4, 0xa5, 0x4, 0xe3, 0x0, 0x0,
    0x0, 0x0, 0x0, 0x0, 0x0, 0x0, 0x0, 0x0,

    /* U+F02D "" */
    0x2, 0x67, 0x77, 0x77, 0x77, 0x73, 0x5, 0xff,
    0xff, 0xff, 0xff, 0xff, 0xf1, 0xdf, 0xff, 0xff,
    0xff, 0xff, 0xff, 0x3f, 0xff, 0xff, 0xff, 0xff,
    0xff, 0xf3, 0xff, 0xfa, 0x0, 0x0, 0x9, 0xff,
    0x3f, 0xff, 0xd5, 0x55, 0x55, 0xcf, 0xf3, 0xff,
    0xff, 0xff, 0xff, 0xff, 0xff, 0x3f, 0xff, 0xa0,
    0x0, 0x0, 0x8f, 0xf3, 0xff, 0xff, 0xff, 0xff,
    0xff, 0xff, 0x3f, 0xff, 0xff, 0xff, 0xff, 0xff,
    0xf3, 0xff, 0xff, 0xff, 0xff, 0xff, 0xfd, 0xf,
    0xe3, 0x11, 0x11, 0x11, 0x7f, 0x50, 0xee, 0x10,
    0x0, 0x0, 0x6, 0xf5, 0x8, 0xff, 0xff, 0xff,
    0xff, 0xff, 0xe1, 0x6, 0xbc, 0xcc, 0xcc, 0xcc,
    0xca, 0x0,

    /* U+F02E "" */
    0x0, 0x11, 0x11, 0x11, 0x10, 0x7, 0xff, 0xff,
    0xff, 0xff, 0xd1, 0xff, 0xff, 0xff, 0xff, 0xff,
    0x7f, 0xff, 0xff, 0xff, 0xff, 0xf7, 0xff, 0xff,
    0xff, 0xff, 0xff, 0x7f, 0xff, 0xff, 0xff, 0xff,
    0xf7, 0xff, 0xff, 0xff, 0xff, 0xff, 0x7f, 0xff,
    0xff, 0xff, 0xff, 0xf7, 0xff, 0xff, 0xff, 0xff,
    0xff, 0x7f, 0xff, 0xff, 0xff, 0xff, 0xf7, 0xff,
    0xff, 0xff, 0xff, 0xff, 0x7f, 0xff, 0xff, 0xff,
    0xff, 0xf7, 0xff, 0xff, 0xd9, 0xff, 0xff, 0x7f,
    0xff, 0x70, 0x3, 0xcf, 0xf7, 0xaa, 0x10, 0x0,
    0x0, 0x5d, 0x30,

    /* U+F02F "" */
    0x0, 0x0, 0x0, 0x0, 0x0, 0x0, 0x0, 0x0,
    0x7, 0xff, 0xff, 0xff, 0xfa, 0x0, 0x0, 0x0,
    0xff, 0xff, 0xff, 0xff, 0xfb, 0x0, 0x0, 0x1f,
    0xff, 0xff, 0xff, 0xff, 0xf5, 0x0, 0x1, 0xee,
    0xee, 0xee, 0xee, 0xee, 0x60, 0x0, 0x0, 0x0,
    0x0, 0x0, 0x0, 0x0, 0x0, 0x6f, 0xff, 0xff,
    0xff, 0xff, 0xff, 0xf8, 0xf, 0xff, 0xff, 0xff,
    0xff, 0xff, 0xcd, 0xf1, 0xff, 0xff, 0xff, 0xff,
    0xff, 0xf9, 0x9f, 0x2f, 0xff, 0xff, 0xff, 0xff,
    0xff, 0xff, 0xf2, 0xef, 0xfc, 0x66, 0x66, 0x66,
    0x9f, 0xff, 0x11, 0x4f, 0xa0, 0x0, 0x0, 0x5,
    0xf9, 0x20, 0x1, 0xfa, 0x0, 0x0, 0x0, 0x5f,
    0x60, 0x0, 0xe, 0xff, 0xff, 0xff, 0xff, 0xf4,
    0x0, 0x0, 0x4b, 0xcc, 0xcc, 0xcc, 0xb7, 0x0,
    0x0,

    /* U+F030 "" */
    0x0, 0x0, 0x15, 0x55, 0x51, 0x0, 0x0, 0x0,
    0x0, 0xdf, 0xff, 0xfd, 0x0, 0x0, 0x17, 0x89,
    0xff, 0xff, 0xff, 0x98, 0x71, 0xcf, 0xff, 0xff,
    0xff, 0xff, 0xff, 0xfc, 0xff, 0xff, 0xff, 0xff,
    0xff, 0xff, 0xff, 0xff, 0xff, 0xf8, 0x11, 0x8f,
    0xff, 0xff, 0xff, 0xff, 0xb0, 0x0, 0xb, 0xff,
    0xff, 0xff, 0xff, 0x60, 0x0, 0x6, 0xff, 0xff,
    0xff, 0xff, 0x80, 0x0, 0x8, 0xff, 0xff, 0xff,
    0xff, 0xf3, 0x0, 0x3f, 0xff, 0xff, 0xff, 0xff,
    0xff, 0xcc, 0xff, 0xff, 0xff, 0xef, 0xff, 0xff,
    0xff, 0xff, 0xff, 0xfe, 0x5e, 0xff, 0xff, 0xff,
    0xff, 0xff, 0xe5,

    /* U+F031 "" */
    0x0, 0x0, 0x0, 0x13, 0x0, 0x0, 0x0, 0x0,
    0x0, 0x0, 0xcf, 0x20, 0x0, 0x0, 0x0, 0x0,
    0x3, 0xff, 0x90, 0x0, 0x0, 0x0, 0x0, 0xb,
    0xfe, 0xf1, 0x0, 0x0, 0x0, 0x0, 0x2f, 0xc6,
    0xf8, 0x0, 0x0, 0x0, 0x0, 0x9f, 0x40, 0xee,
    0x0, 0x0, 0x0, 0x1, 0xfd, 0x0, 0x7f, 0x70,
    0x0, 0x0, 0x8, 0xf6, 0x0, 0xf, 0xe0, 0x0,
    0x0, 0xe, 0xff, 0xff, 0xff, 0xf5, 0x0, 0x0,
    0x6f, 0xdc, 0xcc, 0xcc, 0xfc, 0x0, 0x0, 0xdf,
    0x10, 0x0, 0x0, 0xaf, 0x40, 0x2c, 0xff, 0x60,
    0x0, 0x2, 0xdf, 0xe6, 0x3e, 0xff, 0x80, 0x0,
    0x3, 0xef, 0xf8,

    /* U+F032 "" */
    0x49, 0x99, 0x99, 0x84, 0x0, 0xb, 0xff, 0xff,
    0xff, 0xfa, 0x0, 0x3, 0xfb, 0x22, 0x3b, 0xf6,
    0x0, 0x1f, 0xa0, 0x0, 0x1f, 0xa0, 0x1, 0xfa,
    0x0, 0x0, 0xfb, 0x0, 0x1f, 0xa0, 0x1, 0xaf,
    0x70, 0x1, 0xff, 0xff, 0xff, 0xf3, 0x0, 0x1f,
    0xeb, 0xbb, 0xcf, 0xe1, 0x1, 0xfa, 0x0, 0x0,
    0x7f, 0x60, 0x1f, 0xa0, 0x0, 0x2, 0xf9, 0x1,
    0xfa, 0x0, 0x0, 0x8f, 0x77, 0xcf, 0xec, 0xcc,
    0xdf, 0xe0, 0x9f, 0xff, 0xff, 0xfe, 0xa1, 0x0,

    /* U+F033 "" */
    0x0, 0x1, 0x99, 0x99, 0x99, 0x10, 0x0, 0x5f,
    0xff, 0xff, 0xf5, 0x0, 0x0, 0x23, 0xfd, 0x22,
    0x0, 0x0, 0x0, 0x6f, 0x70, 0x0, 0x0, 0x0,
    0xd, 0xf1, 0x0, 0x0, 0x0, 0x3, 0xfa, 0x0,
    0x0, 0x0, 0x0, 0x9f, 0x40, 0x0, 0x0, 0x0,
    0x1f, 0xd0, 0x0, 0x0, 0x0, 0x6, 0xf7, 0x0,
    0x0, 0x0, 0x0, 0xdf, 0x10, 0x0, 0x0, 0x0,
    0x3f, 0xa0, 0x0, 0x0, 0x9, 0xce, 0xfe, 0xc9,
    0x0, 0x0, 0xbf, 0xff, 0xff, 0xb0, 0x0, 0x0,

    /* U+F034 "" */
    0x25, 0x55, 0x55, 0x55, 0x0, 0x0, 0x13, 0x0,
    0xef, 0xff, 0xff, 0xff, 0xa0, 0x3, 0xef, 0x60,
    0xfd, 0x5c, 0xf6, 0x5f, 0xb0, 0x2e, 0xff, 0xf5,
    0xd9, 0xa, 0xf1, 0xd, 0x90, 0x5f, 0xef, 0xe9,
    0x0, 0xa, 0xf1, 0x0, 0x0, 0x0, 0xbf, 0x0,
    0x0, 0xa, 0xf1, 0x0, 0x0, 0x0, 0xbf, 0x0,
    0x0, 0xa, 0xf1, 0x0, 0x0, 0x0, 0xbf, 0x0,
    0x0, 0xa, 0xf1, 0x0, 0x0, 0x0, 0xbf, 0x0,
    0x0, 0xa, 0xf1, 0x0, 0x0, 0x0, 0xbf, 0x0,
    0x0, 0xa, 0xf1, 0x0, 0x0, 0x28, 0xcf, 0x74,
    0x0, 0xa, 0xf1, 0x0, 0x0, 0x5f, 0xff, 0xf9,
    0x3, 0xdf, 0xfe, 0x80, 0x0, 0x9, 0xff, 0xc1,
    0x3, 0xdd, 0xdd, 0x80, 0x0, 0x0, 0x8b, 0x10,

    /* U+F035 "" */
    0x0, 0x0, 0x0, 0x0, 0x0, 0x0, 0x0, 0xb,
    0xff, 0xff, 0xff, 0xff, 0xff, 0xe1, 0xf, 0xeb,
    0xbb, 0xef, 0xbb, 0xbd, 0xf3, 0xf, 0xb0, 0x0,
    0xbf, 0x0, 0x7, 0xf3, 0x4, 0x20, 0x0, 0xbf,
    0x0, 0x1, 0x50, 0x0, 0x0, 0x0, 0xbf, 0x0,
    0x0, 0x0, 0x0, 0x0, 0x0, 0xcf, 0x0, 0x0,
    0x0, 0x0, 0x0, 0x5f, 0xff, 0xf9, 0x0, 0x0,
    0x0, 0x0, 0x2a, 0xbb, 0xb5, 0x0, 0x0, 0x0,
    0x0, 0x0, 0x0, 0x0, 0x0, 0x0, 0x0, 0x7,
    0x10, 0x0, 0x0, 0x72, 0x0, 0x0, 0xcf, 0x60,
    0x0, 0x2, 0xfe, 0x20, 0xb, 0xff, 0xdc, 0xcc,
    0xcc, 0xff, 0xe0, 0xc, 0xff, 0xff, 0xff, 0xff,
    0xff, 0xf1, 0x1, 0xdf, 0x50, 0x0, 0x1, 0xff,
    0x30, 0x0, 0x19, 0x20, 0x0, 0x0, 0x93, 0x0,

    /* U+F036 "" */
    0x69, 0x99, 0x99, 0x95, 0x0, 0x0, 0xd, 0xff,
    0xff, 0xff, 0xb0, 0x0, 0x0, 0x2, 0x22, 0x22,
    0x20, 0x0, 0x0, 0x0, 0x0, 0x0, 0x0, 0x0,
    0x0, 0x0, 0x9c, 0xcc, 0xcc, 0xcc, 0xcc, 0xcb,
    0xb, 0xff, 0xff, 0xff, 0xff, 0xff, 0xe1, 0x0,
    0x0, 0x0, 0x0, 0x0, 0x0, 0x6, 0x99, 0x99,
    0x99, 0x50, 0x0, 0x0, 0xdf, 0xff, 0xff, 0xfb,
    0x0, 0x0, 0x0, 0x22, 0x22, 0x22, 0x0, 0x0,
    0x0, 0x0, 0x0, 0x0, 0x0, 0x0, 0x0, 0x9,
    0xcc, 0xcc, 0xcc, 0xcc, 0xcc, 0xb0, 0xbf, 0xff,
    0xff, 0xff, 0xff, 0xfe, 0x10,

    /* U+F037 "" */
    0x0, 0x18, 0x99, 0x99, 0x92, 0x0, 0x0, 0x3,
    0xff, 0xff, 0xff, 0x70, 0x0, 0x0, 0x1, 0x22,
    0x22, 0x20, 0x0, 0x0, 0x0, 0x0, 0x0, 0x0,
    0x0, 0x0, 0x9c, 0xcc, 0xcc, 0xcc, 0xcc, 0xcb,
    0xb, 0xff, 0xff, 0xff, 0xff, 0xff, 0xd1, 0x0,
    0x0, 0x0, 0x0, 0x0, 0x0, 0x0, 0x1, 0x89,
    0x99, 0x99, 0x20, 0x0, 0x0, 0x3f, 0xff, 0xff,
    0xf7, 0x0, 0x0, 0x0, 0x12, 0x22, 0x22, 0x0,
    0x0, 0x0, 0x0, 0x0, 0x0, 0x0, 0x0, 0x9,
    0xcc, 0xcc, 0xcc, 0xcc, 0xcc, 0xb0, 0xbf, 0xff,
    0xff, 0xff, 0xff, 0xfe, 0x10,

    /* U+F038 "" */
    0x0, 0x0, 0x29, 0x99, 0x99, 0x98, 0x0, 0x0,
    0x7, 0xff, 0xff, 0xff, 0xf2, 0x0, 0x0, 0x2,
    0x22, 0x22, 0x21, 0x0, 0x0, 0x0, 0x0, 0x0,
    0x0, 0x0, 0x9c, 0xcc, 0xcc, 0xcc, 0xcc, 0xcb,
    0xb, 0xff, 0xff, 0xff, 0xff, 0xff, 0xe1, 0x0,
    0x0, 0x0, 0x0, 0x0, 0x0, 0x0, 0x0, 0x2,
    0x99, 0x99, 0x99, 0x80, 0x0, 0x0, 0x7f, 0xff,
    0xff, 0xff, 0x20, 0x0, 0x0, 0x22, 0x22, 0x22,
    0x10, 0x0, 0x0, 0x0, 0x0, 0x0, 0x0, 0x9,
    0xcc, 0xcc, 0xcc, 0xcc, 0xcc, 0xb0, 0xbf, 0xff,
    0xff, 0xff, 0xff, 0xfe, 0x10,

    /* U+F039 "" */
    0x69, 0x99, 0x99, 0x99, 0x99, 0x98, 0xd, 0xff,
    0xff, 0xff, 0xff, 0xff, 0xf2, 0x2, 0x22, 0x22,
    0x22, 0x22, 0x21, 0x0, 0x0, 0x0, 0x0, 0x0,
    0x0, 0x0, 0x9c, 0xcc, 0xcc, 0xcc, 0xcc, 0xcb,
    0xb, 0xff, 0xff, 0xff, 0xff, 0xff, 0xd1, 0x0,
    0x0, 0x0, 0x0, 0x0, 0x0, 0x6, 0x99, 0x99,
    0x99, 0x99, 0x99, 0x80, 0xdf, 0xff, 0xff, 0xff,
    0xff, 0xff, 0x20, 0x22, 0x22, 0x22, 0x22, 0x22,
    0x10, 0x0, 0x0, 0x0, 0x0, 0x0, 0x0, 0x9,
    0xcc, 0xcc, 0xcc, 0xcc, 0xcc, 0xb0, 0xbf, 0xff,
    0xff, 0xff, 0xff, 0xfe, 0x10,

    /* U+F03A "" */
    0x2, 0x10, 0x0, 0x0, 0x0, 0x0, 0x0, 0x8f,
    0xf0, 0x3b, 0xbb, 0xbb, 0xbb, 0xb7, 0x8f, 0xf0,
    0x7f, 0xff, 0xff, 0xff, 0xfc, 0x27, 0x60, 0x0,
    0x0, 0x0, 0x0, 0x0, 0x0, 0x0, 0x0, 0x0,
    0x0, 0x0, 0x0, 0x27, 0x60, 0x0, 0x0, 0x0,
    0x0, 0x0, 0x8f, 0xf0, 0x7f, 0xff, 0xff, 0xff,
    0xfd, 0x8f, 0xf0, 0x3b, 0xbb, 0xbb, 0xbb, 0xb7,
    0x2, 0x10, 0x0, 0x0, 0x0, 0x0, 0x0, 0x2,
    0x10, 0x0, 0x0, 0x0, 0x0, 0x0, 0x8f, 0xf0,
    0x4b, 0xbb, 0xbb, 0xbb, 0xb8, 0x8f, 0xf0, 0x6f,
    0xff, 0xff, 0xff, 0xfc, 0x26, 0x50, 0x0, 0x0,
    0x0, 0x0, 0x0,

    /* U+F03B "" */
    0x4, 0x99, 0x99, 0x99, 0x99, 0x99, 0x80, 0xb,
    0xff, 0xff, 0xff, 0xff, 0xff, 0xf1, 0x0, 0x22,
    0x22, 0x22, 0x22, 0x22, 0x10, 0x0, 0x0, 0x0,
    0x0, 0x0, 0x0, 0x0, 0x0, 0x6, 0x70, 0x6c,
    0xcc, 0xcc, 0xb0, 0x0, 0xaf, 0xa0, 0x8f, 0xff,
    0xff, 0xd1, 0xc, 0xff, 0xa0, 0x0, 0x0, 0x0,
    0x0, 0x5, 0xff, 0xa0, 0x39, 0x99, 0x99, 0x80,
    0x0, 0x2d, 0xa0, 0xaf, 0xff, 0xff, 0xf1, 0x0,
    0x0, 0x20, 0x2, 0x22, 0x22, 0x10, 0x0, 0x0,
    0x0, 0x0, 0x0, 0x0, 0x0, 0x7, 0xcc, 0xcc,
    0xcc, 0xcc, 0xcc, 0xb0, 0x9, 0xff, 0xff, 0xff,
    0xff, 0xff, 0xd1,

    /* U+F03C "" */
    0x69, 0x99, 0x99, 0x99, 0x99, 0x98, 0xd, 0xff,
    0xff, 0xff, 0xff, 0xff, 0xf2, 0x2, 0x22, 0x22,
    0x22, 0x22, 0x21, 0x0, 0x0, 0x0, 0x0, 0x0,
    0x0, 0x0, 0xb3, 0x0, 0x6, 0xcc, 0xcc, 0xcb,
    0xf, 0xf6, 0x0, 0x7f, 0xff, 0xff, 0xe1, 0xff,
    0xf7, 0x0, 0x0, 0x0, 0x0, 0xf, 0xfd, 0x20,
    0x39, 0x99, 0x99, 0x80, 0xfa, 0x0, 0x9, 0xff,
    0xff, 0xff, 0x23, 0x0, 0x0, 0x2, 0x22, 0x22,
    0x10, 0x0, 0x0, 0x0, 0x0, 0x0, 0x0, 0x9,
    0xcc, 0xcc, 0xcc, 0xcc, 0xcc, 0xb0, 0xbf, 0xff,
    0xff, 0xff, 0xff, 0xfe, 0x10,

    /* U+F03D "" */
    0x1, 0x77, 0x77, 0x77, 0x77, 0x30, 0x0, 0x0,
    0xd, 0xff, 0xff, 0xff, 0xff, 0xf3, 0x0, 0x1,
    0x1f, 0xff, 0xff, 0xff, 0xff, 0xf6, 0x1, 0xbe,
    0x1f, 0xff, 0xff, 0xff, 0xff, 0xf6, 0x1d, 0xfe,
    0x1f, 0xff, 0xff, 0xff, 0xff, 0xf6, 0x2f, 0xfe,
    0x1f, 0xff, 0xff, 0xff, 0xff, 0xf6, 0x2f, 0xfe,
    0x1f, 0xff, 0xff, 0xff, 0xff, 0xf6, 0x2f, 0xfe,
    0x1f, 0xff, 0xff, 0xff, 0xff, 0xf6, 0x2f, 0xfe,
    0x1f, 0xff, 0xff, 0xff, 0xff, 0xf6, 0x7, 0xfe,
    0xf, 0xff, 0xff, 0xff, 0xff, 0xf5, 0x0, 0x47,
    0x7, 0xff, 0xff, 0xff, 0xff, 0xb0, 0x0, 0x0,

    /* U+F03E "" */
    0x2, 0x33, 0x33, 0x33, 0x33, 0x30, 0x9, 0xff,
    0xff, 0xff, 0xff, 0xff, 0xa0, 0xff, 0xff, 0xff,
    0xff, 0xff, 0xff, 0xf, 0xf9, 0x1b, 0xff, 0xff,
    0xff, 0xf1, 0xff, 0x40, 0x7f, 0xff, 0xff, 0xff,
    0x1f, 0xfd, 0x7e, 0xff, 0xff, 0xff, 0xf1, 0xff,
    0xff, 0xff, 0xa3, 0xff, 0xff, 0x1f, 0xff, 0xff,
    0xe1, 0x7, 0xff, 0xf1, 0xff, 0xe1, 0x66, 0x0,
    0xc, 0xff, 0x1f, 0xf5, 0x0, 0x0, 0x0, 0x3f,
    0xf1, 0xfd, 0x0, 0x0, 0x0, 0x0, 0xcf, 0x1e,
    0xfd, 0xcc, 0xcc, 0xcc, 0xdf, 0xf0, 0x5e, 0xff,
    0xff, 0xff, 0xff, 0xe6, 0x0,

    /* U+F040 "" */
    0x0, 0x0, 0x0, 0x0, 0x0, 0x2, 0x20, 0x0,
    0x0, 0x0, 0x0, 0x0, 0x8, 0xff, 0x90, 0x0,
    0x0, 0x0, 0x0, 0x5, 0xff, 0xff, 0x80, 0x0,
    0x0, 0x0, 0x4, 0x9, 0xff, 0xff, 0x0, 0x0,
    0x0, 0x8, 0xf8, 0x9, 0xff, 0xc0, 0x0, 0x0,
    0x8, 0xff, 0xf8, 0x9, 0xd2, 0x0, 0x0, 0x8,
    0xff, 0xff, 0xf8, 0x1, 0x0, 0x0, 0x8, 0xff,
    0xff, 0xff, 0xe1, 0x0, 0x0, 0x8, 0xff, 0xff,
    0xff, 0xe2, 0x0, 0x0, 0x7, 0xff, 0xff, 0xff,
    0xe1, 0x0, 0x0, 0x0, 0xfa, 0xff, 0xff, 0xe1,
    0x0, 0x0, 0x0, 0x5f, 0x14, 0xff, 0xe1, 0x0,
    0x0, 0x0, 0x9, 0xc1, 0x6d, 0xe1, 0x0, 0x0,
    0x0, 0x0, 0xdf, 0xff, 0x91, 0x0, 0x0, 0x0,
    0x0, 0x8, 0x84, 0x0, 0x0, 0x0, 0x0, 0x0,
    0x0,

    /* U+F041 "" */
    0x0, 0x0, 0x12, 0x0, 0x0, 0x0, 0x5, 0xef,
    0xff, 0xa1, 0x0, 0x9, 0xff, 0xff, 0xff, 0xf2,
    0x4, 0xff, 0xff, 0xff, 0xff, 0xc0, 0xbf, 0xff,
    0xff, 0xff, 0xff, 0x3e, 0xff, 0xff, 0xff, 0xff,
    0xf6, 0xef, 0xff, 0xff, 0xff, 0xff, 0x6c, 0xff,
    0xff, 0xff, 0xff, 0xf3, 0x6f, 0xff, 0xff, 0xff,
    0xfe, 0x0, 0xef, 0xff, 0xff, 0xff, 0x60, 0x6,
    0xff, 0xff, 0xff, 0xd0, 0x0, 0xc, 0xff, 0xff,
    0xf4, 0x0, 0x0, 0x1e, 0xff, 0xf8, 0x0, 0x0,
    0x0, 0x4f, 0xfb, 0x0, 0x0, 0x0, 0x0, 0x5a,
    0x10, 0x0, 0x0,

    /* U+F042 "" */
    0x0, 0x0, 0x0, 0x11, 0x0, 0x0, 0x0, 0x0,
    0x1, 0xaf, 0xff, 0xfa, 0x10, 0x0, 0x0, 0x6f,
    0xff, 0xfb, 0xef, 0xf6, 0x0, 0x5, 0xff, 0xff,
    0xf0, 0x5, 0xef, 0x50, 0x1e, 0xff, 0xff, 0xf0,
    0x0, 0x1e, 0xe1, 0x9f, 0xff, 0xff, 0xf0, 0x0,
    0x5, 0xf9, 0xdf, 0xff, 0xff, 0xf0, 0x0, 0x0,
    0xfd, 0xff, 0xff, 0xff, 0xf0, 0x0, 0x0, 0xdf,
    0xef, 0xff, 0xff, 0xf0, 0x0, 0x0, 0xee, 0xcf,
    0xff, 0xff, 0xf0, 0x0, 0x1, 0xfc, 0x6f, 0xff,
    0xff, 0xf0, 0x0, 0x9, 0xf6, 0xc, 0xff, 0xff,
    0xf0, 0x0, 0x6f, 0xc0, 0x2, 0xef, 0xff, 0xf1,
    0x4b, 0xfe, 0x20, 0x0, 0x1a, 0xff, 0xff, 0xff,
    0xa1, 0x0, 0x0, 0x0, 0x49, 0xbb, 0x94, 0x0,
    0x0,

    /* U+F043 "" */
    0x0, 0x0, 0x25, 0x0, 0x0, 0x0, 0x0, 0xe,
    0xf6, 0x0, 0x0, 0x0, 0xa, 0xff, 0xf2, 0x0,
    0x0, 0x4, 0xff, 0xff, 0xc0, 0x0, 0x0, 0xdf,
    0xff, 0xff, 0x60, 0x0, 0x7f, 0xff, 0xff, 0xfe,
    0x0, 0xe, 0xff, 0xff, 0xff, 0xf7, 0x7, 0xff,
    0xff, 0xff, 0xff, 0xe0, 0xdf, 0xef, 0xff, 0xff,
    0xff, 0x4f, 0xd0, 0xef, 0xff, 0xff, 0xf7, 0xdf,
    0xa, 0xff, 0xff, 0xff, 0x49, 0xf8, 0x19, 0xef,
    0xff, 0xf1, 0x1e, 0xf9, 0x31, 0xff, 0xf7, 0x0,
    0x3d, 0xff, 0xff, 0xf8, 0x0, 0x0, 0x6, 0x9b,
    0x83, 0x0, 0x0,

    /* U+F044 "" */
    0x0, 0x0, 0x0, 0x0, 0x0, 0x3, 0x0, 0x0,
    0x0, 0x0, 0x0, 0x0, 0xbf, 0xe2, 0x6, 0xab,
    0xb9, 0x0, 0x0, 0x6f, 0xf8, 0x8f, 0xff, 0xfe,
    0x0, 0xbb, 0x6, 0xf5, 0xee, 0x20, 0x0, 0xb,
    0xff, 0xa0, 0x30, 0xfb, 0x0, 0x0, 0xbf, 0xff,
    0xf6, 0x0, 0xfb, 0x0, 0xa, 0xff, 0xff, 0xa0,
    0x0, 0xfb, 0x0, 0x9f, 0xff, 0xfa, 0x0, 0x0,
    0xfb, 0x0, 0xff, 0xff, 0xa0, 0x13, 0x0, 0xfb,
    0x5, 0xff, 0xfa, 0x0, 0x9f, 0x0, 0xfb, 0x8,
    0xfa, 0x50, 0x0, 0xaf, 0x10, 0xfb, 0x0, 0x0,
    0x0, 0x0, 0xaf, 0x10, 0xee, 0x10, 0x0, 0x0,
    0x0, 0xdf, 0x0, 0x8f, 0xff, 0xff, 0xff, 0xff,
    0xfa, 0x0, 0x7, 0xbb, 0xbb, 0xbb, 0xbb, 0x70,
    0x0,

    /* U+F045 "" */
    0x0, 0x0, 0x0, 0x0, 0x0, 0x10, 0x0, 0x0,
    0x0, 0x0, 0x0, 0x0, 0x0, 0x9e, 0x20, 0x0,
    0x0, 0x0, 0x0, 0x0, 0x0, 0xaf, 0xe3, 0x0,
    0x0, 0x79, 0x10, 0x6, 0x99, 0xef, 0xff, 0x30,
    0xb, 0xff, 0x41, 0xdf, 0xff, 0xff, 0xff, 0xf3,
    0xf, 0xc1, 0xa, 0xff, 0xff, 0xff, 0xff, 0xf5,
    0x1f, 0xa0, 0xf, 0xff, 0xfe, 0xff, 0xff, 0x60,
    0x1f, 0xa0, 0x1f, 0xff, 0x30, 0xaf, 0xf6, 0x0,
    0x1f, 0xa0, 0xe, 0xf9, 0x0, 0xaf, 0x50, 0x0,
    0x1f, 0xa0, 0x6, 0xf9, 0x0, 0x23, 0x0, 0x0,
    0x1f, 0xa0, 0x0, 0x8f, 0x20, 0x1, 0x0, 0x0,
    0x1f, 0xa0, 0x0, 0x2, 0x0, 0x9f, 0x0, 0x0,
    0xf, 0xc0, 0x0, 0x0, 0x0, 0xcf, 0x0, 0x0,
    0xd, 0xff, 0xff, 0xff, 0xff, 0xfc, 0x0, 0x0,
    0x2, 0x9b, 0xbb, 0xbb, 0xbb, 0x91, 0x0, 0x0,

    /* U+F046 "" */
    0x1, 0x22, 0x22, 0x22, 0x22, 0x20, 0x8, 0xff,
    0xff, 0xff, 0xff, 0xff, 0xc0, 0xff, 0xff, 0xff,
    0xff, 0xff, 0xff, 0x3f, 0xff, 0xff, 0xff, 0xfe,
    0xef, 0xf4, 0xff, 0xff, 0xff, 0xff, 0x27, 0xff,
    0x4f, 0xff, 0xff, 0xff, 0x52, 0xff, 0xf4, 0xff,
    0xff, 0xff, 0x90, 0xcf, 0xff, 0x4f, 0xfc, 0x1c,
    0xd0, 0x8f, 0xff, 0xf4, 0xff, 0xf5, 0x2, 0x4f,
    0xff, 0xff, 0x4f, 0xff, 0xf6, 0x2e, 0xff, 0xff,
    0xf4, 0xff, 0xff, 0xff, 0xff, 0xff, 0xff, 0x4e,
    0xff, 0xff, 0xff, 0xff, 0xff, 0xf2, 0x4d, 0xee,
    0xee, 0xee, 0xee, 0xd7, 0x0,

    /* U+F047 "" */
    0x0, 0x0, 0x0, 0x0, 0x0, 0x0, 0x0, 0x0,
    0x0, 0x0, 0x0, 0x2e, 0xe2, 0x0, 0x0, 0x0,
    0x0, 0x0, 0x2, 0xef, 0xfe, 0x20, 0x0, 0x0,
    0x0, 0x0, 0x8, 0xff, 0xff, 0x80, 0x0, 0x0,
    0x0, 0x0, 0x0, 0x2d, 0xd2, 0x0, 0x0, 0x0,
    0x0, 0x3c, 0x40, 0xd, 0xd0, 0x3, 0xc3, 0x0,
    0x3, 0xef, 0x61, 0x1e, 0xe1, 0x16, 0xfe, 0x30,
    0xd, 0xff, 0xff, 0xff, 0xff, 0xff, 0xff, 0xd0,
    0x9, 0xff, 0xb9, 0x9f, 0xf9, 0x9b, 0xff, 0x90,
    0x0, 0x9f, 0x60, 0xd, 0xd0, 0x6, 0xf9, 0x0,
    0x0, 0x4, 0x0, 0xd, 0xd0, 0x0, 0x40, 0x0,
    0x0, 0x0, 0x4, 0x9e, 0xe9, 0x40, 0x0, 0x0,
    0x0, 0x0, 0x7, 0xff, 0xff, 0x70, 0x0, 0x0,
    0x0, 0x0, 0x0, 0xaf, 0xfa, 0x0, 0x0, 0x0,
    0x0, 0x0, 0x0, 0x8, 0x80, 0x0, 0x0, 0x0,

    /* U+F048 "" */
    0x31, 0x0, 0x0, 0x0, 0x14, 0xf, 0xb0, 0x0,
    0x0, 0x5e, 0xf6, 0xfb, 0x0, 0x1, 0xaf, 0xff,
    0x7f, 0xb0, 0x5, 0xef, 0xff, 0xf7, 0xfb, 0x1b,
    0xff, 0xff, 0xff, 0x7f, 0xef, 0xff, 0xff, 0xff,
    0xf7, 0xff, 0xff, 0xff, 0xff, 0xff, 0x7f, 0xff,
    0xff, 0xff, 0xff, 0xf7, 0xfc, 0x8f, 0xff, 0xff,
    0xff, 0x7f, 0xb0, 0x3d, 0xff, 0xff, 0xf7, 0xfb,
    0x0, 0x8, 0xff, 0xff, 0x7f, 0xb0, 0x0, 0x3,
    0xdf, 0xf7, 0xa7, 0x0, 0x0, 0x0, 0x8c, 0x30,

    /* U+F049 "" */
    0x31, 0x0, 0x0, 0x22, 0x0, 0x0, 0x23, 0xfb,
    0x0, 0x4, 0xfd, 0x0, 0x3, 0xef, 0xfc, 0x0,
    0x4f, 0xfe, 0x0, 0x3e, 0xff, 0xfc, 0x4, 0xff,
    0xfe, 0x3, 0xef, 0xff, 0xfc, 0x4f, 0xff, 0xfe,
    0x2e, 0xff, 0xff, 0xfe, 0xff, 0xff, 0xff, 0xef,
    0xff, 0xff, 0xff, 0xff, 0xff, 0xff, 0xff, 0xff,
    0xff, 0xff, 0xff, 0xff, 0xff, 0xff, 0xff, 0xff,
    0xfc, 0xbf, 0xff, 0xfe, 0x9f, 0xff, 0xff, 0xfc,
    0xb, 0xff, 0xfe, 0x9, 0xff, 0xff, 0xfc, 0x0,
    0xbf, 0xfe, 0x0, 0x9f, 0xff, 0xfc, 0x0, 0xb,
    0xfe, 0x0, 0x9, 0xff, 0xa7, 0x0, 0x0, 0xa9,
    0x0, 0x0, 0x9a,

    /* U+F04A "" */
    0x0, 0x0, 0x1, 0x40, 0x0, 0x0, 0x32, 0x0,
    0x0, 0x2e, 0xf5, 0x0, 0x7, 0xfe, 0x0, 0x2,
    0xef, 0xf7, 0x0, 0x8f, 0xff, 0x0, 0x3e, 0xff,
    0xf7, 0x8, 0xff, 0xff, 0x3, 0xef, 0xff, 0xf7,
    0x9f, 0xff, 0xff, 0x3f, 0xff, 0xff, 0xfe, 0xff,
    0xff, 0xff, 0xdf, 0xff, 0xff, 0xff, 0xff, 0xff,
    0xff, 0xaf, 0xff, 0xff, 0xff, 0xff, 0xff, 0xff,
    0xa, 0xff, 0xff, 0xfa, 0xef, 0xff, 0xff, 0x0,
    0x9f, 0xff, 0xf7, 0x2e, 0xff, 0xff, 0x0, 0x9,
    0xff, 0xf7, 0x2, 0xef, 0xff, 0x0, 0x0, 0x8f,
    0xf6, 0x0, 0x1d, 0xff, 0x0, 0x0, 0x7, 0xc2,
    0x0, 0x1, 0xb9,

    /* U+F04B "" */
    0x3, 0x30, 0x0, 0x0, 0x0, 0x0, 0x1, 0xff,
    0xa2, 0x0, 0x0, 0x0, 0x0, 0x1f, 0xff, 0xf9,
    0x10, 0x0, 0x0, 0x1, 0xff, 0xff, 0xff, 0x70,
    0x0, 0x0, 0x1f, 0xff, 0xff, 0xff, 0xe6, 0x0,
    0x1, 0xff, 0xff, 0xff, 0xff, 0xfd, 0x40, 0x1f,
    0xff, 0xff, 0xff, 0xff, 0xff, 0x21, 0xff, 0xff,
    0xff, 0xff, 0xff, 0xc0, 0x1f, 0xff, 0xff, 0xff,
    0xfd, 0x50, 0x1, 0xff, 0xff, 0xff, 0xe7, 0x0,
    0x0, 0x1f, 0xff, 0xff, 0x80, 0x0, 0x0, 0x1,
    0xff, 0xfa, 0x10, 0x0, 0x0, 0x0, 0xa, 0xb2,
    0x0, 0x0, 0x0, 0x0, 0x0,

    /* U+F04C "" */
    0x4, 0x41, 0x0, 0x4, 0x42, 0xc, 0xff, 0xf2,
    0xb, 0xff, 0xf3, 0xff, 0xff, 0x50, 0xef, 0xff,
    0x7f, 0xff, 0xf5, 0xe, 0xff, 0xf7, 0xff, 0xff,
    0x50, 0xef, 0xff, 0x7f, 0xff, 0xf5, 0xe, 0xff,
    0xf7, 0xff, 0xff, 0x50, 0xef, 0xff, 0x7f, 0xff,
    0xf5, 0xe, 0xff, 0xf7, 0xff, 0xff, 0x50, 0xef,
    0xff, 0x7f, 0xff, 0xf5, 0xe, 0xff, 0xf7, 0xff,
    0xff, 0x50, 0xef, 0xff, 0x7f, 0xff, 0xf5, 0xe,
    0xff, 0xf6, 0x7e, 0xfc, 0x10, 0x6e, 0xfc, 0x10,

    /* U+F04D "" */
    0x3, 0x44, 0x44, 0x44, 0x44, 0x40, 0xa, 0xff,
    0xff, 0xff, 0xff, 0xff, 0xd0, 0xff, 0xff, 0xff,
    0xff, 0xff, 0xff, 0x3f, 0xff, 0xff, 0xff, 0xff,
    0xff, 0xf4, 0xff, 0xff, 0xff, 0xff, 0xff, 0xff,
    0x4f, 0xff, 0xff, 0xff, 0xff, 0xff, 0xf4, 0xff,
    0xff, 0xff, 0xff, 0xff, 0xff, 0x4f, 0xff, 0xff,
    0xff, 0xff, 0xff, 0xf4, 0xff, 0xff, 0xff, 0xff,
    0xff, 0xff, 0x4f, 0xff, 0xff, 0xff, 0xff, 0xff,
    0xf4, 0xff, 0xff, 0xff, 0xff, 0xff, 0xff, 0x4e,
    0xff, 0xff, 0xff, 0xff, 0xff, 0xf2, 0x5e, 0xff,
    0xff, 0xff, 0xff, 0xe8, 0x0,

    /* U+F04E "" */
    0x2, 0x30, 0x0, 0x0, 0x40, 0x0, 0x0, 0x0,
    0xff, 0x60, 0x0, 0x6f, 0xd1, 0x0, 0x0, 0x1f,
    0xff, 0x60, 0x8, 0xff, 0xd1, 0x0, 0x1, 0xff,
    0xff, 0x70, 0x8f, 0xff, 0xe2, 0x0, 0x1f, 0xff,
    0xff, 0x88, 0xff, 0xff, 0xe2, 0x1, 0xff, 0xff,
    0xff, 0xef, 0xff, 0xff, 0xe3, 0x1f, 0xff, 0xff,
    0xff, 0xff, 0xff, 0xff, 0xc1, 0xff, 0xff, 0xff,
    0xff, 0xff, 0xff, 0xf8, 0x1f, 0xff, 0xff, 0xea,
    0xff, 0xff, 0xf9, 0x1, 0xff, 0xff, 0xd1, 0x8f,
    0xff, 0xf8, 0x0, 0x1f, 0xff, 0xd1, 0x8, 0xff,
    0xf8, 0x0, 0x1, 0xff, 0xd1, 0x0, 0x8f, 0xf7,
    0x0, 0x0, 0xa, 0xb1, 0x0, 0x3, 0xc6, 0x0,
    0x0, 0x0,

    /* U+F050 "" */
    0x32, 0x0, 0x0, 0x22, 0x0, 0x0, 0x13, 0xfe,
    0x30, 0x0, 0xdf, 0x40, 0x0, 0xbf, 0xff, 0xe3,
    0x0, 0xdf, 0xf4, 0x0, 0xbf, 0xff, 0xfe, 0x30,
    0xdf, 0xff, 0x40, 0xbf, 0xff, 0xff, 0xe2, 0xdf,
    0xff, 0xf4, 0xbf, 0xff, 0xff, 0xfe, 0xff, 0xff,
    0xff, 0xef, 0xff, 0xff, 0xff, 0xff, 0xff, 0xff,
    0xff, 0xff, 0xff, 0xff, 0xff, 0xff, 0xff, 0xff,
    0xff, 0xff, 0xf9, 0xef, 0xff, 0xfb, 0xcf, 0xff,
    0xff, 0x90, 0xdf, 0xff, 0xb0, 0xbf, 0xff, 0xf9,
    0x0, 0xdf, 0xfb, 0x0, 0xbf, 0xff, 0x90, 0x0,
    0xdf, 0xb0, 0x0, 0xbf, 0xa9, 0x0, 0x0, 0x9a,
    0x0, 0x0, 0x7a,

    /* U+F051 "" */
    0x14, 0x0, 0x0, 0x0, 0x3, 0x1b, 0xfc, 0x20,
    0x0, 0x0, 0xf9, 0xdf, 0xff, 0x70, 0x0, 0x1f,
    0xad, 0xff, 0xff, 0xc2, 0x1, 0xfa, 0xdf, 0xff,
    0xff, 0xf7, 0x1f, 0xad, 0xff, 0xff, 0xff, 0xfd,
    0xfa, 0xdf, 0xff, 0xff, 0xff, 0xff, 0xad, 0xff,
    0xff, 0xff, 0xff, 0xfa, 0xdf, 0xff, 0xff, 0xfe,
    0x6f, 0xad, 0xff, 0xff, 0xfa, 0x11, 0xfa, 0xdf,
    0xff, 0xe5, 0x0, 0x1f, 0xad, 0xff, 0xa1, 0x0,
    0x1, 0xfa, 0x6c, 0x40, 0x0, 0x0, 0xb, 0x60,

    /* U+F052 "" */
    0x0, 0x0, 0x0, 0x0, 0x0, 0x0, 0x0, 0x0,
    0x0, 0x2, 0xde, 0x40, 0x0, 0x0, 0x0, 0x0,
    0x1d, 0xff, 0xf3, 0x0, 0x0, 0x0, 0x0, 0xcf,
    0xff, 0xfe, 0x20, 0x0, 0x0, 0xb, 0xff, 0xff,
    0xff, 0xe2, 0x0, 0x0, 0xaf, 0xff, 0xff, 0xff,
    0xfd, 0x10, 0x9, 0xff, 0xff, 0xff, 0xff, 0xff,
    0xc0, 0xe, 0xff, 0xff, 0xff, 0xff, 0xff, 0xf2,
    0x5, 0xbb, 0xbb, 0xbb, 0xbb, 0xbb, 0x70, 0x0,
    0x0, 0x0, 0x0, 0x0, 0x0, 0x0, 0x4, 0xaa,
    0xaa, 0xaa, 0xaa, 0xaa, 0x60, 0xe, 0xff, 0xff,
    0xff, 0xff, 0xff, 0xf2, 0x7, 0xef, 0xff, 0xff,
    0xff, 0xff, 0xb0,

    /* U+F053 "" */
    0x0, 0x0, 0x0, 0x13, 0x0, 0x0, 0x0, 0x3e,
    0xe0, 0x0, 0x0, 0x3e, 0xf6, 0x0, 0x0, 0x3e,
    0xf6, 0x0, 0x0, 0x3e, 0xf6, 0x0, 0x0, 0x3e,
    0xf5, 0x0, 0x0, 0xd, 0xf6, 0x0, 0x0, 0x0,
    0x9f, 0xc1, 0x0, 0x0, 0x0, 0x9f, 0xc1, 0x0,
    0x0, 0x0, 0x9f, 0xc1, 0x0, 0x0, 0x0, 0x9f,
    0xc1, 0x0, 0x0, 0x0, 0x9f, 0xc0, 0x0, 0x0,
    0x0, 0x8a, 0x0,

    /* U+F054 "" */
    0x4, 0x0, 0x0, 0x0, 0x2f, 0xc1, 0x0, 0x0,
    0x9, 0xfc, 0x10, 0x0, 0x0, 0x9f, 0xc1, 0x0,
    0x0, 0x9, 0xfc, 0x10, 0x0, 0x0, 0x9f, 0xc1,
    0x0, 0x0, 0xa, 0xfa, 0x0, 0x0, 0x2e, 0xf5,
    0x0, 0x2, 0xef, 0x60, 0x0, 0x2e, 0xf6, 0x0,
    0x2, 0xef, 0x60, 0x0, 0x1e, 0xf6, 0x0, 0x0,
    0x1c, 0x50, 0x0, 0x0,

    /* U+F055 "" */
    0x0, 0x0, 0x0, 0x11, 0x0, 0x0, 0x0, 0x0,
    0x1, 0xaf, 0xff, 0xfa, 0x10, 0x0, 0x0, 0x6f,
    0xff, 0xff, 0xff, 0xf6, 0x0, 0x5, 0xff, 0xff,
    0xff, 0xff, 0xff, 0x50, 0x1e, 0xff, 0xff, 0xff,
    0xff, 0xff, 0xe1, 0x9f, 0xff, 0xff, 0x66, 0xff,
    0xff, 0xf8, 0xdf, 0xff, 0xff, 0x55, 0xff, 0xff,
    0xfd, 0xff, 0xff, 0x43, 0x11, 0x34, 0xff, 0xff,
    0xef, 0xff, 0xa8, 0x33, 0x8a, 0xff, 0xfe, 0xcf,
    0xff, 0xff, 0x55, 0xff, 0xff, 0xfc, 0x6f, 0xff,
    0xff, 0x89, 0xff, 0xff, 0xf6, 0xc, 0xff, 0xff,
    0xff, 0xff, 0xff, 0xc0, 0x2, 0xff, 0xff, 0xff,
    0xff, 0xff, 0x20, 0x0, 0x1b, 0xff, 0xff, 0xff,
    0xb1, 0x0, 0x0, 0x0, 0x49, 0xbb, 0x94, 0x0,
    0x0,

    /* U+F056 "" */
    0x0, 0x0, 0x1, 0x33, 0x10, 0x0, 0x0, 0x0,
    0x2, 0xbf, 0xff, 0xfb, 0x20, 0x0, 0x0, 0x7f,
    0xff, 0xff, 0xff, 0xf7, 0x0, 0x6, 0xff, 0xff,
    0xff, 0xff, 0xff, 0x60, 0x1f, 0xff, 0xff, 0xff,
    0xff, 0xff, 0xf1, 0x9f, 0xff, 0xff, 0xff, 0xff,
    0xff, 0xf9, 0xdf, 0xff, 0xff, 0xff, 0xff, 0xff,
    0xfd, 0xff, 0xff, 0x31, 0x11, 0x13, 0xff, 0xff,
    0xef, 0xff, 0x76, 0x66, 0x67, 0xff, 0xfe, 0xcf,
    0xff, 0xff, 0xff, 0xff, 0xff, 0xfc, 0x7f, 0xff,
    0xff, 0xff, 0xff, 0xff, 0xf7, 0xd, 0xff, 0xff,
    0xff, 0xff, 0xff, 0xd0, 0x3, 0xff, 0xff, 0xff,
    0xff, 0xff, 0x30, 0x0, 0x3d, 0xff, 0xff, 0xff,
    0xd3, 0x0, 0x0, 0x0, 0x7c, 0xee, 0xc7, 0x0,
    0x0,

    /* U+F057 "" */
    0x0, 0x0, 0x1, 0x33, 0x10, 0x0, 0x0, 0x0,
    0x2, 0xbf, 0xff, 0xfb, 0x20, 0x0, 0x0, 0x7f,
    0xff, 0xff, 0xff, 0xf7, 0x0, 0x6, 0xff, 0xff,
    0xff, 0xff, 0xff, 0x60, 0x1f, 0xff, 0xff, 0xff,
    0xff, 0xff, 0xf1, 0x9f, 0xff, 0x96, 0xff, 0x69,
    0xff, 0xf9, 0xdf, 0xff, 0xc0, 0x55, 0xc, 0xff,
    0xfd, 0xff, 0xff, 0xfb, 0x0, 0xbf, 0xff, 0xff,
    0xef, 0xff, 0xf6, 0x0, 0x6f, 0xff, 0xfe, 0xcf,
    0xff, 0x80, 0xbb, 0x8, 0xff, 0xfc, 0x6f, 0xff,
    0xdc, 0xff, 0xcd, 0xff, 0xf6, 0xc, 0xff, 0xff,
    0xff, 0xff, 0xff, 0xc0, 0x2, 0xff, 0xff, 0xff,
    0xff, 0xff, 0x20, 0x0, 0x2c, 0xff, 0xff, 0xff,
    0xc2, 0x0, 0x0, 0x0, 0x5a, 0xcc, 0xa5, 0x0,
    0x0,

    /* U+F058 "" */
    0x0, 0x0, 0x0, 0x11, 0x0, 0x0, 0x0, 0x0,
    0x1, 0xaf, 0xff, 0xfa, 0x10, 0x0, 0x0, 0x6f,
    0xff, 0xff, 0xff, 0xf6, 0x0, 0x5, 0xff, 0xff,
    0xff, 0xff, 0xff, 0x50, 0x1e, 0xff, 0xff, 0xff,
    0xfd, 0xef, 0xe1, 0x9f, 0xff, 0xff, 0xff, 0xd0,
    0xaf, 0xf9, 0xdf, 0xff, 0xff, 0xff, 0x33, 0xff,
    0xfd, 0xff, 0xff, 0xff, 0xf7, 0x1e, 0xff, 0xff,
    0xef, 0xf9, 0x1d, 0xb0, 0xbf, 0xff, 0xfe, 0xcf,
    0xff, 0x41, 0x16, 0xff, 0xff, 0xfc, 0x6f, 0xff,
    0xf5, 0x3f, 0xff, 0xff, 0xf6, 0xc, 0xff, 0xff,
    0xff, 0xff, 0xff, 0xc0, 0x2, 0xef, 0xff, 0xff,
    0xff, 0xfe, 0x20, 0x0, 0x1a, 0xff, 0xff, 0xff,
    0xa1, 0x0, 0x0, 0x0, 0x49, 0xbb, 0x94, 0x0,
    0x0,

    /* U+F059 "" */
    0x0, 0x0, 0x2, 0x44, 0x20, 0x0, 0x0, 0x0,
    0x4, 0xdf, 0xff, 0xfd, 0x40, 0x0, 0x0, 0x9f,
    0xff, 0xff, 0xff, 0xf9, 0x0, 0x7, 0xff, 0xff,
    0xff, 0xff, 0xff, 0x70, 0x2f, 0xff, 0xfc, 0x44,
    0xcf, 0xff, 0xf2, 0x9f, 0xff, 0xf1, 0x33, 0x1f,
    0xff, 0xf9, 0xdf, 0xff, 0xe0, 0xdc, 0xd, 0xff,
    0xfd, 0xff, 0xff, 0xfe, 0xc1, 0x2f, 0xff, 0xff,
    0xef, 0xff, 0xff, 0x63, 0xff, 0xff, 0xfe, 0xcf,
    0xff, 0xff, 0xee, 0xff, 0xff, 0xfc, 0x6f, 0xff,
    0xff, 0x44, 0xff, 0xff, 0xf6, 0xc, 0xff, 0xff,
    0x88, 0xff, 0xff, 0xc0, 0x2, 0xff, 0xff, 0xff,
    0xff, 0xff, 0x20, 0x0, 0x2c, 0xff, 0xff, 0xff,
    0xc2, 0x0, 0x0, 0x0, 0x5a, 0xcc, 0xa5, 0x0,
    0x0,

    /* U+F05A "" */
    0x0, 0x0, 0x2, 0x44, 0x20, 0x0, 0x0, 0x0,
    0x4, 0xdf, 0xff, 0xfd, 0x40, 0x0, 0x0, 0x9f,
    0xff, 0xff, 0xff, 0xf9, 0x0, 0x7, 0xff, 0xff,
    0xff, 0xff, 0xff, 0x70, 0x2f, 0xff, 0xff, 0x77,
    0xff, 0xff, 0xf2, 0x9f, 0xff, 0xff, 0x55, 0xff,
    0xff, 0xf9, 0xdf, 0xff, 0xff, 0xdf, 0xff, 0xff,
    0xfd, 0xff, 0xff, 0xf5, 0x3, 0xff, 0xff, 0xff,
    0xef, 0xff, 0xff, 0x71, 0xff, 0xff, 0xfe, 0xcf,
    0xff, 0xff, 0x81, 0xff, 0xff, 0xfc, 0x7f, 0xff,
    0xf6, 0x0, 0x6f, 0xff, 0xf7, 0xd, 0xff, 0xfc,
    0x88, 0xcf, 0xff, 0xd0, 0x3, 0xff, 0xff, 0xff,
    0xff, 0xff, 0x30, 0x0, 0x3d, 0xff, 0xff, 0xff,
    0xd3, 0x0, 0x0, 0x0, 0x7c, 0xee, 0xc7, 0x0,
    0x0,

    /* U+F05B "" */
    0x0, 0x0, 0x0, 0x5, 0x30, 0x0, 0x0, 0x0,
    0x0, 0x0, 0x0, 0xf, 0xc0, 0x0, 0x0, 0x0,
    0x0, 0x0, 0x2b, 0xff, 0xfe, 0x91, 0x0, 0x0,
    0x0, 0x5, 0xff, 0xcf, 0xee, 0xfe, 0x30, 0x0,
    0x0, 0x3f, 0xe4, 0xa, 0x60, 0x6f, 0xd1, 0x0,
    0x0, 0xbf, 0x30, 0x0, 0x0, 0x7, 0xf7, 0x0,
    0x2, 0xfc, 0x0, 0x6, 0x40, 0x1, 0xfd, 0x10,
    0x6f, 0xff, 0xa0, 0x4f, 0xf1, 0xe, 0xff, 0xf2,
    0x2a, 0xfd, 0x40, 0x2e, 0xc0, 0x7, 0xff, 0x80,
    0x0, 0xee, 0x0, 0x0, 0x0, 0x2, 0xfa, 0x0,
    0x0, 0x8f, 0x80, 0x1, 0x0, 0xc, 0xf4, 0x0,
    0x0, 0xd, 0xf9, 0x2e, 0xa3, 0xcf, 0xa0, 0x0,
    0x0, 0x1, 0xcf, 0xff, 0xff, 0xf9, 0x0, 0x0,
    0x0, 0x0, 0x5, 0xaf, 0xf9, 0x30, 0x0, 0x0,
    0x0, 0x0, 0x0, 0xe, 0xa0, 0x0, 0x0, 0x0,
    0x0, 0x0, 0x0, 0x1, 0x0, 0x0, 0x0, 0x0,

    /* U+F05C "" */
    0x0, 0x0, 0x1, 0x33, 0x10, 0x0, 0x0, 0x0,
    0x2, 0xbf, 0xff, 0xfb, 0x20, 0x0, 0x0, 0x7f,
    0xff, 0xff, 0xff, 0xf7, 0x0, 0x6, 0xff, 0xff,
    0xff, 0xff, 0xff, 0x60, 0x1f, 0xff, 0xff, 0xff,
    0xff, 0xff, 0xf1, 0x9f, 0xff, 0x96, 0xff, 0x69,
    0xff, 0xf9, 0xdf, 0xff, 0xc0, 0x55, 0xc, 0xff,
    0xfd, 0xff, 0xff, 0xfb, 0x0, 0xbf, 0xff, 0xff,
    0xef, 0xff, 0xf6, 0x0, 0x6f, 0xff, 0xfe, 0xcf,
    0xff, 0x80, 0xbb, 0x8, 0xff, 0xfc, 0x6f, 0xff,
    0xdc, 0xff, 0xcd, 0xff, 0xf6, 0xc, 0xff, 0xff,
    0xff, 0xff, 0xff, 0xc0, 0x2, 0xff, 0xff, 0xff,
    0xff, 0xff, 0x20, 0x0, 0x2c, 0xff, 0xff, 0xff,
    0xc2, 0x0, 0x0, 0x0, 0x5a, 0xcc, 0xa5, 0x0,
    0x0,

    /* U+F05D "" */
    0x0, 0x0, 0x0, 0x11, 0x0, 0x0, 0x0, 0x0,
    0x1, 0xaf, 0xff, 0xfa, 0x10, 0x0, 0x0, 0x6f,
    0xff, 0xff, 0xff, 0xf6, 0x0, 0x5, 0xff, 0xff,
    0xff, 0xff, 0xff, 0x50, 0x1e, 0xff, 0xff, 0xff,
    0xfd, 0xef, 0xe1, 0x9f, 0xff, 0xff, 0xff, 0xd0,
    0xaf, 0xf9, 0xdf, 0xff, 0xff, 0xff, 0x33, 0xff,
    0xfd, 0xff, 0xff, 0xff, 0xf7, 0x1e, 0xff, 0xff,
    0xef, 0xf9, 0x1d, 0xb0, 0xbf, 0xff, 0xfe, 0xcf,
    0xff, 0x41, 0x16, 0xff, 0xff, 0xfc, 0x6f, 0xff,
    0xf5, 0x3f, 0xff, 0xff, 0xf6, 0xc, 0xff, 0xff,
    0xff, 0xff, 0xff, 0xc0, 0x2, 0xef, 0xff, 0xff,
    0xff, 0xfe, 0x20, 0x0, 0x1a, 0xff, 0xff, 0xff,
    0xa1, 0x0, 0x0, 0x0, 0x49, 0xbb, 0x94, 0x0,
    0x0,

    /* U+F05E "" */
    0x0, 0x0, 0x0, 0x11, 0x0, 0x0, 0x0, 0x0,
    0x1, 0xaf, 0xff, 0xfa, 0x10, 0x0, 0x0, 0x6f,
    0xfd, 0xbb, 0xef, 0xf6, 0x0, 0x5, 0xff, 0x60,
    0x0, 0x5, 0xef, 0x50, 0x1e, 0xff, 0xd1, 0x0,
    0x0, 0x1e, 0xe1, 0x9f, 0x58, 0xfd, 0x10, 0x0,
    0x6, 0xf9, 0xdf, 0x0, 0x8f, 0xd1, 0x0, 0x0,
    0xfd, 0xfc, 0x0, 0x8, 0xfd, 0x10, 0x0, 0xdf,
    0xee, 0x0, 0x0, 0x8f, 0xd1, 0x0, 0xde, 0xcf,
    0x10, 0x0, 0x8, 0xfd, 0x11, 0xfc, 0x6f, 0xa0,
    0x0, 0x0, 0x8f, 0xd9, 0xf6, 0xc, 0xf6, 0x0,
    0x0, 0x8, 0xff, 0xc0, 0x2, 0xef, 0xb4, 0x11,
    0x4a, 0xfe, 0x20, 0x0, 0x1a, 0xff, 0xff, 0xff,
    0xa1, 0x0, 0x0, 0x0, 0x49, 0xbb, 0x94, 0x0,
    0x0,

    /* U+F060 "" */
    0x0, 0x0, 0x1, 0x40, 0x0, 0x0, 0x0, 0x0,
    0x0, 0x2, 0xef, 0x0, 0x0, 0x0, 0x0, 0x0,
    0x2, 0xef, 0x70, 0x0, 0x0, 0x0, 0x0, 0x2,
    0xef, 0x70, 0x0, 0x0, 0x0, 0x0, 0x2, 0xef,
    0x70, 0x0, 0x0, 0x0, 0x0, 0x0, 0xdf, 0xff,
    0xff, 0xff, 0xff, 0xff, 0xfd, 0xa, 0xff, 0xbb,
    0xbb, 0xbb, 0xbb, 0xbb, 0x70, 0xa, 0xfb, 0x0,
    0x0, 0x0, 0x0, 0x0, 0x0, 0xa, 0xfb, 0x0,
    0x0, 0x0, 0x0, 0x0, 0x0, 0xa, 0xfb, 0x0,
    0x0, 0x0, 0x0, 0x0, 0x0, 0xa, 0xe0, 0x0,
    0x0, 0x0, 0x0, 0x0, 0x0, 0x0, 0x0, 0x0,
    0x0, 0x0,

    /* U+F061 "" */
    0x0, 0x0, 0x0, 0x0, 0x41, 0x0, 0x0, 0x0,
    0x0, 0x0, 0x0, 0xf, 0xe2, 0x0, 0x0, 0x0,
    0x0, 0x0, 0x0, 0x7f, 0xe2, 0x0, 0x0, 0x0,
    0x0, 0x0, 0x0, 0x7f, 0xe2, 0x0, 0x0, 0x0,
    0x0, 0x0, 0x0, 0x7f, 0xe2, 0xc, 0xff, 0xff,
    0xff, 0xff, 0xff, 0xff, 0xd0, 0x7b, 0xbb, 0xbb,
    0xbb, 0xbb, 0xbf, 0xfa, 0x0, 0x0, 0x0, 0x0,
    0x0, 0xb, 0xfa, 0x0, 0x0, 0x0, 0x0, 0x0,
    0xb, 0xfa, 0x0, 0x0, 0x0, 0x0, 0x0, 0xb,
    0xfa, 0x0, 0x0, 0x0, 0x0, 0x0, 0x0, 0xea,
    0x0, 0x0, 0x0, 0x0, 0x0, 0x0, 0x0, 0x0,
    0x0, 0x0,

    /* U+F062 "" */
    0x0, 0x0, 0x0, 0x0, 0x0, 0x0, 0x0, 0x0,
    0xc, 0xf4, 0x0, 0x0, 0x0, 0x0, 0xcf, 0xff,
    0x40, 0x0, 0x0, 0xc, 0xff, 0xff, 0xf4, 0x0,
    0x0, 0xcf, 0xaa, 0xf6, 0xff, 0x40, 0xb, 0xfa,
    0xa, 0xf1, 0x4f, 0xf2, 0xc, 0xa0, 0xa, 0xf1,
    0x4, 0xe4, 0x0, 0x0, 0xa, 0xf1, 0x0, 0x0,
    0x0, 0x0, 0xa, 0xf1, 0x0, 0x0, 0x0, 0x0,
    0xa, 0xf1, 0x0, 0x0, 0x0, 0x0, 0xa, 0xf1,
    0x0, 0x0, 0x0, 0x0, 0xa, 0xf1, 0x0, 0x0,
    0x0, 0x0, 0xa, 0xf1, 0x0, 0x0, 0x0, 0x0,
    0xa, 0xf1, 0x0, 0x0, 0x0, 0x0, 0x5, 0xb0,
    0x0, 0x0,

    /* U+F063 "" */
    0x0, 0x0, 0x0, 0x10, 0x0, 0x0, 0x0, 0x0,
    0x9, 0xf0, 0x0, 0x0, 0x0, 0x0, 0xa, 0xf1,
    0x0, 0x0, 0x0, 0x0, 0xa, 0xf1, 0x0, 0x0,
    0x0, 0x0, 0xa, 0xf1, 0x0, 0x0, 0x0, 0x0,
    0xa, 0xf1, 0x0, 0x0, 0x0, 0x0, 0xa, 0xf1,
    0x0, 0x0, 0x0, 0x0, 0xa, 0xf1, 0x0, 0x0,
    0x3, 0x10, 0xa, 0xf1, 0x0, 0x30, 0xf, 0xe2,
    0xa, 0xf1, 0xa, 0xf5, 0x7, 0xfe, 0x2a, 0xf1,
    0x9f, 0xc0, 0x0, 0x7f, 0xec, 0xfa, 0xfc, 0x10,
    0x0, 0x7, 0xff, 0xff, 0xc1, 0x0, 0x0, 0x0,
    0x7f, 0xfc, 0x10, 0x0, 0x0, 0x0, 0x6, 0xa1,
    0x0, 0x0,

    /* U+F064 "" */
    0x0, 0x0, 0x0, 0x0, 0x0, 0x0, 0x0, 0x0,
    0x0, 0x0, 0x0, 0xe, 0x90, 0x0, 0x0, 0x0,
    0x0, 0x0, 0x1, 0xff, 0x90, 0x0, 0x0, 0x0,
    0x0, 0x0, 0x1f, 0xff, 0x90, 0x0, 0x0, 0x4a,
    0xef, 0xff, 0xff, 0xff, 0x90, 0x0, 0x8f, 0xff,
    0xff, 0xff, 0xff, 0xff, 0x90, 0x4f, 0xff, 0xff,
    0xff, 0xff, 0xff, 0xfd, 0xb, 0xff, 0xff, 0xff,
    0xff, 0xff, 0xfe, 0x20, 0xef, 0xff, 0x96, 0x67,
    0xff, 0xfe, 0x20, 0xe, 0xff, 0x30, 0x0, 0x1f,
    0xfe, 0x20, 0x0, 0xbf, 0xb0, 0x0, 0x1, 0xfe,
    0x20, 0x0, 0x4, 0xfb, 0x0, 0x0, 0x5, 0x20,
    0x0, 0x0, 0x9, 0xf2, 0x0, 0x0, 0x0, 0x0,
    0x0, 0x0, 0x7, 0x30, 0x0, 0x0, 0x0, 0x0,
    0x0,

    /* U+F065 "" */
    0x69, 0x98, 0x10, 0x0, 0x89, 0x96, 0xf, 0xff,
    0xf3, 0x0, 0x2f, 0xff, 0xf1, 0xfc, 0x21, 0x0,
    0x0, 0x12, 0xbf, 0x1f, 0xb0, 0x0, 0x0, 0x0,
    0xa, 0xf1, 0x85, 0x0, 0x0, 0x0, 0x0, 0x59,
    0x0, 0x0, 0x0, 0x0, 0x0, 0x0, 0x0, 0x0,
    0x0, 0x0, 0x0, 0x0, 0x0, 0x0, 0x0, 0x0,
    0x0, 0x0, 0x0, 0x0, 0x32, 0x0, 0x0, 0x0,
    0x0, 0x14, 0xf, 0xb0, 0x0, 0x0, 0x0, 0xa,
    0xf0, 0xfb, 0x0, 0x0, 0x0, 0x0, 0xaf, 0x1f,
    0xfc, 0xb2, 0x0, 0x1b, 0xce, 0xf1, 0xbf, 0xfe,
    0x20, 0x2, 0xef, 0xfc, 0x0,

    /* U+F066 "" */
    0x0, 0x3, 0x10, 0x0, 0x22, 0x0, 0x0, 0x1,
    0xf8, 0x0, 0xd, 0xc0, 0x0, 0x0, 0x2f, 0x90,
    0x0, 0xed, 0x0, 0x5, 0xbc, 0xf9, 0x0, 0xe,
    0xfb, 0xb2, 0x8f, 0xff, 0x60, 0x0, 0xbf, 0xff,
    0x40, 0x0, 0x0, 0x0, 0x0, 0x0, 0x0, 0x0,
    0x0, 0x0, 0x0, 0x0, 0x0, 0x0, 0x0, 0x0,
    0x0, 0x0, 0x0, 0x0, 0x5b, 0xba, 0x30, 0x0,
    0x6b, 0xba, 0x29, 0xff, 0xf9, 0x0, 0xe, 0xff,
    0xf4, 0x0, 0x3f, 0x90, 0x0, 0xed, 0x0, 0x0,
    0x2, 0xf9, 0x0, 0xe, 0xd0, 0x0, 0x0, 0x8,
    0x30, 0x0, 0x65, 0x0, 0x0,

    /* U+F067 "" */
    0x0, 0x0, 0x7, 0xb0, 0x0, 0x0, 0x0, 0x0,
    0x0, 0xbf, 0x0, 0x0, 0x0, 0x0, 0x0, 0xb,
    0xf0, 0x0, 0x0, 0x0, 0x0, 0x0, 0xbf, 0x0,
    0x0, 0x0, 0x0, 0x0, 0xb, 0xf0, 0x0, 0x0,
    0x0, 0x0, 0x0, 0xbf, 0x0, 0x0, 0x0, 0xcf,
    0xff, 0xff, 0xff, 0xff, 0xfe, 0x19, 0xdd, 0xdd,
    0xff, 0xdd, 0xdd, 0xb0, 0x0, 0x0, 0xb, 0xf0,
    0x0, 0x0, 0x0, 0x0, 0x0, 0xbf, 0x0, 0x0,
    0x0, 0x0, 0x0, 0xb, 0xf0, 0x0, 0x0, 0x0,
    0x0, 0x0, 0xbf, 0x0, 0x0, 0x0, 0x0, 0x0,
    0x8, 0xc0, 0x0, 0x0, 0x0,

    /* U+F068 "" */
    0x9d, 0xdd, 0xdd, 0xdd, 0xdd, 0xdb, 0xc, 0xff,
    0xff, 0xff, 0xff, 0xff, 0xe1,

    /* U+F069 "" */
    0x0, 0x0, 0x0, 0x46, 0x0, 0x0, 0x0, 0x0,
    0x0, 0x0, 0xbf, 0x0, 0x0, 0x0, 0x0, 0x0,
    0x0, 0xcf, 0x0, 0x0, 0x0, 0x3, 0x20, 0x0,
    0xcf, 0x0, 0x1, 0x40, 0xe, 0xf8, 0x0, 0xcf,
    0x0, 0x6e, 0xf2, 0x4, 0xef, 0xe5, 0xcf, 0x3c,
    0xff, 0x70, 0x0, 0x8, 0xff, 0xff, 0xff, 0xb2,
    0x0, 0x0, 0x0, 0x2e, 0xff, 0xf5, 0x0, 0x0,
    0x0, 0x3, 0xcf, 0xff, 0xfe, 0x50, 0x0, 0x0,
    0x9f, 0xfb, 0xdf, 0x9f, 0xfb, 0x20, 0xd, 0xfe,
    0x50, 0xcf, 0x3, 0xcf, 0xf1, 0x8, 0x80, 0x0,
    0xcf, 0x0, 0x6, 0xa0, 0x0, 0x0, 0x0, 0xcf,
    0x0, 0x0, 0x0, 0x0, 0x0, 0x0, 0xcf, 0x0,
    0x0, 0x0, 0x0, 0x0, 0x0, 0x8c, 0x0, 0x0,
    0x0,

    /* U+F06A "" */
    0x0, 0x0, 0x2, 0x44, 0x20, 0x0, 0x0, 0x0,
    0x4, 0xdf, 0xff, 0xfd, 0x40, 0x0, 0x0, 0x9f,
    0xff, 0xff, 0xff, 0xf9, 0x0, 0x7, 0xff, 0xff,
    0xff, 0xff, 0xff, 0x70, 0x2f, 0xff, 0xff, 0x88,
    0xff, 0xff, 0xf2, 0x9f, 0xff, 0xff, 0x22, 0xff,
    0xff, 0xf9, 0xdf, 0xff, 0xff, 0x33, 0xff, 0xff,
    0xfd, 0xff, 0xff, 0xff, 0x44, 0xff, 0xff, 0xff,
    0xef, 0xff, 0xff, 0x99, 0xff, 0xff, 0xfe, 0xcf,
    0xff, 0xff, 0xee, 0xff, 0xff, 0xfc, 0x6f, 0xff,
    0xff, 0x33, 0xff, 0xff, 0xf6, 0xc, 0xff, 0xff,
    0xdd, 0xff, 0xff, 0xc0, 0x2, 0xff, 0xff, 0xff,
    0xff, 0xff, 0x20, 0x0, 0x2c, 0xff, 0xff, 0xff,
    0xc2, 0x0, 0x0, 0x0, 0x5a, 0xcc, 0xa5, 0x0,
    0x0,

    /* U+F06B "" */
    0x0, 0x1, 0x20, 0x0, 0x2, 0x10, 0x0, 0x0,
    0x7f, 0xfc, 0x1, 0xcf, 0xf7, 0x0, 0x1, 0xf7,
    0x2d, 0x9a, 0xe2, 0x7f, 0x10, 0x2, 0xf3, 0x4,
    0xff, 0x50, 0x3f, 0x20, 0x7a, 0xfe, 0xaa, 0xff,
    0xaa, 0xef, 0xa7, 0xff, 0xff, 0xff, 0xff, 0xff,
    0xff, 0xff, 0xbf, 0xff, 0xff, 0xff, 0xff, 0xff,
    0xfb, 0x0, 0x0, 0x0, 0x0, 0x0, 0x0, 0x0,
    0x1b, 0xbb, 0xbb, 0x44, 0xbb, 0xbb, 0xb1, 0x1f,
    0xff, 0xff, 0x55, 0xff, 0xff, 0xf1, 0x1f, 0xff,
    0xff, 0x55, 0xff, 0xff, 0xf1, 0x1f, 0xff, 0xff,
    0x55, 0xff, 0xff, 0xf1, 0x1f, 0xff, 0xff, 0x55,
    0xff, 0xff, 0xf1, 0x7, 0xef, 0xff, 0x55, 0xff,
    0xfe, 0x70,

    /* U+F06C "" */
    0x0, 0x0, 0x0, 0x0, 0x0, 0x0, 0x1, 0x0,
    0x0, 0x0, 0x0, 0x0, 0x0, 0xbf, 0x0, 0x0,
    0x0, 0x0, 0x0, 0x5d, 0xff, 0x0, 0x0, 0x2,
    0x7a, 0xcf, 0xff, 0xff, 0x0, 0x0, 0x8f, 0xff,
    0xff, 0xff, 0xff, 0x0, 0x7, 0xff, 0xff, 0xff,
    0xff, 0xff, 0x0, 0x6, 0x20, 0x0, 0x6f, 0xff,
    0xff, 0x0, 0x1, 0x7a, 0xbb, 0xdf, 0xff, 0xfe,
    0x0, 0x9f, 0xff, 0xff, 0xff, 0xff, 0xfa, 0xa,
    0xff, 0xff, 0xff, 0xff, 0xff, 0xf3, 0x4f, 0x5b,
    0xff, 0xff, 0xff, 0xff, 0x70, 0xbb, 0x1, 0xdf,
    0xff, 0xff, 0xf7, 0x0, 0xe7, 0x0, 0x18, 0xdf,
    0xea, 0x20, 0x0, 0xb2, 0x0, 0x0, 0x0, 0x0,
    0x0, 0x0,

    /* U+F06D "" */
    0x0, 0x0, 0x0, 0x0, 0x0, 0x0, 0x0, 0x0,
    0x2e, 0xa0, 0x0, 0x0, 0x0, 0x0, 0x1e, 0xff,
    0x70, 0x31, 0x0, 0x0, 0xc, 0xff, 0xff, 0x8f,
    0xc0, 0x0, 0x5, 0xff, 0xff, 0xff, 0xff, 0x80,
    0x0, 0xef, 0xff, 0xff, 0xff, 0xff, 0x10, 0x6f,
    0xff, 0xff, 0xff, 0xff, 0xf8, 0xb, 0xff, 0xf6,
    0xcf, 0xff, 0xff, 0xd0, 0xef, 0xf8, 0x1, 0xef,
    0xdf, 0xff, 0xf, 0xff, 0x20, 0x3, 0x80, 0xff,
    0xf3, 0xdf, 0xf2, 0x0, 0x0, 0xd, 0xff, 0x1a,
    0xff, 0x60, 0x0, 0x2, 0xff, 0xd0, 0x3f, 0xff,
    0x50, 0x2, 0xdf, 0xf7, 0x0, 0x8f, 0xff, 0xfe,
    0xff, 0xfc, 0x0, 0x0, 0x7f, 0xff, 0xff, 0xf9,
    0x0, 0x0, 0x0, 0x26, 0xaa, 0x73, 0x0, 0x0,

    /* U+F06E "" */
    0x0, 0x0, 0x0, 0x2, 0x44, 0x10, 0x0, 0x0,
    0x0, 0x0, 0x0, 0x6d, 0xff, 0xff, 0xc4, 0x0,
    0x0, 0x0, 0x1, 0xbf, 0xff, 0xef, 0xff, 0xf9,
    0x0, 0x0, 0x1, 0xdf, 0xfb, 0x20, 0x4, 0xdf,
    0xfa, 0x0, 0x0, 0xcf, 0xfb, 0x0, 0x3b, 0x41,
    0xef, 0xf8, 0x0, 0x6f, 0xff, 0x30, 0x3, 0xff,
    0x27, 0xff, 0xf2, 0xe, 0xff, 0xf0, 0x45, 0xdf,
    0xf7, 0x4f, 0xff, 0xa0, 0xbf, 0xff, 0x19, 0xff,
    0xff, 0x55, 0xff, 0xf7, 0x2, 0xff, 0xf6, 0x1d,
    0xff, 0xb0, 0xaf, 0xfe, 0x0, 0x6, 0xff, 0xf3,
    0x4, 0x40, 0x6f, 0xff, 0x30, 0x0, 0x8, 0xff,
    0xf9, 0x66, 0xbf, 0xff, 0x40, 0x0, 0x0, 0x4,
    0xef, 0xff, 0xff, 0xfc, 0x20, 0x0, 0x0, 0x0,
    0x0, 0x6b, 0xdc, 0xa5, 0x0, 0x0, 0x0,

    /* U+F070 "" */
    0x0, 0x0, 0x0, 0x0, 0x0, 0x0, 0x0, 0x0,
    0x0, 0xe8, 0x0, 0x0, 0x0, 0x0, 0x0, 0x0,
    0x0, 0x5, 0xf8, 0x0, 0x1, 0x44, 0x10, 0x0,
    0x0, 0x0, 0x5, 0xf8, 0x6e, 0xff, 0xff, 0xc3,
    0x0, 0x0, 0x0, 0x5, 0xff, 0xff, 0xef, 0xff,
    0xf8, 0x0, 0x0, 0x1, 0x5, 0xfd, 0x20, 0x4,
    0xdf, 0xfa, 0x0, 0x0, 0xcb, 0x5, 0xfa, 0xcb,
    0x31, 0xef, 0xf8, 0x0, 0x6f, 0xfc, 0x5, 0xff,
    0xff, 0x27, 0xff, 0xf2, 0xd, 0xff, 0xf0, 0x5,
    0xff, 0xf7, 0x4f, 0xff, 0xa0, 0xbf, 0xff, 0x10,
    0x5, 0xff, 0x54, 0xff, 0xf7, 0x2, 0xff, 0xf6,
    0x0, 0x5, 0xf8, 0xaf, 0xfe, 0x0, 0x6, 0xff,
    0xf3, 0x0, 0x5, 0xff, 0xff, 0x30, 0x0, 0x7,
    0xff, 0xf9, 0x66, 0x5, 0xff, 0x50, 0x0, 0x0,
    0x4, 0xef, 0xff, 0xfc, 0x15, 0xf8, 0x0, 0x0,
    0x0, 0x0, 0x6b, 0xdc, 0xa3, 0x5, 0xf8, 0x0,
    0x0, 0x0, 0x0, 0x0, 0x0, 0x0, 0x5, 0xf7,
    0x0, 0x0, 0x0, 0x0, 0x0, 0x0, 0x0, 0x4,
    0x50,

    /* U+F071 "" */
    0x0, 0x0, 0x0, 0x1, 0x10, 0x0, 0x0, 0x0,
    0x0, 0x0, 0x0, 0x1e, 0xe1, 0x0, 0x0, 0x0,
    0x0, 0x0, 0x0, 0x9f, 0xf9, 0x0, 0x0, 0x0,
    0x0, 0x0, 0x2, 0xff, 0xff, 0x20, 0x0, 0x0,
    0x0, 0x0, 0xa, 0xff, 0xff, 0xa0, 0x0, 0x0,
    0x0, 0x0, 0x3f, 0xf7, 0x7f, 0xf3, 0x0, 0x0,
    0x0, 0x0, 0xbf, 0xf3, 0x3f, 0xfb, 0x0, 0x0,
    0x0, 0x4, 0xff, 0xf4, 0x4f, 0xff, 0x40, 0x0,
    0x0, 0xc, 0xff, 0xf5, 0x5f, 0xff, 0xc0, 0x0,
    0x0, 0x5f, 0xff, 0xfe, 0xef, 0xff, 0xf5, 0x0,
    0x0, 0xdf, 0xff, 0xf8, 0x8f, 0xff, 0xfd, 0x0,
    0x6, 0xff, 0xff, 0xf4, 0x4f, 0xff, 0xff, 0x60,
    0xe, 0xff, 0xff, 0xff, 0xff, 0xff, 0xff, 0xe0,
    0xa, 0xff, 0xff, 0xff, 0xff, 0xff, 0xff, 0xa0,

    /* U+F072 "" */
    0x0, 0x0, 0xac, 0x60, 0x0, 0x0, 0x0, 0x0,
    0x0, 0x0, 0x9f, 0xf6, 0x0, 0x0, 0x0, 0x0,
    0x0, 0x0, 0x4f, 0xff, 0x50, 0x0, 0x0, 0x0,
    0xa8, 0x0, 0xe, 0xff, 0xf4, 0x0, 0x0, 0x0,
    0xaf, 0x60, 0x9, 0xff, 0xff, 0x30, 0x0, 0x0,
    0x6f, 0xfe, 0xee, 0xff, 0xff, 0xfe, 0xee, 0xc3,
    0x3f, 0xff, 0xff, 0xff, 0xff, 0xff, 0xff, 0xfa,
    0x5f, 0xff, 0xff, 0xff, 0xff, 0xff, 0xff, 0xf5,
    0x9f, 0xa2, 0x29, 0xff, 0xff, 0x72, 0x22, 0x10,
    0xcc, 0x0, 0xd, 0xff, 0xf9, 0x0, 0x0, 0x0,
    0x10, 0x0, 0x2f, 0xff, 0xa0, 0x0, 0x0, 0x0,
    0x0, 0x0, 0x7f, 0xfc, 0x0, 0x0, 0x0, 0x0,
    0x0, 0x0, 0xcf, 0xd1, 0x0, 0x0, 0x0, 0x0,
    0x0, 0x0, 0x34, 0x0, 0x0, 0x0, 0x0, 0x0,

    /* U+F073 "" */
    0x0, 0x2, 0x0, 0x0, 0x20, 0x0, 0x0, 0x4,
    0xf4, 0x0, 0x1f, 0x70, 0x0, 0x17, 0xbf, 0xa8,
    0x89, 0xfc, 0x71, 0xc, 0xff, 0xff, 0xff, 0xff,
    0xff, 0xc0, 0xff, 0xff, 0xff, 0xff, 0xff, 0xff,
    0x1f, 0xff, 0xff, 0xff, 0xff, 0xff, 0xf1, 0xff,
    0xef, 0xff, 0xef, 0xfe, 0xff, 0x1f, 0xc0, 0x8f,
    0x40, 0xfc, 0xb, 0xf1, 0xff, 0x9e, 0xfc, 0xaf,
    0xf9, 0xff, 0x1f, 0xff, 0xff, 0xff, 0xff, 0xff,
    0xf1, 0xfd, 0x2a, 0xf6, 0x3f, 0xd2, 0xcf, 0x1f,
    0xc0, 0x8f, 0x40, 0xfc, 0xa, 0xf1, 0xef, 0xcf,
    0xfe, 0xdf, 0xfc, 0xff, 0x5, 0xef, 0xff, 0xff,
    0xff, 0xfe, 0x60,

    /* U+F074 "" */
    0x0, 0x0, 0x0, 0x0, 0x0, 0x4, 0x0, 0x0,
    0x0, 0x0, 0x0, 0x0, 0x7f, 0x90, 0x6a, 0x96,
    0x0, 0x0, 0x49, 0xdf, 0xf9, 0xdf, 0xff, 0xb0,
    0x8, 0xff, 0xff, 0xfd, 0x2, 0x2b, 0xf8, 0xc,
    0xd3, 0x9f, 0xe3, 0x0, 0x0, 0xdf, 0x42, 0x30,
    0x4c, 0x30, 0x0, 0x0, 0x2f, 0xe1, 0x0, 0x0,
    0x0, 0x0, 0x0, 0x6, 0xfc, 0x0, 0x4, 0x0,
    0x0, 0x4, 0xb0, 0xaf, 0x80, 0x7f, 0x90, 0x6a,
    0xaf, 0xf2, 0xd, 0xfb, 0xdf, 0xf9, 0xdf, 0xfe,
    0x40, 0x2, 0xcf, 0xff, 0xfd, 0x2, 0x10, 0x0,
    0x0, 0x1, 0x9f, 0xe3, 0x0, 0x0, 0x0, 0x0,
    0x0, 0x4c, 0x30,

    /* U+F075 "" */
    0x0, 0x0, 0x0, 0x13, 0x31, 0x0, 0x0, 0x0,
    0x0, 0x3, 0xcf, 0xff, 0xfc, 0x30, 0x0, 0x0,
    0x9, 0xff, 0xff, 0xff, 0xff, 0x90, 0x0, 0x8,
    0xff, 0xff, 0xff, 0xff, 0xff, 0x80, 0x4, 0xff,
    0xff, 0xff, 0xff, 0xff, 0xff, 0x40, 0xbf, 0xff,
    0xff, 0xff, 0xff, 0xff, 0xfb, 0xe, 0xff, 0xff,
    0xff, 0xff, 0xff, 0xff, 0xe0, 0xff, 0xff, 0xff,
    0xff, 0xff, 0xff, 0xff, 0xc, 0xff, 0xff, 0xff,
    0xff, 0xff, 0xff, 0xd0, 0x8f, 0xff, 0xff, 0xff,
    0xff, 0xff, 0xf9, 0x1, 0xff, 0xff, 0xff, 0xff,
    0xff, 0xfe, 0x10, 0xb, 0xff, 0xff, 0xff, 0xff,
    0xff, 0x40, 0x3, 0xff, 0xff, 0xff, 0xff, 0xfd,
    0x30, 0x0, 0xcf, 0xf9, 0x6b, 0xdd, 0xb6, 0x0,
    0x0, 0x9, 0x71, 0x0, 0x0, 0x0, 0x0, 0x0,
    0x0,

    /* U+F076 "" */
    0x69, 0x81, 0x0, 0x0, 0x6, 0x98, 0x1f, 0xff,
    0x70, 0x0, 0x0, 0xff, 0xf6, 0xff, 0xf7, 0x0,
    0x0, 0x1f, 0xff, 0x60, 0x0, 0x0, 0x0, 0x0,
    0x0, 0x0, 0x55, 0x52, 0x0, 0x0, 0x5, 0x55,
    0x2f, 0xff, 0x70, 0x0, 0x1, 0xff, 0xf6, 0xff,
    0xf7, 0x0, 0x0, 0x1f, 0xff, 0x6f, 0xff, 0x80,
    0x0, 0x1, 0xff, 0xf6, 0xdf, 0xfa, 0x0, 0x0,
    0x4f, 0xff, 0x4a, 0xff, 0xf4, 0x0, 0x1c, 0xff,
    0xf1, 0x4f, 0xff, 0xfc, 0xbe, 0xff, 0xfa, 0x0,
    0x9f, 0xff, 0xff, 0xff, 0xfe, 0x10, 0x0, 0x8f,
    0xff, 0xff, 0xfc, 0x20, 0x0, 0x0, 0x38, 0xbc,
    0x96, 0x0, 0x0,

    /* U+F077 "" */
    0x0, 0x0, 0x0, 0x47, 0x0, 0x0, 0x0, 0x0,
    0x0, 0x6, 0xff, 0x90, 0x0, 0x0, 0x0, 0x0,
    0x6f, 0xec, 0xf9, 0x0, 0x0, 0x0, 0x6, 0xfe,
    0x21, 0xcf, 0x90, 0x0, 0x0, 0x6f, 0xe3, 0x0,
    0x1c, 0xf9, 0x0, 0x6, 0xfe, 0x30, 0x0, 0x1,
    0xcf, 0x90, 0xe, 0xe3, 0x0, 0x0, 0x0, 0x1c,
    0xf2, 0x3, 0x10, 0x0, 0x0, 0x0, 0x0, 0x40,

    /* U+F078 "" */
    0xa, 0x80, 0x0, 0x0, 0x0, 0x5, 0xc1, 0xc,
    0xf9, 0x0, 0x0, 0x0, 0x6f, 0xe1, 0x1, 0xcf,
    0x90, 0x0, 0x6, 0xfe, 0x30, 0x0, 0x1c, 0xf9,
    0x0, 0x5f, 0xe3, 0x0, 0x0, 0x1, 0xcf, 0x96,
    0xfe, 0x30, 0x0, 0x0, 0x0, 0x1c, 0xff, 0xe3,
    0x0, 0x0, 0x0, 0x0, 0x1, 0xce, 0x30, 0x0,
    0x0, 0x0, 0x0, 0x0, 0x0, 0x0, 0x0, 0x0,

    /* U+F079 "" */
    0x0, 0x73, 0x0, 0x5, 0x99, 0x98, 0x40, 0x0,
    0xa, 0xff, 0x40, 0xc, 0xff, 0xff, 0xf7, 0x0,
    0x9f, 0xff, 0xf3, 0x0, 0x22, 0x23, 0xef, 0x0,
    0x9f, 0xff, 0xf3, 0x0, 0x0, 0x0, 0xaf, 0x10,
    0x1, 0xfa, 0x0, 0x0, 0x0, 0x0, 0xaf, 0x10,
    0x1, 0xfa, 0x0, 0x0, 0x0, 0x0, 0xaf, 0x10,
    0x1, 0xfa, 0x0, 0x0, 0x0, 0x0, 0xaf, 0x10,
    0x1, 0xfa, 0x0, 0x0, 0x0, 0x0, 0xaf, 0x10,
    0x1, 0xfa, 0x0, 0x0, 0x0, 0x0, 0xaf, 0x10,
    0x1, 0xfa, 0x0, 0x0, 0x0, 0x19, 0xdf, 0xa5,
    0x0, 0xfc, 0x0, 0x0, 0x0, 0x5f, 0xff, 0xfb,
    0x0, 0xbf, 0xdc, 0xcc, 0x80, 0x9, 0xff, 0xe2,
    0x0, 0x1a, 0xef, 0xff, 0xa0, 0x0, 0x9c, 0x20,
    0x0, 0x0, 0x0, 0x0, 0x0, 0x0, 0x0, 0x0,

    /* U+F07A "" */
    0x57, 0x30, 0x0, 0x0, 0x0, 0x0, 0x0, 0x0,
    0xbd, 0xf5, 0x22, 0x22, 0x22, 0x22, 0x22, 0x20,
    0x0, 0xcf, 0xff, 0xff, 0xff, 0xff, 0xff, 0xf7,
    0x0, 0x9f, 0xff, 0xff, 0xff, 0xff, 0xff, 0xf7,
    0x0, 0x6f, 0xff, 0xff, 0xff, 0xff, 0xff, 0xf4,
    0x0, 0x4f, 0xff, 0xff, 0xff, 0xff, 0xff, 0xf1,
    0x0, 0x1f, 0xff, 0xff, 0xff, 0xff, 0xff, 0xe0,
    0x0, 0xe, 0xff, 0xff, 0xff, 0xff, 0xff, 0xa0,
    0x0, 0xb, 0xfd, 0xdd, 0xdd, 0xdd, 0xda, 0x10,
    0x0, 0x7, 0xd0, 0x0, 0x0, 0x0, 0x0, 0x0,
    0x0, 0x1, 0xef, 0xee, 0xee, 0xee, 0xd0, 0x0,
    0x0, 0x0, 0x4, 0x44, 0x44, 0x44, 0x30, 0x0,
    0x0, 0x0, 0x2c, 0x60, 0x0, 0x1b, 0x80, 0x0,
    0x0, 0x0, 0x8f, 0xe0, 0x0, 0x6f, 0xf0, 0x0,
    0x0, 0x0, 0x2a, 0x50, 0x0, 0x19, 0x60, 0x0,

    /* U+F07B "" */
    0x5, 0x55, 0x55, 0x10, 0x0, 0x0, 0x0, 0xbf,
    0xff, 0xff, 0xf5, 0x10, 0x0, 0x0, 0xff, 0xff,
    0xff, 0xff, 0xff, 0xff, 0xf7, 0xff, 0xff, 0xff,
    0xff, 0xff, 0xff, 0xff, 0xff, 0xff, 0xff, 0xff,
    0xff, 0xff, 0xff, 0xff, 0xff, 0xff, 0xff, 0xff,
    0xff, 0xff, 0xff, 0xff, 0xff, 0xff, 0xff, 0xff,
    0xff, 0xff, 0xff, 0xff, 0xff, 0xff, 0xff, 0xff,
    0xff, 0xff, 0xff, 0xff, 0xff, 0xff, 0xff, 0xff,
    0xff, 0xff, 0xff, 0xff, 0xff, 0xff, 0xff, 0xff,
    0xff, 0xff, 0xff, 0xff, 0xff, 0x6f, 0xff, 0xff,
    0xff, 0xff, 0xff, 0xf6,

    /* U+F07C "" */
    0x0, 0x56, 0x66, 0x50, 0x0, 0x0, 0x0, 0x0,
    0xd, 0xff, 0xff, 0xfe, 0x41, 0x11, 0x0, 0x0,
    0x1f, 0xff, 0xff, 0xff, 0xff, 0xff, 0xf7, 0x0,
    0x2f, 0xff, 0xff, 0xff, 0xff, 0xff, 0xff, 0x0,
    0x2f, 0xb4, 0x22, 0x22, 0x22, 0x22, 0x22, 0x0,
    0x2d, 0x5, 0x89, 0x99, 0x99, 0x99, 0x99, 0x81,
    0x25, 0x3f, 0xff, 0xff, 0xff, 0xff, 0xff, 0xf9,
    0x10, 0x9f, 0xff, 0xff, 0xff, 0xff, 0xff, 0xf7,
    0x0, 0xef, 0xff, 0xff, 0xff, 0xff, 0xff, 0xf2,
    0x4, 0xff, 0xff, 0xff, 0xff, 0xff, 0xff, 0xd0,
    0x8, 0xff, 0xff, 0xff, 0xff, 0xff, 0xff, 0x70,
    0x4, 0xff, 0xff, 0xff, 0xff, 0xff, 0xfd, 0x10,

    /* U+F07D "" */
    0x0, 0x0, 0x0, 0x0, 0x0, 0x4e, 0x90, 0x0,
    0x4, 0xff, 0xfa, 0x0, 0x3f, 0xff, 0xff, 0xa0,
    0xaf, 0x7f, 0xac, 0xf1, 0x12, 0x2f, 0x90, 0x30,
    0x0, 0x2f, 0x90, 0x0, 0x0, 0x2f, 0x90, 0x0,
    0x0, 0x2f, 0x90, 0x0, 0x0, 0x2f, 0x90, 0x0,
    0x0, 0x2f, 0x90, 0x0, 0x0, 0x2f, 0x90, 0x0,
    0x57, 0x2f, 0x93, 0x90, 0xaf, 0xcf, 0xcf, 0xf1,
    0xc, 0xff, 0xff, 0x40, 0x0, 0xcf, 0xf4, 0x0,
    0x0, 0x9, 0x40, 0x0,

    /* U+F07E "" */
    0x0, 0x29, 0x10, 0x0, 0x0, 0x3, 0x80, 0x0,
    0x2, 0xef, 0x30, 0x0, 0x0, 0x7, 0xfc, 0x0,
    0x2e, 0xf7, 0x0, 0x0, 0x0, 0x1, 0xbf, 0xc0,
    0xdf, 0xff, 0xff, 0xff, 0xff, 0xff, 0xff, 0xf9,
    0xaf, 0xfb, 0xbb, 0xbb, 0xbb, 0xbb, 0xdf, 0xf6,
    0xa, 0xfb, 0x0, 0x0, 0x0, 0x2, 0xef, 0x70,
    0x0, 0xaf, 0x40, 0x0, 0x0, 0x8, 0xf7, 0x0,
    0x0, 0x3, 0x0, 0x0, 0x0, 0x0, 0x30, 0x0,

    /* U+F080 "" */
    0x21, 0x0, 0x0, 0x0, 0x0, 0x0, 0x0, 0xea,
    0x4, 0xbb, 0xbb, 0xba, 0x0, 0x0, 0xfc, 0x8,
    0xff, 0xff, 0xff, 0x20, 0x0, 0xfc, 0x0, 0x0,
    0x0, 0x0, 0x0, 0x0, 0xfc, 0x4, 0xaa, 0xaa,
    0x20, 0x0, 0x0, 0xfc, 0x8, 0xff, 0xff, 0x60,
    0x0, 0x0, 0xfc, 0x0, 0x11, 0x11, 0x0, 0x0,
    0x0, 0xfc, 0x3, 0x99, 0x99, 0x99, 0x97, 0x0,
    0xfc, 0x9, 0xff, 0xff, 0xff, 0xff, 0x0, 0xfc,
    0x0, 0x22, 0x22, 0x22, 0x21, 0x0, 0xfc, 0x0,
    0x0, 0x0, 0x0, 0x0, 0x0, 0xdf, 0xdc, 0xcc,
    0xcc, 0xcc, 0xcc, 0xc9, 0x3c, 0xff, 0xff, 0xff,
    0xff, 0xff, 0xfb,

    /* U+F083 "" */
    0x0, 0x66, 0x0, 0x36, 0x77, 0x77, 0x60, 0x2a,
    0xff, 0xbc, 0xff, 0xff, 0xff, 0xfb, 0xdf, 0xff,
    0xff, 0xff, 0xff, 0xff, 0xff, 0xff, 0xff, 0xff,
    0xff, 0xff, 0xff, 0xff, 0x0, 0x0, 0x5f, 0xff,
    0xf5, 0x0, 0x0, 0x77, 0x78, 0xf7, 0x0, 0x7f,
    0x87, 0x77, 0xff, 0xff, 0x90, 0x0, 0x9, 0xff,
    0xff, 0xff, 0xff, 0x50, 0x0, 0x5, 0xff, 0xff,
    0xff, 0xff, 0x80, 0x0, 0x8, 0xff, 0xff, 0xff,
    0xff, 0xe3, 0x0, 0x3e, 0xff, 0xff, 0xff, 0xff,
    0xff, 0xcc, 0xff, 0xff, 0xff, 0xef, 0xff, 0xff,
    0xff, 0xff, 0xff, 0xfe, 0x5e, 0xff, 0xff, 0xff,
    0xff, 0xff, 0xe5,

    /* U+F084 "" */
    0x0, 0x0, 0x0, 0x0, 0x1, 0x0, 0x0, 0x0,
    0x0, 0x0, 0x3c, 0xff, 0xe7, 0x0, 0x0, 0x0,
    0x6, 0xff, 0xff, 0xff, 0xc0, 0x0, 0x0, 0x1f,
    0xff, 0xfd, 0x9f, 0xf7, 0x0, 0x0, 0x6f, 0xff,
    0xf5, 0xc, 0xfc, 0x0, 0x0, 0x9f, 0xff, 0xfe,
    0xcf, 0xff, 0x0, 0x0, 0x7f, 0xff, 0xff, 0xff,
    0xfc, 0x0, 0x1, 0xdf, 0xff, 0xff, 0xff, 0xf7,
    0x0, 0x1d, 0xff, 0xff, 0xff, 0xff, 0xc0, 0x1,
    0xdf, 0xff, 0xff, 0xff, 0xe8, 0x0, 0x2d, 0xff,
    0xff, 0xe3, 0x1, 0x0, 0x0, 0xdf, 0xff, 0xf4,
    0x0, 0x0, 0x0, 0x0, 0xff, 0xfe, 0xb1, 0x0,
    0x0, 0x0, 0x0, 0xff, 0xf7, 0x0, 0x0, 0x0,
    0x0, 0x0, 0x68, 0x82, 0x0, 0x0, 0x0, 0x0,
    0x0,

    /* U+F085 "" */
    0x0, 0x0, 0x2, 0x71, 0x0, 0x0, 0x0, 0x0,
    0x0, 0x0, 0x74, 0xd, 0xf8, 0x0, 0x0, 0x0,
    0x0, 0x0, 0x5, 0xff, 0xff, 0xf9, 0x0, 0x0,
    0x0, 0x0, 0x0, 0x1, 0xef, 0xff, 0xff, 0xdc,
    0x0, 0x0, 0x0, 0x0, 0x0, 0xdf, 0xa2, 0xbf,
    0xff, 0x20, 0x0, 0x0, 0x0, 0x2e, 0xff, 0x50,
    0x8f, 0xe5, 0x0, 0x0, 0x0, 0x0, 0x3f, 0xff,
    0xea, 0xff, 0xa0, 0x0, 0x0, 0x0, 0x0, 0x4,
    0x5e, 0xff, 0xff, 0xf2, 0x17, 0x10, 0x0, 0x0,
    0x0, 0xa, 0xfe, 0x7d, 0xd1, 0xaf, 0xb0, 0x56,
    0x0, 0x0, 0x7, 0xf6, 0x0, 0x0, 0xbf, 0xff,
    0xff, 0x30, 0x0, 0x0, 0x0, 0x1, 0xdd, 0xff,
    0xff, 0xfd, 0x0, 0x0, 0x0, 0x0, 0x4, 0xff,
    0xfa, 0x2b, 0xfb, 0x0, 0x0, 0x0, 0x0, 0x0,
    0x6f, 0xf5, 0x8, 0xff, 0xd0, 0x0, 0x0, 0x0,
    0x0, 0xd, 0xfe, 0xaf, 0xff, 0xf1, 0x0, 0x0,
    0x0, 0x0, 0x4f, 0xff, 0xff, 0xd5, 0x40, 0x0,
    0x0, 0x0, 0x0, 0x2e, 0xc7, 0xff, 0x80, 0x0,
    0x0, 0x0, 0x0, 0x0, 0x0, 0x0, 0x8f, 0x50,
    0x0, 0x0, 0x0, 0x0, 0x0, 0x0, 0x0, 0x0,
    0x0, 0x0,

    /* U+F086 "" */
    0x0, 0x0, 0x0, 0x10, 0x0, 0x0, 0x0, 0x0,
    0x0, 0x0, 0x4c, 0xff, 0xe9, 0x10, 0x0, 0x0,
    0x0, 0x0, 0x9f, 0xff, 0xff, 0xfe, 0x20, 0x0,
    0x0, 0x0, 0x5f, 0xff, 0xff, 0xff, 0xfd, 0x0,
    0x0, 0x0, 0xb, 0xff, 0xff, 0xff, 0xff, 0xf3,
    0x0, 0x0, 0x0, 0xff, 0xff, 0xff, 0xff, 0xff,
    0x60, 0x0, 0x0, 0xd, 0xff, 0xff, 0xff, 0xff,
    0xf5, 0x37, 0x10, 0x0, 0x9f, 0xff, 0xff, 0xff,
    0xff, 0x19, 0xfe, 0x20, 0x1, 0xff, 0xff, 0xff,
    0xff, 0x60, 0xef, 0xfe, 0x0, 0x7f, 0xff, 0xff,
    0xfe, 0x60, 0xbf, 0xff, 0xf7, 0xe, 0xf7, 0x25,
    0x74, 0x1, 0xaf, 0xff, 0xff, 0xa0, 0x31, 0x0,
    0x2, 0x58, 0xff, 0xff, 0xff, 0xfa, 0x0, 0x0,
    0x0, 0x6f, 0xff, 0xff, 0xff, 0xff, 0x70, 0x0,
    0x0, 0x0, 0xdf, 0xff, 0xff, 0xff, 0xe0, 0x0,
    0x0, 0x0, 0x2, 0xdf, 0xff, 0xff, 0xff, 0x10,
    0x0, 0x0, 0x0, 0x0, 0x6a, 0xc9, 0x7e, 0xf8,
    0x0, 0x0, 0x0, 0x0, 0x0, 0x0, 0x0, 0x6,
    0x60,

    /* U+F087 "" */
    0x0, 0x0, 0x0, 0x69, 0x20, 0x0, 0x0, 0x0,
    0x0, 0x3, 0xff, 0x90, 0x0, 0x0, 0x0, 0x0,
    0xb, 0xff, 0x70, 0x0, 0x0, 0x0, 0x0, 0x3f,
    0xff, 0x10, 0x0, 0x0, 0x9c, 0xa0, 0xaf, 0xff,
    0xcc, 0xcc, 0x90, 0xff, 0xf0, 0xdf, 0xff, 0xff,
    0xff, 0xf4, 0xff, 0xf1, 0xdf, 0xff, 0xff, 0xff,
    0xd0, 0xff, 0xf1, 0xdf, 0xff, 0xff, 0xff, 0xf3,
    0xff, 0xf1, 0xdf, 0xff, 0xff, 0xff, 0xf2, 0xff,
    0xf1, 0xdf, 0xff, 0xff, 0xff, 0x60, 0xff, 0xf1,
    0xcf, 0xff, 0xff, 0xff, 0x40, 0xff, 0xf1, 0x5f,
    0xff, 0xff, 0xfc, 0x0, 0xbf, 0xc0, 0x2, 0xad,
    0xff, 0xe5, 0x0,

    /* U+F088 "" */
    0x0, 0x0, 0x0, 0x26, 0x77, 0x50, 0x0, 0x0,
    0x0, 0x1b, 0xff, 0xff, 0xf7, 0x0, 0x7b, 0x80,
    0xaf, 0xff, 0xff, 0xfc, 0x0, 0xff, 0xf0, 0xdf,
    0xff, 0xff, 0xff, 0x60, 0xff, 0xf1, 0xdf, 0xff,
    0xff, 0xff, 0xa0, 0xff, 0xf1, 0xdf, 0xff, 0xff,
    0xff, 0xf4, 0xff, 0xf1, 0xdf, 0xff, 0xff, 0xff,
    0xd0, 0xff, 0xf1, 0xdf, 0xff, 0xff, 0xff, 0xf2,
    0xff, 0xf1, 0xcf, 0xff, 0xff, 0xff, 0xf2, 0xff,
    0xf1, 0x8f, 0xfd, 0x44, 0x44, 0x10, 0xdf, 0xd0,
    0x1f, 0xff, 0x20, 0x0, 0x0, 0x0, 0x0, 0x8,
    0xff, 0x70, 0x0, 0x0, 0x0, 0x0, 0x1, 0xef,
    0x40, 0x0, 0x0, 0x0, 0x0, 0x0, 0x12, 0x0,
    0x0, 0x0,

    /* U+F089 "" */
    0x0, 0x0, 0x0, 0x8, 0x10, 0x0, 0x0, 0x5,
    0xf4, 0x0, 0x0, 0x0, 0xdf, 0x40, 0x0, 0x0,
    0x5f, 0xf4, 0x3, 0x68, 0xbf, 0xff, 0x47, 0xff,
    0xff, 0xff, 0xf4, 0x1d, 0xff, 0xff, 0xff, 0x40,
    0x1d, 0xff, 0xff, 0xf4, 0x0, 0x1d, 0xff, 0xff,
    0x40, 0x0, 0x6f, 0xff, 0xf4, 0x0, 0x8, 0xff,
    0xff, 0x40, 0x0, 0xbf, 0xff, 0xf3, 0x0, 0xd,
    0xff, 0xd5, 0x0, 0x0, 0xfd, 0x60, 0x0, 0x0,
    0x1, 0x0, 0x0, 0x0,

    /* U+F08A "" */
    0x0, 0x25, 0x20, 0x0, 0x2, 0x52, 0x0, 0x9,
    0xff, 0xfc, 0x11, 0xcf, 0xff, 0x90, 0x7f, 0xff,
    0xff, 0xdd, 0xff, 0xff, 0xf7, 0xdf, 0xff, 0xff,
    0xff, 0xff, 0xff, 0xfd, 0xff, 0xff, 0xff, 0xff,
    0xff, 0xff, 0xff, 0xcf, 0xff, 0xff, 0xff, 0xff,
    0xff, 0xfc, 0x6f, 0xff, 0xff, 0xff, 0xff, 0xff,
    0xf6, 0xd, 0xff, 0xff, 0xff, 0xff, 0xff, 0xc0,
    0x3, 0xff, 0xff, 0xff, 0xff, 0xff, 0x20, 0x0,
    0x5f, 0xff, 0xff, 0xff, 0xf5, 0x0, 0x0, 0x6,
    0xff, 0xff, 0xff, 0x60, 0x0, 0x0, 0x0, 0x5f,
    0xff, 0xf5, 0x0, 0x0, 0x0, 0x0, 0x3, 0xbb,
    0x30, 0x0, 0x0,

    /* U+F08B "" */
    0x4, 0x89, 0x80, 0x0, 0x0, 0x0, 0x0, 0x6,
    0xff, 0xff, 0x20, 0x0, 0x0, 0x0, 0x0, 0xee,
    0x32, 0x10, 0x0, 0x7, 0x20, 0x0, 0xf, 0xc0,
    0x0, 0x0, 0x2, 0xfe, 0x20, 0x0, 0xfb, 0x0,
    0x0, 0x0, 0x7, 0xfe, 0x20, 0xf, 0xb0, 0x0,
    0x0, 0x0, 0x7, 0xfe, 0x20, 0xfb, 0x0, 0x7f,
    0xff, 0xff, 0xff, 0xfd, 0xf, 0xb0, 0x3, 0xbb,
    0xbb, 0xbb, 0xff, 0xa0, 0xfb, 0x0, 0x0, 0x0,
    0x0, 0xbf, 0xa0, 0xf, 0xb0, 0x0, 0x0, 0x0,
    0xcf, 0xa0, 0x0, 0xfd, 0x0, 0x0, 0x0, 0x2f,
    0xa0, 0x0, 0xa, 0xfe, 0xcb, 0x0, 0x0, 0x10,
    0x0, 0x0, 0x1a, 0xef, 0xe1, 0x0, 0x0, 0x0,
    0x0, 0x0,

    /* U+F08D "" */
    0x0, 0x0, 0x0, 0x0, 0x0, 0x0, 0x0, 0xef,
    0xff, 0xff, 0xff, 0x70, 0x0, 0x9d, 0xff, 0xff,
    0xfb, 0x30, 0x0, 0x7, 0xff, 0xff, 0xf0, 0x0,
    0x0, 0x9, 0xff, 0xff, 0xf1, 0x0, 0x0, 0xa,
    0xff, 0xff, 0xf2, 0x0, 0x0, 0x1d, 0xff, 0xff,
    0xf7, 0x0, 0x1, 0xef, 0xff, 0xff, 0xff, 0x70,
    0x8, 0xff, 0xff, 0xff, 0xff, 0xf1, 0xe, 0xff,
    0xff, 0xff, 0xff, 0xf6, 0x5, 0x99, 0x99, 0x99,
    0x99, 0x81, 0x0, 0x0, 0x0, 0x10, 0x0, 0x0,
    0x0, 0x0, 0xa, 0xf2, 0x0, 0x0, 0x0, 0x0,
    0xa, 0xf2, 0x0, 0x0, 0x0, 0x0, 0x9, 0xf1,
    0x0, 0x0, 0x0, 0x0, 0x5, 0xb0, 0x0, 0x0,

    /* U+F08E "" */
    0x0, 0x0, 0x0, 0x0, 0x35, 0x55, 0x53, 0x0,
    0x0, 0x0, 0x0, 0xf, 0xff, 0xff, 0xf2, 0x0,
    0x0, 0x0, 0x0, 0x46, 0x7f, 0xff, 0x31, 0x8b,
    0xb9, 0x0, 0x0, 0x1c, 0xff, 0xf3, 0xbf, 0xff,
    0xf1, 0x0, 0x1d, 0xf9, 0x8f, 0x3f, 0xd1, 0x0,
    0x0, 0x1d, 0xf9, 0x8, 0xf3, 0xfb, 0x0, 0x0,
    0x1d, 0xf9, 0x0, 0x4c, 0xf, 0xb0, 0x0, 0x1d,
    0xf9, 0x0, 0x0, 0x0, 0xfb, 0x0, 0xa, 0xf8,
    0x0, 0x0, 0x0, 0xf, 0xb0, 0x0, 0x25, 0x0,
    0x5, 0x10, 0x0, 0xfb, 0x0, 0x0, 0x0, 0x2,
    0xf9, 0x0, 0xf, 0xb0, 0x0, 0x0, 0x0, 0x2f,
    0x90, 0x0, 0xfd, 0x0, 0x0, 0x0, 0x4, 0xf9,
    0x0, 0xb, 0xff, 0xff, 0xff, 0xff, 0xff, 0x50,
    0x0, 0x19, 0xbb, 0xbb, 0xbb, 0xbb, 0x60, 0x0,
    0x0,

    /* U+F090 "" */
    0x0, 0x0, 0x0, 0x0, 0x8, 0x98, 0x40, 0x0,
    0x0, 0x0, 0x0, 0x2f, 0xff, 0xf6, 0x0, 0x0,
    0x26, 0x0, 0x1, 0x23, 0xee, 0x0, 0x0, 0x8f,
    0xa0, 0x0, 0x0, 0xcf, 0x0, 0x0, 0xc, 0xfa,
    0x0, 0x0, 0xbf, 0x0, 0x0, 0x1, 0xcf, 0xa0,
    0x0, 0xbf, 0xcf, 0xff, 0xff, 0xff, 0xf7, 0x0,
    0xbf, 0x7b, 0xbb, 0xbb, 0xdf, 0xf4, 0x0, 0xbf,
    0x0, 0x0, 0x3, 0xff, 0x50, 0x0, 0xbf, 0x0,
    0x0, 0x3f, 0xf5, 0x0, 0x0, 0xbf, 0x0, 0x0,
    0x8f, 0x50, 0x0, 0x0, 0xdf, 0x0, 0x0, 0x1,
    0x0, 0xb, 0xce, 0xfa, 0x0, 0x0, 0x0, 0x0,
    0x1d, 0xfe, 0xa1,

    /* U+F091 "" */
    0x0, 0x0, 0x14, 0x44, 0x44, 0x30, 0x0, 0x0,
    0x0, 0x3, 0xff, 0xff, 0xff, 0xfe, 0x0, 0x0,
    0x1, 0x5a, 0xff, 0xff, 0xff, 0xff, 0x85, 0x0,
    0xc, 0xff, 0xff, 0xff, 0xff, 0xff, 0xff, 0xc0,
    0xe, 0x73, 0xff, 0xff, 0xff, 0xff, 0x7, 0xd0,
    0xb, 0xa1, 0xff, 0xff, 0xff, 0xfe, 0xb, 0xa0,
    0x5, 0xf2, 0xef, 0xff, 0xff, 0xfb, 0x4f, 0x40,
    0x0, 0xcd, 0xbf, 0xff, 0xff, 0xfb, 0xfa, 0x0,
    0x0, 0x1c, 0xff, 0xff, 0xff, 0xff, 0x90, 0x0,
    0x0, 0x0, 0x5c, 0xff, 0xff, 0xa3, 0x0, 0x0,
    0x0, 0x0, 0x0, 0xaf, 0xf8, 0x0, 0x0, 0x0,
    0x0, 0x0, 0x0, 0xf, 0xc0, 0x0, 0x0, 0x0,
    0x0, 0x0, 0x0, 0xf, 0xc0, 0x0, 0x0, 0x0,
    0x0, 0x0, 0x6f, 0xff, 0xff, 0xf3, 0x0, 0x0,
    0x0, 0x0, 0x4b, 0xcc, 0xcc, 0xb1, 0x0, 0x0,

    /* U+F093 "" */
    0x0, 0x0, 0x0, 0x10, 0x0, 0x0, 0x0, 0x0,
    0x1, 0xef, 0x40, 0x0, 0x0, 0x0, 0x1, 0xef,
    0xff, 0x40, 0x0, 0x0, 0x1, 0xef, 0xff, 0xff,
    0x30, 0x0, 0x0, 0x3f, 0x7c, 0xf4, 0xf7, 0x0,
    0x0, 0x0, 0x0, 0xcf, 0x0, 0x0, 0x0, 0x0,
    0x0, 0xc, 0xf0, 0x0, 0x0, 0x0, 0x0, 0x0,
    0xcf, 0x0, 0x0, 0x0, 0x0, 0x0, 0xc, 0xf0,
    0x0, 0x0, 0x1, 0x78, 0x70, 0xbf, 0x6, 0x87,
    0x20, 0xcf, 0xff, 0x31, 0x30, 0xef, 0xfe, 0xf,
    0xff, 0xfe, 0x65, 0xcf, 0x97, 0xf3, 0xef, 0xff,
    0xff, 0xff, 0xfd, 0xdf, 0x25, 0xef, 0xff, 0xff,
    0xff, 0xfe, 0x80,

    /* U+F094 "" */
    0x0, 0x0, 0x0, 0x2, 0x10, 0x25, 0x10, 0x0,
    0x0, 0x3a, 0xff, 0xff, 0xff, 0xe0, 0x0, 0x6,
    0xfe, 0x8c, 0xff, 0xff, 0xf3, 0x0, 0x5f, 0xb1,
    0x1b, 0xff, 0xff, 0xf0, 0x1, 0xfc, 0x6, 0xff,
    0xff, 0xff, 0xe0, 0x7, 0xf2, 0x5f, 0xff, 0xff,
    0xff, 0xf0, 0xb, 0xd0, 0xdf, 0xff, 0xff, 0xff,
    0xf0, 0xc, 0xfe, 0xff, 0xff, 0xff, 0xff, 0xd0,
    0xb, 0xff, 0xff, 0xff, 0xff, 0xff, 0x80, 0xa,
    0xff, 0xff, 0xff, 0xff, 0xfe, 0x10, 0xe, 0xff,
    0xff, 0xff, 0xff, 0xf3, 0x0, 0xe, 0xff, 0xff,
    0xff, 0xfd, 0x20, 0x0, 0x4, 0xdb, 0x89, 0xa8,
    0x40, 0x0, 0x0, 0x0, 0x0, 0x0, 0x0, 0x0,
    0x0, 0x0,

    /* U+F095 "" */
    0x0, 0x0, 0x20, 0x0, 0x0, 0x0, 0x0, 0x0,
    0x0, 0x6e, 0xf5, 0x0, 0x0, 0x0, 0x0, 0x0,
    0x5, 0xff, 0xfd, 0x0, 0x0, 0x0, 0x0, 0x0,
    0xd, 0xff, 0xff, 0x40, 0x0, 0x0, 0x0, 0x0,
    0xe, 0xff, 0xff, 0x80, 0x0, 0x0, 0x0, 0x0,
    0xc, 0xff, 0xfd, 0x10, 0x0, 0x0, 0x0, 0x0,
    0x6, 0xff, 0xf3, 0x0, 0x0, 0x0, 0x0, 0x0,
    0x1, 0xff, 0xfb, 0x0, 0x0, 0x0, 0x0, 0x0,
    0x0, 0x9f, 0xff, 0x60, 0x0, 0x0, 0x0, 0x0,
    0x0, 0xd, 0xff, 0xf7, 0x0, 0x7b, 0x60, 0x0,
    0x0, 0x2, 0xff, 0xff, 0xb7, 0xff, 0xfe, 0x60,
    0x0, 0x0, 0x4f, 0xff, 0xff, 0xff, 0xff, 0xe0,
    0x0, 0x0, 0x2, 0xcf, 0xff, 0xff, 0xff, 0x90,
    0x0, 0x0, 0x0, 0x7, 0xdf, 0xff, 0xfd, 0x10,
    0x0, 0x0, 0x0, 0x0, 0x3, 0x9a, 0x71, 0x0,
    0x0, 0x0, 0x0, 0x0, 0x0, 0x0, 0x0, 0x0,

    /* U+F096 "" */
    0x3, 0x44, 0x44, 0x44, 0x44, 0x40, 0xa, 0xff,
    0xff, 0xff, 0xff, 0xff, 0xd0, 0xff, 0xff, 0xff,
    0xff, 0xff, 0xff, 0x3f, 0xff, 0xff, 0xff, 0xff,
    0xff, 0xf4, 0xff, 0xff, 0xff, 0xff, 0xff, 0xff,
    0x4f, 0xff, 0xff, 0xff, 0xff, 0xff, 0xf4, 0xff,
    0xff, 0xff, 0xff, 0xff, 0xff, 0x4f, 0xff, 0xff,
    0xff, 0xff, 0xff, 0xf4, 0xff, 0xff, 0xff, 0xff,
    0xff, 0xff, 0x4f, 0xff, 0xff, 0xff, 0xff, 0xff,
    0xf4, 0xff, 0xff, 0xff, 0xff, 0xff, 0xff, 0x4e,
    0xff, 0xff, 0xff, 0xff, 0xff, 0xf2, 0x5e, 0xff,
    0xff, 0xff, 0xff, 0xe8, 0x0,

    /* U+F097 "" */
    0x0, 0x11, 0x11, 0x11, 0x10, 0x7, 0xff, 0xff,
    0xff, 0xff, 0xd1, 0xff, 0xff, 0xff, 0xff, 0xff,
    0x7f, 0xff, 0xff, 0xff, 0xff, 0xf7, 0xff, 0xff,
    0xff, 0xff, 0xff, 0x7f, 0xff, 0xff, 0xff, 0xff,
    0xf7, 0xff, 0xff, 0xff, 0xff, 0xff, 0x7f, 0xff,
    0xff, 0xff, 0xff, 0xf7, 0xff, 0xff, 0xff, 0xff,
    0xff, 0x7f, 0xff, 0xff, 0xff, 0xff, 0xf7, 0xff,
    0xff, 0xff, 0xff, 0xff, 0x7f, 0xff, 0xff, 0xff,
    0xff, 0xf7, 0xff, 0xff, 0xd9, 0xff, 0xff, 0x7f,
    0xff, 0x70, 0x3, 0xcf, 0xf7, 0xaa, 0x10, 0x0,
    0x0, 0x5d, 0x30,

    /* U+F098 "" */
    0x3, 0x44, 0x44, 0x44, 0x44, 0x40, 0xa, 0xff,
    0xff, 0xff, 0xff, 0xff, 0xd0, 0xff, 0xff, 0xff,
    0xff, 0xff, 0xff, 0x3f, 0xff, 0xc8, 0xff, 0xff,
    0xff, 0xf3, 0xff, 0xc0, 0xd, 0xff, 0xff, 0xff,
    0x3f, 0xfb, 0x0, 0xcf, 0xff, 0xff, 0xf3, 0xff,
    0xf0, 0x2f, 0xff, 0xff, 0xff, 0x3f, 0xff, 0x80,
    0x6f, 0xbd, 0xff, 0xf3, 0xff, 0xff, 0x50, 0x20,
    0x8, 0xff, 0x3f, 0xff, 0xff, 0x81, 0x0, 0xdf,
    0xf3, 0xff, 0xff, 0xff, 0xfb, 0xdf, 0xff, 0x3e,
    0xff, 0xff, 0xff, 0xff, 0xff, 0xf2, 0x5e, 0xff,
    0xff, 0xff, 0xff, 0xe8, 0x0,

    /* U+F09C "" */
    0x0, 0x0, 0x1, 0x0, 0x0, 0x0, 0x0, 0x9f,
    0xfd, 0x40, 0x0, 0x0, 0xaf, 0xdb, 0xff, 0x20,
    0x0, 0x1f, 0xc0, 0x5, 0xf9, 0x0, 0x3, 0xf8,
    0x0, 0x9, 0x50, 0x0, 0x3f, 0x70, 0x0, 0x0,
    0x0, 0x5e, 0xff, 0xff, 0xff, 0xfb, 0xe, 0xff,
    0xff, 0xff, 0xff, 0xf6, 0xff, 0xff, 0xff, 0xff,
    0xff, 0x7f, 0xff, 0xff, 0xff, 0xff, 0xf7, 0xff,
    0xff, 0xff, 0xff, 0xff, 0x7f, 0xff, 0xff, 0xff,
    0xff, 0xf7, 0xff, 0xff, 0xff, 0xff, 0xff, 0x7f,
    0xff, 0xff, 0xff, 0xff, 0xf7, 0xdf, 0xff, 0xff,
    0xff, 0xff, 0x52, 0x9a, 0xaa, 0xaa, 0xaa, 0x70,

    /* U+F09D "" */
    0x18, 0x99, 0x99, 0x99, 0x99, 0x99, 0x81, 0xcf,
    0xff, 0xff, 0xff, 0xff, 0xff, 0xfc, 0xff, 0xff,
    0xff, 0xff, 0xff, 0xff, 0xff, 0x0, 0x0, 0x0,
    0x0, 0x0, 0x0, 0x0, 0x88, 0x88, 0x88, 0x88,
    0x88, 0x88, 0x88, 0xff, 0xff, 0xff, 0xff, 0xff,
    0xff, 0xff, 0xff, 0xff, 0xff, 0xff, 0xff, 0xff,
    0xff, 0xff, 0xff, 0xff, 0xff, 0xff, 0xff, 0xff,
    0xfd, 0x0, 0xcc, 0x0, 0x6f, 0xff, 0xff, 0xff,
    0xcc, 0xff, 0xcb, 0xef, 0xff, 0xff, 0x6f, 0xff,
    0xff, 0xff, 0xff, 0xff, 0xf6,

    /* U+F09E "" */
    0x68, 0x63, 0x0, 0x0, 0x0, 0x0, 0xd, 0xff,
    0xfe, 0x81, 0x0, 0x0, 0x0, 0x3, 0x59, 0xef,
    0xf6, 0x0, 0x0, 0x0, 0x0, 0x0, 0x6e, 0xf8,
    0x0, 0x0, 0xac, 0xa6, 0x0, 0x2d, 0xf7, 0x0,
    0xa, 0xff, 0xfd, 0x30, 0x1e, 0xf4, 0x0, 0x0,
    0x38, 0xff, 0x60, 0x3f, 0xd0, 0x0, 0x0, 0x3,
    0xef, 0x20, 0xaf, 0x50, 0x0, 0x0, 0x3, 0xfc,
    0x2, 0xfa, 0x2, 0x86, 0x0, 0x9, 0xf4, 0xd,
    0xe0, 0xdf, 0xf5, 0x0, 0x4f, 0x90, 0xaf, 0x1e,
    0xff, 0x60, 0x1, 0xfb, 0x9, 0xf2, 0x4c, 0xa0,
    0x0, 0xa, 0x70, 0x4c, 0x10,

    /* U+F0A0 "" */
    0x18, 0x99, 0x99, 0x99, 0x99, 0x93, 0xc, 0xff,
    0xff, 0xff, 0xff, 0xff, 0xf1, 0xff, 0xff, 0xff,
    0xff, 0xff, 0xff, 0x3f, 0xff, 0xff, 0xff, 0xff,
    0xff, 0xf3, 0xff, 0xff, 0xff, 0xff, 0xff, 0xff,
    0x3f, 0xff, 0xff, 0xff, 0xff, 0xff, 0xf3, 0x62,
    0x11, 0x11, 0x11, 0x11, 0x14, 0x21, 0x89, 0x99,
    0x99, 0x99, 0x99, 0x30, 0xcf, 0xff, 0xff, 0xff,
    0xff, 0xff, 0x1f, 0xff, 0xff, 0xf8, 0x8f, 0x4c,
    0xf3, 0xff, 0xff, 0xff, 0x44, 0xd0, 0xaf, 0x3e,
    0xff, 0xff, 0xff, 0xff, 0xef, 0xf2, 0x5e, 0xff,
    0xff, 0xff, 0xff, 0xe8, 0x0,

    /* U+F0A1 "" */
    0x0, 0x0, 0x0, 0x0, 0x0, 0x7, 0xa0, 0x0,
    0x0, 0x0, 0x0, 0x0, 0x9f, 0xf1, 0x0, 0x0,
    0x0, 0x1, 0x5e, 0xff, 0xf1, 0x1, 0x8b, 0xcc,
    0xef, 0xff, 0x7b, 0xf1, 0x2f, 0xff, 0xff, 0xeb,
    0x81, 0xa, 0xf1, 0xbf, 0xff, 0xff, 0x20, 0x0,
    0xa, 0xf1, 0xff, 0xff, 0xff, 0x20, 0x0, 0xa,
    0xf1, 0xdf, 0xff, 0xff, 0x20, 0x0, 0xa, 0xf1,
    0x7f, 0xff, 0xff, 0x95, 0x20, 0xa, 0xf1, 0x8,
    0xff, 0xff, 0xff, 0xfb, 0x2a, 0xf1, 0x0, 0x9,
    0xff, 0x46, 0xbf, 0xfe, 0xf1, 0x0, 0x8, 0xff,
    0x20, 0x4, 0xdf, 0xf1, 0x0, 0x7, 0xff, 0x10,
    0x0, 0x1c, 0xf0, 0x0, 0x2, 0xb9, 0x0, 0x0,
    0x0, 0x10,

    /* U+F0A2 "" */
    0x0, 0x0, 0x0, 0x10, 0x0, 0x0, 0x0, 0x0,
    0x0, 0xbe, 0x10, 0x0, 0x0, 0x0, 0x6, 0xff,
    0xff, 0x90, 0x0, 0x0, 0x6, 0xff, 0xff, 0xff,
    0xa0, 0x0, 0x0, 0xef, 0xff, 0xff, 0xff, 0x20,
    0x0, 0x2f, 0xff, 0xff, 0xff, 0xf6, 0x0, 0x4,
    0xff, 0xff, 0xff, 0xff, 0x80, 0x0, 0x6f, 0xff,
    0xff, 0xff, 0xfa, 0x0, 0x9, 0xff, 0xff, 0xff,
    0xff, 0xd0, 0x2, 0xff, 0xff, 0xff, 0xff, 0xff,
    0x50, 0xbf, 0xff, 0xff, 0xff, 0xff, 0xfe, 0xd,
    0xff, 0xff, 0xff, 0xff, 0xff, 0xf1, 0x1, 0x11,
    0x11, 0x11, 0x11, 0x10, 0x0, 0x0, 0x2, 0x55,
    0x40, 0x0, 0x0, 0x0, 0x0, 0x1b, 0xd3, 0x0,
    0x0, 0x0,

    /* U+F0A3 "" */
    0x0, 0x0, 0x3, 0x60, 0x8, 0x10, 0x0, 0x0,
    0x0, 0x0, 0xb, 0xf7, 0xaf, 0x80, 0x0, 0x0,
    0x0, 0x7b, 0x7f, 0xff, 0xff, 0xd7, 0xb4, 0x0,
    0x0, 0x8f, 0xff, 0xff, 0xff, 0xff, 0xf5, 0x0,
    0x0, 0x5f, 0xff, 0xff, 0xff, 0xff, 0xf1, 0x0,
    0x3d, 0xff, 0xff, 0xff, 0xff, 0xff, 0xff, 0xb1,
    0x3f, 0xff, 0xff, 0xff, 0xff, 0xff, 0xff, 0xe1,
    0x4, 0xff, 0xff, 0xff, 0xff, 0xff, 0xff, 0x10,
    0xa, 0xff, 0xff, 0xff, 0xff, 0xff, 0xff, 0x70,
    0x6f, 0xff, 0xff, 0xff, 0xff, 0xff, 0xff, 0xf2,
    0x5, 0xbf, 0xff, 0xff, 0xff, 0xff, 0xf9, 0x40,
    0x0, 0x6f, 0xff, 0xff, 0xff, 0xff, 0xf2, 0x0,
    0x0, 0xaf, 0xff, 0xff, 0xff, 0xff, 0xf6, 0x0,
    0x0, 0x23, 0xd, 0xfe, 0xff, 0xa0, 0x41, 0x0,
    0x0, 0x0, 0x9, 0xe2, 0x4f, 0x50, 0x0, 0x0,
    0x0, 0x0, 0x0, 0x0, 0x0, 0x0, 0x0, 0x0,

    /* U+F0A4 "" */
    0x0, 0x3, 0x51, 0x0, 0x0, 0x0, 0x0, 0x3,
    0xdf, 0xff, 0x34, 0x77, 0x77, 0x74, 0x1f, 0xff,
    0xff, 0x89, 0xff, 0xff, 0xfd, 0xaf, 0xf8, 0xaf,
    0x82, 0x33, 0x33, 0x31, 0xef, 0xf8, 0x9f, 0x85,
    0xff, 0x40, 0x0, 0xff, 0xfb, 0x3a, 0x23, 0xbb,
    0x20, 0x0, 0xff, 0xff, 0xa2, 0x26, 0x51, 0x0,
    0x0, 0xdf, 0xff, 0xf5, 0xcf, 0xf8, 0x0, 0x0,
    0x8f, 0xff, 0xf5, 0x26, 0x51, 0x0, 0x0, 0xd,
    0xff, 0x95, 0xbb, 0x50, 0x0, 0x0, 0x0, 0x8d,
    0x78, 0xff, 0x80, 0x0, 0x0,

    /* U+F0A5 "" */
    0x0, 0x0, 0x0, 0x0, 0x15, 0x30, 0x0, 0x47,
    0x77, 0x77, 0x44, 0xff, 0xfd, 0x30, 0xef, 0xff,
    0xff, 0x88, 0xff, 0xff, 0xf1, 0x13, 0x33, 0x33,
    0x28, 0xfa, 0x8f, 0xfa, 0x0, 0x4, 0xff, 0x58,
    0xf9, 0x8f, 0xfe, 0x0, 0x2, 0xbb, 0x32, 0xa3,
    0xbf, 0xff, 0x0, 0x0, 0x15, 0x52, 0x3a, 0xff,
    0xff, 0x0, 0x0, 0x8f, 0xfc, 0x5f, 0xff, 0xfd,
    0x0, 0x0, 0x15, 0x52, 0x5f, 0xff, 0xf8, 0x0,
    0x0, 0x5, 0xbb, 0x59, 0xff, 0xd0, 0x0, 0x0,
    0x8, 0xff, 0x87, 0xd8, 0x0,

    /* U+F0A6 "" */
    0x4, 0x10, 0x0, 0x0, 0x0, 0x1, 0xf8, 0x0,
    0x0, 0x0, 0x0, 0x2f, 0x90, 0x0, 0x0, 0x0,
    0x2, 0xf9, 0x0, 0x0, 0x0, 0x0, 0x2f, 0x96,
    0xb0, 0x0, 0x0, 0x2, 0xf9, 0xaf, 0x1b, 0x90,
    0x0, 0x2f, 0x99, 0xf0, 0xed, 0x2f, 0x50, 0x21,
    0x1, 0xe, 0xc4, 0xf7, 0x5e, 0xff, 0xb0, 0x54,
    0x4f, 0x7d, 0xff, 0xfe, 0x7, 0x83, 0x92, 0xff,
    0x73, 0x14, 0xff, 0xfd, 0x5d, 0xfb, 0x8a, 0xff,
    0xff, 0xf3, 0x7f, 0xff, 0xff, 0xff, 0xfd, 0x0,
    0xbf, 0xff, 0xff, 0xff, 0x30, 0x0, 0x6c, 0xef,
    0xda, 0x20, 0x0,

    /* U+F0A7 "" */
    0x0, 0x4, 0x67, 0x52, 0x0, 0x0, 0x4e, 0xff,
    0xff, 0xf9, 0x0, 0x3f, 0xff, 0xff, 0xff, 0xf9,
    0xb, 0xff, 0xff, 0xff, 0xff, 0xf2, 0xff, 0x71,
    0x2a, 0xff, 0xff, 0x5e, 0xff, 0xfd, 0xe, 0xf6,
    0x10, 0x7f, 0xff, 0xd0, 0x11, 0x3f, 0x50, 0x12,
    0x20, 0xd, 0xc4, 0xf7, 0x1f, 0x86, 0xc0, 0xed,
    0x3f, 0x61, 0xf8, 0xaf, 0x1d, 0xb0, 0x40, 0x1f,
    0x88, 0xe0, 0x10, 0x0, 0x1, 0xf8, 0x0, 0x0,
    0x0, 0x0, 0x1f, 0x80, 0x0, 0x0, 0x0, 0x1,
    0xf8, 0x0, 0x0, 0x0, 0x0, 0x7, 0x20, 0x0,
    0x0, 0x0, 0x0,

    /* U+F0A8 "" */
    0x0, 0x0, 0x0, 0x22, 0x0, 0x0, 0x0, 0x0,
    0x2, 0xbf, 0xff, 0xfb, 0x20, 0x0, 0x0, 0x7f,
    0xff, 0xff, 0xff, 0xf7, 0x0, 0x6, 0xff, 0xff,
    0xff, 0xff, 0xff, 0x60, 0x1f, 0xff, 0xff, 0xff,
    0xff, 0xff, 0xf1, 0x9f, 0xff, 0xf7, 0x1f, 0xff,
    0xff, 0xf9, 0xdf, 0xff, 0x80, 0xaf, 0xff, 0xff,
    0xfd, 0xff, 0xfa, 0x0, 0x11, 0x11, 0xbf, 0xff,
    0xef, 0xfd, 0x10, 0x77, 0x77, 0xdf, 0xfe, 0xcf,
    0xff, 0xc1, 0x5f, 0xff, 0xff, 0xfc, 0x6f, 0xff,
    0xfc, 0x7f, 0xff, 0xff, 0xf6, 0xc, 0xff, 0xff,
    0xff, 0xff, 0xff, 0xc0, 0x2, 0xff, 0xff, 0xff,
    0xff, 0xff, 0x20, 0x0, 0x2c, 0xff, 0xff, 0xff,
    0xc2, 0x0, 0x0, 0x0, 0x5a, 0xcc, 0xa5, 0x0,
    0x0,

    /* U+F0A9 "" */
    0x0, 0x0, 0x0, 0x22, 0x0, 0x0, 0x0, 0x0,
    0x2, 0xbf, 0xff, 0xfb, 0x20, 0x0, 0x0, 0x7f,
    0xff, 0xff, 0xff, 0xf7, 0x0, 0x6, 0xff, 0xff,
    0xff, 0xff, 0xff, 0x60, 0x1f, 0xff, 0xff, 0xff,
    0xff, 0xff, 0xf1, 0x9f, 0xff, 0xff, 0xf1, 0x7f,
    0xff, 0xf9, 0xdf, 0xff, 0xff, 0xfa, 0x8, 0xff,
    0xfd, 0xff, 0xfb, 0x11, 0x11, 0x0, 0xaf, 0xff,
    0xef, 0xfd, 0x77, 0x77, 0x1, 0xdf, 0xfe, 0xcf,
    0xff, 0xff, 0xf5, 0x1c, 0xff, 0xfc, 0x6f, 0xff,
    0xff, 0xf7, 0xcf, 0xff, 0xf6, 0xc, 0xff, 0xff,
    0xff, 0xff, 0xff, 0xc0, 0x2, 0xff, 0xff, 0xff,
    0xff, 0xff, 0x20, 0x0, 0x2c, 0xff, 0xff, 0xff,
    0xc2, 0x0, 0x0, 0x0, 0x5a, 0xcc, 0xa5, 0x0,
    0x0,

    /* U+F0AA "" */
    0x0, 0x0, 0x1, 0x33, 0x10, 0x0, 0x0, 0x0,
    0x2, 0xbf, 0xff, 0xfb, 0x20, 0x0, 0x0, 0x7f,
    0xff, 0xff, 0xff, 0xf7, 0x0, 0x6, 0xff, 0xff,
    0xff, 0xff, 0xff, 0x60, 0x1f, 0xff, 0xff, 0x88,
    0xff, 0xff, 0xf1, 0x9f, 0xff, 0xf8, 0x0, 0x8f,
    0xff, 0xf9, 0xdf, 0xff, 0x90, 0x11, 0x9, 0xff,
    0xfd, 0xff, 0xff, 0x69, 0x55, 0x96, 0xff, 0xff,
    0xef, 0xff, 0xff, 0x55, 0xff, 0xff, 0xfe, 0xcf,
    0xff, 0xff, 0x55, 0xff, 0xff, 0xfc, 0x6f, 0xff,
    0xff, 0x55, 0xff, 0xff, 0xf6, 0xc, 0xff, 0xff,
    0xdd, 0xff, 0xff, 0xc0, 0x2, 0xff, 0xff, 0xff,
    0xff, 0xff, 0x20, 0x0, 0x2c, 0xff, 0xff, 0xff,
    0xc2, 0x0, 0x0, 0x0, 0x5a, 0xcc, 0xa5, 0x0,
    0x0,

    /* U+F0AB "" */
    0x0, 0x0, 0x2, 0x44, 0x20, 0x0, 0x0, 0x0,
    0x4, 0xdf, 0xff, 0xfd, 0x40, 0x0, 0x0, 0x9f,
    0xff, 0xff, 0xff, 0xf9, 0x0, 0x7, 0xff, 0xff,
    0xff, 0xff, 0xff, 0x70, 0x2f, 0xff, 0xff, 0x99,
    0xff, 0xff, 0xf2, 0x9f, 0xff, 0xff, 0x55, 0xff,
    0xff, 0xf9, 0xdf, 0xff, 0xff, 0x55, 0xff, 0xff,
    0xfd, 0xff, 0xff, 0xde, 0x55, 0xed, 0xff, 0xff,
    0xef, 0xff, 0x42, 0x44, 0x24, 0xff, 0xfe, 0xcf,
    0xff, 0xd1, 0x0, 0x1d, 0xff, 0xfc, 0x6f, 0xff,
    0xfd, 0x11, 0xdf, 0xff, 0xf6, 0xc, 0xff, 0xff,
    0xdd, 0xff, 0xff, 0xc0, 0x2, 0xff, 0xff, 0xff,
    0xff, 0xff, 0x20, 0x0, 0x2c, 0xff, 0xff, 0xff,
    0xc2, 0x0, 0x0, 0x0, 0x5a, 0xcc, 0xa5, 0x0,
    0x0,

    /* U+F0AC "" */
    0x0, 0x0, 0x0, 0x1, 0x0, 0x0, 0x0, 0x0,
    0x0, 0x26, 0xb, 0xf2, 0x25, 0x0, 0x0, 0x0,
    0x5f, 0x45, 0xff, 0xb0, 0xeb, 0x0, 0x0, 0x5f,
    0xe0, 0xbf, 0xff, 0x17, 0xfb, 0x0, 0xe, 0xfa,
    0xf, 0xff, 0xf6, 0x4f, 0xf5, 0x5, 0xff, 0x83,
    0xff, 0xff, 0x91, 0xff, 0xc0, 0x9f, 0xf5, 0x5f,
    0xff, 0xfb, 0xf, 0xff, 0x1, 0x11, 0x0, 0x11,
    0x11, 0x10, 0x11, 0x10, 0x46, 0x61, 0x26, 0x66,
    0x64, 0x5, 0x66, 0x8, 0xff, 0x64, 0xff, 0xff,
    0xb0, 0xff, 0xe0, 0x4f, 0xf8, 0x2f, 0xff, 0xf8,
    0x2f, 0xfa, 0x0, 0xcf, 0xb0, 0xef, 0xff, 0x55,
    0xff, 0x20, 0x2, 0xef, 0x9, 0xff, 0xf0, 0x9f,
    0x70, 0x0, 0x2, 0xd6, 0x3f, 0xf9, 0x1e, 0x60,
    0x0, 0x0, 0x0, 0x30, 0x7c, 0x12, 0x10, 0x0,
    0x0,

    /* U+F0AD "" */
    0x0, 0x0, 0x0, 0x0, 0x0, 0x30, 0x0, 0x0,
    0x0, 0x0, 0x0, 0x1b, 0xff, 0xf1, 0x0, 0x0,
    0x0, 0x0, 0xe, 0xff, 0xf5, 0x0, 0x0, 0x0,
    0x0, 0x8, 0xff, 0xf5, 0x0, 0x35, 0x0, 0x0,
    0x0, 0xcf, 0xf9, 0x0, 0x3f, 0xb0, 0x0, 0x0,
    0xd, 0xff, 0xa0, 0x3f, 0xfb, 0x0, 0x0, 0x0,
    0xdf, 0xff, 0xff, 0xff, 0x80, 0x0, 0x0, 0xbf,
    0xff, 0xff, 0xff, 0xe1, 0x0, 0x0, 0xbf, 0xff,
    0xff, 0xff, 0xd3, 0x0, 0x0, 0xbf, 0xff, 0xfc,
    0x57, 0x40, 0x0, 0x0, 0xaf, 0xff, 0xfc, 0x10,
    0x0, 0x0, 0x0, 0xaf, 0xff, 0xfc, 0x10, 0x0,
    0x0, 0x0, 0x4f, 0xff, 0xfc, 0x10, 0x0, 0x0,
    0x0, 0x4, 0xff, 0xfc, 0x10, 0x0, 0x0, 0x0,
    0x0, 0x9, 0xea, 0x10, 0x0, 0x0, 0x0, 0x0,
    0x0, 0x0, 0x0, 0x0, 0x0, 0x0, 0x0, 0x0,

    /* U+F0AE "" */
    0x0, 0x2, 0x60, 0x0, 0x0, 0x0, 0x0, 0x0,
    0x51, 0xcb, 0x0, 0x6b, 0xbb, 0xbb, 0xb7, 0xd,
    0xff, 0x20, 0xa, 0xff, 0xff, 0xff, 0xc0, 0x2d,
    0x60, 0x0, 0x0, 0x0, 0x0, 0x0, 0x0, 0x0,
    0x0, 0x0, 0x0, 0x0, 0x0, 0x0, 0x0, 0x5b,
    0x0, 0x0, 0x0, 0x0, 0x0, 0xa, 0x6f, 0x80,
    0xa, 0xff, 0xff, 0xff, 0xd0, 0x9f, 0xd0, 0x0,
    0x6b, 0xbb, 0xbb, 0xb7, 0x0, 0x62, 0x0, 0x0,
    0x0, 0x0, 0x0, 0x0, 0x0, 0x0, 0x0, 0x0,
    0x0, 0x0, 0x0, 0x1, 0xd7, 0x4, 0xbc, 0xcc,
    0xcc, 0xcc, 0x80, 0x2f, 0xa0, 0x6f, 0xff, 0xff,
    0xff, 0xfc, 0x0, 0x10, 0x0, 0x0, 0x0, 0x0,
    0x0, 0x0,

    /* U+F0B0 "" */
    0x6, 0x77, 0x77, 0x77, 0x77, 0x77, 0x77, 0x31,
    0xff, 0xff, 0xff, 0xff, 0xff, 0xff, 0xfc, 0x6,
    0xff, 0xff, 0xff, 0xff, 0xff, 0xfe, 0x20, 0x6,
    0xff, 0xff, 0xff, 0xff, 0xfe, 0x20, 0x0, 0x6,
    0xff, 0xff, 0xff, 0xfe, 0x20, 0x0, 0x0, 0x6,
    0xff, 0xff, 0xfe, 0x20, 0x0, 0x0, 0x0, 0x6,
    0xff, 0xfe, 0x20, 0x0, 0x0, 0x0, 0x0, 0xe,
    0xff, 0x90, 0x0, 0x0, 0x0, 0x0, 0x0, 0xef,
    0xf9, 0x0, 0x0, 0x0, 0x0, 0x0, 0xe, 0xff,
    0x90, 0x0, 0x0, 0x0, 0x0, 0x0, 0xcf, 0xf9,
    0x0, 0x0, 0x0, 0x0, 0x0, 0x1, 0xdf, 0x90,
    0x0, 0x0, 0x0, 0x0, 0x0, 0x1, 0xa4, 0x0,
    0x0, 0x0,

    /* U+F0B1 "" */
    0x0, 0x0, 0x3, 0x33, 0x30, 0x0, 0x0, 0x0,
    0x0, 0xaf, 0xff, 0xfa, 0x0, 0x0, 0x0, 0x0,
    0xf5, 0x0, 0x5f, 0x0, 0x0, 0x5, 0x67, 0xf9,
    0x66, 0x9f, 0x76, 0x50, 0xbf, 0xff, 0xff, 0xff,
    0xff, 0xff, 0xfb, 0xff, 0xff, 0xff, 0xff, 0xff,
    0xff, 0xff, 0xff, 0xff, 0xff, 0xff, 0xff, 0xff,
    0xff, 0xff, 0xff, 0xff, 0xff, 0xff, 0xff, 0xff,
    0x0, 0x0, 0x0, 0x0, 0x0, 0x0, 0x0, 0xdd,
    0xdd, 0xd4, 0x0, 0x4d, 0xdd, 0xdd, 0xff, 0xff,
    0xfd, 0x88, 0xdf, 0xff, 0xff, 0xff, 0xff, 0xff,
    0xff, 0xff, 0xff, 0xff, 0xef, 0xff, 0xff, 0xff,
    0xff, 0xff, 0xfe, 0x5e, 0xff, 0xff, 0xff, 0xff,
    0xff, 0xe5,

    /* U+F0B2 "" */
    0x0, 0x0, 0x0, 0x0, 0x0, 0x0, 0x0, 0x0,
    0x0, 0x0, 0x0, 0x2e, 0xe2, 0x0, 0x0, 0x0,
    0x0, 0x0, 0x2, 0xef, 0xfe, 0x20, 0x0, 0x0,
    0x0, 0x0, 0x8, 0xff, 0xff, 0x80, 0x0, 0x0,
    0x0, 0x0, 0x0, 0x4e, 0xe4, 0x0, 0x0, 0x0,
    0x0, 0x2c, 0x30, 0xd, 0xd0, 0x3, 0xc2, 0x0,
    0x2, 0xef, 0x81, 0x1e, 0xe1, 0x18, 0xfe, 0x20,
    0xd, 0xff, 0xff, 0xff, 0xff, 0xff, 0xff, 0xd0,
    0x9, 0xff, 0xda, 0xaf, 0xfa, 0xad, 0xff, 0x90,
    0x0, 0xaf, 0x70, 0xd, 0xd0, 0x7, 0xfa, 0x0,
    0x0, 0x5, 0x0, 0xd, 0xd0, 0x0, 0x50, 0x0,
    0x0, 0x0, 0x4, 0xbf, 0xfb, 0x40, 0x0, 0x0,
    0x0, 0x0, 0x7, 0xff, 0xff, 0x70, 0x0, 0x0,
    0x0, 0x0, 0x0, 0xaf, 0xfa, 0x0, 0x0, 0x0,
    0x0, 0x0, 0x0, 0x8, 0x80, 0x0, 0x0, 0x0,

    /* U+F0C0 "" */
    0x0, 0x0, 0x0, 0x7, 0xba, 0x20, 0x0, 0x0,
    0x0, 0x0, 0x0, 0x0, 0x9f, 0xff, 0xf2, 0x0,
    0x0, 0x0, 0x6, 0xc9, 0x0, 0xff, 0xff, 0xf7,
    0x4, 0xca, 0x0, 0x3f, 0xff, 0x60, 0xff, 0xff,
    0xf7, 0xe, 0xff, 0x70, 0x4f, 0xff, 0x80, 0x9f,
    0xff, 0xf2, 0xf, 0xff, 0x80, 0xa, 0xfd, 0x10,
    0x8, 0xdb, 0x30, 0x7, 0xfd, 0x20, 0x0, 0x0,
    0x0, 0x0, 0x0, 0x0, 0x0, 0x0, 0x0, 0x0,
    0x14, 0x10, 0x17, 0xa9, 0x50, 0x3, 0x20, 0x0,
    0x9, 0xff, 0x24, 0xef, 0xff, 0xfa, 0xa, 0xfd,
    0x20, 0x7f, 0xf8, 0x1e, 0xff, 0xff, 0xff, 0x72,
    0xff, 0xc0, 0xdf, 0xf4, 0x6f, 0xff, 0xff, 0xff,
    0xe0, 0xff, 0xf2, 0xff, 0xf1, 0x9f, 0xff, 0xff,
    0xff, 0xf1, 0xcf, 0xf4, 0xbf, 0xf2, 0x6f, 0xff,
    0xff, 0xff, 0xd0, 0xcf, 0xe2,

    /* U+F0C1 "" */
    0x0, 0x0, 0x0, 0x0, 0x0, 0x35, 0x20, 0x0,
    0x0, 0x0, 0x0, 0x0, 0xc, 0xff, 0xfc, 0x20,
    0x0, 0x0, 0x37, 0x85, 0x3, 0xa6, 0xaf, 0xd0,
    0x0, 0x9, 0xff, 0xff, 0xd2, 0x0, 0x7, 0xf7,
    0x0, 0xaf, 0xc4, 0x38, 0xfd, 0x0, 0x1, 0xfa,
    0xa, 0xfb, 0x0, 0x0, 0x9f, 0x40, 0x1, 0xfa,
    0x5f, 0xc0, 0x9, 0xd0, 0x4f, 0x70, 0xa, 0xf6,
    0xcf, 0x10, 0x9, 0xf2, 0x8, 0x20, 0x8f, 0xc0,
    0xfc, 0x0, 0x5, 0xfa, 0x0, 0x8, 0xfd, 0x10,
    0xde, 0x0, 0x0, 0xbf, 0xea, 0xdf, 0xd1, 0x0,
    0x7f, 0xa1, 0x1, 0x8, 0xef, 0xe9, 0x0, 0x0,
    0xb, 0xff, 0xff, 0x80, 0x1, 0x0, 0x0, 0x0,
    0x0, 0x6b, 0xda, 0x30, 0x0, 0x0, 0x0, 0x0,

    /* U+F0C2 "" */
    0x0, 0x0, 0x1, 0x42, 0x0, 0x0, 0x0, 0x0,
    0x0, 0x0, 0x9f, 0xff, 0xb0, 0x0, 0x0, 0x0,
    0x0, 0xa, 0xff, 0xff, 0xfb, 0x47, 0x30, 0x0,
    0x0, 0x2f, 0xff, 0xff, 0xff, 0xff, 0xf6, 0x0,
    0x0, 0x5f, 0xff, 0xff, 0xff, 0xff, 0xfe, 0x0,
    0x1, 0xaf, 0xff, 0xff, 0xff, 0xff, 0xfe, 0x0,
    0x1e, 0xff, 0xff, 0xff, 0xff, 0xff, 0xfe, 0x20,
    0xaf, 0xff, 0xff, 0xff, 0xff, 0xff, 0xff, 0xe2,
    0xef, 0xff, 0xff, 0xff, 0xff, 0xff, 0xff, 0xf9,
    0xef, 0xff, 0xff, 0xff, 0xff, 0xff, 0xff, 0xfb,
    0xaf, 0xff, 0xff, 0xff, 0xff, 0xff, 0xff, 0xf8,
    0x1e, 0xff, 0xff, 0xff, 0xff, 0xff, 0xff, 0xe1,
    0x1, 0xad, 0xff, 0xff, 0xff, 0xff, 0xea, 0x20,

    /* U+F0C3 "" */
    0x0, 0x0, 0x0, 0x0, 0x0, 0x0, 0x0, 0x3,
    0xff, 0xff, 0xff, 0x70, 0x0, 0x0, 0x1c, 0xfc,
    0xbf, 0xe3, 0x0, 0x0, 0x0, 0x7f, 0x30, 0xfb,
    0x0, 0x0, 0x0, 0x7, 0xf3, 0xf, 0xb0, 0x0,
    0x0, 0x0, 0x7f, 0x30, 0xfb, 0x0, 0x0, 0x0,
    0x8, 0xf3, 0xf, 0xc0, 0x0, 0x0, 0x0, 0xdf,
    0x10, 0xdf, 0x20, 0x0, 0x0, 0x7f, 0x90, 0x5,
    0xfb, 0x0, 0x0, 0x1e, 0xf5, 0x44, 0x4e, 0xf4,
    0x0, 0x9, 0xff, 0xff, 0xff, 0xff, 0xd0, 0x2,
    0xff, 0xff, 0xff, 0xff, 0xff, 0x60, 0xbf, 0xff,
    0xff, 0xff, 0xff, 0xfe, 0xe, 0xff, 0xff, 0xff,
    0xff, 0xff, 0xf2, 0x6e, 0xff, 0xff, 0xff, 0xff,
    0xe9, 0x0,

    /* U+F0C4 "" */
    0x0, 0x0, 0x0, 0x0, 0x0, 0x0, 0x0, 0xa,
    0xff, 0xb1, 0x0, 0x0, 0x2, 0x40, 0x9f, 0xdc,
    0xfb, 0x0, 0x0, 0x6f, 0xfa, 0xee, 0x0, 0xcf,
    0x0, 0x7, 0xff, 0xe2, 0xdf, 0x11, 0xef, 0x0,
    0x7f, 0xfe, 0x20, 0x7f, 0xff, 0xff, 0x77, 0xff,
    0xe2, 0x0, 0x6, 0xcc, 0xef, 0xff, 0xfe, 0x20,
    0x0, 0x0, 0x0, 0x1f, 0xff, 0xe2, 0x0, 0x0,
    0x2, 0x78, 0xaf, 0xfe, 0x24, 0x0, 0x0, 0x3f,
    0xff, 0xff, 0xe2, 0x5f, 0xa0, 0x0, 0xcf, 0x65,
    0xff, 0x20, 0xcf, 0xfa, 0x0, 0xfd, 0x0, 0xbf,
    0x10, 0x1d, 0xff, 0x90, 0xdf, 0x43, 0xff, 0x0,
    0x1, 0xdf, 0xf8, 0x5f, 0xff, 0xf7, 0x0, 0x0,
    0x1b, 0xd5, 0x3, 0xaa, 0x50, 0x0, 0x0, 0x0,
    0x0,

    /* U+F0C5 "" */
    0x0, 0x0, 0x47, 0x77, 0x72, 0x0, 0x0, 0x0,
    0x6f, 0xff, 0xff, 0xf7, 0x0, 0x0, 0xa, 0xff,
    0xff, 0xff, 0xf7, 0x0, 0x0, 0xaf, 0xff, 0xff,
    0xff, 0xf0, 0x5e, 0x2a, 0xff, 0xff, 0xff, 0xff,
    0x1e, 0xf2, 0xaf, 0xff, 0xff, 0xff, 0xf1, 0xfb,
    0xa, 0xff, 0xff, 0xff, 0xff, 0x1f, 0xb0, 0xaf,
    0xff, 0xff, 0xff, 0xf1, 0xfb, 0xa, 0xff, 0xff,
    0xff, 0xff, 0x1f, 0xb0, 0x9f, 0xff, 0xff, 0xff,
    0xf0, 0xfb, 0x3, 0xef, 0xff, 0xff, 0xf7, 0xf,
    0xb0, 0x0, 0x0, 0x0, 0x0, 0x0, 0xfb, 0x0,
    0x0, 0x16, 0x40, 0x0, 0xd, 0xff, 0xff, 0xff,
    0xf7, 0x0, 0x0, 0x3b, 0xbb, 0xbb, 0xb9, 0x0,
    0x0, 0x0,

    /* U+F0C6 "" */
    0x0, 0x0, 0x0, 0x0, 0x0, 0x0, 0x0, 0x0,
    0x0, 0x0, 0x0, 0x19, 0xca, 0x50, 0x0, 0x0,
    0x0, 0x0, 0x5f, 0xff, 0xff, 0x90, 0x0, 0x0,
    0x0, 0x5f, 0xf5, 0x1, 0xcf, 0x40, 0x0, 0x0,
    0x5f, 0xe3, 0x16, 0x3, 0xf8, 0x0, 0x0, 0x6f,
    0xe3, 0x1d, 0xf3, 0x3f, 0x80, 0x0, 0x6f, 0xe2,
    0x1d, 0xf8, 0xb, 0xf4, 0x0, 0x2f, 0xe2, 0x1d,
    0xf7, 0xa, 0xfa, 0x0, 0xc, 0xf3, 0x1d, 0xf7,
    0xa, 0xfb, 0x0, 0x0, 0xfc, 0xb, 0xf7, 0xb,
    0xfb, 0x5, 0x80, 0x1f, 0xa0, 0xfd, 0xb, 0xfb,
    0x7, 0xfe, 0x0, 0xfd, 0xb, 0xff, 0xfb, 0x8,
    0xfe, 0x20, 0xa, 0xf6, 0x1a, 0xc8, 0x9, 0xfd,
    0x20, 0x0, 0x1e, 0xf9, 0x31, 0x4c, 0xfd, 0x10,
    0x0, 0x0, 0x2c, 0xff, 0xff, 0xfa, 0x10, 0x0,
    0x0, 0x0, 0x5, 0x8a, 0x83, 0x0, 0x0, 0x0,
    0x0, 0x0, 0x0, 0x0, 0x0, 0x0, 0x0, 0x0,

    /* U+F0C7 "" */
    0x18, 0x99, 0x99, 0x99, 0x93, 0x0, 0xc, 0xff,
    0xff, 0xff, 0xff, 0xf5, 0x0, 0xff, 0xd3, 0x22,
    0x22, 0x7f, 0xf5, 0xf, 0xfa, 0x0, 0x0, 0x1,
    0xff, 0xf2, 0xff, 0x90, 0x0, 0x0, 0x1f, 0xff,
    0x6f, 0xfd, 0x10, 0x0, 0x5, 0xff, 0xf6, 0xff,
    0xff, 0xff, 0xff, 0xff, 0xff, 0x6f, 0xff, 0xff,
    0xec, 0xff, 0xff, 0xf6, 0xff, 0xff, 0xb0, 0x5,
    0xff, 0xff, 0x6f, 0xff, 0xf6, 0x0, 0xf, 0xff,
    0xf6, 0xff, 0xff, 0xc0, 0x6, 0xff, 0xff, 0x6e,
    0xff, 0xff, 0xfd, 0xff, 0xff, 0xf5, 0x5e, 0xff,
    0xff, 0xff, 0xff, 0xfa, 0x0,

    /* U+F0C8 "" */
    0x3, 0x44, 0x44, 0x44, 0x44, 0x40, 0xa, 0xff,
    0xff, 0xff, 0xff, 0xff, 0xd0, 0xff, 0xff, 0xff,
    0xff, 0xff, 0xff, 0x3f, 0xff, 0xff, 0xff, 0xff,
    0xff, 0xf4, 0xff, 0xff, 0xff, 0xff, 0xff, 0xff,
    0x4f, 0xff, 0xff, 0xff, 0xff, 0xff, 0xf4, 0xff,
    0xff, 0xff, 0xff, 0xff, 0xff, 0x4f, 0xff, 0xff,
    0xff, 0xff, 0xff, 0xf4, 0xff, 0xff, 0xff, 0xff,
    0xff, 0xff, 0x4f, 0xff, 0xff, 0xff, 0xff, 0xff,
    0xf4, 0xff, 0xff, 0xff, 0xff, 0xff, 0xff, 0x4e,
    0xff, 0xff, 0xff, 0xff, 0xff, 0xf2, 0x5e, 0xff,
    0xff, 0xff, 0xff, 0xe8, 0x0,

    /* U+F0C9 "" */
    0x7b, 0xbb, 0xbb, 0xbb, 0xbb, 0xb9, 0xc, 0xff,
    0xff, 0xff, 0xff, 0xff, 0xf1, 0x0, 0x0, 0x0,
    0x0, 0x0, 0x0, 0x0, 0x0, 0x0, 0x0, 0x0,
    0x0, 0x0, 0x0, 0x0, 0x0, 0x0, 0x0, 0x0,
    0xc, 0xff, 0xff, 0xff, 0xff, 0xff, 0xf1, 0x7b,
    0xbb, 0xbb, 0xbb, 0xbb, 0xba, 0x0, 0x0, 0x0,
    0x0, 0x0, 0x0, 0x0, 0x0, 0x0, 0x0, 0x0,
    0x0, 0x0, 0x8, 0xcc, 0xcc, 0xcc, 0xcc, 0xcc,
    0xa0, 0xcf, 0xff, 0xff, 0xff, 0xff, 0xfe, 0x10,

    /* U+F0CA "" */
    0x0, 0x0, 0x0, 0x0, 0x0, 0x0, 0x0, 0xaf,
    0x40, 0x3b, 0xbb, 0xbb, 0xbb, 0xb7, 0xdf, 0x70,
    0x7f, 0xff, 0xff, 0xff, 0xfc, 0x25, 0x0, 0x0,
    0x0, 0x0, 0x0, 0x0, 0x0, 0x0, 0x0, 0x0,
    0x0, 0x0, 0x0, 0x25, 0x0, 0x0, 0x0, 0x0,
    0x0, 0x0, 0xdf, 0x70, 0x7f, 0xff, 0xff, 0xff,
    0xfd, 0xaf, 0x50, 0x3b, 0xbb, 0xbb, 0xbb, 0xb7,
    0x0, 0x0, 0x0, 0x0, 0x0, 0x0, 0x0, 0x1,
    0x0, 0x0, 0x0, 0x0, 0x0, 0x0, 0xbf, 0x50,
    0x4b, 0xbb, 0xbb, 0xbb, 0xb8, 0xdf, 0x70, 0x6f,
    0xff, 0xff, 0xff, 0xfc, 0x15, 0x0, 0x0, 0x0,
    0x0, 0x0, 0x0,

    /* U+F0CB "" */
    0x1, 0x20, 0x0, 0x0, 0x0, 0x0, 0x0, 0x1,
    0xff, 0x50, 0x7, 0xbb, 0xbb, 0xbb, 0xb5, 0x2,
    0xe6, 0x0, 0xcf, 0xff, 0xff, 0xff, 0x90, 0xe,
    0x60, 0x0, 0x0, 0x0, 0x0, 0x0, 0x5, 0xf9,
    0x20, 0x0, 0x0, 0x0, 0x0, 0x1, 0xef, 0xf8,
    0x0, 0x0, 0x0, 0x0, 0x0, 0x0, 0x0, 0x0,
    0xcf, 0xff, 0xff, 0xff, 0x90, 0x4, 0x10, 0x6,
    0xaa, 0xaa, 0xaa, 0x94, 0xd, 0xff, 0x20, 0x0,
    0x0, 0x0, 0x0, 0x0, 0x73, 0xf6, 0x0, 0x0,
    0x0, 0x0, 0x0, 0x5, 0xec, 0x0, 0x8c, 0xcc,
    0xcc, 0xcc, 0x61, 0xff, 0xf8, 0xa, 0xee, 0xee,
    0xee, 0xe8, 0x4, 0x55, 0x20, 0x0, 0x0, 0x0,
    0x0, 0x0,

    /* U+F0CC "" */
    0x0, 0x0, 0x27, 0x99, 0x99, 0x50, 0x0, 0x0,
    0x5, 0xff, 0xff, 0xff, 0xc0, 0x0, 0x0, 0x1e,
    0xf5, 0x22, 0x22, 0x0, 0x0, 0x0, 0x4f, 0x80,
    0x0, 0x0, 0x0, 0x0, 0x0, 0x5f, 0x80, 0x0,
    0x0, 0x0, 0x0, 0x0, 0x2f, 0xf6, 0x10, 0x0,
    0x0, 0x0, 0xcf, 0xff, 0xff, 0xff, 0xff, 0xff,
    0xfd, 0x7b, 0xbb, 0xbb, 0xbb, 0xbb, 0xbb, 0xb7,
    0x0, 0x0, 0x0, 0x0, 0x0, 0x0, 0x0, 0x0,
    0x0, 0x0, 0x0, 0x6, 0xf5, 0x0, 0x0, 0x0,
    0x0, 0x0, 0xc, 0xf2, 0x0, 0x0, 0x8, 0xcc,
    0xcc, 0xff, 0xa0, 0x0, 0x0, 0xa, 0xff, 0xff,
    0xd8, 0x0, 0x0,

    /* U+F0CD "" */
    0x0, 0x0, 0x0, 0x0, 0x0, 0xc, 0xff, 0x50,
    0x0, 0xcf, 0xf5, 0x8f, 0xd2, 0x0, 0x8, 0xfd,
    0x22, 0xfa, 0x0, 0x0, 0x2f, 0xa0, 0x2f, 0xa0,
    0x0, 0x2, 0xfa, 0x2, 0xfa, 0x0, 0x0, 0x2f,
    0xa0, 0x1f, 0xa0, 0x0, 0x2, 0xf9, 0x0, 0xfc,
    0x0, 0x0, 0x4f, 0x80, 0xc, 0xf5, 0x0, 0xc,
    0xf3, 0x0, 0x2f, 0xfc, 0xae, 0xf9, 0x0, 0x0,
    0x2b, 0xff, 0xe7, 0x0, 0x0, 0x0, 0x0, 0x10,
    0x0, 0x0, 0x0, 0x0, 0x0, 0x0, 0x0, 0xc,
    0xff, 0xff, 0xff, 0xff, 0xf4, 0x8c, 0xcc, 0xcc,
    0xcc, 0xcb, 0x30,

    /* U+F0CE "" */
    0x6, 0x77, 0x77, 0x77, 0x77, 0x62, 0xb, 0xff,
    0xff, 0xff, 0xff, 0xff, 0xe0, 0xff, 0xff, 0xff,
    0xff, 0xff, 0xff, 0x3f, 0xff, 0xff, 0xff, 0xff,
    0xff, 0xf4, 0xfc, 0x0, 0xc, 0xf0, 0x0, 0x8f,
    0x4f, 0xc0, 0x0, 0xcf, 0x0, 0x8, 0xf4, 0xfc,
    0x0, 0xc, 0xf0, 0x0, 0x8f, 0x4f, 0xff, 0xff,
    0xff, 0xff, 0xff, 0xf4, 0xfe, 0xbb, 0xbe, 0xfb,
    0xbb, 0xdf, 0x4f, 0xc0, 0x0, 0xcf, 0x0, 0x8,
    0xf4, 0xfc, 0x0, 0xc, 0xf0, 0x0, 0x8f, 0x4d,
    0xfc, 0xcc, 0xff, 0xcc, 0xce, 0xf2, 0x4d, 0xff,
    0xff, 0xff, 0xff, 0xe8, 0x0,

    /* U+F0D0 "" */
    0x0, 0x0, 0x0, 0x0, 0x0, 0x2, 0x0, 0x0,
    0x0, 0x0, 0x0, 0x0, 0x8f, 0xd1, 0x0, 0x0,
    0x0, 0x0, 0x8, 0xff, 0xfc, 0x0, 0x0, 0x0,
    0x0, 0x4f, 0xff, 0xfc, 0x0, 0x0, 0x0, 0x5,
    0x7, 0xff, 0xe2, 0x0, 0x0, 0x0, 0x8f, 0xa0,
    0x7e, 0x20, 0x0, 0x0, 0x8, 0xff, 0xfa, 0x1,
    0x0, 0x0, 0x0, 0x8f, 0xff, 0xfe, 0x10, 0x0,
    0x0, 0x8, 0xff, 0xff, 0xe2, 0x0, 0x0, 0x0,
    0x8f, 0xff, 0xfe, 0x20, 0x0, 0x0, 0x8, 0xff,
    0xff, 0xe2, 0x0, 0x0, 0x0, 0x7f, 0xff, 0xfe,
    0x20, 0x0, 0x0, 0x0, 0xef, 0xff, 0xe2, 0x0,
    0x0, 0x0, 0x0, 0x6f, 0xfe, 0x20, 0x0, 0x0,
    0x0, 0x0, 0x5, 0xa2, 0x0, 0x0, 0x0, 0x0,
    0x0,

    /* U+F0D1 "" */
    0x18, 0x99, 0x99, 0x99, 0x99, 0x40, 0x0, 0x0,
    0xcf, 0xff, 0xff, 0xff, 0xff, 0xf2, 0x0, 0x0,
    0xff, 0xff, 0xff, 0xff, 0xff, 0xf5, 0x0, 0x0,
    0xff, 0xff, 0xff, 0xff, 0xff, 0xff, 0xfb, 0x10,
    0xff, 0xff, 0xff, 0xff, 0xff, 0xfd, 0xdf, 0xd1,
    0xff, 0xff, 0xff, 0xff, 0xff, 0xf6, 0x8, 0xf9,
    0xff, 0xff, 0xff, 0xff, 0xff, 0xf6, 0x0, 0xfb,
    0xff, 0xff, 0xff, 0xff, 0xff, 0xfb, 0x99, 0xfc,
    0xff, 0xff, 0xff, 0xff, 0xff, 0xff, 0xff, 0xfc,
    0xff, 0xff, 0xff, 0xff, 0xff, 0xff, 0xff, 0xfc,
    0xef, 0xf7, 0x3f, 0xff, 0xff, 0xd2, 0xbf, 0xfa,
    0x3c, 0xf2, 0xd, 0xec, 0xce, 0x90, 0x6f, 0xa1,
    0x0, 0xcc, 0xaf, 0x10, 0x5, 0xf9, 0xe8, 0x0,
    0x0, 0x2b, 0xc4, 0x0, 0x0, 0x8c, 0x90, 0x0,

    /* U+F0D6 "" */
    0x2a, 0xbb, 0xbb, 0xbb, 0xbb, 0xbb, 0xa2, 0xdf,
    0xff, 0xff, 0xff, 0xff, 0xff, 0xfd, 0xfc, 0xa,
    0xff, 0xff, 0xff, 0xb0, 0xcf, 0xfd, 0x7f, 0xf7,
    0x0, 0x7f, 0xf7, 0xdf, 0xff, 0xff, 0xa0, 0x0,
    0xa, 0xff, 0xff, 0xff, 0xff, 0x60, 0x0, 0x6,
    0xff, 0xff, 0xff, 0xff, 0x80, 0x0, 0x8, 0xff,
    0xff, 0xfe, 0xcf, 0xf3, 0x0, 0x3f, 0xfc, 0xef,
    0xfb, 0xc, 0xff, 0xbb, 0xff, 0xc0, 0xbf, 0xef,
    0xbe, 0xff, 0xff, 0xff, 0xeb, 0xfe, 0x6f, 0xff,
    0xff, 0xff, 0xff, 0xff, 0xf6,

    /* U+F0D7 "" */
    0xc, 0xff, 0xff, 0xff, 0xf8, 0xa, 0xff, 0xff,
    0xff, 0xf7, 0x0, 0xbf, 0xff, 0xff, 0x80, 0x0,
    0xb, 0xff, 0xf8, 0x0, 0x0, 0x0, 0xbf, 0x80,
    0x0, 0x0, 0x0, 0x2, 0x0, 0x0,

    /* U+F0D8 "" */
    0x0, 0x0, 0x5c, 0x30, 0x0, 0x0, 0x5, 0xff,
    0xe3, 0x0, 0x0, 0x5f, 0xff, 0xfe, 0x30, 0x5,
    0xff, 0xff, 0xff, 0xe3, 0xe, 0xff, 0xff, 0xff,
    0xfa, 0x3, 0x55, 0x55, 0x55, 0x51,

    /* U+F0D9 "" */
    0x0, 0x0, 0x28, 0x0, 0x0, 0x2e, 0xf4, 0x0,
    0x2e, 0xff, 0x40, 0x2e, 0xff, 0xf4, 0xd, 0xff,
    0xff, 0x40, 0x8f, 0xff, 0xf4, 0x0, 0x9f, 0xff,
    0x40, 0x0, 0x9f, 0xf4, 0x0, 0x0, 0x9f, 0x20,
    0x0, 0x0, 0x0,

    /* U+F0DA "" */
    0x8, 0x20, 0x0, 0x3, 0xfe, 0x30, 0x0, 0x3f,
    0xfe, 0x30, 0x3, 0xff, 0xfe, 0x30, 0x3f, 0xff,
    0xfe, 0x3, 0xff, 0xff, 0x90, 0x3f, 0xff, 0x90,
    0x3, 0xff, 0x90, 0x0, 0x2f, 0x90, 0x0, 0x0,
    0x0, 0x0, 0x0,

    /* U+F0DB "" */
    0x6, 0x77, 0x77, 0x77, 0x77, 0x62, 0xb, 0xff,
    0xff, 0xff, 0xff, 0xff, 0xe0, 0xff, 0xff, 0xff,
    0xff, 0xff, 0xff, 0x3f, 0xff, 0xff, 0xff, 0xff,
    0xff, 0xf4, 0xfc, 0x0, 0xc, 0xf0, 0x0, 0x8f,
    0x4f, 0xc0, 0x0, 0xcf, 0x0, 0x8, 0xf4, 0xfc,
    0x0, 0xc, 0xf0, 0x0, 0x8f, 0x4f, 0xc0, 0x0,
    0xcf, 0x0, 0x8, 0xf4, 0xfc, 0x0, 0xc, 0xf0,
    0x0, 0x8f, 0x4f, 0xc0, 0x0, 0xcf, 0x0, 0x8,
    0xf4, 0xfc, 0x0, 0xc, 0xf0, 0x0, 0x8f, 0x4e,
    0xfc, 0xcc, 0xff, 0xcc, 0xce, 0xf2, 0x5e, 0xff,
    0xff, 0xff, 0xff, 0xe8, 0x0,

    /* U+F0DC "" */
    0x0, 0x0, 0x0, 0x10, 0x0, 0x0, 0x0, 0x0,
    0xb, 0xf5, 0x0, 0x0, 0x0, 0x0, 0xcf, 0xff,
    0x50, 0x0, 0x0, 0xc, 0xff, 0xff, 0xf5, 0x0,
    0x0, 0xcf, 0xff, 0xff, 0xff, 0x50, 0xb, 0xff,
    0xff, 0xff, 0xff, 0xf3, 0xc, 0xff, 0xff, 0xff,
    0xff, 0xe4, 0x0, 0x0, 0x0, 0x0, 0x0, 0x0,
    0x1, 0x33, 0x33, 0x33, 0x33, 0x30, 0xe, 0xff,
    0xff, 0xff, 0xff, 0xf6, 0x7, 0xff, 0xff, 0xff,
    0xff, 0xe1, 0x0, 0x7f, 0xff, 0xff, 0xfe, 0x10,
    0x0, 0x7, 0xff, 0xff, 0xe1, 0x0, 0x0, 0x0,
    0x7f, 0xfe, 0x10, 0x0, 0x0, 0x0, 0x7, 0xb1,
    0x0, 0x0,

    /* U+F0DD "" */
    0x1, 0x33, 0x33, 0x33, 0x33, 0x30, 0xe, 0xff,
    0xff, 0xff, 0xff, 0xf6, 0x7, 0xff, 0xff, 0xff,
    0xff, 0xe1, 0x0, 0x7f, 0xff, 0xff, 0xfe, 0x10,
    0x0, 0x7, 0xff, 0xff, 0xe1, 0x0, 0x0, 0x0,
    0x7f, 0xfe, 0x10, 0x0, 0x0, 0x0, 0x7, 0xb1,
    0x0, 0x0,

    /* U+F0DE "" */
    0x0, 0x0, 0x0, 0x10, 0x0, 0x0, 0x0, 0x0,
    0xb, 0xf5, 0x0, 0x0, 0x0, 0x0, 0xcf, 0xff,
    0x50, 0x0, 0x0, 0xc, 0xff, 0xff, 0xf5, 0x0,
    0x0, 0xcf, 0xff, 0xff, 0xff, 0x50, 0xb, 0xff,
    0xff, 0xff, 0xff, 0xf3, 0xc, 0xff, 0xff, 0xff,
    0xff, 0xe4,

    /* U+F0E0 "" */
    0x4b, 0xbb, 0xbb, 0xbb, 0xbb, 0xbb, 0xb4, 0xef,
    0xff, 0xff, 0xff, 0xff, 0xff, 0xfe, 0x8f, 0xff,
    0xff, 0xff, 0xff, 0xff, 0xf8, 0x5, 0xff, 0xff,
    0xff, 0xff, 0xff, 0x50, 0xb1, 0x2d, 0xff, 0xff,
    0xff, 0xd2, 0x1b, 0xfd, 0x20, 0x9f, 0xff, 0xf9,
    0x2, 0xdf, 0xff, 0xf5, 0x5, 0xff, 0x50, 0x5f,
    0xff, 0xff, 0xff, 0x90, 0x0, 0x8, 0xff, 0xff,
    0xff, 0xff, 0xfc, 0x66, 0xcf, 0xff, 0xff, 0xef,
    0xff, 0xff, 0xff, 0xff, 0xff, 0xfe, 0x6f, 0xff,
    0xff, 0xff, 0xff, 0xff, 0xf5,

    /* U+F0E2 "" */
    0x0, 0x0, 0x0, 0x11, 0x0, 0x0, 0x0, 0xea,
    0x2, 0xaf, 0xff, 0xfa, 0x10, 0x0, 0xfc, 0x5f,
    0xfe, 0xbb, 0xef, 0xf6, 0x0, 0xff, 0xfe, 0x40,
    0x0, 0x5, 0xef, 0x50, 0xff, 0xfd, 0xa0, 0x0,
    0x0, 0x1e, 0xe1, 0xcf, 0xff, 0xe1, 0x0, 0x0,
    0x5, 0xf9, 0x0, 0x0, 0x0, 0x0, 0x0, 0x0,
    0xfd, 0x0, 0x0, 0x0, 0x0, 0x0, 0x0, 0xdf,
    0x0, 0x0, 0x0, 0x0, 0x0, 0x0, 0xee, 0x0,
    0x0, 0x0, 0x0, 0x0, 0x1, 0xfc, 0x5, 0x50,
    0x0, 0x0, 0x0, 0x9, 0xf6, 0xc, 0xf8, 0x0,
    0x0, 0x0, 0x6f, 0xc0, 0x2, 0xef, 0xb4, 0x1,
    0x4b, 0xfe, 0x20, 0x0, 0x2c, 0xff, 0xff, 0xff,
    0xa1, 0x0, 0x0, 0x0, 0x38, 0xbb, 0x94, 0x0,
    0x0,

    /* U+F0E3 "" */
    0x0, 0x0, 0x0, 0x1, 0x0, 0x0, 0x0, 0x0,
    0x0, 0x0, 0x0, 0x3f, 0xd0, 0x0, 0x0, 0x0,
    0x0, 0x0, 0x3, 0xff, 0xf2, 0x0, 0x0, 0x0,
    0x0, 0x0, 0x3f, 0xff, 0x52, 0x0, 0x0, 0x0,
    0x0, 0x0, 0xff, 0xf5, 0x3e, 0xa0, 0x0, 0x0,
    0x0, 0x0, 0xbf, 0x53, 0xef, 0xfa, 0x0, 0x0,
    0x0, 0x0, 0x1, 0x1e, 0xff, 0xff, 0xa0, 0x0,
    0x0, 0x0, 0x0, 0xb, 0xff, 0xff, 0x62, 0x81,
    0x0, 0x0, 0x0, 0x6f, 0xff, 0xf6, 0x2e, 0xfb,
    0x0, 0x0, 0x6, 0xff, 0xa7, 0x62, 0xef, 0xf6,
    0x0, 0x0, 0x6f, 0xfa, 0x0, 0x2e, 0xff, 0x70,
    0x0, 0x6, 0xff, 0xa0, 0x0, 0x7f, 0xf7, 0x0,
    0x0, 0x6f, 0xfa, 0x0, 0x0, 0x9, 0x60, 0x0,
    0x6, 0xff, 0xa0, 0x0, 0x0, 0x0, 0x0, 0x0,
    0xf, 0xfa, 0x0, 0x0, 0x0, 0x0, 0x0, 0x0,
    0x8, 0x80, 0x0, 0x0, 0x0, 0x0, 0x0, 0x0,

    /* U+F0E4 "" */
    0x0, 0x0, 0x0, 0x11, 0x0, 0x0, 0x0, 0x0,
    0x1, 0xaf, 0xff, 0xfa, 0x10, 0x0, 0x0, 0x6f,
    0xff, 0xff, 0xff, 0xf6, 0x0, 0x5, 0xff, 0xff,
    0xff, 0xff, 0xff, 0x50, 0x1e, 0xff, 0xff, 0xff,
    0xfb, 0xff, 0xe1, 0x9f, 0xff, 0xff, 0xff, 0xc0,
    0xdf, 0xf9, 0xdf, 0xff, 0xff, 0xff, 0x44, 0xff,
    0xfd, 0xff, 0xff, 0xff, 0xfc, 0xc, 0xff, 0xff,
    0xef, 0xff, 0xff, 0xe3, 0x4f, 0xff, 0xfe, 0xcf,
    0xff, 0xf9, 0x0, 0x9f, 0xff, 0xfc, 0x6f, 0xff,
    0xf4, 0x0, 0x5f, 0xff, 0xf6, 0xc, 0xff, 0xfb,
    0x11, 0xbf, 0xff, 0xc0, 0x2, 0xef, 0xff, 0xff,
    0xff, 0xfe, 0x20, 0x0, 0x1a, 0xff, 0xff, 0xff,
    0xa1, 0x0, 0x0, 0x0, 0x49, 0xbb, 0x94, 0x0,
    0x0,

    /* U+F0E5 "" */
    0x0, 0x0, 0x0, 0x13, 0x31, 0x0, 0x0, 0x0,
    0x0, 0x3, 0xcf, 0xff, 0xfc, 0x30, 0x0, 0x0,
    0x9, 0xff, 0xff, 0xff, 0xff, 0x90, 0x0, 0x8,
    0xff, 0xff, 0xff, 0xff, 0xff, 0x80, 0x4, 0xff,
    0xff, 0xff, 0xff, 0xff, 0xff, 0x40, 0xbf, 0xff,
    0xff, 0xff, 0xff, 0xff, 0xfb, 0xe, 0xff, 0xff,
    0xff, 0xff, 0xff, 0xff, 0xe0, 0xff, 0xff, 0xff,
    0xff, 0xff, 0xff, 0xff, 0xc, 0xff, 0xff, 0xff,
    0xff, 0xff, 0xff, 0xd0, 0x8f, 0xff, 0xff, 0xff,
    0xff, 0xff, 0xf9, 0x1, 0xff, 0xff, 0xff, 0xff,
    0xff, 0xfe, 0x10, 0xb, 0xff, 0xff, 0xff, 0xff,
    0xff, 0x40, 0x3, 0xff, 0xff, 0xff, 0xff, 0xfd,
    0x30, 0x0, 0xcf, 0xf9, 0x6b, 0xdd, 0xb6, 0x0,
    0x0, 0x9, 0x71, 0x0, 0x0, 0x0, 0x0, 0x0,
    0x0,

    /* U+F0E6 "" */
    0x0, 0x0, 0x0, 0x10, 0x0, 0x0, 0x0, 0x0,
    0x0, 0x0, 0x4c, 0xff, 0xe9, 0x10, 0x0, 0x0,
    0x0, 0x0, 0x9f, 0xff, 0xff, 0xfe, 0x20, 0x0,
    0x0, 0x0, 0x5f, 0xff, 0xff, 0xff, 0xfd, 0x0,
    0x0, 0x0, 0xb, 0xff, 0xff, 0xff, 0xff, 0xf3,
    0x0, 0x0, 0x0, 0xff, 0xff, 0xff, 0xff, 0xff,
    0x60, 0x0, 0x0, 0xd, 0xff, 0xff, 0xff, 0xff,
    0xf5, 0x37, 0x10, 0x0, 0x9f, 0xff, 0xff, 0xff,
    0xff, 0x19, 0xfe, 0x20, 0x1, 0xff, 0xff, 0xff,
    0xff, 0x60, 0xef, 0xfe, 0x0, 0x7f, 0xff, 0xff,
    0xfe, 0x60, 0xbf, 0xff, 0xf7, 0xe, 0xf7, 0x25,
    0x74, 0x1, 0xaf, 0xff, 0xff, 0xa0, 0x31, 0x0,
    0x2, 0x58, 0xff, 0xff, 0xff, 0xfa, 0x0, 0x0,
    0x0, 0x6f, 0xff, 0xff, 0xff, 0xff, 0x70, 0x0,
    0x0, 0x0, 0xdf, 0xff, 0xff, 0xff, 0xe0, 0x0,
    0x0, 0x0, 0x2, 0xdf, 0xff, 0xff, 0xff, 0x10,
    0x0, 0x0, 0x0, 0x0, 0x6a, 0xc9, 0x7e, 0xf8,
    0x0, 0x0, 0x0, 0x0, 0x0, 0x0, 0x0, 0x6,
    0x60,

    /* U+F0E7 "" */
    0x0, 0x0, 0x0, 0x0, 0x19, 0x30, 0x0, 0x0,
    0x0, 0x0, 0x2, 0xdf, 0x80, 0x0, 0x0, 0x0,
    0x0, 0x4e, 0xff, 0x20, 0x0, 0x0, 0x0, 0x6,
    0xff, 0xfc, 0x0, 0x0, 0x0, 0x0, 0x9f, 0xff,
    0xf5, 0x0, 0x0, 0x0, 0x1b, 0xff, 0xff, 0xe0,
    0x0, 0x0, 0x2, 0xdf, 0xff, 0xff, 0xa2, 0x22,
    0x10, 0xd, 0xff, 0xff, 0xff, 0xff, 0xff, 0xf2,
    0x6, 0xaa, 0xab, 0xff, 0xff, 0xff, 0xc0, 0x0,
    0x0, 0x8, 0xff, 0xff, 0xfa, 0x0, 0x0, 0x0,
    0xe, 0xff, 0xff, 0x70, 0x0, 0x0, 0x0, 0x5f,
    0xff, 0xf5, 0x0, 0x0, 0x0, 0x0, 0xbf, 0xfe,
    0x30, 0x0, 0x0, 0x0, 0x2, 0xff, 0xc1, 0x0,
    0x0, 0x0, 0x0, 0x4, 0xfa, 0x0, 0x0, 0x0,
    0x0, 0x0, 0x0, 0x10, 0x0, 0x0, 0x0, 0x0,

    /* U+F0E8 "" */
    0x0, 0x0, 0x3, 0x76, 0x10, 0x0, 0x0, 0x0,
    0x0, 0xe, 0xff, 0x80, 0x0, 0x0, 0x0, 0x0,
    0xe, 0xff, 0x90, 0x0, 0x0, 0x0, 0x0, 0xb,
    0xff, 0x60, 0x0, 0x0, 0x0, 0x0, 0x0, 0xd7,
    0x0, 0x0, 0x0, 0x0, 0x2, 0x22, 0xd8, 0x22,
    0x10, 0x0, 0x5, 0xff, 0xff, 0xff, 0xff, 0xff,
    0x40, 0xd, 0xa3, 0x33, 0xd9, 0x33, 0x3a, 0xd0,
    0xe, 0x60, 0x0, 0xd7, 0x0, 0x6, 0xe0, 0x5f,
    0xb1, 0x4, 0xeb, 0x20, 0x1b, 0xf5, 0xff, 0xf7,
    0xe, 0xff, 0x80, 0x7f, 0xff, 0xff, 0xf8, 0xe,
    0xff, 0x90, 0x8f, 0xff, 0xbf, 0xe4, 0xa, 0xfe,
    0x50, 0x4e, 0xfb,

    /* U+F0E9 "" */
    0x0, 0x0, 0x0, 0x0, 0x0, 0x0, 0x0, 0x0,
    0x0, 0x0, 0xcc, 0x0, 0x0, 0x0, 0x0, 0x4,
    0xaf, 0xff, 0xfa, 0x40, 0x0, 0x0, 0x7f, 0xff,
    0xff, 0xff, 0xf7, 0x0, 0x7, 0xff, 0xff, 0xff,
    0xff, 0xff, 0x70, 0x2f, 0xff, 0xff, 0xff, 0xff,
    0xff, 0xf1, 0x9f, 0xff, 0xff, 0xff, 0xff, 0xff,
    0xf9, 0xcf, 0xff, 0xff, 0xff, 0xff, 0xff, 0xfc,
    0xfb, 0x69, 0xff, 0xaa, 0xff, 0x96, 0xbf, 0x40,
    0x0, 0x53, 0x0, 0x35, 0x0, 0x4, 0x0, 0x0,
    0x0, 0xcc, 0x0, 0x0, 0x0, 0x0, 0x0, 0x0,
    0xee, 0x0, 0x0, 0x0, 0x0, 0x0, 0x0, 0xee,
    0x0, 0x0, 0x0, 0x0, 0x3, 0xc3, 0xed, 0x0,
    0x0, 0x0, 0x0, 0x4, 0xff, 0xf9, 0x0, 0x0,
    0x0, 0x0, 0x0, 0x5a, 0x80, 0x0, 0x0, 0x0,

    /* U+F0EA "" */
    0x0, 0x0, 0x0, 0x0, 0x0, 0x0, 0x0, 0x7f,
    0xff, 0xff, 0xff, 0xc2, 0x0, 0x0, 0xff, 0xdb,
    0xbb, 0xbf, 0xf9, 0x0, 0x0, 0xff, 0x72, 0x22,
    0x3a, 0xc8, 0x0, 0x0, 0xff, 0xff, 0xfd, 0x30,
    0x0, 0x0, 0x0, 0xff, 0xff, 0xf3, 0x4d, 0xff,
    0xfa, 0x0, 0xff, 0xff, 0xe0, 0xcf, 0xff, 0xff,
    0xc0, 0xff, 0xff, 0xc0, 0xdf, 0xff, 0xff, 0xfb,
    0xff, 0xff, 0xc0, 0xdf, 0xff, 0xff, 0xff, 0xff,
    0xff, 0xc0, 0xdf, 0xff, 0xff, 0xff, 0xff, 0xff,
    0xc0, 0xdf, 0xff, 0xff, 0xff, 0xff, 0xff, 0xc0,
    0xdf, 0xff, 0xff, 0xff, 0x6f, 0xff, 0xc0, 0xdf,
    0xff, 0xff, 0xff, 0x0, 0x0, 0x0, 0xbf, 0xff,
    0xff, 0xfd, 0x0, 0x0, 0x0, 0x19, 0xaa, 0xaa,
    0x92,

    /* U+F0EB "" */
    0x0, 0x0, 0x1, 0x0, 0x0, 0x0, 0x4, 0xcf,
    0xfe, 0x91, 0x0, 0x8, 0xff, 0xbc, 0xff, 0xe2,
    0x4, 0xfb, 0x13, 0xaf, 0xff, 0xc0, 0xbf, 0x17,
    0xff, 0xff, 0xff, 0x4e, 0xd0, 0xdf, 0xff, 0xff,
    0xf7, 0xef, 0xdf, 0xff, 0xff, 0xff, 0x7a, 0xff,
    0xff, 0xff, 0xff, 0xf4, 0x3f, 0xff, 0xff, 0xff,
    0xfc, 0x0, 0x7f, 0xff, 0xff, 0xff, 0x20, 0x0,
    0xcf, 0xff, 0xff, 0x70, 0x0, 0x0, 0x0, 0x0,
    0x0, 0x0, 0x0, 0x39, 0x99, 0x98, 0x0, 0x0,
    0x2, 0xff, 0xff, 0xc0, 0x0, 0x0, 0x7, 0xff,
    0xd3, 0x0, 0x0, 0x0, 0x0, 0x0, 0x0, 0x0,

    /* U+F0EC "" */
    0x0, 0x0, 0x0, 0x0, 0x0, 0x3, 0x0, 0x0,
    0x0, 0x0, 0x0, 0x0, 0x0, 0x4f, 0xa0, 0x0,
    0x0, 0x0, 0x0, 0x0, 0x0, 0xc, 0xfa, 0x0,
    0x7, 0xbb, 0xbb, 0xbb, 0xbb, 0xbb, 0xff, 0xa0,
    0xc, 0xff, 0xff, 0xff, 0xff, 0xff, 0xff, 0xd0,
    0x0, 0x0, 0x0, 0x0, 0x0, 0x7, 0xfe, 0x20,
    0x0, 0x0, 0x0, 0x0, 0x0, 0x3f, 0xe2, 0x0,
    0x0, 0x0, 0x30, 0x0, 0x0, 0x19, 0x20, 0x0,
    0x0, 0xa, 0xf4, 0x0, 0x0, 0x0, 0x0, 0x0,
    0x0, 0xaf, 0xb0, 0x0, 0x0, 0x0, 0x0, 0x0,
    0xa, 0xff, 0xbb, 0xbb, 0xbb, 0xbb, 0xbb, 0x70,
    0xd, 0xff, 0xff, 0xff, 0xff, 0xff, 0xff, 0xc0,
    0x2, 0xef, 0x70, 0x0, 0x0, 0x0, 0x0, 0x0,
    0x0, 0x2e, 0xf3, 0x0, 0x0, 0x0, 0x0, 0x0,
    0x0, 0x2, 0x91, 0x0, 0x0, 0x0, 0x0, 0x0,

    /* U+F0ED "" */
    0x0, 0x0, 0x1, 0x42, 0x0, 0x0, 0x0, 0x0,
    0x0, 0x0, 0x9f, 0xff, 0xb0, 0x0, 0x0, 0x0,
    0x0, 0xa, 0xff, 0xff, 0xfb, 0x47, 0x30, 0x0,
    0x0, 0x2f, 0xff, 0xff, 0xff, 0xff, 0xf6, 0x0,
    0x0, 0x5f, 0xff, 0xff, 0xff, 0xff, 0xfe, 0x0,
    0x1, 0xaf, 0xff, 0xf4, 0x8f, 0xff, 0xfe, 0x0,
    0x1e, 0xff, 0xff, 0xf3, 0x7f, 0xff, 0xfe, 0x20,
    0xaf, 0xff, 0xf9, 0x93, 0x77, 0xcf, 0xff, 0xe2,
    0xef, 0xff, 0xf9, 0x0, 0x0, 0xcf, 0xff, 0xf9,
    0xef, 0xff, 0xff, 0x80, 0xc, 0xff, 0xff, 0xfb,
    0xaf, 0xff, 0xff, 0xfa, 0xcf, 0xff, 0xff, 0xf8,
    0x1e, 0xff, 0xff, 0xff, 0xff, 0xff, 0xff, 0xe1,
    0x1, 0xad, 0xff, 0xff, 0xff, 0xff, 0xea, 0x20,

    /* U+F0EE "" */
    0x0, 0x0, 0x0, 0x21, 0x0, 0x0, 0x0, 0x0,
    0x0, 0x0, 0x8f, 0xff, 0xc1, 0x0, 0x0, 0x0,
    0x0, 0x9, 0xff, 0xff, 0xfd, 0x47, 0x40, 0x0,
    0x0, 0x1f, 0xff, 0xff, 0xff, 0xff, 0xf8, 0x0,
    0x0, 0x5f, 0xff, 0xff, 0xff, 0xff, 0xff, 0x0,
    0x1, 0xaf, 0xff, 0xe2, 0x3e, 0xff, 0xff, 0x10,
    0x1d, 0xff, 0xfd, 0x20, 0x2, 0xef, 0xff, 0x30,
    0xaf, 0xff, 0xf5, 0x32, 0x32, 0x7f, 0xff, 0xf4,
    0xef, 0xff, 0xff, 0xf3, 0x4f, 0xff, 0xff, 0xfb,
    0xef, 0xff, 0xff, 0xf3, 0x4f, 0xff, 0xff, 0xfe,
    0xaf, 0xff, 0xff, 0xfb, 0xcf, 0xff, 0xff, 0xfb,
    0x1e, 0xff, 0xff, 0xff, 0xff, 0xff, 0xff, 0xf3,
    0x1, 0x9d, 0xff, 0xff, 0xff, 0xff, 0xeb, 0x30,

    /* U+F0F0 "" */
    0x0, 0x0, 0x0, 0x0, 0x0, 0x0, 0x0, 0x0,
    0x7d, 0xfb, 0x20, 0x0, 0x0, 0x7, 0xff, 0xff,
    0xe1, 0x0, 0x0, 0xd, 0xff, 0xff, 0xf6, 0x0,
    0x0, 0xf, 0xff, 0xff, 0xf7, 0x0, 0x0, 0xb,
    0xff, 0xff, 0xf3, 0x0, 0x0, 0x2, 0xef, 0xff,
    0x80, 0x0, 0x0, 0x0, 0x6, 0x73, 0x0, 0x0,
    0x0, 0x0, 0x0, 0x0, 0x0, 0x0, 0x0, 0x0,
    0x25, 0x55, 0x0, 0x0, 0x0, 0x88, 0x5f, 0xfe,
    0xc, 0x30, 0x8, 0xf6, 0x3f, 0xf4, 0x5, 0xe1,
    0x1f, 0xd0, 0xb, 0xd0, 0xe0, 0xe9, 0x5f, 0xf4,
    0x2e, 0xe4, 0xf4, 0xfd, 0x3d, 0xdd, 0xdd, 0xdd,
    0xdd, 0xda,

    /* U+F0F1 "" */
    0x0, 0x33, 0x0, 0x13, 0x20, 0x0, 0x0, 0x0,
    0xd, 0xff, 0x50, 0xbf, 0xf6, 0x0, 0x0, 0x0,
    0x1f, 0xd7, 0x0, 0x38, 0xfa, 0x0, 0x0, 0x0,
    0x1f, 0xa0, 0x0, 0x1, 0xfa, 0x1, 0x78, 0x30,
    0x1f, 0xa0, 0x0, 0x1, 0xfa, 0xd, 0xff, 0xf4,
    0x1f, 0xa0, 0x0, 0x1, 0xfa, 0x5f, 0x94, 0xfb,
    0xf, 0xc0, 0x0, 0x2, 0xf9, 0x4f, 0x95, 0xfa,
    0xc, 0xf3, 0x0, 0x9, 0xf5, 0xd, 0xff, 0xf3,
    0x3, 0xff, 0x86, 0xbf, 0xc0, 0x0, 0xdf, 0x30,
    0x0, 0x4e, 0xff, 0xfb, 0x10, 0x0, 0xbf, 0x0,
    0x0, 0x0, 0xaf, 0x40, 0x0, 0x0, 0xbf, 0x0,
    0x0, 0x0, 0x7f, 0x40, 0x0, 0x0, 0xde, 0x0,
    0x0, 0x0, 0x3f, 0xb0, 0x0, 0x4, 0xfa, 0x0,
    0x0, 0x0, 0xa, 0xfb, 0x43, 0x7f, 0xf2, 0x0,
    0x0, 0x0, 0x0, 0xaf, 0xff, 0xfe, 0x40, 0x0,
    0x0, 0x0, 0x0, 0x3, 0x78, 0x51, 0x0, 0x0,

    /* U+F0F2 "" */
    0x0, 0x0, 0x3, 0x33, 0x30, 0x0, 0x0, 0x0,
    0x0, 0xbf, 0xff, 0xfb, 0x0, 0x0, 0x0, 0x0,
    0xf5, 0x0, 0x5f, 0x0, 0x0, 0x29, 0x60, 0xfb,
    0x99, 0xbf, 0x6, 0x92, 0xdf, 0x90, 0xff, 0xff,
    0xff, 0x9, 0xfd, 0xff, 0x90, 0xff, 0xff, 0xff,
    0x9, 0xff, 0xff, 0x90, 0xff, 0xff, 0xff, 0x9,
    0xff, 0xff, 0x90, 0xff, 0xff, 0xff, 0x9, 0xff,
    0xff, 0x90, 0xff, 0xff, 0xff, 0x9, 0xff, 0xff,
    0x90, 0xff, 0xff, 0xff, 0x9, 0xff, 0xff, 0x90,
    0xff, 0xff, 0xff, 0x9, 0xff, 0xff, 0x90, 0xff,
    0xff, 0xff, 0x9, 0xff, 0xef, 0x90, 0xff, 0xff,
    0xff, 0x9, 0xfe, 0x4d, 0x80, 0xdd, 0xdd, 0xdd,
    0x8, 0xd4,

    /* U+F0F3 "" */
    0x0, 0x0, 0x0, 0x10, 0x0, 0x0, 0x0, 0x0,
    0x0, 0xbe, 0x10, 0x0, 0x0, 0x0, 0x6, 0xff,
    0xff, 0x90, 0x0, 0x0, 0x6, 0xff, 0xff, 0xff,
    0xa0, 0x0, 0x0, 0xef, 0xff, 0xff, 0xff, 0x20,
    0x0, 0x2f, 0xff, 0xff, 0xff, 0xf6, 0x0, 0x4,
    0xff, 0xff, 0xff, 0xff, 0x80, 0x0, 0x6f, 0xff,
    0xff, 0xff, 0xfa, 0x0, 0x9, 0xff, 0xff, 0xff,
    0xff, 0xd0, 0x2, 0xff, 0xff, 0xff, 0xff, 0xff,
    0x50, 0xbf, 0xff, 0xff, 0xff, 0xff, 0xfe, 0xd,
    0xff, 0xff, 0xff, 0xff, 0xff, 0xf1, 0x1, 0x11,
    0x11, 0x11, 0x11, 0x10, 0x0, 0x0, 0x2, 0x55,
    0x40, 0x0, 0x0, 0x0, 0x0, 0x1b, 0xd3, 0x0,
    0x0, 0x0,

    /* U+F0F4 "" */
    0x0, 0x89, 0x99, 0x99, 0x99, 0x99, 0x84, 0x0,
    0x3, 0xff, 0xff, 0xff, 0xff, 0xff, 0xff, 0xa0,
    0x4, 0xff, 0xff, 0xff, 0xff, 0xff, 0x6b, 0xf5,
    0x4, 0xff, 0xff, 0xff, 0xff, 0xff, 0x41, 0xfa,
    0x4, 0xff, 0xff, 0xff, 0xff, 0xff, 0x41, 0xfa,
    0x4, 0xff, 0xff, 0xff, 0xff, 0xff, 0x6b, 0xf6,
    0x4, 0xff, 0xff, 0xff, 0xff, 0xff, 0xff, 0xb0,
    0x3, 0xff, 0xff, 0xff, 0xff, 0xff, 0xa5, 0x0,
    0x0, 0xef, 0xff, 0xff, 0xff, 0xff, 0x0, 0x0,
    0x0, 0x3d, 0xff, 0xff, 0xff, 0xd4, 0x0, 0x0,
    0x0, 0x0, 0x0, 0x0, 0x0, 0x0, 0x0, 0x0,
    0x0, 0x0, 0x0, 0x0, 0x0, 0x0, 0x0, 0x0,
    0xd, 0xff, 0xff, 0xff, 0xff, 0xff, 0xd0, 0x0,
    0x9, 0xcc, 0xcc, 0xcc, 0xcc, 0xcc, 0x90, 0x0,

    /* U+F0F5 "" */
    0x0, 0x0, 0x0, 0x0, 0x0, 0x0, 0x0, 0xd,
    0xb, 0x28, 0x50, 0x0, 0x4e, 0xf0, 0xf, 0x1d,
    0x4a, 0x70, 0x3, 0xff, 0xf1, 0x2f, 0x3e, 0x5c,
    0x90, 0xd, 0xff, 0xf1, 0x3f, 0x5f, 0x7d, 0xa0,
    0x1f, 0xff, 0xf1, 0x4f, 0xff, 0xff, 0xb0, 0x3f,
    0xff, 0xf1, 0x1f, 0xff, 0xff, 0x70, 0x3f, 0xff,
    0xf1, 0x4, 0xcf, 0xe8, 0x0, 0x3f, 0xff, 0xf1,
    0x0, 0x2f, 0x90, 0x0, 0x3f, 0xff, 0xf1, 0x0,
    0x2f, 0x90, 0x0, 0x1f, 0xff, 0xf1, 0x0, 0x2f,
    0x90, 0x0, 0x2, 0x7c, 0xf1, 0x0, 0x2f, 0x90,
    0x0, 0x0, 0x9, 0xf1, 0x0, 0x2f, 0x90, 0x0,
    0x0, 0x9, 0xf1, 0x0, 0x2f, 0x90, 0x0, 0x0,
    0x9, 0xf1, 0x0, 0xb, 0x40, 0x0, 0x0, 0x5,
    0xb0,

    /* U+F0F6 "" */
    0x0, 0x0, 0x0, 0x0, 0x0, 0x6, 0xff, 0xff,
    0xfd, 0x30, 0x0, 0xff, 0xff, 0xfe, 0xfe, 0x30,
    0xf, 0xff, 0xff, 0xb5, 0xff, 0x30, 0xff, 0xff,
    0xfb, 0x5, 0xff, 0x2f, 0xff, 0xff, 0xd4, 0x38,
    0xf8, 0xff, 0xff, 0xff, 0xff, 0xff, 0x8f, 0xff,
    0xff, 0xff, 0xff, 0xf8, 0xff, 0xc0, 0x0, 0x3,
    0xff, 0x8f, 0xff, 0xff, 0xff, 0xff, 0xf8, 0xff,
    0xe6, 0x55, 0x58, 0xff, 0x8f, 0xfc, 0x21, 0x11,
    0x5f, 0xf8, 0xff, 0xff, 0xff, 0xff, 0xff, 0x8e,
    0xff, 0xff, 0xff, 0xff, 0xf7, 0x5e, 0xff, 0xff,
    0xff, 0xfb, 0x10,

    /* U+F0F7 "" */
    0x0, 0x0, 0x0, 0x0, 0x0, 0x6, 0xff, 0xff,
    0xff, 0xff, 0xd1, 0xff, 0xff, 0xff, 0xff, 0xff,
    0x7f, 0xfe, 0x9e, 0xfb, 0xbf, 0xf8, 0xff, 0xa0,
    0xaf, 0x21, 0xff, 0x8f, 0xff, 0xef, 0xff, 0xef,
    0xf8, 0xff, 0xfe, 0xff, 0xfe, 0xff, 0x8f, 0xfa,
    0xa, 0xf2, 0x2f, 0xf8, 0xff, 0xc2, 0xcf, 0x65,
    0xff, 0x8f, 0xff, 0xff, 0xff, 0xff, 0xf8, 0xff,
    0xff, 0xb9, 0xef, 0xff, 0x8f, 0xff, 0xf0, 0x6,
    0xff, 0xf8, 0xff, 0xfe, 0x0, 0x6f, 0xff, 0x8e,
    0xff, 0xf5, 0x59, 0xff, 0xf7, 0x5e, 0xff, 0xff,
    0xff, 0xfb, 0x10,

    /* U+F0F8 "" */
    0x0, 0x0, 0x13, 0x44, 0x44, 0x30, 0x0, 0x0,
    0x0, 0x2, 0xff, 0xff, 0xff, 0xfc, 0x0, 0x0,
    0x0, 0x7, 0xff, 0xff, 0xff, 0xff, 0x30, 0x0,
    0x0, 0x8, 0xff, 0xf6, 0xaf, 0xff, 0x30, 0x0,
    0x3b, 0xce, 0xff, 0x81, 0x3a, 0xff, 0xcc, 0x91,
    0xdf, 0xff, 0xff, 0x40, 0x16, 0xff, 0xff, 0xf9,
    0xfd, 0x9, 0xff, 0xf4, 0x8f, 0xff, 0x51, 0xfb,
    0xfe, 0x4b, 0xff, 0xff, 0xff, 0xff, 0x85, 0xfc,
    0xff, 0xff, 0xff, 0xff, 0xff, 0xff, 0xff, 0xfc,
    0xff, 0x8d, 0xff, 0xff, 0xff, 0xff, 0xb9, 0xfc,
    0xfc, 0x8, 0xff, 0xe6, 0x7f, 0xff, 0x30, 0xfc,
    0xff, 0x9e, 0xff, 0x90, 0xd, 0xff, 0xca, 0xfc,
    0xff, 0xff, 0xff, 0x90, 0xd, 0xff, 0xff, 0xfc,
    0xef, 0xff, 0xff, 0xb5, 0x5e, 0xff, 0xff, 0xfa,
    0x5e, 0xff, 0xff, 0xff, 0xff, 0xff, 0xff, 0xd2,

    /* U+F0F9 "" */
    0x5, 0x55, 0x55, 0x55, 0x55, 0x10, 0x0, 0x0,
    0xbf, 0xff, 0xff, 0xff, 0xff, 0xf1, 0x0, 0x0,
    0xff, 0xff, 0xff, 0xff, 0xff, 0xf5, 0x0, 0x0,
    0xff, 0xff, 0xe1, 0x8f, 0xff, 0xfd, 0xb8, 0x0,
    0xff, 0xfc, 0x70, 0x39, 0xff, 0xff, 0xff, 0xb0,
    0xff, 0xf5, 0x0, 0x0, 0xef, 0xf5, 0x9, 0xf8,
    0xff, 0xff, 0xb0, 0x6e, 0xff, 0xf5, 0x0, 0xfb,
    0xff, 0xff, 0xd0, 0x8f, 0xff, 0xf8, 0x44, 0xfb,
    0xff, 0xff, 0xff, 0xff, 0xff, 0xff, 0xff, 0xfb,
    0xff, 0xff, 0xff, 0xff, 0xff, 0xff, 0xff, 0xfb,
    0xff, 0xf7, 0x3f, 0xff, 0xff, 0xd2, 0xbf, 0xfb,
    0x6f, 0xf2, 0xd, 0xff, 0xff, 0x90, 0x6f, 0xe3,
    0x0, 0xdc, 0xaf, 0x30, 0x7, 0xf9, 0xe9, 0x0,
    0x0, 0x2b, 0xc5, 0x0, 0x0, 0x8d, 0xa0, 0x0,

    /* U+F0FA "" */
    0x0, 0x0, 0x3, 0x44, 0x30, 0x0, 0x0, 0x0,
    0x0, 0xaf, 0xff, 0xfa, 0x0, 0x0, 0x0, 0x0,
    0xf6, 0x11, 0x5f, 0x0, 0x0, 0x4c, 0x80, 0xfe,
    0xdd, 0xef, 0x8, 0xc4, 0xef, 0xa0, 0xff, 0xff,
    0xff, 0xa, 0xfe, 0xff, 0xa0, 0xff, 0xff, 0xff,
    0xa, 0xff, 0xff, 0xa0, 0xff, 0x88, 0xff, 0xa,
    0xff, 0xff, 0xa0, 0xfa, 0x33, 0xaf, 0xa, 0xff,
    0xff, 0xa0, 0xe0, 0x0, 0xe, 0xa, 0xff, 0xff,
    0xa0, 0xf8, 0x22, 0x8f, 0xa, 0xff, 0xff, 0xa0,
    0xff, 0x77, 0xff, 0xa, 0xff, 0xff, 0xa0, 0xff,
    0xff, 0xff, 0xa, 0xff, 0xef, 0xa0, 0xff, 0xff,
    0xff, 0xa, 0xfe, 0x5e, 0x90, 0xff, 0xff, 0xff,
    0x9, 0xe5,

    /* U+F0FB "" */
    0x0, 0x0, 0x33, 0x33, 0x10, 0x0, 0x0, 0x0,
    0x0, 0x5, 0xff, 0xff, 0xa0, 0x0, 0x0, 0x0,
    0x0, 0x0, 0xaf, 0xf3, 0x0, 0x0, 0x0, 0x0,
    0x0, 0x0, 0x9f, 0xfd, 0x0, 0x0, 0x0, 0x0,
    0xb8, 0x0, 0x9f, 0xff, 0xa0, 0x0, 0x0, 0x0,
    0xff, 0x60, 0x9f, 0xff, 0xf6, 0x0, 0x0, 0x0,
    0xff, 0xfd, 0xef, 0xff, 0xff, 0xdd, 0xda, 0x40,
    0x6, 0xff, 0xff, 0xff, 0xff, 0xff, 0xff, 0xf9,
    0xce, 0xff, 0xff, 0xff, 0xff, 0xff, 0xfe, 0x81,
    0xff, 0x91, 0xaf, 0xff, 0xfa, 0x11, 0x10, 0x0,
    0xeb, 0x0, 0x9f, 0xff, 0xe0, 0x0, 0x0, 0x0,
    0x0, 0x0, 0x9f, 0xff, 0x40, 0x0, 0x0, 0x0,
    0x0, 0x0, 0x9f, 0xf9, 0x0, 0x0, 0x0, 0x0,
    0x0, 0x1, 0xbf, 0xf6, 0x20, 0x0, 0x0, 0x0,
    0x0, 0x5, 0xff, 0xff, 0x90, 0x0, 0x0, 0x0,

    /* U+F0FC "" */
    0x3, 0x77, 0x77, 0x77, 0x77, 0x30, 0x0, 0x1,
    0xff, 0xff, 0xff, 0xff, 0xff, 0x10, 0x0, 0x4f,
    0xff, 0xff, 0xff, 0xff, 0xfc, 0xb9, 0x14, 0xff,
    0x5f, 0x77, 0xf5, 0xff, 0xff, 0xf9, 0x4f, 0xf0,
    0xe2, 0x2e, 0xf, 0xf4, 0xf, 0xb4, 0xff, 0xe,
    0x22, 0xe0, 0xff, 0x40, 0xfc, 0x4f, 0xf0, 0xe2,
    0x2e, 0xf, 0xf4, 0xf, 0xc4, 0xff, 0xe, 0x22,
    0xe0, 0xff, 0x6a, 0xfa, 0x4f, 0xf0, 0xe2, 0x2e,
    0xf, 0xff, 0xfc, 0x14, 0xff, 0xf, 0x33, 0xf0,
    0xff, 0xd5, 0x0, 0x3f, 0xfc, 0xfd, 0xdf, 0xcf,
    0xf3, 0x0, 0x0, 0xef, 0xff, 0xff, 0xff, 0xfe,
    0x0, 0x0, 0x2, 0xbf, 0xff, 0xff, 0xfb, 0x20,
    0x0, 0x0,

    /* U+F0FD "" */
    0x1, 0x22, 0x22, 0x22, 0x22, 0x20, 0x8, 0xff,
    0xff, 0xff, 0xff, 0xff, 0xd1, 0xff, 0xff, 0xff,
    0xff, 0xff, 0xff, 0x6f, 0xff, 0xff, 0xff, 0xff,
    0xff, 0xf6, 0xff, 0xf9, 0x2f, 0xfa, 0x2f, 0xff,
    0x6f, 0xff, 0x71, 0xff, 0x81, 0xff, 0xf6, 0xff,
    0xf7, 0x4, 0x42, 0x1f, 0xff, 0x6f, 0xff, 0x70,
    0x88, 0x41, 0xff, 0xf6, 0xff, 0xf7, 0x1f, 0xf8,
    0x1f, 0xff, 0x6f, 0xff, 0xa5, 0xff, 0xb5, 0xff,
    0xf6, 0xff, 0xff, 0xff, 0xff, 0xff, 0xff, 0x6e,
    0xff, 0xff, 0xff, 0xff, 0xff, 0xf5, 0x5e, 0xff,
    0xff, 0xff, 0xff, 0xfa, 0x0,

    /* U+F0FE "" */
    0x1, 0x22, 0x22, 0x22, 0x22, 0x10, 0x8, 0xff,
    0xff, 0xff, 0xff, 0xff, 0xa0, 0xff, 0xff, 0xff,
    0xff, 0xff, 0xff, 0x1f, 0xff, 0xff, 0xff, 0xff,
    0xff, 0xf2, 0xff, 0xff, 0xf8, 0x6f, 0xff, 0xff,
    0x2f, 0xff, 0xff, 0x75, 0xff, 0xff, 0xf2, 0xff,
    0xf7, 0x42, 0x14, 0x6f, 0xff, 0x2f, 0xff, 0xa8,
    0x32, 0x89, 0xff, 0xf2, 0xff, 0xff, 0xf7, 0x5f,
    0xff, 0xff, 0x2f, 0xff, 0xff, 0xa8, 0xff, 0xff,
    0xf2, 0xff, 0xff, 0xff, 0xff, 0xff, 0xff, 0x2e,
    0xff, 0xff, 0xff, 0xff, 0xff, 0xf1, 0x5e, 0xff,
    0xff, 0xff, 0xff, 0xe7, 0x0,

    /* U+F100 "" */
    0x0, 0x0, 0x0, 0x0, 0x0, 0x0, 0x0, 0x0,
    0x0, 0x9e, 0x0, 0x6, 0xf3, 0x0, 0x0, 0x9f,
    0xc0, 0x5, 0xff, 0x10, 0x0, 0x9f, 0xd1, 0x5,
    0xff, 0x30, 0x0, 0x8f, 0xd1, 0x4, 0xff, 0x40,
    0x0, 0x7f, 0xe1, 0x3, 0xff, 0x40, 0x0, 0xe,
    0xf5, 0x0, 0xaf, 0x90, 0x0, 0x0, 0x5f, 0xe3,
    0x2, 0xef, 0x60, 0x0, 0x0, 0x6f, 0xe2, 0x3,
    0xff, 0x50, 0x0, 0x0, 0x7f, 0xe2, 0x3, 0xff,
    0x50, 0x0, 0x0, 0x7f, 0xe0, 0x4, 0xff, 0x20,
    0x0, 0x0, 0x7c, 0x0, 0x4, 0xd2,

    /* U+F101 "" */
    0x0, 0x0, 0x0, 0x0, 0x0, 0x0, 0x0, 0xe9,
    0x0, 0xa, 0xc1, 0x0, 0x0, 0xc, 0xf9, 0x0,
    0x8f, 0xc0, 0x0, 0x0, 0x1d, 0xf9, 0x0, 0xaf,
    0xc0, 0x0, 0x0, 0x1d, 0xf8, 0x0, 0xbf, 0xb0,
    0x0, 0x0, 0x1e, 0xf7, 0x0, 0xbf, 0xb0, 0x0,
    0x0, 0x5f, 0xe0, 0x1, 0xff, 0x20, 0x0, 0x3e,
    0xf5, 0x1, 0xcf, 0x90, 0x0, 0x2e, 0xf6, 0x0,
    0xcf, 0xa0, 0x0, 0x2e, 0xf7, 0x0, 0xcf, 0xa0,
    0x0, 0xd, 0xf7, 0x0, 0xaf, 0xb0, 0x0, 0x0,
    0xc7, 0x0, 0x8, 0xa0, 0x0, 0x0,

    /* U+F102 "" */
    0x0, 0x0, 0x1, 0x30, 0x0, 0x0, 0x0, 0x0,
    0x1e, 0xf7, 0x0, 0x0, 0x0, 0x1, 0xef, 0xef,
    0x70, 0x0, 0x0, 0x1e, 0xf7, 0x1d, 0xf7, 0x0,
    0x1, 0xef, 0x70, 0x1, 0xdf, 0x70, 0xd, 0xf7,
    0x0, 0x0, 0x1d, 0xf5, 0x8, 0x60, 0xb, 0xf4,
    0x2, 0xa2, 0x0, 0x0, 0xbf, 0xff, 0x40, 0x0,
    0x0, 0xb, 0xfb, 0x4f, 0xf4, 0x0, 0x0, 0xbf,
    0xb0, 0x4, 0xff, 0x40, 0xa, 0xfb, 0x0, 0x0,
    0x4f, 0xf3, 0xc, 0xa0, 0x0, 0x0, 0x4, 0xe4,
    0x0, 0x0, 0x0, 0x0, 0x0, 0x0,

    /* U+F103 "" */
    0x4, 0x30, 0x0, 0x0, 0x0, 0x61, 0xe, 0xf4,
    0x0, 0x0, 0xb, 0xf6, 0x4, 0xff, 0x40, 0x0,
    0xbf, 0xb0, 0x0, 0x4f, 0xf4, 0xb, 0xfb, 0x0,
    0x0, 0x4, 0xff, 0xcf, 0xb0, 0x0, 0x1, 0x0,
    0x4f, 0xfb, 0x0, 0x20, 0xe, 0xd1, 0x3, 0x70,
    0x7, 0xf6, 0x7, 0xfd, 0x10, 0x0, 0x7f, 0xe1,
    0x0, 0x8f, 0xd1, 0x7, 0xfe, 0x10, 0x0, 0x8,
    0xfd, 0x8f, 0xe1, 0x0, 0x0, 0x0, 0x8f, 0xfe,
    0x10, 0x0, 0x0, 0x0, 0x7, 0xb1, 0x0, 0x0,

    /* U+F104 "" */
    0x0, 0x0, 0x0, 0x0, 0x0, 0x0, 0x9, 0xe0,
    0x0, 0x0, 0x9f, 0xc0, 0x0, 0x9, 0xfd, 0x10,
    0x0, 0x8f, 0xd1, 0x0, 0x7, 0xfe, 0x10, 0x0,
    0xe, 0xf5, 0x0, 0x0, 0x5, 0xfe, 0x30, 0x0,
    0x0, 0x6f, 0xe2, 0x0, 0x0, 0x7, 0xfe, 0x20,
    0x0, 0x0, 0x7f, 0xe0, 0x0, 0x0, 0x7, 0xc0,

    /* U+F105 "" */
    0x0, 0x0, 0x0, 0x0, 0xe, 0x90, 0x0, 0x0,
    0xc, 0xf9, 0x0, 0x0, 0x1, 0xdf, 0x90, 0x0,
    0x0, 0x1d, 0xf8, 0x0, 0x0, 0x1, 0xef, 0x70,
    0x0, 0x0, 0x5f, 0xe0, 0x0, 0x3, 0xef, 0x50,
    0x0, 0x2e, 0xf6, 0x0, 0x2, 0xef, 0x70, 0x0,
    0xd, 0xf7, 0x0, 0x0, 0xc, 0x70, 0x0, 0x0,

    /* U+F106 "" */
    0x0, 0x0, 0x5, 0x91, 0x0, 0x0, 0x0, 0x0,
    0x6f, 0xfc, 0x10, 0x0, 0x0, 0x6, 0xfe, 0xaf,
    0xc1, 0x0, 0x0, 0x6f, 0xe3, 0x9, 0xfc, 0x10,
    0x6, 0xfe, 0x30, 0x0, 0x9f, 0xc1, 0xe, 0xe3,
    0x0, 0x0, 0x9, 0xf6, 0x3, 0x10, 0x0, 0x0,
    0x0, 0x40,

    /* U+F107 "" */
    0xa, 0x80, 0x0, 0x0, 0x3, 0xc3, 0xc, 0xf9,
    0x0, 0x0, 0x3e, 0xf4, 0x1, 0xcf, 0x90, 0x3,
    0xef, 0x60, 0x0, 0x1c, 0xf9, 0x3e, 0xf6, 0x0,
    0x0, 0x1, 0xcf, 0xff, 0x60, 0x0, 0x0, 0x0,
    0x1c, 0xf6, 0x0, 0x0, 0x0, 0x0, 0x0, 0x20,
    0x0, 0x0,

    /* U+F108 "" */
    0x18, 0x99, 0x99, 0x99, 0x99, 0x99, 0x81, 0xcf,
    0xff, 0xff, 0xff, 0xff, 0xff, 0xfc, 0xfe, 0x32,
    0x22, 0x22, 0x22, 0x23, 0xef, 0xfc, 0x0, 0x0,
    0x0, 0x0, 0x0, 0xcf, 0xfb, 0x0, 0x0, 0x0,
    0x0, 0x0, 0xbf, 0xfb, 0x0, 0x0, 0x0, 0x0,
    0x0, 0xbf, 0xfb, 0x0, 0x0, 0x0, 0x0, 0x0,
    0xbf, 0xfc, 0x0, 0x0, 0x0, 0x0, 0x0, 0xcf,
    0xff, 0xa9, 0x99, 0x99, 0x99, 0x9a, 0xff, 0xff,
    0xff, 0xff, 0xff, 0xff, 0xff, 0xff, 0x6f, 0xff,
    0xff, 0xff, 0xff, 0xff, 0xf6, 0x0, 0x0, 0x7,
    0xff, 0x70, 0x0, 0x0, 0x0, 0x5, 0x5c, 0xff,
    0xc5, 0x50, 0x0, 0x0, 0x3e, 0xff, 0xff, 0xff,
    0xe3, 0x0,

    /* U+F109 "" */
    0x0, 0x39, 0x99, 0x99, 0x99, 0x99, 0x99, 0x70,
    0x0, 0x1, 0xff, 0xff, 0xff, 0xff, 0xff, 0xff,
    0xf8, 0x0, 0x3, 0xf9, 0x22, 0x22, 0x22, 0x22,
    0x22, 0xfb, 0x0, 0x3, 0xf7, 0x0, 0x0, 0x0,
    0x0, 0x0, 0xfb, 0x0, 0x3, 0xf7, 0x0, 0x0,
    0x0, 0x0, 0x0, 0xfb, 0x0, 0x3, 0xf7, 0x0,
    0x0, 0x0, 0x0, 0x0, 0xfb, 0x0, 0x3, 0xf7,
    0x0, 0x0, 0x0, 0x0, 0x0, 0xfb, 0x0, 0x3,
    0xf7, 0x0, 0x0, 0x0, 0x0, 0x0, 0xfb, 0x0,
    0x2, 0xb5, 0x0, 0x0, 0x0, 0x0, 0x0, 0xb8,
    0x0, 0x0, 0x0, 0x0, 0x0, 0x0, 0x0, 0x0,
    0x0, 0x0, 0x9a, 0xaa, 0xaa, 0xaa, 0xaa, 0xaa,
    0xaa, 0xaa, 0xa4, 0xdf, 0xff, 0xff, 0xff, 0xff,
    0xff, 0xff, 0xff, 0xf5, 0x3d, 0xff, 0xff, 0xff,
    0xff, 0xff, 0xff, 0xfe, 0x90,

    /* U+F10A "" */
    0x0, 0x0, 0x0, 0x0, 0x0, 0x0, 0x6, 0xff,
    0xff, 0xff, 0xff, 0xff, 0xa0, 0xff, 0xff, 0xff,
    0xff, 0xff, 0xff, 0x3f, 0xff, 0xff, 0xff, 0xff,
    0xff, 0xf3, 0xff, 0xff, 0xff, 0xff, 0xff, 0xff,
    0x3f, 0xff, 0xff, 0xff, 0xff, 0xff, 0xf3, 0xff,
    0xff, 0xff, 0xff, 0xff, 0xff, 0x3f, 0xff, 0xff,
    0xff, 0xff, 0xff, 0xf3, 0xff, 0xff, 0xff, 0xff,
    0xff, 0xff, 0x3f, 0xff, 0xff, 0xff, 0xff, 0xff,
    0xf3, 0xff, 0xff, 0xff, 0xff, 0xff, 0xff, 0x3f,
    0xff, 0xff, 0xff, 0xff, 0xff, 0xf3, 0xff, 0xff,
    0xf6, 0x2f, 0xff, 0xff, 0x3e, 0xff, 0xff, 0xb9,
    0xff, 0xff, 0xf2, 0x5e, 0xff, 0xff, 0xff, 0xff,
    0xe8, 0x0,

    /* U+F10B "" */
    0x0, 0x0, 0x0, 0x0, 0x0, 0x4e, 0xff, 0xff,
    0xff, 0xf4, 0xbf, 0xff, 0xff, 0xff, 0xfc, 0xcf,
    0xff, 0xff, 0xff, 0xfd, 0xcf, 0xff, 0xff, 0xff,
    0xfd, 0xcf, 0xff, 0xff, 0xff, 0xfd, 0xcf, 0xff,
    0xff, 0xff, 0xfd, 0xcf, 0xff, 0xff, 0xff, 0xfd,
    0xcf, 0xff, 0xff, 0xff, 0xfd, 0xcf, 0xff, 0xff,
    0xff, 0xfd, 0xcf, 0xff, 0xff, 0xff, 0xfd, 0xcf,
    0xff, 0xff, 0xff, 0xfd, 0xcf, 0xff, 0x43, 0xff,
    0xfd, 0xbf, 0xff, 0xa9, 0xff, 0xfc, 0x3d, 0xff,
    0xff, 0xff, 0xd4,

    /* U+F10C "" */
    0x0, 0x0, 0x0, 0x11, 0x0, 0x0, 0x0, 0x0,
    0x1, 0xaf, 0xff, 0xfa, 0x10, 0x0, 0x0, 0x6f,
    0xff, 0xff, 0xff, 0xf6, 0x0, 0x5, 0xff, 0xff,
    0xff, 0xff, 0xff, 0x50, 0x1e, 0xff, 0xff, 0xff,
    0xff, 0xff, 0xe1, 0x8f, 0xff, 0xff, 0xff, 0xff,
    0xff, 0xf8, 0xdf, 0xff, 0xff, 0xff, 0xff, 0xff,
    0xfd, 0xff, 0xff, 0xff, 0xff, 0xff, 0xff, 0xff,
    0xff, 0xff, 0xff, 0xff, 0xff, 0xff, 0xfe, 0xcf,
    0xff, 0xff, 0xff, 0xff, 0xff, 0xfc, 0x7f, 0xff,
    0xff, 0xff, 0xff, 0xff, 0xf7, 0xc, 0xff, 0xff,
    0xff, 0xff, 0xff, 0xc0, 0x2, 0xff, 0xff, 0xff,
    0xff, 0xff, 0x20, 0x0, 0x2c, 0xff, 0xff, 0xff,
    0xc2, 0x0, 0x0, 0x0, 0x5a, 0xdc, 0xa5, 0x0,
    0x0,

    /* U+F10D "" */
    0x6, 0xde, 0x30, 0x0, 0x6d, 0xe3, 0x5, 0xff,
    0xc2, 0x0, 0x5f, 0xfc, 0x20, 0xdf, 0x20, 0x0,
    0xd, 0xf2, 0x0, 0xf, 0xe7, 0x72, 0x0, 0xfe,
    0x77, 0x20, 0xff, 0xff, 0xe0, 0xf, 0xff, 0xfe,
    0xf, 0xff, 0xff, 0x30, 0xff, 0xff, 0xf3, 0xff,
    0xff, 0xf4, 0xf, 0xff, 0xff, 0x4e, 0xff, 0xff,
    0x20, 0xef, 0xff, 0xf2, 0x6f, 0xff, 0x90, 0x6,
    0xff, 0xf9, 0x0,

    /* U+F10E "" */
    0x5e, 0xff, 0x90, 0x5, 0xef, 0xf9, 0xe, 0xff,
    0xff, 0x20, 0xef, 0xff, 0xf2, 0xff, 0xff, 0xf4,
    0xf, 0xff, 0xff, 0x4f, 0xff, 0xff, 0x40, 0xff,
    0xff, 0xf4, 0xbf, 0xff, 0xf4, 0xb, 0xff, 0xff,
    0x40, 0x67, 0xcf, 0x30, 0x6, 0x7c, 0xf3, 0x0,
    0x1d, 0xf1, 0x0, 0x1, 0xdf, 0x10, 0xbf, 0xfa,
    0x0, 0xb, 0xff, 0xa0, 0xd, 0xe8, 0x0, 0x0,
    0xde, 0x80, 0x0,

    /* U+F110 "" */
    0x0, 0x0, 0x0, 0x11, 0x0, 0x0, 0x0, 0x0,
    0x0, 0x0, 0xf, 0xf2, 0x0, 0x0, 0x0, 0x0,
    0x66, 0x1, 0xff, 0x30, 0x0, 0x0, 0x0, 0x3f,
    0xf3, 0x1, 0x20, 0x0, 0x0, 0x0, 0x0, 0xcc,
    0x0, 0x0, 0x0, 0x0, 0x0, 0x0, 0x0, 0x0,
    0x0, 0x0, 0x0, 0x0, 0x0, 0x37, 0x0, 0x0,
    0x0, 0x0, 0x0, 0x64, 0xd, 0xf7, 0x0, 0x0,
    0x0, 0x0, 0x4f, 0xf1, 0x9f, 0x40, 0x0, 0x0,
    0x0, 0x2, 0xec, 0x0, 0x0, 0x0, 0x0, 0x0,
    0x0, 0x0, 0x0, 0x0, 0x55, 0x0, 0x0, 0x0,
    0x36, 0x0, 0x0, 0x3f, 0xf3, 0x0, 0x0, 0xf,
    0xf6, 0x0, 0x1, 0xed, 0x10, 0x9b, 0x0, 0xbe,
    0x30, 0x0, 0x0, 0x0, 0x2f, 0xf4, 0x0, 0x0,
    0x0, 0x0, 0x0, 0x0, 0x79, 0x0, 0x0, 0x0,
    0x0,

    /* U+F111 "" */
    0x0, 0x0, 0x0, 0x11, 0x0, 0x0, 0x0, 0x0,
    0x1, 0xaf, 0xff, 0xfa, 0x10, 0x0, 0x0, 0x6f,
    0xff, 0xff, 0xff, 0xf6, 0x0, 0x5, 0xff, 0xff,
    0xff, 0xff, 0xff, 0x50, 0x1e, 0xff, 0xff, 0xff,
    0xff, 0xff, 0xe1, 0x8f, 0xff, 0xff, 0xff, 0xff,
    0xff, 0xf8, 0xdf, 0xff, 0xff, 0xff, 0xff, 0xff,
    0xfd, 0xff, 0xff, 0xff, 0xff, 0xff, 0xff, 0xff,
    0xff, 0xff, 0xff, 0xff, 0xff, 0xff, 0xfe, 0xcf,
    0xff, 0xff, 0xff, 0xff, 0xff, 0xfc, 0x7f, 0xff,
    0xff, 0xff, 0xff, 0xff, 0xf7, 0xc, 0xff, 0xff,
    0xff, 0xff, 0xff, 0xc0, 0x2, 0xff, 0xff, 0xff,
    0xff, 0xff, 0x20, 0x0, 0x2c, 0xff, 0xff, 0xff,
    0xc2, 0x0, 0x0, 0x0, 0x5a, 0xdc, 0xa5, 0x0,
    0x0,

    /* U+F112 "" */
    0x0, 0x0, 0x0, 0x0, 0x0, 0x0, 0x0, 0x0,
    0x0, 0x0, 0x9e, 0x0, 0x0, 0x0, 0x0, 0x0,
    0x0, 0x9f, 0xf2, 0x0, 0x0, 0x0, 0x0, 0x0,
    0x9f, 0xff, 0x20, 0x0, 0x0, 0x0, 0x0, 0x9f,
    0xff, 0xff, 0xff, 0xea, 0x40, 0x0, 0x9f, 0xff,
    0xff, 0xff, 0xff, 0xff, 0x80, 0xd, 0xff, 0xff,
    0xff, 0xff, 0xff, 0xff, 0x40, 0x3e, 0xff, 0xff,
    0xff, 0xff, 0xff, 0xfb, 0x0, 0x3e, 0xff, 0xf7,
    0x66, 0x9f, 0xff, 0xe0, 0x0, 0x3e, 0xff, 0x20,
    0x0, 0x3f, 0xfe, 0x0, 0x0, 0x3e, 0xf1, 0x0,
    0x0, 0xbf, 0xb0, 0x0, 0x0, 0x25, 0x0, 0x0,
    0xb, 0xf4, 0x0, 0x0, 0x0, 0x0, 0x0, 0x2,
    0xf9, 0x0, 0x0, 0x0, 0x0, 0x0, 0x0, 0x37,
    0x0,

    /* U+F114 "" */
    0x5, 0x55, 0x55, 0x10, 0x0, 0x0, 0x0, 0xbf,
    0xff, 0xff, 0xf5, 0x10, 0x0, 0x0, 0xff, 0xff,
    0xff, 0xff, 0xff, 0xff, 0xf7, 0xff, 0xff, 0xff,
    0xff, 0xff, 0xff, 0xff, 0xff, 0xff, 0xff, 0xff,
    0xff, 0xff, 0xff, 0xff, 0xff, 0xff, 0xff, 0xff,
    0xff, 0xff, 0xff, 0xff, 0xff, 0xff, 0xff, 0xff,
    0xff, 0xff, 0xff, 0xff, 0xff, 0xff, 0xff, 0xff,
    0xff, 0xff, 0xff, 0xff, 0xff, 0xff, 0xff, 0xff,
    0xff, 0xff, 0xff, 0xff, 0xff, 0xff, 0xff, 0xff,
    0xff, 0xff, 0xff, 0xff, 0xff, 0x6f, 0xff, 0xff,
    0xff, 0xff, 0xff, 0xf6,

    /* U+F115 "" */
    0x0, 0x56, 0x66, 0x50, 0x0, 0x0, 0x0, 0x0,
    0xd, 0xff, 0xff, 0xfe, 0x41, 0x11, 0x0, 0x0,
    0x1f, 0xff, 0xff, 0xff, 0xff, 0xff, 0xf7, 0x0,
    0x2f, 0xff, 0xff, 0xff, 0xff, 0xff, 0xff, 0x0,
    0x2f, 0xb4, 0x22, 0x22, 0x22, 0x22, 0x22, 0x0,
    0x2d, 0x5, 0x89, 0x99, 0x99, 0x99, 0x99, 0x81,
    0x25, 0x3f, 0xff, 0xff, 0xff, 0xff, 0xff, 0xf9,
    0x10, 0x9f, 0xff, 0xff, 0xff, 0xff, 0xff, 0xf7,
    0x0, 0xef, 0xff, 0xff, 0xff, 0xff, 0xff, 0xf2,
    0x4, 0xff, 0xff, 0xff, 0xff, 0xff, 0xff, 0xd0,
    0x8, 0xff, 0xff, 0xff, 0xff, 0xff, 0xff, 0x70,
    0x4, 0xff, 0xff, 0xff, 0xff, 0xff, 0xfd, 0x10,

    /* U+F118 "" */
    0x0, 0x0, 0x0, 0x11, 0x0, 0x0, 0x0, 0x0,
    0x1, 0xaf, 0xff, 0xfa, 0x10, 0x0, 0x0, 0x6f,
    0xff, 0xff, 0xff, 0xf6, 0x0, 0x5, 0xff, 0xff,
    0xff, 0xff, 0xff, 0x50, 0x1e, 0xff, 0xff, 0xff,
    0xff, 0xff, 0xe1, 0x9f, 0xff, 0xde, 0xff, 0xec,
    0xff, 0xf9, 0xdf, 0xff, 0x5, 0xff, 0x70, 0xff,
    0xfd, 0xff, 0xff, 0xde, 0xff, 0xfd, 0xff, 0xff,
    0xef, 0xff, 0xff, 0xff, 0xff, 0xff, 0xfe, 0xcf,
    0xfb, 0xaf, 0xff, 0xfa, 0xbf, 0xfc, 0x6f, 0xfa,
    0x7, 0xcc, 0x70, 0xaf, 0xf6, 0xc, 0xff, 0xb3,
    0x0, 0x3b, 0xff, 0xc0, 0x2, 0xef, 0xff, 0xff,
    0xff, 0xfe, 0x20, 0x0, 0x1a, 0xff, 0xff, 0xff,
    0xa1, 0x0, 0x0, 0x0, 0x49, 0xbb, 0x94, 0x0,
    0x0,

    /* U+F119 "" */
    0x0, 0x0, 0x0, 0x11, 0x0, 0x0, 0x0, 0x0,
    0x1, 0xaf, 0xff, 0xfa, 0x10, 0x0, 0x0, 0x6f,
    0xff, 0xff, 0xff, 0xf6, 0x0, 0x5, 0xff, 0xff,
    0xff, 0xff, 0xff, 0x50, 0x1e, 0xff, 0xff, 0xff,
    0xff, 0xff, 0xe1, 0x8f, 0xff, 0xde, 0xff, 0xfd,
    0xff, 0xf8, 0xdf, 0xff, 0x5, 0xff, 0x70, 0xff,
    0xfd, 0xff, 0xff, 0xbd, 0xff, 0xeb, 0xff, 0xff,
    0xef, 0xff, 0xff, 0xff, 0xff, 0xff, 0xfe, 0xcf,
    0xff, 0xe8, 0x44, 0x8e, 0xff, 0xfc, 0x7f, 0xfd,
    0x21, 0x66, 0x12, 0xdf, 0xf7, 0xc, 0xf7, 0x4e,
    0xff, 0xf4, 0x7f, 0xc0, 0x2, 0xff, 0xff, 0xff,
    0xff, 0xff, 0x20, 0x0, 0x2c, 0xff, 0xff, 0xff,
    0xc2, 0x0, 0x0, 0x0, 0x5a, 0xcc, 0xa5, 0x0,
    0x0,

    /* U+F11A "" */
    0x0, 0x0, 0x0, 0x11, 0x0, 0x0, 0x0, 0x0,
    0x1, 0xaf, 0xff, 0xfa, 0x10, 0x0, 0x0, 0x6f,
    0xff, 0xff, 0xff, 0xf6, 0x0, 0x5, 0xff, 0xff,
    0xff, 0xff, 0xff, 0x50, 0x1e, 0xff, 0xff, 0xff,
    0xff, 0xff, 0xe1, 0x8f, 0xff, 0xce, 0xff, 0xec,
    0xff, 0xf8, 0xdf, 0xff, 0x16, 0xff, 0x81, 0xff,
    0xfd, 0xff, 0xff, 0xff, 0xff, 0xff, 0xff, 0xff,
    0xff, 0xff, 0xff, 0xff, 0xff, 0xff, 0xfe, 0xcf,
    0xff, 0x84, 0x44, 0x48, 0xff, 0xfc, 0x7f, 0xff,
    0x50, 0x0, 0x5, 0xff, 0xf7, 0xd, 0xff, 0xff,
    0xff, 0xff, 0xff, 0xd0, 0x3, 0xff, 0xff, 0xff,
    0xff, 0xff, 0x30, 0x0, 0x2c, 0xff, 0xff, 0xff,
    0xc2, 0x0, 0x0, 0x0, 0x6b, 0xdd, 0xb6, 0x0,
    0x0,

    /* U+F11B "" */
    0x0, 0x0, 0x24, 0x44, 0x44, 0x44, 0x30, 0x0,
    0x0, 0x0, 0x6e, 0xff, 0xff, 0xff, 0xff, 0xff,
    0xa1, 0x0, 0xa, 0xff, 0xff, 0xff, 0xff, 0xff,
    0xff, 0xfe, 0x10, 0x5f, 0xff, 0xfe, 0xff, 0xff,
    0xff, 0xfe, 0xff, 0xa0, 0xbf, 0xff, 0xa2, 0xff,
    0xff, 0xff, 0x90, 0xef, 0xf0, 0xef, 0xf7, 0x20,
    0x5e, 0xff, 0xff, 0xfc, 0xff, 0xf3, 0xdf, 0xfb,
    0x50, 0x9f, 0xff, 0xf8, 0xdf, 0xff, 0xf2, 0xaf,
    0xff, 0xb4, 0xff, 0xff, 0xf3, 0xbf, 0xff, 0xf0,
    0x2f, 0xff, 0xff, 0xff, 0xff, 0xff, 0xff, 0xff,
    0x70, 0x6, 0xff, 0xff, 0xff, 0xff, 0xff, 0xff,
    0xfa, 0x0, 0x0, 0x2a, 0xdf, 0xff, 0xff, 0xff,
    0xeb, 0x50, 0x0,

    /* U+F11C "" */
    0x2a, 0xbb, 0xbb, 0xbb, 0xbb, 0xbb, 0xbb, 0x91,
    0xdf, 0xff, 0xff, 0xff, 0xff, 0xff, 0xff, 0xf9,
    0xfd, 0x1c, 0x61, 0xe2, 0x6c, 0xc, 0x62, 0xfb,
    0xfd, 0xb, 0x50, 0xe1, 0x5b, 0xb, 0x51, 0xfb,
    0xff, 0xef, 0xfe, 0xfe, 0xff, 0xef, 0xfe, 0xfb,
    0xfc, 0xb, 0x40, 0xe0, 0x4b, 0xb, 0x40, 0xfb,
    0xfe, 0x2c, 0x73, 0xf4, 0x7c, 0x2c, 0x74, 0xfb,
    0xff, 0xff, 0xdb, 0xbb, 0xbb, 0xbf, 0xff, 0xfb,
    0xff, 0xff, 0x40, 0x0, 0x0, 0xa, 0xff, 0xfb,
    0xef, 0xff, 0xeb, 0xbb, 0xbb, 0xcf, 0xff, 0xfa,
    0x6f, 0xff, 0xff, 0xff, 0xff, 0xff, 0xff, 0xd3,

    /* U+F11D "" */
    0x0, 0x0, 0x0, 0x0, 0x0, 0x0, 0xe, 0xa0,
    0x24, 0x40, 0x0, 0x0, 0x10, 0xfe, 0xef, 0xff,
    0xfc, 0x8a, 0xef, 0x2f, 0xff, 0xff, 0xff, 0xff,
    0xff, 0xf3, 0xff, 0xff, 0xff, 0xff, 0xff, 0xff,
    0x3f, 0xff, 0xff, 0xff, 0xff, 0xff, 0xf3, 0xff,
    0xff, 0xff, 0xff, 0xff, 0xff, 0x3f, 0xff, 0xff,
    0xff, 0xff, 0xff, 0xf3, 0xff, 0xff, 0xff, 0xff,
    0xff, 0xff, 0x3f, 0xff, 0xff, 0xff, 0xff, 0xff,
    0xf3, 0xfe, 0x62, 0x0, 0x59, 0xdd, 0xa4, 0xf,
    0xb0, 0x0, 0x0, 0x0, 0x0, 0x0, 0xfb, 0x0,
    0x0, 0x0, 0x0, 0x0, 0xf, 0xb0, 0x0, 0x0,
    0x0, 0x0, 0x0, 0xa6, 0x0, 0x0, 0x0, 0x0,
    0x0, 0x0,

    /* U+F11E "" */
    0x0, 0x0, 0x0, 0x0, 0x0, 0x0, 0xe, 0xa0,
    0x46, 0x51, 0x0, 0x0, 0x10, 0xff, 0xff, 0xff,
    0xfc, 0x9b, 0xfe, 0xf, 0xfb, 0xdf, 0x8c, 0xff,
    0xff, 0xf1, 0xfc, 0xa, 0xf1, 0xf, 0xc1, 0xaf,
    0x1f, 0xc4, 0x84, 0xa7, 0xcb, 0xb, 0xf1, 0xff,
    0xf8, 0xe, 0xf0, 0x6f, 0xff, 0x1f, 0xe8, 0xbf,
    0x24, 0x68, 0xce, 0xf1, 0xfc, 0xa, 0xf1, 0xf,
    0xc0, 0xaf, 0x1f, 0xeb, 0xff, 0xeb, 0xfc, 0x2c,
    0xf1, 0xff, 0xfe, 0xcd, 0xff, 0xff, 0xff, 0xf,
    0xd1, 0x0, 0x2, 0x6a, 0x97, 0x10, 0xfc, 0x0,
    0x0, 0x0, 0x0, 0x0, 0xf, 0xb0, 0x0, 0x0,
    0x0, 0x0, 0x0, 0xa6, 0x0, 0x0, 0x0, 0x0,
    0x0, 0x0,

    /* U+F120 "" */
    0x4, 0x30, 0x0, 0x0, 0x0, 0x0, 0x0, 0x0,
    0xef, 0x40, 0x0, 0x0, 0x0, 0x0, 0x0, 0x4,
    0xff, 0x40, 0x0, 0x0, 0x0, 0x0, 0x0, 0x4,
    0xff, 0x40, 0x0, 0x0, 0x0, 0x0, 0x0, 0x4,
    0xff, 0x40, 0x0, 0x0, 0x0, 0x0, 0x0, 0x4,
    0xff, 0x0, 0x0, 0x0, 0x0, 0x0, 0x0, 0xbf,
    0xb0, 0x0, 0x0, 0x0, 0x0, 0x0, 0xbf, 0xb0,
    0x0, 0x0, 0x0, 0x0, 0x0, 0xbf, 0xb0, 0x0,
    0x0, 0x0, 0x0, 0x0, 0xaf, 0xb0, 0x5, 0xbc,
    0xcc, 0xcc, 0xc8, 0xc, 0xa0, 0x0, 0x8f, 0xff,
    0xff, 0xff, 0xc0, 0x0, 0x0, 0x0, 0x0, 0x0,
    0x0, 0x0,

    /* U+F121 "" */
    0x0, 0x0, 0x0, 0x0, 0x0, 0x20, 0x0, 0x0,
    0x0, 0x0, 0x0, 0x0, 0x0, 0x3f, 0x60, 0x0,
    0x0, 0x0, 0x0, 0x0, 0x0, 0x8, 0xf4, 0x0,
    0x0, 0x0, 0x0, 0x0, 0x0, 0x0, 0xdf, 0x0,
    0x0, 0x0, 0x0, 0x3, 0xa1, 0x0, 0x1f, 0xb0,
    0x4a, 0x10, 0x0, 0x3, 0xff, 0x30, 0x6, 0xf6,
    0x6, 0xfd, 0x10, 0x3, 0xff, 0x50, 0x0, 0xaf,
    0x20, 0x9, 0xfd, 0x10, 0xef, 0x60, 0x0, 0xf,
    0xd0, 0x0, 0xa, 0xfa, 0x8, 0xfd, 0x10, 0x4,
    0xf9, 0x0, 0x3, 0xef, 0x50, 0x9, 0xfd, 0x0,
    0x8f, 0x40, 0x3, 0xff, 0x50, 0x0, 0x9, 0xf4,
    0xd, 0xf0, 0x0, 0x8f, 0x50, 0x0, 0x0, 0x1,
    0x1, 0xfb, 0x0, 0x0, 0x10, 0x0, 0x0, 0x0,
    0x0, 0x6f, 0x60, 0x0, 0x0, 0x0, 0x0, 0x0,
    0x0, 0xa, 0xf2, 0x0, 0x0, 0x0, 0x0, 0x0,
    0x0, 0x0, 0x58, 0x0, 0x0, 0x0, 0x0, 0x0,

    /* U+F122 "" */
    0x0, 0x0, 0x68, 0x1, 0xb5, 0x0, 0x0, 0x0,
    0x0, 0x6, 0xf6, 0x1d, 0xf9, 0x0, 0x0, 0x0,
    0x0, 0x6f, 0x71, 0xdf, 0xfa, 0x0, 0x0, 0x0,
    0x6, 0xf7, 0x1d, 0xff, 0xfe, 0xca, 0x70, 0x0,
    0x6f, 0x61, 0xdf, 0xff, 0xff, 0xff, 0xfd, 0x30,
    0xec, 0x6, 0xff, 0xff, 0xff, 0xff, 0xff, 0xd0,
    0x4f, 0x90, 0xcf, 0xff, 0xff, 0xff, 0xff, 0xf6,
    0x4, 0xf9, 0xc, 0xff, 0xfd, 0xad, 0xff, 0xfa,
    0x0, 0x5f, 0x90, 0xcf, 0xfa, 0x0, 0x9f, 0xfa,
    0x0, 0x5, 0xf8, 0xc, 0xf9, 0x0, 0xf, 0xf7,
    0x0, 0x0, 0x46, 0x0, 0x83, 0x0, 0xf, 0xf2,
    0x0, 0x0, 0x0, 0x0, 0x0, 0x0, 0x4f, 0x80,
    0x0, 0x0, 0x0, 0x0, 0x0, 0x0, 0x87, 0x0,

    /* U+F123 "" */
    0x0, 0x0, 0x0, 0x8, 0x10, 0x0, 0x0, 0x5,
    0xf4, 0x0, 0x0, 0x0, 0xdf, 0x40, 0x0, 0x0,
    0x5f, 0xf4, 0x3, 0x68, 0xbf, 0xff, 0x47, 0xff,
    0xff, 0xff, 0xf4, 0x1d, 0xff, 0xff, 0xff, 0x40,
    0x1d, 0xff, 0xff, 0xf4, 0x0, 0x1d, 0xff, 0xff,
    0x40, 0x0, 0x6f, 0xff, 0xf4, 0x0, 0x8, 0xff,
    0xff, 0x40, 0x0, 0xbf, 0xff, 0xf3, 0x0, 0xd,
    0xff, 0xd5, 0x0, 0x0, 0xfd, 0x60, 0x0, 0x0,
    0x1, 0x0, 0x0, 0x0,

    /* U+F124 "" */
    0x0, 0x0, 0x0, 0x0, 0x0, 0x2, 0x40, 0x0,
    0x0, 0x0, 0x0, 0x6, 0xcf, 0xf1, 0x0, 0x0,
    0x0, 0x39, 0xff, 0xff, 0xc0, 0x0, 0x1, 0x7d,
    0xff, 0xff, 0xff, 0x60, 0x4, 0xbf, 0xff, 0xff,
    0xff, 0xff, 0x10, 0xcf, 0xff, 0xff, 0xff, 0xff,
    0xfa, 0x0, 0x8f, 0xff, 0xff, 0xff, 0xff, 0xf4,
    0x0, 0x0, 0x5a, 0xff, 0xff, 0xff, 0xe0, 0x0,
    0x0, 0x0, 0x9, 0xff, 0xff, 0x70, 0x0, 0x0,
    0x0, 0x2, 0xff, 0xff, 0x10, 0x0, 0x0, 0x0,
    0x0, 0xdf, 0xfb, 0x0, 0x0, 0x0, 0x0, 0x0,
    0x7f, 0xf5, 0x0, 0x0, 0x0, 0x0, 0x0, 0x2f,
    0xe0, 0x0, 0x0, 0x0, 0x0, 0x0, 0x8, 0x50,
    0x0, 0x0,

    /* U+F125 "" */
    0x0, 0x20, 0x0, 0x0, 0x0, 0x0, 0x2, 0x0,
    0xf, 0x90, 0x0, 0x0, 0x0, 0xb, 0xf1, 0x4a,
    0xfa, 0x7, 0x99, 0x99, 0x9c, 0xfa, 0xb, 0xff,
    0xa0, 0xcf, 0xff, 0xff, 0xfc, 0x0, 0x3, 0xfa,
    0x1, 0x22, 0x3e, 0xff, 0xa0, 0x0, 0x1f, 0xa0,
    0x0, 0x1d, 0xfd, 0xfa, 0x0, 0x1, 0xfa, 0x0,
    0x1c, 0xfc, 0x2f, 0xa0, 0x0, 0x1f, 0xa0, 0x1c,
    0xfc, 0x1, 0xfa, 0x0, 0x1, 0xfa, 0xc, 0xfc,
    0x0, 0x1f, 0xa0, 0x0, 0x1f, 0xbc, 0xfc, 0x0,
    0x1, 0xfa, 0x0, 0x1, 0xff, 0xfc, 0x0, 0x0,
    0x1f, 0xa0, 0x0, 0xf, 0xff, 0xcb, 0xbb, 0x41,
    0xfe, 0xb1, 0x0, 0x7f, 0xff, 0xff, 0xf5, 0x1f,
    0xff, 0x30, 0x0, 0x0, 0x0, 0x0, 0x1, 0xfa,
    0x0, 0x0, 0x0, 0x0, 0x0, 0x0, 0x7, 0x30,
    0x0,

    /* U+F126 "" */
    0x0, 0x10, 0x0, 0x0, 0x0, 0x0, 0x5, 0xff,
    0xa0, 0x0, 0x6, 0xff, 0x80, 0xed, 0x9f, 0x40,
    0x0, 0xfc, 0xaf, 0x2d, 0xd9, 0xf3, 0x0, 0xf,
    0xcb, 0xf1, 0x4f, 0xf9, 0x0, 0x0, 0x5f, 0xf7,
    0x0, 0xbf, 0x10, 0x0, 0x0, 0xde, 0x0, 0xb,
    0xf2, 0x22, 0x22, 0x6f, 0xb0, 0x0, 0xbf, 0xff,
    0xff, 0xff, 0xf3, 0x0, 0xb, 0xfa, 0xaa, 0xa9,
    0x72, 0x0, 0x0, 0xbf, 0x10, 0x0, 0x0, 0x0,
    0x0, 0xc, 0xf2, 0x0, 0x0, 0x0, 0x0, 0xa,
    0xff, 0xe1, 0x0, 0x0, 0x0, 0x0, 0xea, 0x4f,
    0x40, 0x0, 0x0, 0x0, 0xb, 0xff, 0xf1, 0x0,
    0x0, 0x0, 0x0, 0x8, 0x93, 0x0, 0x0, 0x0,
    0x0, 0x0,

    /* U+F127 "" */
    0x0, 0x0, 0x0, 0x0, 0x0, 0x0, 0x0, 0x0,
    0x0, 0xe8, 0x0, 0x0, 0x0, 0x0, 0x0, 0x0,
    0x0, 0x5, 0xf8, 0x0, 0x0, 0x0, 0x3, 0x52,
    0x0, 0x0, 0x5, 0xf8, 0x0, 0x0, 0xc, 0xff,
    0xfc, 0x20, 0x0, 0x5, 0xf9, 0x78, 0x50, 0x3a,
    0x6a, 0xfd, 0x0, 0x0, 0x5, 0xff, 0xff, 0xd2,
    0x0, 0x7, 0xf7, 0x0, 0x8, 0x5, 0xfb, 0x8f,
    0xd0, 0x0, 0x1f, 0xa0, 0xa, 0xf9, 0x5, 0xf9,
    0x9f, 0x40, 0x1, 0xfa, 0x5, 0xfc, 0x0, 0x5,
    0xfd, 0xf7, 0x0, 0x9f, 0x60, 0xcf, 0x10, 0x6,
    0x5, 0xfe, 0x20, 0x8f, 0xc0, 0xf, 0xc0, 0x0,
    0x5c, 0x5, 0xf8, 0x8f, 0xd1, 0x0, 0xde, 0x0,
    0x0, 0xbc, 0x5, 0xff, 0xd1, 0x0, 0x7, 0xfa,
    0x10, 0x10, 0x8b, 0x5, 0xf9, 0x0, 0x0, 0xb,
    0xff, 0xff, 0x80, 0x0, 0x5, 0xf8, 0x0, 0x0,
    0x6, 0xbd, 0xa3, 0x0, 0x0, 0x5, 0xf8, 0x0,
    0x0, 0x0, 0x0, 0x0, 0x0, 0x0, 0x5, 0xf7,
    0x0, 0x0, 0x0, 0x0, 0x0, 0x0, 0x0, 0x4,
    0x50,

    /* U+F128 "" */
    0x0, 0x5a, 0xc9, 0x20, 0x0, 0x9f, 0xff, 0xff,
    0x50, 0x5f, 0xd3, 0x5, 0xef, 0x2c, 0xf1, 0x0,
    0x5, 0xf7, 0xec, 0x0, 0x0, 0x1f, 0xa7, 0x50,
    0x0, 0x2, 0xfa, 0x0, 0x0, 0x0, 0xaf, 0x60,
    0x0, 0x2, 0xcf, 0xd0, 0x0, 0x2, 0xff, 0xc2,
    0x0, 0x0, 0x7f, 0x70, 0x0, 0x0, 0x6, 0xf2,
    0x0, 0x0, 0x0, 0x3, 0x0, 0x0, 0x0, 0x0,
    0x20, 0x0, 0x0, 0x0, 0x9f, 0x50, 0x0, 0x0,
    0x6, 0xe3, 0x0, 0x0,

    /* U+F129 "" */
    0x0, 0x0, 0x0, 0x3, 0xfc, 0x0, 0x5, 0xfe,
    0x0, 0x0, 0x52, 0x0, 0x0, 0x0, 0x0, 0x7c,
    0xc5, 0x0, 0x9f, 0xfa, 0x0, 0x1, 0xfa, 0x0,
    0x1, 0xfa, 0x0, 0x1, 0xfa, 0x0, 0x1, 0xfa,
    0x0, 0x1, 0xfa, 0x0, 0x1, 0xfa, 0x0, 0x9f,
    0xff, 0xf3, 0x6b, 0xcc, 0xb2,

    /* U+F12A "" */
    0x2d, 0x80, 0x8f, 0xf0, 0x8f, 0xf0, 0x7f, 0xf0,
    0x6f, 0xe0, 0x5f, 0xd0, 0x4f, 0xc0, 0x4f, 0xc0,
    0x3f, 0xb0, 0x2f, 0xa0, 0xd, 0x60, 0x0, 0x0,
    0x2, 0x0, 0x3f, 0xb0, 0x1d, 0x70,

    /* U+F12B "" */
    0x0, 0x0, 0x0, 0x0, 0x0, 0x0, 0x0, 0x0,
    0x0, 0x0, 0x0, 0x0, 0x0, 0x5f, 0xc0, 0x5,
    0x50, 0x0, 0x0, 0x45, 0x7, 0xfe, 0x2, 0xff,
    0x90, 0x0, 0x7f, 0xf4, 0xd, 0xe0, 0x3, 0xcf,
    0x50, 0x2f, 0xe4, 0x0, 0xde, 0x0, 0x2, 0xfe,
    0x2d, 0xf4, 0x0, 0x5f, 0xf6, 0x0, 0x6, 0xff,
    0xf9, 0x0, 0x7, 0xff, 0x80, 0x0, 0xb, 0xfd,
    0x0, 0x0, 0x0, 0x0, 0x0, 0x1, 0xef, 0xf2,
    0x0, 0x0, 0x0, 0x0, 0x0, 0xbf, 0xaf, 0xd0,
    0x0, 0x0, 0x0, 0x0, 0x6f, 0xb0, 0x9f, 0x90,
    0x0, 0x0, 0x0, 0xaf, 0xe1, 0x0, 0xdf, 0xb1,
    0x0, 0x0, 0x1e, 0xe4, 0x0, 0x2, 0xef, 0x30,
    0x0, 0x0,

    /* U+F12C "" */
    0x8, 0x81, 0x0, 0x0, 0x78, 0x10, 0x0, 0x1,
    0xff, 0xb0, 0x0, 0x9f, 0xf4, 0x0, 0x0, 0x1,
    0xbf, 0x60, 0x4f, 0xd1, 0x0, 0x0, 0x0, 0x1,
    0xef, 0x3e, 0xf2, 0x0, 0x0, 0x0, 0x0, 0x5,
    0xff, 0xf7, 0x0, 0x0, 0x0, 0x0, 0x0, 0xa,
    0xfd, 0x0, 0x0, 0x0, 0x0, 0x0, 0x1, 0xef,
    0xf3, 0x0, 0x0, 0x32, 0x0, 0x0, 0xbf, 0x9f,
    0xd0, 0x0, 0x8f, 0xd0, 0x0, 0x7f, 0xb0, 0x8f,
    0x90, 0x5, 0xfe, 0x0, 0xaf, 0xe1, 0x0, 0xdf,
    0xb2, 0xd, 0xe0, 0x1e, 0xe4, 0x0, 0x2, 0xef,
    0x30, 0xde, 0x0, 0x0, 0x0, 0x0, 0x0, 0x0,
    0x8f, 0xf8, 0x0, 0x0, 0x0, 0x0, 0x0, 0x5,
    0xbb, 0x50,

    /* U+F12D "" */
    0x0, 0x0, 0x0, 0x0, 0x10, 0x0, 0x0, 0x0,
    0x0, 0x0, 0x2, 0xdf, 0x90, 0x0, 0x0, 0x0,
    0x0, 0x2, 0xef, 0xff, 0xa0, 0x0, 0x0, 0x0,
    0x2, 0xef, 0xff, 0xff, 0xa0, 0x0, 0x0, 0x2,
    0xef, 0xff, 0xff, 0xff, 0xa0, 0x0, 0x2, 0xef,
    0xef, 0xff, 0xff, 0xff, 0xa0, 0x2, 0xef, 0x71,
    0xdf, 0xff, 0xff, 0xff, 0x72, 0xef, 0x70, 0x1,
    0xdf, 0xff, 0xff, 0xfc, 0xbf, 0x70, 0x0, 0x1,
    0xdf, 0xff, 0xff, 0x5d, 0xf3, 0x0, 0x0, 0x1,
    0xdf, 0xff, 0x60, 0x4f, 0xf3, 0x0, 0x0, 0x3,
    0xff, 0x60, 0x0, 0x5f, 0xf3, 0x0, 0x2, 0xef,
    0x60, 0x0, 0x0, 0x5f, 0xfc, 0xcc, 0xef, 0xfc,
    0xcc, 0x70, 0x0, 0x4d, 0xff, 0xff, 0xff, 0xff,
    0xf9,

    /* U+F12E "" */
    0x0, 0x0, 0x0, 0x0, 0x0, 0x0, 0x0, 0x0,
    0x0, 0x3, 0xde, 0x70, 0x0, 0x0, 0x0, 0x0,
    0x0, 0x8f, 0xfc, 0x0, 0x0, 0x0, 0x0, 0x0,
    0x1, 0xff, 0x60, 0x0, 0x0, 0x0, 0x38, 0x88,
    0xaf, 0xfc, 0x86, 0x0, 0x0, 0xe, 0xff, 0xff,
    0xff, 0xff, 0xf7, 0x0, 0x0, 0xff, 0xff, 0xff,
    0xff, 0xff, 0x80, 0x0, 0x9, 0x41, 0xef, 0xff,
    0xff, 0xfe, 0x9f, 0x90, 0x0, 0x9, 0xff, 0xff,
    0xff, 0xff, 0xff, 0x5, 0x0, 0xcf, 0xff, 0xff,
    0xff, 0xdf, 0xc0, 0xfd, 0xbf, 0xff, 0xff, 0xff,
    0x90, 0x41, 0xf, 0xff, 0xfe, 0x86, 0xdf, 0xf8,
    0x0, 0x0, 0xff, 0xff, 0x70, 0x2, 0xff, 0x80,
    0x0, 0xf, 0xff, 0xfb, 0x0, 0x7f, 0xf8, 0x0,
    0x0, 0x7e, 0xff, 0xe2, 0xc, 0xfd, 0x20, 0x0,
    0x0,

    /* U+F130 "" */
    0x0, 0x0, 0x1, 0x0, 0x0, 0x0, 0x0, 0x6f,
    0xfc, 0x10, 0x0, 0x0, 0x2f, 0xff, 0xf9, 0x0,
    0x0, 0x5, 0xff, 0xff, 0xd0, 0x0, 0x0, 0x5f,
    0xff, 0xfd, 0x0, 0x9, 0x25, 0xff, 0xff, 0xd0,
    0x82, 0xf4, 0x5f, 0xff, 0xfd, 0xe, 0x6e, 0x64,
    0xff, 0xff, 0xc0, 0xf4, 0xba, 0xc, 0xff, 0xf5,
    0x4f, 0x14, 0xf3, 0x7, 0x83, 0xc, 0xb0, 0xa,
    0xf7, 0x20, 0x4d, 0xe2, 0x0, 0x7, 0xef, 0xff,
    0xb1, 0x0, 0x0, 0x0, 0x8e, 0x10, 0x0, 0x0,
    0x0, 0x59, 0xf5, 0x30, 0x0, 0x0, 0x3e, 0xff,
    0xfb, 0x0, 0x0,

    /* U+F131 "" */
    0xc, 0x50, 0x0, 0x0, 0x0, 0x0, 0x0, 0x0,
    0x0, 0x8f, 0x50, 0x0, 0x9f, 0xe6, 0x0, 0x0,
    0x0, 0x0, 0x8f, 0x50, 0x7f, 0xff, 0xf3, 0x0,
    0x0, 0x0, 0x0, 0x8f, 0x5b, 0xff, 0xff, 0x70,
    0x0, 0x0, 0x0, 0x0, 0x8f, 0xef, 0xff, 0xf7,
    0x0, 0x0, 0x0, 0x0, 0x10, 0x8f, 0xff, 0xff,
    0x70, 0x80, 0x0, 0x0, 0x5, 0xa0, 0x8f, 0xff,
    0xf7, 0x2f, 0x10, 0x0, 0x0, 0x4f, 0x0, 0x8f,
    0xff, 0x64, 0xf0, 0x0, 0x0, 0x1, 0xf4, 0x0,
    0x8f, 0xe1, 0x8d, 0x0, 0x0, 0x0, 0xb, 0xd0,
    0x0, 0x8f, 0x7f, 0x70, 0x0, 0x0, 0x0, 0x2e,
    0xd4, 0x0, 0x8f, 0xd0, 0x0, 0x0, 0x0, 0x0,
    0x1b, 0xff, 0x90, 0x8f, 0x50, 0x0, 0x0, 0x0,
    0x0, 0x1, 0xda, 0x0, 0x8f, 0x50, 0x0, 0x0,
    0x0, 0x2, 0x5d, 0xb5, 0x10, 0x8f, 0x50, 0x0,
    0x0, 0x0, 0x9f, 0xff, 0xf5, 0x0, 0x8f, 0x50,
    0x0, 0x0, 0x0, 0x0, 0x0, 0x0, 0x0, 0x77,

    /* U+F132 "" */
    0x0, 0x0, 0x0, 0x10, 0x0, 0x0, 0x0, 0x0,
    0x0, 0x3a, 0xfe, 0x71, 0x0, 0x0, 0x0, 0x6d,
    0xff, 0xff, 0xff, 0xa3, 0x0, 0x3e, 0xff, 0xff,
    0xff, 0xff, 0xff, 0xb0, 0xbf, 0xff, 0xff, 0xff,
    0xff, 0xff, 0xf4, 0xaf, 0xff, 0xff, 0xff, 0xff,
    0xff, 0xf4, 0x9f, 0xff, 0xff, 0xff, 0xff, 0xff,
    0xf2, 0x5f, 0xff, 0xff, 0xff, 0xff, 0xff, 0xf0,
    0xf, 0xff, 0xff, 0xff, 0xff, 0xff, 0xa0, 0xb,
    0xff, 0xff, 0xff, 0xff, 0xff, 0x40, 0x3, 0xff,
    0xff, 0xff, 0xff, 0xfd, 0x0, 0x0, 0x9f, 0xff,
    0xff, 0xff, 0xf3, 0x0, 0x0, 0xb, 0xff, 0xff,
    0xff, 0x60, 0x0, 0x0, 0x0, 0xaf, 0xff, 0xf5,
    0x0, 0x0, 0x0, 0x0, 0x4, 0xb9, 0x10, 0x0,
    0x0,

    /* U+F133 "" */
    0x0, 0x0, 0x0, 0x0, 0x0, 0x0, 0x0, 0x3,
    0xe3, 0x0, 0xe, 0x70, 0x0, 0x3, 0x8f, 0x84,
    0x45, 0xfb, 0x40, 0xa, 0xff, 0xff, 0xff, 0xff,
    0xff, 0xd0, 0xff, 0xff, 0xff, 0xff, 0xff, 0xff,
    0x3c, 0xcc, 0xcc, 0xcc, 0xcc, 0xcc, 0xc3, 0x0,
    0x0, 0x0, 0x0, 0x0, 0x0, 0xf, 0xff, 0xff,
    0xff, 0xff, 0xff, 0xf3, 0xff, 0xff, 0xff, 0xff,
    0xff, 0xff, 0x3f, 0xff, 0xff, 0xff, 0xff, 0xff,
    0xf3, 0xff, 0xff, 0xff, 0xff, 0xff, 0xff, 0x3f,
    0xff, 0xff, 0xff, 0xff, 0xff, 0xf3, 0xef, 0xff,
    0xff, 0xff, 0xff, 0xff, 0x25, 0xef, 0xff, 0xff,
    0xff, 0xfe, 0x80,

    /* U+F134 "" */
    0x0, 0x0, 0x17, 0x50, 0x0, 0x0, 0x25, 0x40,
    0x0, 0x7, 0xff, 0x10, 0x6b, 0xff, 0xff, 0x0,
    0x5, 0xdf, 0xff, 0xff, 0xff, 0xff, 0xf0, 0xc,
    0xfd, 0xff, 0x76, 0xdf, 0xff, 0xff, 0x9, 0xe2,
    0xbf, 0xf6, 0x0, 0x26, 0x9c, 0xa0, 0xa3, 0xbf,
    0xff, 0xf5, 0x0, 0x0, 0x0, 0x0, 0x1f, 0xff,
    0xff, 0xb0, 0x0, 0x0, 0x0, 0x3, 0xff, 0xff,
    0xfd, 0x0, 0x0, 0x0, 0x0, 0x3f, 0xff, 0xff,
    0xd0, 0x0, 0x0, 0x0, 0x3, 0xff, 0xff, 0xfd,
    0x0, 0x0, 0x0, 0x0, 0x29, 0x99, 0x99, 0x80,
    0x0, 0x0, 0x0, 0x0, 0x0, 0x0, 0x0, 0x0,
    0x0, 0x0, 0x0, 0x3f, 0xff, 0xff, 0xd0, 0x0,
    0x0, 0x0, 0x1, 0xff, 0xff, 0xfb, 0x0, 0x0,
    0x0, 0x0, 0x4, 0xaa, 0xa9, 0x10, 0x0, 0x0,
    0x0,

    /* U+F135 "" */
    0x0, 0x0, 0x0, 0x0, 0x0, 0x24, 0x41, 0x0,
    0x0, 0x0, 0x0, 0x6, 0xef, 0xff, 0xc0, 0x0,
    0x0, 0x0, 0xc, 0xff, 0xff, 0xfe, 0x0, 0x0,
    0x0, 0xa, 0xff, 0x70, 0x8f, 0xd0, 0x0, 0x8f,
    0xff, 0xff, 0xf4, 0x6, 0xfa, 0x0, 0x4f, 0xff,
    0xff, 0xff, 0xfb, 0xff, 0x40, 0xd, 0xff, 0xff,
    0xff, 0xff, 0xff, 0xb0, 0x4, 0xff, 0xff, 0xff,
    0xff, 0xff, 0xc1, 0x0, 0x5, 0x66, 0x7d, 0xff,
    0xff, 0xa0, 0x0, 0x0, 0x0, 0x0, 0x2f, 0xff,
    0xf7, 0x0, 0x0, 0x0, 0x0, 0x0, 0xef, 0xff,
    0x70, 0x0, 0x0, 0x0, 0x0, 0xe, 0xff, 0xf5,
    0x0, 0x0, 0x0, 0x0, 0x0, 0xef, 0xf8, 0x0,
    0x0, 0x0, 0x0, 0x0, 0x9, 0xa2, 0x0, 0x0,
    0x0, 0x0, 0x0, 0x0, 0x0, 0x0, 0x0, 0x0,
    0x0,

    /* U+F137 "" */
    0x0, 0x0, 0x1, 0x33, 0x10, 0x0, 0x0, 0x0,
    0x2, 0xbf, 0xff, 0xfb, 0x20, 0x0, 0x0, 0x7f,
    0xff, 0xff, 0xff, 0xf7, 0x0, 0x6, 0xff, 0xff,
    0xff, 0xff, 0xff, 0x60, 0x1f, 0xff, 0xff, 0xf7,
    0xbf, 0xff, 0xf1, 0x9f, 0xff, 0xff, 0x50, 0xcf,
    0xff, 0xf9, 0xdf, 0xff, 0xf6, 0xb, 0xff, 0xff,
    0xfd, 0xff, 0xff, 0x80, 0xbf, 0xff, 0xff, 0xff,
    0xef, 0xff, 0xc0, 0x5f, 0xff, 0xff, 0xfe, 0xcf,
    0xff, 0xfb, 0x5, 0xff, 0xff, 0xfc, 0x6f, 0xff,
    0xff, 0xb0, 0x9f, 0xff, 0xf6, 0xc, 0xff, 0xff,
    0xfd, 0xef, 0xff, 0xc0, 0x2, 0xff, 0xff, 0xff,
    0xff, 0xff, 0x20, 0x0, 0x2c, 0xff, 0xff, 0xff,
    0xc2, 0x0, 0x0, 0x0, 0x5a, 0xcc, 0xa5, 0x0,
    0x0,

    /* U+F138 "" */
    0x0, 0x0, 0x1, 0x33, 0x10, 0x0, 0x0, 0x0,
    0x2, 0xbf, 0xff, 0xfb, 0x20, 0x0, 0x0, 0x7f,
    0xff, 0xff, 0xff, 0xf7, 0x0, 0x6, 0xff, 0xff,
    0xff, 0xff, 0xff, 0x60, 0x1f, 0xff, 0xfb, 0x7f,
    0xff, 0xff, 0xf1, 0x9f, 0xff, 0xfc, 0x5, 0xff,
    0xff, 0xf9, 0xdf, 0xff, 0xff, 0xb0, 0x6f, 0xff,
    0xfd, 0xff, 0xff, 0xff, 0xfb, 0x8, 0xff, 0xff,
    0xef, 0xff, 0xff, 0xf5, 0xc, 0xff, 0xfe, 0xcf,
    0xff, 0xff, 0x50, 0xbf, 0xff, 0xfc, 0x6f, 0xff,
    0xf9, 0xb, 0xff, 0xff, 0xf6, 0xc, 0xff, 0xfe,
    0xdf, 0xff, 0xff, 0xc0, 0x2, 0xff, 0xff, 0xff,
    0xff, 0xff, 0x20, 0x0, 0x2c, 0xff, 0xff, 0xff,
    0xc2, 0x0, 0x0, 0x0, 0x5a, 0xcc, 0xa5, 0x0,
    0x0,

    /* U+F139 "" */
    0x0, 0x0, 0x1, 0x33, 0x10, 0x0, 0x0, 0x0,
    0x2, 0xbf, 0xff, 0xfb, 0x20, 0x0, 0x0, 0x7f,
    0xff, 0xff, 0xff, 0xf7, 0x0, 0x6, 0xff, 0xff,
    0xff, 0xff, 0xff, 0x60, 0x1f, 0xff, 0xff, 0xff,
    0xff, 0xff, 0xf1, 0x9f, 0xff, 0xff, 0x66, 0xff,
    0xff, 0xf9, 0xdf, 0xff, 0xf6, 0x0, 0x6f, 0xff,
    0xfd, 0xff, 0xff, 0x60, 0xbb, 0x6, 0xff, 0xff,
    0xef, 0xfa, 0xa, 0xff, 0xa0, 0xaf, 0xfe, 0xcf,
    0xfe, 0xcf, 0xff, 0xfc, 0xef, 0xfc, 0x6f, 0xff,
    0xff, 0xff, 0xff, 0xff, 0xf6, 0xc, 0xff, 0xff,
    0xff, 0xff, 0xff, 0xc0, 0x2, 0xff, 0xff, 0xff,
    0xff, 0xff, 0x20, 0x0, 0x2c, 0xff, 0xff, 0xff,
    0xc2, 0x0, 0x0, 0x0, 0x5a, 0xcc, 0xa5, 0x0,
    0x0,

    /* U+F13A "" */
    0x0, 0x0, 0x1, 0x33, 0x10, 0x0, 0x0, 0x0,
    0x2, 0xbf, 0xff, 0xfb, 0x20, 0x0, 0x0, 0x7f,
    0xff, 0xff, 0xff, 0xf7, 0x0, 0x6, 0xff, 0xff,
    0xff, 0xff, 0xff, 0x60, 0x1f, 0xff, 0xff, 0xff,
    0xff, 0xff, 0xf1, 0x9f, 0xff, 0xff, 0xff, 0xff,
    0xff, 0xf9, 0xdf, 0xfb, 0x6f, 0xff, 0xf6, 0xbf,
    0xfd, 0xff, 0xfc, 0x5, 0xff, 0x50, 0xcf, 0xff,
    0xef, 0xff, 0xb0, 0x55, 0xb, 0xff, 0xfe, 0xcf,
    0xff, 0xfb, 0x0, 0xbf, 0xff, 0xfc, 0x6f, 0xff,
    0xff, 0xcc, 0xff, 0xff, 0xf6, 0xc, 0xff, 0xff,
    0xff, 0xff, 0xff, 0xc0, 0x2, 0xff, 0xff, 0xff,
    0xff, 0xff, 0x20, 0x0, 0x2c, 0xff, 0xff, 0xff,
    0xc2, 0x0, 0x0, 0x0, 0x5a, 0xcc, 0xa5, 0x0,
    0x0,

    /* U+F13D "" */
    0x0, 0x0, 0x0, 0x1, 0x0, 0x0, 0x0, 0x0,
    0x0, 0x0, 0x0, 0xbf, 0xf8, 0x0, 0x0, 0x0,
    0x0, 0x0, 0x8, 0xfc, 0xdf, 0x40, 0x0, 0x0,
    0x0, 0x0, 0xa, 0xf1, 0x5f, 0x70, 0x0, 0x0,
    0x0, 0x0, 0x6, 0xfc, 0xef, 0x20, 0x0, 0x0,
    0x0, 0x0, 0x0, 0x9f, 0xf6, 0x0, 0x0, 0x0,
    0x0, 0x0, 0x0, 0xf, 0xc0, 0x0, 0x0, 0x0,
    0x0, 0xbc, 0x10, 0xf, 0xc0, 0x3, 0xe8, 0x0,
    0x1d, 0xff, 0xe2, 0xf, 0xc0, 0x4f, 0xff, 0xa0,
    0x2b, 0xdf, 0xa4, 0xf, 0xc0, 0x7b, 0xfb, 0xb0,
    0x0, 0x8f, 0x30, 0xf, 0xc0, 0x7, 0xf4, 0x0,
    0x0, 0x4f, 0xb0, 0xf, 0xc0, 0x1e, 0xf1, 0x0,
    0x0, 0x9, 0xfb, 0x2f, 0xc4, 0xdf, 0x50, 0x0,
    0x0, 0x0, 0xaf, 0xff, 0xff, 0xf7, 0x0, 0x0,
    0x0, 0x0, 0x4, 0x9c, 0xb8, 0x20, 0x0, 0x0,

    /* U+F13E "" */
    0x0, 0x0, 0x1, 0x0, 0x0, 0x0, 0x0, 0x7e,
    0xfe, 0x60, 0x0, 0x0, 0x7f, 0xeb, 0xff, 0x50,
    0x0, 0xe, 0xe1, 0x3, 0xfc, 0x0, 0x1, 0xfa,
    0x0, 0x7, 0x80, 0x0, 0x1f, 0xa0, 0x0, 0x0,
    0x0, 0x3d, 0xff, 0xff, 0xff, 0xfc, 0x1c, 0xff,
    0xff, 0xff, 0xff, 0xf8, 0xdf, 0xff, 0xff, 0xff,
    0xff, 0x9d, 0xff, 0xff, 0xff, 0xff, 0xf9, 0xdf,
    0xfd, 0x33, 0x4f, 0xff, 0x9d, 0xff, 0xd3, 0x34,
    0xff, 0xf9, 0xdf, 0xff, 0xff, 0xff, 0xff, 0x9d,
    0xff, 0xff, 0xff, 0xff, 0xf9, 0xcf, 0xff, 0xff,
    0xff, 0xff, 0x83, 0xdf, 0xff, 0xff, 0xff, 0xc1,

    /* U+F140 "" */
    0x0, 0x0, 0x0, 0x11, 0x0, 0x0, 0x0, 0x0,
    0x1, 0xaf, 0xff, 0xfa, 0x10, 0x0, 0x0, 0x6f,
    0xfe, 0xbb, 0xef, 0xf6, 0x0, 0x5, 0xfe, 0x50,
    0x0, 0x5, 0xef, 0x50, 0x1e, 0xe1, 0x3c, 0xff,
    0xc3, 0x1e, 0xe1, 0x9f, 0x52, 0xff, 0xbb, 0xff,
    0x25, 0xf9, 0xdf, 0xa, 0xf4, 0x0, 0x4f, 0xa0,
    0xfd, 0xfd, 0xd, 0xe0, 0xbb, 0xe, 0xd0, 0xdf,
    0xee, 0xc, 0xf0, 0x55, 0xf, 0xc0, 0xee, 0xcf,
    0x17, 0xfb, 0x22, 0xbf, 0x71, 0xfc, 0x6f, 0x90,
    0xbf, 0xff, 0xfb, 0x9, 0xf6, 0xc, 0xf6, 0x5,
    0x99, 0x50, 0x6f, 0xc0, 0x2, 0xef, 0xb4, 0x11,
    0x4b, 0xfe, 0x20, 0x0, 0x1a, 0xff, 0xff, 0xff,
    0xa1, 0x0, 0x0, 0x0, 0x49, 0xbb, 0x94, 0x0,
    0x0,

    /* U+F141 "" */
    0x5c, 0x50, 0x8, 0xb2, 0x1, 0xaa, 0xe, 0xfe,
    0x2, 0xff, 0xa0, 0x7f, 0xf5, 0x9f, 0xa0, 0xd,
    0xf6, 0x3, 0xfe, 0x20, 0x10, 0x0, 0x1, 0x0,
    0x0, 0x0,

    /* U+F142 "" */
    0x1, 0x0, 0x6f, 0xd0, 0xaf, 0xf2, 0x3b, 0x80,
    0x0, 0x0, 0x3b, 0x80, 0xaf, 0xf2, 0x6f, 0xd0,
    0x1, 0x0, 0x1, 0x0, 0x6f, 0xd0, 0xaf, 0xf2,
    0x3b, 0x80,

    /* U+F143 "" */
    0x2, 0x33, 0x33, 0x33, 0x33, 0x30, 0x9, 0xff,
    0xff, 0xff, 0xff, 0xff, 0xc0, 0xff, 0xff, 0xff,
    0xff, 0xff, 0xff, 0x3f, 0xfc, 0x1, 0x5d, 0xff,
    0xff, 0xf3, 0xff, 0xfd, 0x95, 0x8, 0xff, 0xff,
    0x3f, 0xfe, 0x8b, 0xfb, 0x18, 0xff, 0xf3, 0xff,
    0xc1, 0x3, 0xda, 0xd, 0xff, 0x3f, 0xff, 0xfc,
    0x23, 0xf4, 0x5f, 0xf3, 0xff, 0xfb, 0xfc, 0xc,
    0x81, 0xff, 0x3f, 0xfb, 0xb, 0xf1, 0x9b, 0xf,
    0xf3, 0xff, 0xfc, 0xff, 0xdf, 0xfc, 0xff, 0x3e,
    0xff, 0xff, 0xff, 0xff, 0xff, 0xf2, 0x5e, 0xff,
    0xff, 0xff, 0xff, 0xe8, 0x0,

    /* U+F144 "" */
    0x0, 0x0, 0x0, 0x11, 0x0, 0x0, 0x0, 0x0,
    0x1, 0xaf, 0xff, 0xfa, 0x10, 0x0, 0x0, 0x6f,
    0xff, 0xff, 0xff, 0xf6, 0x0, 0x5, 0xff, 0xff,
    0xff, 0xff, 0xff, 0x50, 0x1e, 0xff, 0xfe, 0xff,
    0xff, 0xff, 0xe1, 0x9f, 0xff, 0xd0, 0x4d, 0xff,
    0xff, 0xf9, 0xdf, 0xff, 0xd0, 0x0, 0x7f, 0xff,
    0xfd, 0xff, 0xff, 0xd0, 0x0, 0x2, 0xff, 0xff,
    0xef, 0xff, 0xd0, 0x0, 0x8, 0xff, 0xfe, 0xcf,
    0xff, 0xd0, 0x4, 0xdf, 0xff, 0xfc, 0x6f, 0xff,
    0xe4, 0xaf, 0xff, 0xff, 0xf6, 0xc, 0xff, 0xff,
    0xff, 0xff, 0xff, 0xc0, 0x2, 0xef, 0xff, 0xff,
    0xff, 0xfe, 0x20, 0x0, 0x1b, 0xff, 0xff, 0xff,
    0xb1, 0x0, 0x0, 0x0, 0x49, 0xbb, 0x94, 0x0,
    0x0,

    /* U+F145 "" */
    0x2a, 0xbb, 0xbb, 0xbb, 0xbb, 0xbb, 0xbb, 0xa2,
    0xdf, 0xff, 0xff, 0xff, 0xff, 0xff, 0xff, 0xfc,
    0xff, 0xf5, 0x0, 0x0, 0x0, 0x0, 0x5f, 0xff,
    0xff, 0xf0, 0x56, 0x66, 0x66, 0x61, 0x1f, 0xff,
    0x6f, 0xf0, 0xdf, 0xff, 0xff, 0xf2, 0x1f, 0xf6,
    0xc, 0xf0, 0xdf, 0xff, 0xff, 0xf2, 0x1f, 0xb0,
    0x2f, 0xf0, 0xdf, 0xff, 0xff, 0xf2, 0x1f, 0xe2,
    0xef, 0xf0, 0xcf, 0xff, 0xff, 0xf2, 0x1f, 0xfe,
    0xff, 0xf2, 0x0, 0x0, 0x0, 0x0, 0x2f, 0xff,
    0xef, 0xfe, 0xbb, 0xbb, 0xbb, 0xbb, 0xef, 0xfe,
    0x6e, 0xff, 0xff, 0xff, 0xff, 0xff, 0xff, 0xe5,

    /* U+F146 "" */
    0x5, 0x55, 0x55, 0x55, 0x55, 0x50, 0xb, 0xff,
    0xff, 0xff, 0xff, 0xff, 0xd0, 0xff, 0xff, 0xff,
    0xff, 0xff, 0xff, 0x1f, 0xff, 0xff, 0xff, 0xff,
    0xff, 0xf2, 0xff, 0xff, 0xff, 0xff, 0xff, 0xff,
    0x2f, 0xff, 0xff, 0xff, 0xff, 0xff, 0xf2, 0xff,
    0xf4, 0x11, 0x11, 0x2f, 0xff, 0x2f, 0xff, 0xa8,
    0x88, 0x89, 0xff, 0xf2, 0xff, 0xff, 0xff, 0xff,
    0xff, 0xff, 0x2f, 0xff, 0xff, 0xff, 0xff, 0xff,
    0xf2, 0xff, 0xff, 0xff, 0xff, 0xff, 0xff, 0x2e,
    0xff, 0xff, 0xff, 0xff, 0xff, 0xf1, 0x5e, 0xff,
    0xff, 0xff, 0xff, 0xe7, 0x0,

    /* U+F147 "" */
    0x5, 0x55, 0x55, 0x55, 0x55, 0x50, 0xb, 0xff,
    0xff, 0xff, 0xff, 0xff, 0xd0, 0xff, 0xff, 0xff,
    0xff, 0xff, 0xff, 0x1f, 0xff, 0xff, 0xff, 0xff,
    0xff, 0xf2, 0xff, 0xff, 0xff, 0xff, 0xff, 0xff,
    0x2f, 0xff, 0xff, 0xff, 0xff, 0xff, 0xf2, 0xff,
    0xf4, 0x11, 0x11, 0x2f, 0xff, 0x2f, 0xff, 0xa8,
    0x88, 0x89, 0xff, 0xf2, 0xff, 0xff, 0xff, 0xff,
    0xff, 0xff, 0x2f, 0xff, 0xff, 0xff, 0xff, 0xff,
    0xf2, 0xff, 0xff, 0xff, 0xff, 0xff, 0xff, 0x2e,
    0xff, 0xff, 0xff, 0xff, 0xff, 0xf1, 0x5e, 0xff,
    0xff, 0xff, 0xff, 0xe7, 0x0,

    /* U+F148 "" */
    0x0, 0x0, 0x0, 0x10, 0x0, 0x0, 0x0, 0x1,
    0xdf, 0x50, 0x0, 0x0, 0x1, 0xdf, 0xff, 0x50,
    0x0, 0x1, 0xdf, 0xff, 0xff, 0x50, 0x0, 0xdf,
    0x9a, 0xf4, 0xff, 0x40, 0xe, 0x80, 0xaf, 0x13,
    0xe5, 0x0, 0x0, 0xa, 0xf1, 0x0, 0x0, 0x0,
    0x0, 0xaf, 0x10, 0x0, 0x0, 0x0, 0xa, 0xf1,
    0x0, 0x0, 0x0, 0x0, 0xaf, 0x10, 0x0, 0x0,
    0x0, 0xa, 0xf1, 0x0, 0x0, 0x0, 0x0, 0xaf,
    0x10, 0x0, 0x0, 0x0, 0xd, 0xf0, 0x0, 0x0,
    0xdf, 0xff, 0xfa, 0x0, 0x0, 0x9, 0xbb, 0xb7,
    0x0, 0x0, 0x0,

    /* U+F149 "" */
    0x0, 0x0, 0x0, 0x0, 0x0, 0x0, 0xdf, 0xff,
    0xc2, 0x0, 0x0, 0x8, 0xbb, 0xcf, 0xc0, 0x0,
    0x0, 0x0, 0x0, 0xbf, 0x0, 0x0, 0x0, 0x0,
    0xa, 0xf1, 0x0, 0x0, 0x0, 0x0, 0xaf, 0x10,
    0x0, 0x0, 0x0, 0xa, 0xf1, 0x0, 0x0, 0x0,
    0x0, 0xaf, 0x10, 0x0, 0x0, 0x0, 0xa, 0xf1,
    0x0, 0x0, 0x2, 0x0, 0xaf, 0x10, 0x20, 0x1,
    0xfc, 0x1a, 0xf1, 0x7f, 0x70, 0x9, 0xfc, 0xbf,
    0x8f, 0xe2, 0x0, 0x9, 0xff, 0xff, 0xe2, 0x0,
    0x0, 0x9, 0xff, 0xe2, 0x0, 0x0, 0x0, 0x9,
    0xc2, 0x0, 0x0, 0x0, 0x0, 0x0, 0x0, 0x0,

    /* U+F14A "" */
    0x1, 0x22, 0x22, 0x22, 0x22, 0x20, 0x8, 0xff,
    0xff, 0xff, 0xff, 0xff, 0xc0, 0xff, 0xff, 0xff,
    0xff, 0xff, 0xff, 0x3f, 0xff, 0xff, 0xff, 0xfe,
    0xef, 0xf4, 0xff, 0xff, 0xff, 0xff, 0x27, 0xff,
    0x4f, 0xff, 0xff, 0xff, 0x52, 0xff, 0xf4, 0xff,
    0xff, 0xff, 0x90, 0xcf, 0xff, 0x4f, 0xfc, 0x1c,
    0xd0, 0x8f, 0xff, 0xf4, 0xff, 0xf5, 0x2, 0x4f,
    0xff, 0xff, 0x4f, 0xff, 0xf6, 0x2e, 0xff, 0xff,
    0xf4, 0xff, 0xff, 0xff, 0xff, 0xff, 0xff, 0x4e,
    0xff, 0xff, 0xff, 0xff, 0xff, 0xf2, 0x4d, 0xee,
    0xee, 0xee, 0xee, 0xd7, 0x0,

    /* U+F14B "" */
    0x1, 0x67, 0x77, 0x77, 0x77, 0x76, 0x10, 0xe,
    0xff, 0xff, 0xff, 0xff, 0xff, 0xd0, 0x2f, 0xff,
    0xff, 0xff, 0xff, 0xff, 0xf1, 0x2f, 0xff, 0xff,
    0xff, 0x56, 0xff, 0xf1, 0x2f, 0xff, 0xff, 0xfd,
    0x10, 0xaf, 0xf1, 0x2f, 0xff, 0xff, 0x4d, 0xc2,
    0xef, 0xf1, 0x2f, 0xff, 0xf3, 0x1, 0xdf, 0xff,
    0xf1, 0x2f, 0xff, 0x30, 0x1, 0xdf, 0xff, 0xf1,
    0x2f, 0xfb, 0x0, 0x1d, 0xff, 0xff, 0xf1, 0x2f,
    0xf8, 0x4, 0xdf, 0xff, 0xff, 0xf1, 0x2f, 0xff,
    0xff, 0xff, 0xff, 0xff, 0xf1, 0x1f, 0xff, 0xff,
    0xff, 0xff, 0xff, 0xf0, 0x5, 0xbc, 0xcc, 0xcc,
    0xcc, 0xcb, 0x40,

    /* U+F14C "" */
    0x6, 0x77, 0x77, 0x77, 0x77, 0x72, 0xb, 0xff,
    0xff, 0xff, 0xff, 0xff, 0xf2, 0xff, 0xff, 0xff,
    0xff, 0xff, 0xff, 0x6f, 0xff, 0xff, 0xff, 0xff,
    0xff, 0xf6, 0xff, 0xff, 0x80, 0x0, 0x4f, 0xff,
    0x6f, 0xff, 0xfc, 0x72, 0x1, 0xff, 0xf6, 0xff,
    0xff, 0xf8, 0x2, 0x1f, 0xff, 0x6f, 0xff, 0xf8,
    0x9, 0x71, 0xff, 0xf6, 0xff, 0xfa, 0x9, 0xfc,
    0x9f, 0xff, 0x6f, 0xff, 0xeb, 0xff, 0xff, 0xff,
    0xf6, 0xff, 0xff, 0xff, 0xff, 0xff, 0xff, 0x6e,
    0xff, 0xff, 0xff, 0xff, 0xff, 0xf5, 0x5e, 0xff,
    0xff, 0xff, 0xff, 0xfa, 0x0,

    /* U+F14D "" */
    0x0, 0x0, 0x0, 0x0, 0x0, 0x10, 0x0, 0x0,
    0x0, 0x0, 0x0, 0x0, 0x0, 0x9e, 0x20, 0x0,
    0x0, 0x0, 0x0, 0x0, 0x0, 0xaf, 0xe3, 0x0,
    0x0, 0x79, 0x10, 0x6, 0x99, 0xef, 0xff, 0x30,
    0xb, 0xff, 0x41, 0xdf, 0xff, 0xff, 0xff, 0xf3,
    0xf, 0xc1, 0xa, 0xff, 0xff, 0xff, 0xff, 0xf5,
    0x1f, 0xa0, 0xf, 0xff, 0xfe, 0xff, 0xff, 0x60,
    0x1f, 0xa0, 0x1f, 0xff, 0x30, 0xaf, 0xf6, 0x0,
    0x1f, 0xa0, 0xe, 0xf9, 0x0, 0xaf, 0x50, 0x0,
    0x1f, 0xa0, 0x6, 0xf9, 0x0, 0x23, 0x0, 0x0,
    0x1f, 0xa0, 0x0, 0x8f, 0x20, 0x1, 0x0, 0x0,
    0x1f, 0xa0, 0x0, 0x2, 0x0, 0x9f, 0x0, 0x0,
    0xf, 0xc0, 0x0, 0x0, 0x0, 0xcf, 0x0, 0x0,
    0xd, 0xff, 0xff, 0xff, 0xff, 0xfc, 0x0, 0x0,
    0x2, 0x9b, 0xbb, 0xbb, 0xbb, 0x91, 0x0, 0x0,

    /* U+F14E "" */
    0x0, 0x0, 0x1, 0x33, 0x10, 0x0, 0x0, 0x0,
    0x3, 0xbf, 0xff, 0xfb, 0x30, 0x0, 0x0, 0x7f,
    0xff, 0xff, 0xff, 0xf7, 0x0, 0x6, 0xff, 0xff,
    0xff, 0xff, 0xff, 0x60, 0x2f, 0xff, 0xff, 0xff,
    0xb6, 0xdf, 0xf2, 0x9f, 0xff, 0xfe, 0x82, 0x0,
    0xbf, 0xf9, 0xdf, 0xff, 0xf1, 0x0, 0x1, 0xff,
    0xfd, 0xff, 0xff, 0xa0, 0xbb, 0x7, 0xff, 0xff,
    0xef, 0xff, 0x40, 0x55, 0xd, 0xff, 0xfe, 0xcf,
    0xfe, 0x0, 0x0, 0x8f, 0xff, 0xfb, 0x6f, 0xfa,
    0x3, 0x9f, 0xff, 0xff, 0xf6, 0xc, 0xff, 0xef,
    0xff, 0xff, 0xff, 0xb0, 0x2, 0xef, 0xff, 0xff,
    0xff, 0xfe, 0x20, 0x0, 0x1a, 0xff, 0xff, 0xff,
    0xa1, 0x0, 0x0, 0x0, 0x49, 0xbb, 0x94, 0x0,
    0x0,

    /* U+F150 "" */
    0x5, 0x55, 0x55, 0x55, 0x55, 0x51, 0xb, 0xff,
    0xff, 0xff, 0xff, 0xff, 0xe0, 0xff, 0xff, 0xff,
    0xff, 0xff, 0xff, 0x3f, 0xff, 0xff, 0xff, 0xff,
    0xff, 0xf3, 0xff, 0xff, 0xff, 0xff, 0xff, 0xff,
    0x3f, 0xfc, 0x0, 0x0, 0x0, 0x9f, 0xf3, 0xff,
    0xf3, 0x0, 0x0, 0x1d, 0xff, 0x3f, 0xff, 0xe2,
    0x0, 0xc, 0xff, 0xf3, 0xff, 0xff, 0xd1, 0xb,
    0xff, 0xff, 0x3f, 0xff, 0xff, 0xdc, 0xff, 0xff,
    0xf3, 0xff, 0xff, 0xff, 0xff, 0xff, 0xff, 0x3e,
    0xff, 0xff, 0xff, 0xff, 0xff, 0xf2, 0x5e, 0xff,
    0xff, 0xff, 0xff, 0xe8, 0x0,

    /* U+F151 "" */
    0x6, 0x77, 0x77, 0x77, 0x77, 0x62, 0xb, 0xff,
    0xff, 0xff, 0xff, 0xff, 0xe0, 0xff, 0xff, 0xff,
    0xff, 0xff, 0xff, 0x3f, 0xff, 0xff, 0xff, 0xff,
    0xff, 0xf3, 0xff, 0xff, 0xf7, 0x4f, 0xff, 0xff,
    0x3f, 0xff, 0xf8, 0x0, 0x4f, 0xff, 0xf3, 0xff,
    0xfa, 0x0, 0x0, 0x6f, 0xff, 0x3f, 0xfd, 0x0,
    0x0, 0x0, 0x9f, 0xf3, 0xff, 0xe7, 0x66, 0x66,
    0x6c, 0xff, 0x3f, 0xff, 0xff, 0xff, 0xff, 0xff,
    0xf3, 0xff, 0xff, 0xff, 0xff, 0xff, 0xff, 0x3e,
    0xff, 0xff, 0xff, 0xff, 0xff, 0xf2, 0x5e, 0xff,
    0xff, 0xff, 0xff, 0xe8, 0x0,

    /* U+F152 "" */
    0x3, 0x44, 0x44, 0x44, 0x44, 0x41, 0xa, 0xff,
    0xff, 0xff, 0xff, 0xff, 0xe1, 0xff, 0xff, 0xff,
    0xff, 0xff, 0xff, 0x6f, 0xff, 0xfb, 0x7f, 0xff,
    0xff, 0xf6, 0xff, 0xff, 0x50, 0x4f, 0xff, 0xff,
    0x6f, 0xff, 0xf5, 0x0, 0x3e, 0xff, 0xf6, 0xff,
    0xff, 0x50, 0x0, 0x3f, 0xff, 0x6f, 0xff, 0xf5,
    0x0, 0x9, 0xff, 0xf6, 0xff, 0xff, 0x50, 0xb,
    0xff, 0xff, 0x6f, 0xff, 0xf6, 0x1c, 0xff, 0xff,
    0xf6, 0xff, 0xff, 0xfe, 0xff, 0xff, 0xff, 0x6e,
    0xff, 0xff, 0xff, 0xff, 0xff, 0xf5, 0x5e, 0xff,
    0xff, 0xff, 0xff, 0xfa, 0x0,

    /* U+F153 "" */
    0x0, 0x0, 0x6, 0xbe, 0xff, 0x40, 0x0, 0x1c,
    0xff, 0xed, 0xc3, 0x0, 0xb, 0xfb, 0x20, 0x0,
    0x0, 0x6, 0xfb, 0x0, 0x0, 0x0, 0x1, 0xdf,
    0x31, 0x10, 0x0, 0x7, 0xff, 0xff, 0xff, 0xf0,
    0x0, 0x18, 0xfb, 0x66, 0x64, 0x0, 0x7, 0xff,
    0xff, 0xff, 0xf0, 0x0, 0x4, 0xef, 0x54, 0x43,
    0x0, 0x0, 0x7, 0xf9, 0x0, 0x0, 0x0, 0x0,
    0xc, 0xfa, 0x20, 0x0, 0x0, 0x0, 0x1d, 0xff,
    0xed, 0xd3, 0x0, 0x0, 0x6, 0xce, 0xff, 0x40,

    /* U+F154 "" */
    0x0, 0x3, 0xcf, 0xe9, 0x10, 0x0, 0x3f, 0xfe,
    0xef, 0xe0, 0x0, 0xcf, 0x50, 0x7, 0xc0, 0x1,
    0xfb, 0x0, 0x0, 0x0, 0x2, 0xfa, 0x0, 0x0,
    0x0, 0x1, 0xfe, 0x11, 0x11, 0x0, 0xf, 0xff,
    0xff, 0xff, 0xa0, 0x3, 0xaf, 0x64, 0x44, 0x10,
    0x0, 0xbf, 0x10, 0x0, 0x0, 0x3, 0xfc, 0x0,
    0x0, 0x0, 0xc, 0xf5, 0x0, 0x0, 0x0, 0x5f,
    0xfd, 0xdd, 0xdd, 0xd4, 0x5f, 0xff, 0xff, 0xff,
    0xf6,

    /* U+F155 "" */
    0x0, 0x2, 0xd0, 0x0, 0x0, 0x0, 0x4f, 0x0,
    0x0, 0x3, 0xcf, 0xff, 0xf3, 0x1, 0xff, 0xdd,
    0xdc, 0x20, 0x7f, 0x70, 0x0, 0x0, 0x7, 0xf5,
    0x0, 0x0, 0x0, 0x3f, 0xf9, 0x63, 0x0, 0x0,
    0x7f, 0xff, 0xfe, 0x30, 0x0, 0x14, 0x6a, 0xfe,
    0x0, 0x0, 0x0, 0x9, 0xf3, 0x0, 0x0, 0x0,
    0xbf, 0x30, 0xbd, 0xdd, 0xef, 0xc0, 0xd, 0xff,
    0xff, 0xa1, 0x0, 0x0, 0x4f, 0x0, 0x0, 0x0,
    0x2, 0xd0, 0x0, 0x0,

    /* U+F156 "" */
    0xcf, 0xfe, 0xa1, 0x0, 0x0, 0x0, 0xf, 0xfd,
    0xef, 0xe0, 0x0, 0x0, 0x0, 0xfc, 0x0, 0x8f,
    0x80, 0x0, 0x0, 0xf, 0xc0, 0x0, 0xed, 0x0,
    0x0, 0x0, 0xfc, 0x0, 0xc, 0xf0, 0x0, 0x0,
    0xf, 0xc0, 0x0, 0xfd, 0x0, 0x0, 0x0, 0xfc,
    0x1, 0xbf, 0x70, 0xaf, 0xf3, 0xf, 0xff, 0xff,
    0xa0, 0x6f, 0xec, 0x20, 0xff, 0xdf, 0xf1, 0x6,
    0xf9, 0x20, 0xf, 0xc0, 0x8f, 0x50, 0x1c, 0xff,
    0x80, 0xfc, 0x3, 0xf9, 0x0, 0x3, 0xcf, 0x1f,
    0xc0, 0xe, 0xe0, 0xb, 0xdf, 0xf1, 0xc8, 0x0,
    0xaf, 0x0, 0xdf, 0xe7, 0x0, 0x0, 0x1, 0x40,
    0x0, 0x0, 0x0,

    /* U+F157 "" */
    0x0, 0x0, 0x0, 0x0, 0x0, 0x5, 0xc1, 0x0,
    0x0, 0x7, 0xc0, 0x5f, 0xa0, 0x0, 0x2, 0xfd,
    0x0, 0xcf, 0x40, 0x0, 0xcf, 0x40, 0x2, 0xfd,
    0x0, 0x6f, 0xa0, 0x0, 0x8, 0xf8, 0x1e, 0xf1,
    0x0, 0x0, 0xe, 0xfb, 0xf6, 0x0, 0x0, 0x1,
    0x6f, 0xfd, 0x10, 0x0, 0x2, 0xff, 0xff, 0xff,
    0xa0, 0x0, 0x4, 0x5c, 0xf7, 0x52, 0x0, 0x2,
    0xff, 0xff, 0xff, 0xa0, 0x0, 0x3, 0x4b, 0xf5,
    0x41, 0x0, 0x0, 0x0, 0x9f, 0x10, 0x0, 0x0,
    0x0, 0x5, 0xd0, 0x0, 0x0,

    /* U+F158 "" */
    0x0, 0x9f, 0xff, 0xfe, 0x91, 0x0, 0xc, 0xfd,
    0xdd, 0xef, 0xe0, 0x0, 0xce, 0x0, 0x0, 0x8f,
    0x80, 0xc, 0xe0, 0x0, 0x0, 0xec, 0x0, 0xce,
    0x0, 0x0, 0xe, 0xd0, 0xc, 0xe0, 0x0, 0x4,
    0xfa, 0x1, 0xdf, 0x88, 0x8a, 0xff, 0x27, 0xff,
    0xff, 0xff, 0xfe, 0x40, 0x4, 0xdf, 0x44, 0x42,
    0x0, 0x0, 0x1d, 0xf1, 0x11, 0x10, 0x0, 0x7f,
    0xff, 0xff, 0xff, 0xa0, 0x0, 0x4d, 0xf4, 0x44,
    0x41, 0x0, 0x0, 0x9b, 0x0, 0x0, 0x0, 0x0,

    /* U+F159 "" */
    0x0, 0x0, 0x0, 0x0, 0x0, 0x0, 0x0, 0x0,
    0xc, 0x90, 0x0, 0xa, 0xa0, 0x0, 0x8, 0xc0,
    0xd, 0xf0, 0x0, 0xf, 0xf0, 0x0, 0xf, 0xd0,
    0x8, 0xf4, 0x0, 0x4f, 0xf4, 0x0, 0x4f, 0x80,
    0x3, 0xf9, 0x0, 0x8f, 0xf8, 0x0, 0x9f, 0x30,
    0x0, 0xee, 0x0, 0xcf, 0xfc, 0x0, 0xee, 0x0,
    0x0, 0x9f, 0x41, 0xfd, 0xdf, 0x14, 0xf9, 0x0,
    0xa, 0xff, 0xff, 0xff, 0xff, 0xff, 0xff, 0xa0,
    0x1, 0x4e, 0xfa, 0xf7, 0x7f, 0xaf, 0xe4, 0x10,
    0x0, 0x9, 0xfe, 0xf1, 0x1f, 0xef, 0x90, 0x0,
    0x0, 0x4, 0xff, 0xd0, 0xd, 0xff, 0x50, 0x0,
    0x0, 0x0, 0xff, 0xa0, 0xa, 0xff, 0x0, 0x0,
    0x0, 0x0, 0xbf, 0x60, 0x6, 0xfb, 0x0, 0x0,
    0x0, 0x0, 0x4e, 0x10, 0x1, 0xe5, 0x0, 0x0,
    0x0, 0x0, 0x0, 0x0, 0x0, 0x0, 0x0, 0x0,

    /* U+F15B "" */
    0x0, 0x0, 0x0, 0x0, 0x0, 0x6, 0xff, 0xff,
    0xfd, 0x20, 0x0, 0xff, 0xff, 0xfe, 0xfe, 0x20,
    0xf, 0xff, 0xff, 0xa6, 0xfe, 0x20, 0xff, 0xff,
    0xfa, 0x5, 0xfe, 0x1f, 0xff, 0xff, 0xd4, 0x39,
    0xf7, 0xff, 0xff, 0xff, 0xff, 0xff, 0x7f, 0xff,
    0xff, 0xff, 0xff, 0xf7, 0xff, 0xff, 0xff, 0xff,
    0xff, 0x7f, 0xff, 0xff, 0xff, 0xff, 0xf7, 0xff,
    0xff, 0xff, 0xff, 0xff, 0x7f, 0xff, 0xff, 0xff,
    0xff, 0xf7, 0xff, 0xff, 0xff, 0xff, 0xff, 0x7e,
    0xff, 0xff, 0xff, 0xff, 0xf6, 0x5e, 0xff, 0xff,
    0xff, 0xfb, 0x0,

    /* U+F15C "" */
    0x0, 0x0, 0x0, 0x0, 0x0, 0x6, 0xff, 0xff,
    0xfd, 0x30, 0x0, 0xff, 0xff, 0xfe, 0xfe, 0x30,
    0xf, 0xff, 0xff, 0xb5, 0xff, 0x30, 0xff, 0xff,
    0xfb, 0x5, 0xff, 0x2f, 0xff, 0xff, 0xd4, 0x38,
    0xf8, 0xff, 0xff, 0xff, 0xff, 0xff, 0x8f, 0xff,
    0xff, 0xff, 0xff, 0xf8, 0xff, 0xc0, 0x0, 0x3,
    0xff, 0x8f, 0xff, 0xff, 0xff, 0xff, 0xf8, 0xff,
    0xe6, 0x55, 0x58, 0xff, 0x8f, 0xfc, 0x21, 0x11,
    0x5f, 0xf8, 0xff, 0xff, 0xff, 0xff, 0xff, 0x8e,
    0xff, 0xff, 0xff, 0xff, 0xf7, 0x5e, 0xff, 0xff,
    0xff, 0xfb, 0x10,

    /* U+F15D "" */
    0x0, 0x3, 0x10, 0x0, 0x0, 0x30, 0x0, 0x0,
    0x1f, 0x80, 0x0, 0x4, 0xfb, 0x0, 0x0, 0x2f,
    0x90, 0x0, 0xc, 0xff, 0x30, 0x0, 0x2f, 0x90,
    0x0, 0x4f, 0xdf, 0xb0, 0x0, 0x2f, 0x90, 0x0,
    0xcf, 0x9e, 0xf3, 0x0, 0x2f, 0x90, 0x3, 0xfe,
    0xee, 0xfa, 0x0, 0x2f, 0x90, 0x1, 0xa2, 0x0,
    0x86, 0x0, 0x2f, 0x90, 0x0, 0x26, 0x66, 0x50,
    0x0, 0x2f, 0x90, 0x0, 0xcf, 0xff, 0xf4, 0x3f,
    0x9f, 0xbd, 0x90, 0x26, 0xef, 0xb0, 0x1e, 0xff,
    0xff, 0x60, 0xb, 0xfa, 0x0, 0x2, 0xef, 0xf7,
    0x0, 0xaf, 0xfe, 0xd2, 0x0, 0x2c, 0x60, 0x0,
    0x9e, 0xee, 0xd2,

    /* U+F15E "" */
    0x0, 0x2, 0x0, 0x0, 0x0, 0x20, 0x0, 0x0,
    0x7f, 0xc1, 0x0, 0x3, 0xfa, 0x0, 0x7, 0xff,
    0xfc, 0x10, 0xb, 0xff, 0x20, 0x3f, 0xff, 0xff,
    0xa0, 0x3f, 0xef, 0xa0, 0x18, 0x4f, 0x97, 0x40,
    0xbf, 0x9e, 0xf2, 0x0, 0x2f, 0x90, 0x2, 0xff,
    0xff, 0xfa, 0x0, 0x2f, 0x90, 0x1, 0xb2, 0x0,
    0x97, 0x0, 0x2f, 0x90, 0x0, 0x59, 0x99, 0x80,
    0x0, 0x2f, 0x90, 0x0, 0xcf, 0xff, 0xf4, 0x0,
    0x2f, 0x90, 0x0, 0x4, 0xef, 0xa0, 0x0, 0x2f,
    0x90, 0x0, 0x1d, 0xfb, 0x0, 0x0, 0x2f, 0x90,
    0x0, 0xbf, 0xfd, 0xb1, 0x0, 0xd, 0x50, 0x0,
    0xaf, 0xff, 0xe2,

    /* U+F160 "" */
    0x0, 0x3, 0x10, 0x0, 0x26, 0x66, 0x66, 0x63,
    0x0, 0x1f, 0x80, 0x0, 0xcf, 0xff, 0xff, 0xfd,
    0x0, 0x2f, 0x90, 0x0, 0x26, 0x66, 0x66, 0x63,
    0x0, 0x2f, 0x90, 0x0, 0x0, 0x0, 0x0, 0x0,
    0x0, 0x2f, 0x90, 0x0, 0x9e, 0xee, 0xec, 0x0,
    0x0, 0x2f, 0x90, 0x0, 0x9e, 0xee, 0xec, 0x0,
    0x0, 0x2f, 0x90, 0x0, 0x0, 0x0, 0x0, 0x0,
    0x0, 0x2f, 0x90, 0x0, 0x26, 0x65, 0x0, 0x0,
    0x34, 0x2f, 0x91, 0x60, 0xcf, 0xff, 0x50, 0x0,
    0xaf, 0x9f, 0xbe, 0xf1, 0x26, 0x65, 0x0, 0x0,
    0x2e, 0xff, 0xff, 0x70, 0x0, 0x0, 0x0, 0x0,
    0x2, 0xef, 0xf7, 0x0, 0x9d, 0x60, 0x0, 0x0,
    0x0, 0x2c, 0x60, 0x0, 0x9d, 0x60, 0x0, 0x0,

    /* U+F161 "" */
    0x0, 0x4, 0x10, 0x0, 0x25, 0x55, 0x55, 0x53,
    0x0, 0x8f, 0xd1, 0x0, 0xcf, 0xff, 0xff, 0xfd,
    0x8, 0xff, 0xfd, 0x10, 0x25, 0x55, 0x55, 0x53,
    0x7f, 0xef, 0xef, 0xd0, 0x0, 0x0, 0x0, 0x0,
    0x8c, 0x4f, 0x98, 0xe1, 0x9d, 0xdd, 0xdc, 0x0,
    0x0, 0x2f, 0x90, 0x0, 0x9d, 0xdd, 0xdc, 0x0,
    0x0, 0x2f, 0x90, 0x0, 0x0, 0x0, 0x0, 0x0,
    0x0, 0x2f, 0x90, 0x0, 0x25, 0x55, 0x0, 0x0,
    0x0, 0x2f, 0x90, 0x0, 0xcf, 0xff, 0x50, 0x0,
    0x0, 0x2f, 0x90, 0x0, 0x25, 0x55, 0x0, 0x0,
    0x0, 0x2f, 0x90, 0x0, 0x0, 0x0, 0x0, 0x0,
    0x0, 0x2f, 0x90, 0x0, 0x9d, 0x60, 0x0, 0x0,
    0x0, 0xb, 0x50, 0x0, 0x9d, 0x60, 0x0, 0x0,

    /* U+F162 "" */
    0x0, 0x3, 0x10, 0x0, 0x0, 0x33, 0x0, 0x0,
    0x1f, 0x80, 0x0, 0xc, 0xff, 0x0, 0x0, 0x2f,
    0x90, 0x0, 0x9, 0xef, 0x0, 0x0, 0x2f, 0x90,
    0x0, 0x0, 0xbf, 0x0, 0x0, 0x2f, 0x90, 0x0,
    0xa, 0xff, 0xd2, 0x0, 0x2f, 0x90, 0x0, 0xa,
    0xee, 0xd2, 0x0, 0x2f, 0x90, 0x0, 0x0, 0x12,
    0x0, 0x0, 0x2f, 0x90, 0x0, 0x6, 0xff, 0xb0,
    0x34, 0x2f, 0x91, 0x60, 0xe, 0xc8, 0xf4, 0xaf,
    0x9f, 0xbe, 0xf1, 0xd, 0xda, 0xf4, 0x2e, 0xff,
    0xff, 0x70, 0x4, 0xef, 0xe0, 0x2, 0xef, 0xf7,
    0x0, 0x0, 0xbf, 0x40, 0x0, 0x2c, 0x60, 0x0,
    0x0, 0x98, 0x0, 0x0, 0x0, 0x0, 0x0, 0x0,
    0x0, 0x0,

    /* U+F163 "" */
    0x0, 0x4, 0x10, 0x0, 0x0, 0x33, 0x0, 0x0,
    0x8f, 0xd1, 0x0, 0xc, 0xff, 0x0, 0x8, 0xff,
    0xfd, 0x10, 0x9, 0xef, 0x0, 0x7f, 0xef, 0xef,
    0xd0, 0x0, 0xbf, 0x0, 0x8c, 0x4f, 0x98, 0xe1,
    0xa, 0xff, 0xd2, 0x0, 0x2f, 0x90, 0x0, 0xa,
    0xdd, 0xd2, 0x0, 0x2f, 0x90, 0x0, 0x0, 0x12,
    0x0, 0x0, 0x2f, 0x90, 0x0, 0x6, 0xff, 0xb0,
    0x0, 0x2f, 0x90, 0x0, 0xe, 0xc8, 0xf4, 0x0,
    0x2f, 0x90, 0x0, 0xd, 0xda, 0xf4, 0x0, 0x2f,
    0x90, 0x0, 0x4, 0xef, 0xe0, 0x0, 0x2f, 0x90,
    0x0, 0x0, 0xbf, 0x50, 0x0, 0xb, 0x50, 0x0,
    0x0, 0x98, 0x0, 0x0, 0x0, 0x0, 0x0, 0x0,
    0x0, 0x0,

    /* U+F164 "" */
    0x0, 0x0, 0x0, 0x69, 0x20, 0x0, 0x0, 0x0,
    0x0, 0x3, 0xff, 0x90, 0x0, 0x0, 0x0, 0x0,
    0xb, 0xff, 0x70, 0x0, 0x0, 0x0, 0x0, 0x3f,
    0xff, 0x10, 0x0, 0x0, 0x9c, 0xa0, 0xaf, 0xff,
    0xcc, 0xcc, 0x90, 0xff, 0xf0, 0xdf, 0xff, 0xff,
    0xff, 0xf4, 0xff, 0xf1, 0xdf, 0xff, 0xff, 0xff,
    0xd0, 0xff, 0xf1, 0xdf, 0xff, 0xff, 0xff, 0xf3,
    0xff, 0xf1, 0xdf, 0xff, 0xff, 0xff, 0xf2, 0xff,
    0xf1, 0xdf, 0xff, 0xff, 0xff, 0x60, 0xff, 0xf1,
    0xcf, 0xff, 0xff, 0xff, 0x40, 0xff, 0xf1, 0x5f,
    0xff, 0xff, 0xfc, 0x0, 0xbf, 0xc0, 0x2, 0xad,
    0xff, 0xe5, 0x0,

    /* U+F165 "" */
    0x0, 0x0, 0x0, 0x26, 0x77, 0x50, 0x0, 0x0,
    0x0, 0x1b, 0xff, 0xff, 0xf7, 0x0, 0x7b, 0x80,
    0xaf, 0xff, 0xff, 0xfc, 0x0, 0xff, 0xf0, 0xdf,
    0xff, 0xff, 0xff, 0x60, 0xff, 0xf1, 0xdf, 0xff,
    0xff, 0xff, 0xa0, 0xff, 0xf1, 0xdf, 0xff, 0xff,
    0xff, 0xf4, 0xff, 0xf1, 0xdf, 0xff, 0xff, 0xff,
    0xd0, 0xff, 0xf1, 0xdf, 0xff, 0xff, 0xff, 0xf2,
    0xff, 0xf1, 0xcf, 0xff, 0xff, 0xff, 0xf2, 0xff,
    0xf1, 0x8f, 0xfd, 0x44, 0x44, 0x10, 0xdf, 0xd0,
    0x1f, 0xff, 0x20, 0x0, 0x0, 0x0, 0x0, 0x8,
    0xff, 0x70, 0x0, 0x0, 0x0, 0x0, 0x1, 0xef,
    0x40, 0x0, 0x0, 0x0, 0x0, 0x0, 0x12, 0x0,
    0x0, 0x0,

    /* U+F175 "" */
    0x0, 0x0, 0x0, 0x0, 0x0, 0x0, 0x0, 0x8e,
    0x0, 0x0, 0x0, 0x0, 0xaf, 0x10, 0x0, 0x0,
    0x0, 0xaf, 0x10, 0x0, 0x0, 0x0, 0xaf, 0x10,
    0x0, 0x0, 0x0, 0xaf, 0x10, 0x0, 0x0, 0x0,
    0xaf, 0x10, 0x0, 0x0, 0x0, 0xaf, 0x10, 0x0,
    0x0, 0x0, 0xaf, 0x10, 0x0, 0x0, 0x0, 0xaf,
    0x10, 0x0, 0x0, 0x0, 0xaf, 0x10, 0x0, 0x7,
    0x30, 0xaf, 0x10, 0x82, 0x1f, 0xf3, 0xaf, 0x1b,
    0xf7, 0x5, 0xff, 0xdf, 0xcf, 0xa0, 0x0, 0x5f,
    0xff, 0xfa, 0x0, 0x0, 0x5, 0xff, 0xa0, 0x0,
    0x0, 0x0, 0x47, 0x0, 0x0,

    /* U+F176 "" */
    0x0, 0x0, 0x0, 0x0, 0x0, 0x0, 0x0, 0xae,
    0x30, 0x0, 0x0, 0xb, 0xff, 0xe3, 0x0, 0x0,
    0xbf, 0xff, 0xfe, 0x30, 0xb, 0xfb, 0xbf, 0x7f,
    0xe2, 0x1f, 0xb0, 0xaf, 0x15, 0xf7, 0x1, 0x0,
    0xaf, 0x10, 0x10, 0x0, 0x0, 0xaf, 0x10, 0x0,
    0x0, 0x0, 0xaf, 0x10, 0x0, 0x0, 0x0, 0xaf,
    0x10, 0x0, 0x0, 0x0, 0xaf, 0x10, 0x0, 0x0,
    0x0, 0xaf, 0x10, 0x0, 0x0, 0x0, 0xaf, 0x10,
    0x0, 0x0, 0x0, 0xaf, 0x10, 0x0, 0x0, 0x0,
    0xaf, 0x10, 0x0, 0x0, 0x0, 0xaf, 0x10, 0x0,
    0x0, 0x0, 0x48, 0x0, 0x0,

    /* U+F177 "" */
    0x0, 0x0, 0x26, 0x0, 0x0, 0x0, 0x0, 0x0,
    0x0, 0x0, 0x2e, 0xf2, 0x0, 0x0, 0x0, 0x0,
    0x0, 0x0, 0x2e, 0xf7, 0x0, 0x0, 0x0, 0x0,
    0x0, 0x0, 0x2e, 0xf7, 0x0, 0x0, 0x0, 0x0,
    0x0, 0x0, 0xd, 0xff, 0xff, 0xff, 0xff, 0xff,
    0xff, 0xff, 0x90, 0xaf, 0xfb, 0xbb, 0xbb, 0xbb,
    0xbb, 0xbb, 0xb5, 0x0, 0xaf, 0xb0, 0x0, 0x0,
    0x0, 0x0, 0x0, 0x0, 0x0, 0xaf, 0xb0, 0x0,
    0x0, 0x0, 0x0, 0x0, 0x0, 0x0, 0xaf, 0x20,
    0x0, 0x0, 0x0, 0x0, 0x0, 0x0, 0x0, 0x10,
    0x0, 0x0, 0x0, 0x0, 0x0,

    /* U+F178 "" */
    0x0, 0x0, 0x0, 0x0, 0x0, 0x16, 0x0, 0x0,
    0x0, 0x0, 0x0, 0x0, 0x0, 0x6f, 0xc0, 0x0,
    0x0, 0x0, 0x0, 0x0, 0x0, 0xa, 0xfc, 0x0,
    0x0, 0x0, 0x0, 0x0, 0x0, 0x1, 0xbf, 0xc0,
    0xcf, 0xff, 0xff, 0xff, 0xff, 0xff, 0xff, 0xf9,
    0x7b, 0xbb, 0xbb, 0xbb, 0xbb, 0xbb, 0xdf, 0xf6,
    0x0, 0x0, 0x0, 0x0, 0x0, 0x2, 0xef, 0x70,
    0x0, 0x0, 0x0, 0x0, 0x0, 0x1e, 0xf7, 0x0,
    0x0, 0x0, 0x0, 0x0, 0x0, 0x6f, 0x70, 0x0,
    0x0, 0x0, 0x0, 0x0, 0x0, 0x1, 0x0, 0x0,

    /* U+F182 "" */
    0x0, 0x0, 0x0, 0x0, 0x0, 0x0, 0x0, 0xc,
    0xf5, 0x0, 0x0, 0x0, 0x2, 0xff, 0xa0, 0x0,
    0x0, 0x0, 0x9, 0xc3, 0x0, 0x0, 0x0, 0x0,
    0x1, 0x0, 0x0, 0x0, 0x0, 0xaf, 0xfe, 0x40,
    0x0, 0x0, 0xcf, 0xff, 0xff, 0x50, 0x0, 0x9f,
    0xff, 0xff, 0xff, 0x20, 0x5f, 0xdf, 0xff, 0xfd,
    0xfc, 0xa, 0xf7, 0xff, 0xff, 0xd9, 0xf2, 0x11,
    0xaf, 0xff, 0xff, 0x22, 0x0, 0xf, 0xff, 0xff,
    0xf7, 0x0, 0x0, 0x3f, 0xd7, 0xf9, 0x10, 0x0,
    0x0, 0xfd, 0x5f, 0x70, 0x0, 0x0, 0xf, 0xd5,
    0xf7, 0x0, 0x0, 0x0, 0xec, 0x4f, 0x60, 0x0,
    0x0, 0x6, 0x40, 0x81, 0x0, 0x0,

    /* U+F183 "" */
    0x0, 0x0, 0x0, 0x0, 0x0, 0x0, 0x0, 0xc,
    0xf5, 0x0, 0x0, 0x0, 0x2, 0xff, 0xa0, 0x0,
    0x0, 0x0, 0x9, 0xc3, 0x0, 0x0, 0x0, 0x0,
    0x1, 0x0, 0x0, 0x0, 0x0, 0xaf, 0xfe, 0x40,
    0x0, 0x0, 0xcf, 0xff, 0xff, 0x50, 0x0, 0x9f,
    0xff, 0xff, 0xff, 0x20, 0x5f, 0xdf, 0xff, 0xfc,
    0xfc, 0xa, 0xf2, 0xef, 0xff, 0x69, 0xf2, 0x11,
    0xe, 0xff, 0xf6, 0x2, 0x0, 0x0, 0xed, 0x6f,
    0x60, 0x0, 0x0, 0xe, 0xc4, 0xf6, 0x0, 0x0,
    0x0, 0xec, 0x4f, 0x60, 0x0, 0x0, 0xe, 0xc4,
    0xf6, 0x0, 0x0, 0x0, 0xec, 0x4f, 0x60, 0x0,
    0x0, 0x6, 0x40, 0x81, 0x0, 0x0,

    /* U+F185 "" */
    0x0, 0x0, 0x0, 0x0, 0x0, 0x0, 0x0, 0x0,
    0x0, 0x0, 0x0, 0xd, 0x90, 0x0, 0x0, 0x0,
    0x0, 0x0, 0x0, 0x7f, 0xf3, 0x0, 0x0, 0x0,
    0x0, 0xbd, 0x96, 0xff, 0xfc, 0x6a, 0xe7, 0x0,
    0x0, 0xbf, 0xff, 0xfe, 0xef, 0xff, 0xf7, 0x0,
    0x0, 0x7f, 0xfb, 0x10, 0x3, 0xdf, 0xf3, 0x0,
    0x0, 0x4f, 0xb0, 0x6c, 0xb4, 0x1e, 0xf1, 0x0,
    0x8, 0xff, 0x36, 0xff, 0xff, 0x27, 0xfe, 0x60,
    0xcf, 0xff, 0xb, 0xff, 0xff, 0x64, 0xff, 0xf8,
    0x6f, 0xff, 0x19, 0xff, 0xff, 0x55, 0xff, 0xd3,
    0x1, 0xaf, 0x52, 0xef, 0xfb, 0x9, 0xf7, 0x0,
    0x0, 0x5f, 0xe1, 0x4, 0x30, 0x4f, 0xf1, 0x0,
    0x0, 0x8f, 0xfe, 0x73, 0x48, 0xff, 0xf4, 0x0,
    0x0, 0xcf, 0xff, 0xff, 0xff, 0xff, 0xf8, 0x0,
    0x0, 0x78, 0x41, 0xdf, 0xf9, 0x15, 0x94, 0x0,
    0x0, 0x0, 0x0, 0x4f, 0xe1, 0x0, 0x0, 0x0,
    0x0, 0x0, 0x0, 0x8, 0x50, 0x0, 0x0, 0x0,

    /* U+F186 "" */
    0x0, 0x0, 0x0, 0x11, 0x0, 0x0, 0x0, 0x0,
    0x1a, 0xff, 0xfd, 0x0, 0x0, 0x0, 0x6f, 0xff,
    0xff, 0x50, 0x0, 0x0, 0x5f, 0xff, 0xff, 0x30,
    0x0, 0x0, 0x1e, 0xff, 0xff, 0x70, 0x0, 0x0,
    0x8, 0xff, 0xff, 0xf1, 0x0, 0x0, 0x0, 0xdf,
    0xff, 0xff, 0x0, 0x0, 0x0, 0xf, 0xff, 0xff,
    0xf0, 0x0, 0x0, 0x0, 0xef, 0xff, 0xff, 0x40,
    0x0, 0x0, 0xc, 0xff, 0xff, 0xfc, 0x0, 0x0,
    0x0, 0x7f, 0xff, 0xff, 0xfa, 0x0, 0x0, 0x0,
    0xcf, 0xff, 0xff, 0xfd, 0x74, 0x10, 0x2, 0xff,
    0xff, 0xff, 0xff, 0xfe, 0x0, 0x2, 0xcf, 0xff,
    0xff, 0xfc, 0x20, 0x0, 0x0, 0x5a, 0xcc, 0xa5,
    0x0, 0x0,

    /* U+F187 "" */
    0x69, 0x99, 0x99, 0x99, 0x99, 0x99, 0x96, 0xff,
    0xff, 0xff, 0xff, 0xff, 0xff, 0xff, 0xdf, 0xff,
    0xff, 0xff, 0xff, 0xff, 0xfd, 0x0, 0x0, 0x0,
    0x0, 0x0, 0x0, 0x0, 0x1a, 0xaa, 0xaa, 0xaa,
    0xaa, 0xaa, 0xa1, 0x2f, 0xff, 0xff, 0xff, 0xff,
    0xff, 0xf2, 0x2f, 0xff, 0x91, 0x11, 0x19, 0xff,
    0xf2, 0x2f, 0xff, 0xb4, 0x44, 0x4b, 0xff, 0xf2,
    0x2f, 0xff, 0xff, 0xff, 0xff, 0xff, 0xf2, 0x2f,
    0xff, 0xff, 0xff, 0xff, 0xff, 0xf2, 0x2f, 0xff,
    0xff, 0xff, 0xff, 0xff, 0xf2, 0xf, 0xff, 0xff,
    0xff, 0xff, 0xff, 0xf0, 0x7, 0xef, 0xff, 0xff,
    0xff, 0xfe, 0x70,

    /* U+F188 "" */
    0x0, 0x0, 0x0, 0x2, 0x64, 0x0, 0x0, 0x0,
    0x0, 0x0, 0x0, 0x3, 0xff, 0xfa, 0x0, 0x0,
    0x0, 0x0, 0x0, 0x0, 0xcf, 0xff, 0xf2, 0x0,
    0x0, 0x0, 0x8, 0x30, 0xb, 0xff, 0xff, 0x30,
    0x8, 0x40, 0x1, 0xff, 0x70, 0x0, 0x0, 0x0,
    0x2d, 0xf8, 0x0, 0x4, 0xef, 0xb5, 0x77, 0x76,
    0x6f, 0xf9, 0x0, 0x0, 0x1, 0xcf, 0xff, 0xff,
    0xff, 0xf6, 0x0, 0x0, 0x0, 0x6, 0xff, 0xff,
    0xff, 0xfd, 0x0, 0x0, 0xe, 0xff, 0xff, 0xff,
    0x2b, 0xff, 0xff, 0xff, 0x60, 0x9b, 0xbe, 0xff,
    0xf1, 0xaf, 0xff, 0xbb, 0xa3, 0x0, 0x0, 0xaf,
    0xff, 0x1a, 0xff, 0xf1, 0x0, 0x0, 0x0, 0x8f,
    0xff, 0xf1, 0xaf, 0xff, 0xd2, 0x0, 0x0, 0xcf,
    0xdf, 0xff, 0x1a, 0xff, 0xdf, 0xf4, 0x0, 0x2f,
    0xa0, 0x5f, 0xf1, 0xaf, 0xc0, 0x4e, 0x80, 0x0,
    0x0, 0x0, 0x4a, 0x17, 0x70, 0x0, 0x0, 0x0,

    /* U+F18E "" */
    0x0, 0x0, 0x0, 0x0, 0x0, 0x0, 0x0, 0x0,
    0x1, 0x8d, 0xff, 0xd8, 0x10, 0x0, 0x0, 0x5e,
    0xff, 0xff, 0xff, 0xe5, 0x0, 0x4, 0xff, 0xff,
    0xff, 0xff, 0xff, 0x40, 0x1e, 0xff, 0xff, 0xfd,
    0xff, 0xff, 0xe1, 0x8f, 0xff, 0xff, 0xf0, 0x8f,
    0xff, 0xf8, 0xdf, 0xff, 0xaa, 0xa0, 0x8, 0xff,
    0xfd, 0xff, 0xf8, 0x0, 0x0, 0x0, 0x8f, 0xff,
    0xef, 0xfa, 0x0, 0x0, 0x0, 0xcf, 0xfe, 0xcf,
    0xff, 0xff, 0xf0, 0x1c, 0xff, 0xfc, 0x6f, 0xff,
    0xff, 0xf2, 0xcf, 0xff, 0xf6, 0xc, 0xff, 0xff,
    0xff, 0xff, 0xff, 0xc0, 0x2, 0xef, 0xff, 0xff,
    0xff, 0xfe, 0x20, 0x0, 0x1a, 0xff, 0xff, 0xff,
    0xa1, 0x0, 0x0, 0x0, 0x48, 0xba, 0x83, 0x0,
    0x0,

    /* U+F190 "" */
    0x0, 0x0, 0x0, 0x0, 0x0, 0x0, 0x0, 0x0,
    0x1, 0x8d, 0xff, 0xd8, 0x10, 0x0, 0x0, 0x5e,
    0xff, 0xff, 0xff, 0xe5, 0x0, 0x4, 0xff, 0xff,
    0xff, 0xff, 0xff, 0x40, 0x1e, 0xff, 0xff, 0xdf,
    0xff, 0xff, 0xe1, 0x8f, 0xff, 0xf8, 0xf, 0xff,
    0xff, 0xf8, 0xdf, 0xff, 0x80, 0xa, 0xaa, 0xff,
    0xfd, 0xff, 0xf9, 0x0, 0x0, 0x0, 0x8f, 0xff,
    0xef, 0xfc, 0x0, 0x0, 0x0, 0xaf, 0xfe, 0xcf,
    0xff, 0xc1, 0xf, 0xff, 0xff, 0xfc, 0x6f, 0xff,
    0xfc, 0x2f, 0xff, 0xff, 0xf6, 0xc, 0xff, 0xff,
    0xff, 0xff, 0xff, 0xc0, 0x2, 0xef, 0xff, 0xff,
    0xff, 0xfe, 0x20, 0x0, 0x1a, 0xff, 0xff, 0xff,
    0xa1, 0x0, 0x0, 0x0, 0x48, 0xba, 0x83, 0x0,
    0x0,

    /* U+F191 "" */
    0x3, 0x44, 0x44, 0x44, 0x44, 0x40, 0xa, 0xff,
    0xff, 0xff, 0xff, 0xff, 0xd0, 0xff, 0xff, 0xff,
    0xff, 0xff, 0xff, 0x3f, 0xff, 0xff, 0xfa, 0x8f,
    0xff, 0xf3, 0xff, 0xff, 0xf9, 0x1, 0xff, 0xff,
    0x3f, 0xff, 0xf8, 0x0, 0x1f, 0xff, 0xf3, 0xff,
    0xfa, 0x0, 0x1, 0xff, 0xff, 0x3f, 0xff, 0xe2,
    0x0, 0x1f, 0xff, 0xf3, 0xff, 0xff, 0xe2, 0x1,
    0xff, 0xff, 0x3f, 0xff, 0xff, 0xe3, 0x2f, 0xff,
    0xf3, 0xff, 0xff, 0xff, 0xfe, 0xff, 0xff, 0x3e,
    0xff, 0xff, 0xff, 0xff, 0xff, 0xf2, 0x5e, 0xff,
    0xff, 0xff, 0xff, 0xe8, 0x0,

    /* U+F192 "" */
    0x0, 0x0, 0x1, 0x33, 0x10, 0x0, 0x0, 0x0,
    0x2, 0xbf, 0xff, 0xfb, 0x20, 0x0, 0x0, 0x7f,
    0xff, 0xff, 0xff, 0xf7, 0x0, 0x6, 0xff, 0xff,
    0xff, 0xff, 0xff, 0x60, 0x1f, 0xff, 0xff, 0xff,
    0xff, 0xff, 0xf1, 0x9f, 0xff, 0xfa, 0x33, 0xaf,
    0xff, 0xf9, 0xdf, 0xff, 0xc0, 0x0, 0xc, 0xff,
    0xfd, 0xff, 0xff, 0x70, 0x0, 0x7, 0xff, 0xff,
    0xef, 0xff, 0x80, 0x0, 0x8, 0xff, 0xfe, 0xcf,
    0xff, 0xe1, 0x0, 0x2e, 0xff, 0xfc, 0x6f, 0xff,
    0xff, 0x99, 0xff, 0xff, 0xf6, 0xc, 0xff, 0xff,
    0xff, 0xff, 0xff, 0xc0, 0x2, 0xff, 0xff, 0xff,
    0xff, 0xff, 0x20, 0x0, 0x2c, 0xff, 0xff, 0xff,
    0xc2, 0x0, 0x0, 0x0, 0x5a, 0xcc, 0xa5, 0x0,
    0x0,

    /* U+F193 "" */
    0x0, 0x0, 0x8b, 0x30, 0x0, 0x0, 0x0, 0x0,
    0x0, 0x2f, 0xfa, 0x0, 0x0, 0x0, 0x0, 0x0,
    0x0, 0xdf, 0x60, 0x0, 0x0, 0x0, 0x0, 0x0,
    0x0, 0x10, 0x0, 0x0, 0x0, 0x0, 0x0, 0x0,
    0x2d, 0xb0, 0x0, 0x0, 0x0, 0x0, 0x0, 0x7,
    0xff, 0x50, 0x0, 0x0, 0x0, 0x2, 0xb5, 0x5f,
    0xf8, 0x0, 0x0, 0x0, 0x1, 0xef, 0x72, 0xff,
    0xc0, 0x0, 0x0, 0x0, 0x9f, 0x80, 0xe, 0xff,
    0x99, 0x40, 0x0, 0xe, 0xe0, 0x0, 0x6f, 0xff,
    0xff, 0x50, 0x0, 0xfc, 0x0, 0x0, 0x2, 0x23,
    0xed, 0x0, 0xc, 0xf1, 0x0, 0x3, 0x63, 0x9,
    0xf6, 0x30, 0x5f, 0xc3, 0x15, 0xff, 0x20, 0x4f,
    0xfe, 0x0, 0x8f, 0xff, 0xff, 0x50, 0x0, 0x99,
    0x30, 0x0, 0x49, 0xb8, 0x20, 0x0, 0x0, 0x0,
    0x0,

    /* U+F195 "" */
    0x0, 0x3, 0xbf, 0xe9, 0x10, 0x0, 0x3f, 0xfe,
    0xef, 0xe0, 0x0, 0xcf, 0x50, 0x7, 0xc0, 0x1,
    0xfb, 0x0, 0x0, 0x0, 0x2, 0xfa, 0x11, 0x11,
    0x0, 0xf, 0xff, 0xff, 0xff, 0xa0, 0x3, 0xbf,
    0x64, 0x44, 0x10, 0x0, 0x9f, 0x41, 0x11, 0x0,
    0xf, 0xff, 0xff, 0xff, 0xa0, 0x3, 0xfe, 0x44,
    0x44, 0x10, 0x8, 0xf7, 0x0, 0x0, 0x0, 0x3f,
    0xfd, 0xdd, 0xdd, 0xd5, 0x5f, 0xff, 0xff, 0xff,
    0xf6,

    /* U+F196 "" */
    0x1, 0x22, 0x22, 0x22, 0x22, 0x10, 0x8, 0xff,
    0xff, 0xff, 0xff, 0xff, 0xa0, 0xff, 0xff, 0xff,
    0xff, 0xff, 0xff, 0x1f, 0xff, 0xff, 0xff, 0xff,
    0xff, 0xf2, 0xff, 0xff, 0xf8, 0x6f, 0xff, 0xff,
    0x2f, 0xff, 0xff, 0x75, 0xff, 0xff, 0xf2, 0xff,
    0xf7, 0x42, 0x14, 0x6f, 0xff, 0x2f, 0xff, 0xa8,
    0x32, 0x89, 0xff, 0xf2, 0xff, 0xff, 0xf7, 0x5f,
    0xff, 0xff, 0x2f, 0xff, 0xff, 0xa8, 0xff, 0xff,
    0xf2, 0xff, 0xff, 0xff, 0xff, 0xff, 0xff, 0x2e,
    0xff, 0xff, 0xff, 0xff, 0xff, 0xf1, 0x5e, 0xff,
    0xff, 0xff, 0xff, 0xe7, 0x0,

    /* U+F197 "" */
    0x5, 0x53, 0x10, 0x0, 0x0, 0x0, 0x0, 0xc,
    0xff, 0xff, 0x91, 0x0, 0x0, 0x0, 0x0, 0xf4,
    0x5f, 0x6d, 0xe6, 0x0, 0x0, 0x0, 0xf, 0x67,
    0xe0, 0x8, 0xd9, 0x10, 0x0, 0x0, 0xff, 0xff,
    0x74, 0x44, 0x44, 0x30, 0x0, 0xf, 0xff, 0xff,
    0xff, 0xff, 0xff, 0xfd, 0x50, 0xff, 0xff, 0xff,
    0xff, 0xff, 0xf5, 0xff, 0x7f, 0xff, 0xff, 0xff,
    0xff, 0xff, 0x8f, 0xf5, 0xff, 0xff, 0xff, 0xff,
    0xff, 0xfd, 0x92, 0xf, 0xff, 0xf3, 0x11, 0x11,
    0x10, 0x0, 0x0, 0xf4, 0x5e, 0x3, 0xcf, 0x80,
    0x0, 0x0, 0xf, 0x89, 0xfb, 0xfb, 0x20, 0x0,
    0x0, 0x0, 0x7e, 0xfd, 0xa3, 0x0, 0x0, 0x0,
    0x0, 0x0,

    /* U+F199 "" */
    0x6, 0x77, 0x77, 0x77, 0x77, 0x61, 0xb, 0xff,
    0xff, 0xff, 0xff, 0xff, 0xd0, 0xff, 0xff, 0xff,
    0xff, 0xff, 0xff, 0x1f, 0xff, 0xff, 0xff, 0xff,
    0xff, 0xf1, 0xff, 0xc1, 0x0, 0x0, 0xb, 0xff,
    0x1f, 0xff, 0x40, 0x0, 0x3, 0xef, 0xf1, 0xff,
    0xbb, 0xa1, 0x9, 0xcb, 0xff, 0x1f, 0xf9, 0x5,
    0xdd, 0x60, 0x8f, 0xf1, 0xff, 0xa0, 0x0, 0x0,
    0x9, 0xff, 0x1f, 0xff, 0x98, 0x88, 0x89, 0xff,
    0xf1, 0xff, 0xff, 0xff, 0xff, 0xff, 0xff, 0x1e,
    0xff, 0xff, 0xff, 0xff, 0xff, 0xf0, 0x5e, 0xff,
    0xff, 0xff, 0xff, 0xe6, 0x0,

    /* U+F19C "" */
    0x0, 0x0, 0x0, 0x2a, 0xa2, 0x0, 0x0, 0x0,
    0x0, 0x0, 0x18, 0xff, 0xff, 0x81, 0x0, 0x0,
    0x0, 0x6, 0xef, 0xfa, 0xaf, 0xfe, 0x60, 0x0,
    0x4, 0xdf, 0xff, 0xf4, 0x4f, 0xff, 0xfd, 0x40,
    0xe, 0xff, 0xff, 0xff, 0xff, 0xff, 0xff, 0xe0,
    0x3, 0x8f, 0x67, 0xf7, 0x7f, 0x76, 0xf8, 0x30,
    0x0, 0x3f, 0x2, 0xf1, 0x1f, 0x20, 0xf3, 0x0,
    0x0, 0x3f, 0x2, 0xf1, 0x1f, 0x20, 0xf3, 0x0,
    0x0, 0x3f, 0x2, 0xf1, 0x1f, 0x20, 0xf3, 0x0,
    0x0, 0x3f, 0x2, 0xf1, 0x1f, 0x20, 0xf3, 0x0,
    0x0, 0x3f, 0x2, 0xf1, 0x1f, 0x20, 0xf3, 0x0,
    0x1, 0xcf, 0xff, 0xff, 0xff, 0xff, 0xfc, 0x10,
    0xd, 0xff, 0xff, 0xff, 0xff, 0xff, 0xff, 0xd0,
    0x7, 0xaa, 0xaa, 0xaa, 0xaa, 0xaa, 0xaa, 0x70,

    /* U+F19D "" */
    0x0, 0x0, 0x0, 0x1, 0x0, 0x0, 0x0, 0x0,
    0x0, 0x0, 0x6, 0xcf, 0xfa, 0x40, 0x0, 0x0,
    0x0, 0x29, 0xef, 0xff, 0xff, 0xfd, 0x61, 0x0,
    0x4c, 0xff, 0xff, 0xff, 0xff, 0xff, 0xff, 0x92,
    0xff, 0xff, 0xff, 0xff, 0xff, 0xff, 0xff, 0xf8,
    0xfa, 0xdf, 0xff, 0xff, 0xff, 0xff, 0xfb, 0x40,
    0xf4, 0x3, 0xaf, 0xff, 0xff, 0xe8, 0x10, 0x0,
    0xf4, 0x46, 0x11, 0x7c, 0xb5, 0x2, 0x80, 0x0,
    0xf4, 0x6f, 0xfa, 0x52, 0x26, 0xcf, 0xf1, 0x0,
    0xf4, 0x6f, 0xff, 0xff, 0xff, 0xff, 0xf1, 0x0,
    0xf4, 0x5f, 0xff, 0xff, 0xff, 0xff, 0xf0, 0x0,
    0xf4, 0xb, 0xff, 0xff, 0xff, 0xff, 0x60, 0x0,
    0xb2, 0x0, 0x49, 0xbd, 0xcb, 0x72, 0x0, 0x0,

    /* U+F1AB "" */
    0x0, 0x1, 0x50, 0x0, 0x0, 0x0, 0x0, 0x0,
    0x0, 0x7, 0xf3, 0x0, 0x0, 0x0, 0x0, 0x0,
    0x7b, 0xbd, 0xfc, 0xbb, 0xb3, 0x0, 0x0, 0x0,
    0xcf, 0xff, 0xff, 0xff, 0xf7, 0x0, 0x0, 0x0,
    0x0, 0x0, 0x0, 0x9f, 0x50, 0x0, 0x0, 0x0,
    0x0, 0x43, 0x1, 0xfe, 0x0, 0x4c, 0x10, 0x0,
    0x0, 0xdf, 0x4a, 0xf7, 0x0, 0xcf, 0x80, 0x0,
    0x0, 0x4f, 0xff, 0xc0, 0x3, 0xff, 0xf0, 0x0,
    0x0, 0x1c, 0xff, 0xb2, 0xa, 0xfa, 0xf7, 0x0,
    0x7, 0xef, 0xcb, 0xff, 0xbf, 0xc1, 0xfd, 0x0,
    0xf, 0xe6, 0x0, 0x4c, 0xff, 0x50, 0x9f, 0x50,
    0x2, 0x0, 0x0, 0x1, 0xff, 0xcc, 0xdf, 0xc0,
    0x0, 0x0, 0x0, 0x7, 0xff, 0xff, 0xff, 0xf3,
    0x0, 0x0, 0x0, 0xd, 0xf0, 0x0, 0x4, 0xf9,
    0x0, 0x0, 0x0, 0x8, 0x50, 0x0, 0x0, 0x85,

    /* U+F1AC "" */
    0x0, 0x0, 0x0, 0x0, 0x0, 0x0, 0x0, 0x0,
    0x0, 0x2e, 0xff, 0xff, 0xf6, 0x0, 0x0, 0x0,
    0x9f, 0xbb, 0xbb, 0xef, 0x60, 0x0, 0x0, 0xaf,
    0x10, 0x0, 0x2e, 0xf0, 0x7a, 0x80, 0x9e, 0x10,
    0x0, 0x8, 0xe1, 0xff, 0xf0, 0x0, 0x0, 0x0,
    0x0, 0x0, 0xff, 0xf0, 0x8c, 0xcc, 0xcc, 0xcc,
    0xc9, 0xff, 0xf0, 0xaf, 0xff, 0xff, 0xff, 0xff,
    0xff, 0xf0, 0xaf, 0x5e, 0x96, 0xf3, 0xef, 0xff,
    0xf0, 0xaf, 0xbf, 0xdc, 0xfb, 0xff, 0xff, 0xf0,
    0xaf, 0xdf, 0xee, 0xfd, 0xff, 0xff, 0xf0, 0xaf,
    0x3d, 0x75, 0xf1, 0xdf, 0xff, 0xf0, 0xaf, 0xff,
    0xff, 0xff, 0xff, 0xbf, 0xc0, 0x6f, 0xff, 0xff,
    0xff, 0xfb,

    /* U+F1AD "" */
    0x0, 0x0, 0x0, 0x0, 0x0, 0x6, 0xff, 0xff,
    0xff, 0xff, 0xd1, 0xff, 0xff, 0xff, 0xff, 0xff,
    0x7f, 0xfe, 0x9e, 0xfb, 0xbf, 0xf8, 0xff, 0xa0,
    0xaf, 0x21, 0xff, 0x8f, 0xff, 0xef, 0xff, 0xef,
    0xf8, 0xff, 0xfe, 0xff, 0xfe, 0xff, 0x8f, 0xfa,
    0xa, 0xf2, 0x2f, 0xf8, 0xff, 0xc2, 0xcf, 0x65,
    0xff, 0x8f, 0xff, 0xff, 0xff, 0xff, 0xf8, 0xff,
    0xff, 0xb9, 0xef, 0xff, 0x8f, 0xff, 0xf0, 0x6,
    0xff, 0xf8, 0xff, 0xfe, 0x0, 0x6f, 0xff, 0x8e,
    0xff, 0xf5, 0x59, 0xff, 0xf7, 0x5e, 0xff, 0xff,
    0xff, 0xfb, 0x10,

    /* U+F1AE "" */
    0x0, 0x0, 0x14, 0x0, 0x0, 0x0, 0x1, 0xef,
    0xc0, 0x0, 0x0, 0x5, 0xff, 0xf1, 0x0, 0x0,
    0x1, 0xdf, 0xa0, 0x0, 0x0, 0x0, 0x1, 0x0,
    0x0, 0x0, 0x5, 0xbe, 0xa3, 0x0, 0x0, 0x7f,
    0xff, 0xff, 0x30, 0x3, 0xff, 0xff, 0xff, 0xe0,
    0xc, 0xff, 0xff, 0xfe, 0xf8, 0xa, 0x7d, 0xff,
    0xf9, 0xa6, 0x0, 0xd, 0xff, 0xf9, 0x0, 0x0,
    0xd, 0xf5, 0xf9, 0x0, 0x0, 0xd, 0xf3, 0xf9,
    0x0, 0x0, 0xc, 0xe2, 0xf8, 0x0, 0x0, 0x5,
    0x60, 0x82, 0x0,

    /* U+F1B0 "" */
    0x0, 0x0, 0x5, 0x10, 0x1, 0x50, 0x0, 0x0,
    0x0, 0x0, 0xbf, 0xd0, 0xc, 0xfb, 0x0, 0x0,
    0x0, 0x0, 0xef, 0xf6, 0x6f, 0xfe, 0x0, 0x0,
    0x0, 0x0, 0x9f, 0xf8, 0x8f, 0xfa, 0x0, 0x0,
    0x7, 0xc2, 0xc, 0xd2, 0x2d, 0xc1, 0x2c, 0x70,
    0xe, 0xfc, 0x0, 0x0, 0x0, 0x0, 0xcf, 0xe0,
    0x9, 0xff, 0x1, 0xaf, 0xfa, 0x20, 0xff, 0x90,
    0x0, 0x75, 0x2e, 0xff, 0xff, 0xe2, 0x57, 0x0,
    0x0, 0x0, 0xdf, 0xff, 0xff, 0xfe, 0x10, 0x0,
    0x0, 0x8, 0xff, 0xff, 0xff, 0xff, 0x80, 0x0,
    0x0, 0xf, 0xff, 0xff, 0xff, 0xff, 0xf0, 0x0,
    0x0, 0x2f, 0xff, 0xff, 0xff, 0xff, 0xf3, 0x0,
    0x0, 0xa, 0xda, 0x63, 0x36, 0xad, 0xa0, 0x0,

    /* U+F1B1 "" */
    0x0, 0x0, 0x0, 0x0, 0x0, 0x0, 0x10, 0x0,
    0x0, 0x0, 0x0, 0x0, 0x3b, 0xff, 0xd2, 0x0,
    0x0, 0x0, 0x0, 0x7f, 0xff, 0xff, 0xb0, 0x0,
    0x0, 0x0, 0x4f, 0xff, 0xff, 0xff, 0x0, 0x0,
    0x0, 0xa, 0xff, 0xff, 0xff, 0xc0, 0x0, 0x0,
    0x0, 0xdf, 0xff, 0xff, 0xf8, 0x0, 0x0, 0x0,
    0x8, 0xff, 0xff, 0xfe, 0x10, 0x0, 0x0, 0x1,
    0xcf, 0xff, 0xfe, 0x30, 0x0, 0x0, 0x1, 0xcf,
    0x96, 0xa7, 0x10, 0x0, 0x0, 0x1, 0xcf, 0x90,
    0x0, 0x0, 0x0, 0x0, 0x1, 0xcf, 0x90, 0x0,
    0x0, 0x0, 0x0, 0x1, 0xcf, 0x90, 0x0, 0x0,
    0x0, 0x0, 0x1, 0xcf, 0x90, 0x0, 0x0, 0x0,
    0x0, 0x0, 0xcf, 0x90, 0x0, 0x0, 0x0, 0x0,
    0x0, 0xa, 0x80, 0x0, 0x0, 0x0, 0x0, 0x0,
    0x0,

    /* U+F1B2 "" */
    0x0, 0x0, 0x0, 0x67, 0x10, 0x0, 0x0, 0x0,
    0x0, 0x5e, 0xff, 0xe7, 0x0, 0x0, 0x0, 0x3c,
    0xff, 0xff, 0xff, 0xd4, 0x0, 0x9, 0xff, 0xff,
    0xff, 0xff, 0xff, 0xb0, 0x5f, 0xff, 0xff, 0xff,
    0xff, 0xff, 0xf8, 0x7f, 0xff, 0xff, 0xff, 0xff,
    0xff, 0xfa, 0x7f, 0xff, 0xff, 0xff, 0xff, 0xc4,
    0xfa, 0x7f, 0xff, 0xff, 0xff, 0xe5, 0x1, 0xfa,
    0x7f, 0xff, 0xff, 0xff, 0x0, 0x1, 0xfa, 0x7f,
    0xff, 0xff, 0xfe, 0x0, 0x1, 0xfa, 0x7f, 0xff,
    0xff, 0xfe, 0x0, 0x4, 0xfa, 0x2f, 0xff, 0xff,
    0xfe, 0x1, 0xaf, 0xf4, 0x2, 0xbf, 0xff, 0xff,
    0x8f, 0xfc, 0x30, 0x0, 0x4, 0xdf, 0xff, 0xfe,
    0x50, 0x0, 0x0, 0x0, 0x6, 0xee, 0x80, 0x0,
    0x0, 0x0, 0x0, 0x0, 0x0, 0x0, 0x0, 0x0,

    /* U+F1B3 "" */
    0x0, 0x0, 0x0, 0x5, 0x50, 0x0, 0x0, 0x0,
    0x0, 0x0, 0x4, 0xdf, 0xfd, 0x40, 0x0, 0x0,
    0x0, 0x0, 0x7f, 0xff, 0xff, 0xf6, 0x0, 0x0,
    0x0, 0x0, 0xcf, 0xff, 0xfc, 0xbb, 0x0, 0x0,
    0x0, 0x0, 0xdf, 0xff, 0x50, 0x9c, 0x0, 0x0,
    0x0, 0x0, 0xdf, 0xfe, 0x0, 0x9c, 0x0, 0x0,
    0x0, 0x6, 0xff, 0xfe, 0x4, 0xef, 0x60, 0x0,
    0x3, 0xdf, 0xff, 0xff, 0xbf, 0xff, 0xfd, 0x30,
    0xe, 0xff, 0xff, 0xff, 0xff, 0xff, 0xff, 0xe0,
    0xf, 0xff, 0xfc, 0x3b, 0xff, 0xfe, 0x64, 0xf0,
    0xf, 0xff, 0xd0, 0xb, 0xff, 0xf1, 0x4, 0xf0,
    0xf, 0xff, 0xd0, 0xd, 0xff, 0xf1, 0x6, 0xf0,
    0x9, 0xff, 0xd4, 0xdf, 0xff, 0xf3, 0xaf, 0x90,
    0x0, 0x4d, 0xff, 0xa1, 0x2b, 0xff, 0xd4, 0x0,
    0x0, 0x0, 0x52, 0x0, 0x0, 0x34, 0x0, 0x0,

    /* U+F1B8 "" */
    0x0, 0x0, 0x0, 0x2, 0x20, 0x0, 0x0, 0x0,
    0x0, 0x0, 0x2, 0xdf, 0xfd, 0x10, 0x0, 0x0,
    0x0, 0x0, 0xd, 0xf9, 0x9f, 0xd0, 0x0, 0x0,
    0x0, 0x0, 0xb, 0x60, 0x8, 0xf8, 0x21, 0x0,
    0x0, 0x0, 0x0, 0x0, 0x0, 0xef, 0xf8, 0x0,
    0x2, 0xae, 0xf0, 0x0, 0x5, 0xff, 0xf4, 0x0,
    0x6, 0xff, 0xf4, 0x0, 0x5, 0xef, 0xf0, 0x0,
    0x0, 0xdf, 0xf8, 0x0, 0x0, 0x2, 0x30, 0x0,
    0x5, 0xfa, 0x53, 0x0, 0x0, 0x0, 0x9, 0x40,
    0xc, 0xf1, 0x0, 0x0, 0x0, 0x0, 0xf, 0xd0,
    0xf, 0xc0, 0x0, 0x0, 0x12, 0x0, 0xb, 0xf0,
    0xd, 0xf2, 0x0, 0x2, 0xeb, 0x0, 0x2e, 0xd0,
    0x5, 0xff, 0xd2, 0x1e, 0xff, 0xee, 0xff, 0x50,
    0x0, 0x4a, 0xd2, 0x1e, 0xff, 0xed, 0xa5, 0x0,
    0x0, 0x0, 0x0, 0x2, 0xeb, 0x0, 0x0, 0x0,
    0x0, 0x0, 0x0, 0x0, 0x12, 0x0, 0x0, 0x0,

    /* U+F1B9 "" */
    0x0, 0x4, 0x89, 0x99, 0x98, 0x40, 0x0, 0x0,
    0x7f, 0xff, 0xff, 0xff, 0xf7, 0x0, 0x1, 0xfc,
    0x32, 0x22, 0x23, 0xef, 0x10, 0x6, 0xf5, 0x0,
    0x0, 0x0, 0x8f, 0x60, 0xb, 0xf1, 0x0, 0x0,
    0x0, 0x3f, 0xb0, 0x7f, 0xff, 0xff, 0xff, 0xff,
    0xff, 0xf7, 0xff, 0xff, 0xff, 0xff, 0xff, 0xff,
    0xff, 0xfe, 0x4e, 0xff, 0xff, 0xff, 0xa4, 0xff,
    0xfe, 0x2e, 0xff, 0xff, 0xff, 0x92, 0xef, 0xff,
    0xff, 0xff, 0xff, 0xff, 0xff, 0xff, 0xff, 0xff,
    0xff, 0xff, 0xff, 0xff, 0xff, 0xff, 0xa2, 0x22,
    0x22, 0x22, 0x2a, 0xff, 0xad, 0x50, 0x0, 0x0,
    0x0, 0x5, 0xda,

    /* U+F1BA "" */
    0x0, 0x0, 0x37, 0x77, 0x60, 0x0, 0x0, 0x0,
    0x0, 0xcf, 0xff, 0xf5, 0x0, 0x0, 0x0, 0x3a,
    0xff, 0xff, 0xfd, 0x81, 0x0, 0x1, 0xef, 0xff,
    0xff, 0xff, 0xfc, 0x0, 0x8, 0xf7, 0x0, 0x0,
    0x0, 0x9f, 0x60, 0xd, 0xf0, 0x0, 0x0, 0x0,
    0x2f, 0xb0, 0x4f, 0xff, 0xff, 0xff, 0xff, 0xff,
    0xf4, 0xdf, 0xff, 0xff, 0xff, 0xff, 0xff, 0xfd,
    0xfe, 0x4e, 0xff, 0xff, 0xff, 0xa4, 0xff, 0xfe,
    0x2e, 0xff, 0xff, 0xff, 0x92, 0xef, 0xff, 0xff,
    0xff, 0xff, 0xff, 0xff, 0xff, 0xff, 0xff, 0xff,
    0xff, 0xff, 0xff, 0xff, 0xff, 0xa1, 0x11, 0x11,
    0x11, 0x1a, 0xff, 0xad, 0x50, 0x0, 0x0, 0x0,
    0x5, 0xda,

    /* U+F1BB "" */
    0x0, 0x0, 0x0, 0x0, 0x0, 0x0, 0x0, 0x0,
    0x0, 0x0, 0xad, 0x10, 0x0, 0x0, 0x0, 0x0,
    0x8, 0xff, 0xc0, 0x0, 0x0, 0x0, 0x0, 0x6f,
    0xff, 0xfa, 0x0, 0x0, 0x0, 0x4, 0xff, 0xff,
    0xff, 0x70, 0x0, 0x0, 0x1e, 0xff, 0xff, 0xff,
    0xf4, 0x0, 0x0, 0x8, 0xff, 0xff, 0xff, 0xb2,
    0x0, 0x0, 0xa, 0xff, 0xff, 0xff, 0xd1, 0x0,
    0x0, 0x8f, 0xff, 0xff, 0xff, 0xfc, 0x0, 0x0,
    0xef, 0xff, 0xff, 0xff, 0xff, 0x30, 0x0, 0xc,
    0xff, 0xff, 0xff, 0xf2, 0x0, 0x0, 0x9f, 0xff,
    0xff, 0xff, 0xfd, 0x0, 0x7, 0xff, 0xff, 0xff,
    0xff, 0xff, 0xb0, 0xc, 0xff, 0xff, 0xff, 0xff,
    0xff, 0xf1, 0x0, 0x0, 0x0, 0xcf, 0x0, 0x0,
    0x0, 0x0, 0x0, 0x0, 0xbf, 0x0, 0x0, 0x0,
    0x0, 0x0, 0x0, 0x46, 0x0, 0x0, 0x0,

    /* U+F1C0 "" */
    0x0, 0x0, 0x1, 0x10, 0x0, 0x0, 0x0, 0x5a,
    0xef, 0xff, 0xff, 0xb7, 0x0, 0xaf, 0xff, 0xff,
    0xff, 0xff, 0xfd, 0xf, 0xff, 0xff, 0xff, 0xff,
    0xff, 0xf3, 0xef, 0xff, 0xff, 0xff, 0xff, 0xff,
    0x23, 0xbf, 0xff, 0xff, 0xff, 0xfd, 0x50, 0x40,
    0x15, 0x68, 0x87, 0x52, 0x2, 0x1f, 0xd9, 0x64,
    0x33, 0x45, 0x8c, 0xf3, 0xff, 0xff, 0xff, 0xff,
    0xff, 0xff, 0x37, 0xff, 0xff, 0xff, 0xff, 0xff,
    0xa0, 0x1, 0x6a, 0xbd, 0xdc, 0xa7, 0x20, 0xe,
    0x84, 0x10, 0x0, 0x0, 0x37, 0xd3, 0xff, 0xff,
    0xfe, 0xef, 0xff, 0xff, 0x35, 0xef, 0xff, 0xff,
    0xff, 0xff, 0x80, 0x0, 0x48, 0xab, 0xba, 0x95,
    0x10, 0x0,

    /* U+F1C1 "" */
    0x0, 0x23, 0x33, 0x31, 0x0, 0x0, 0x0, 0x0,
    0xa, 0xff, 0xff, 0xff, 0x40, 0x0, 0x0, 0x0,
    0xf, 0xff, 0xff, 0xdf, 0xf4, 0x0, 0x0, 0x0,
    0x1f, 0xff, 0xff, 0x93, 0xff, 0x40, 0x0, 0x0,
    0x1f, 0xff, 0xff, 0x90, 0x3e, 0xf2, 0x0, 0x0,
    0x1f, 0xff, 0xff, 0xe7, 0x69, 0xf6, 0x0, 0x0,
    0x1f, 0xff, 0xff, 0xff, 0xff, 0xf6, 0x0, 0x0,
    0x1f, 0xff, 0xff, 0xff, 0xff, 0xf6, 0x0, 0x0,
    0x1f, 0xff, 0xff, 0xff, 0xff, 0xf6, 0x0, 0x0,
    0x1f, 0xff, 0xff, 0xff, 0xff, 0xf6, 0x0, 0x0,
    0x1f, 0xff, 0xf7, 0x0, 0x0, 0x0, 0x0, 0x0,
    0x1f, 0xff, 0xe0, 0xbd, 0x71, 0xda, 0xb, 0xd4,
    0x1f, 0xff, 0xd0, 0xe6, 0xf6, 0xec, 0x5e, 0x60,
    0xf, 0xff, 0xd0, 0xeb, 0xf5, 0xda, 0x6e, 0xf5,
    0x5, 0xdd, 0xc0, 0xe8, 0x23, 0xec, 0x5e, 0x30,
    0x0, 0x0, 0x0, 0xa1, 0x1, 0xda, 0xa, 0x10,

    /* U+F1C2 "" */
    0x0, 0x0, 0x0, 0x0, 0x0, 0x7, 0xff, 0xff,
    0xfd, 0x20, 0x0, 0xff, 0xff, 0xfe, 0xfe, 0x30,
    0xf, 0xff, 0xff, 0xb4, 0xfe, 0x30, 0xff, 0xff,
    0xfb, 0x4, 0xff, 0x2f, 0xff, 0xff, 0xe7, 0x7a,
    0xf7, 0xff, 0xff, 0xff, 0xff, 0xff, 0x8f, 0xff,
    0xff, 0xff, 0xff, 0xf8, 0xff, 0x85, 0xa2, 0xc0,
    0xff, 0x8f, 0xf9, 0x3, 0x4, 0x2f, 0xf8, 0xff,
    0xd0, 0x0, 0x5, 0xff, 0x8f, 0xff, 0x11, 0x80,
    0x9f, 0xf8, 0xff, 0xf6, 0x6e, 0x2d, 0xff, 0x8e,
    0xff, 0xff, 0xff, 0xff, 0xf6, 0x3b, 0xcc, 0xcc,
    0xcc, 0xb8, 0x0,

    /* U+F1C3 "" */
    0x0, 0x0, 0x0, 0x0, 0x0, 0x6, 0xff, 0xff,
    0xfd, 0x20, 0x0, 0xff, 0xff, 0xfe, 0xfe, 0x20,
    0xf, 0xff, 0xff, 0xb6, 0xfe, 0x20, 0xff, 0xff,
    0xfb, 0x5, 0xfe, 0x1f, 0xff, 0xff, 0xd4, 0x39,
    0xf7, 0xff, 0xff, 0xff, 0xff, 0xff, 0x8f, 0xff,
    0xff, 0xff, 0xff, 0xf8, 0xff, 0xf6, 0x6d, 0x1e,
    0xff, 0x8f, 0xff, 0xb0, 0x13, 0xff, 0xf8, 0xff,
    0xff, 0x40, 0xcf, 0xff, 0x8f, 0xff, 0xd0, 0x5,
    0xff, 0xf8, 0xff, 0xf6, 0x4b, 0xe, 0xff, 0x8e,
    0xff, 0xff, 0xfe, 0xff, 0xf6, 0x5e, 0xff, 0xff,
    0xff, 0xfb, 0x0,

    /* U+F1C4 "" */
    0x0, 0x0, 0x0, 0x0, 0x0, 0x7, 0xff, 0xff,
    0xfc, 0x10, 0x0, 0xff, 0xff, 0xfe, 0xfd, 0x10,
    0xf, 0xff, 0xff, 0xb6, 0xfd, 0x10, 0xff, 0xff,
    0xfb, 0x7, 0xfd, 0xf, 0xff, 0xff, 0xd4, 0x3b,
    0xf3, 0xff, 0xff, 0xff, 0xff, 0xff, 0x4f, 0xff,
    0xff, 0xff, 0xff, 0xf4, 0xff, 0xf9, 0x0, 0x6f,
    0xff, 0x4f, 0xff, 0x82, 0xd0, 0xdf, 0xf4, 0xff,
    0xf8, 0x14, 0xe, 0xff, 0x4f, 0xff, 0x80, 0x5b,
    0xff, 0xf4, 0xff, 0xf9, 0x5f, 0xff, 0xff, 0x4e,
    0xff, 0xff, 0xff, 0xff, 0xf2, 0x3b, 0xcc, 0xcc,
    0xcc, 0xb6, 0x0,

    /* U+F1C5 "" */
    0x1, 0x22, 0x22, 0x0, 0x0, 0x8, 0xff, 0xff,
    0xff, 0x50, 0x0, 0xff, 0xff, 0xfd, 0xff, 0x60,
    0xf, 0xff, 0xff, 0xb3, 0xef, 0x60, 0xff, 0xff,
    0xfb, 0x2, 0xef, 0x4f, 0xff, 0xff, 0xe7, 0x78,
    0xfa, 0xff, 0xff, 0xff, 0xff, 0xff, 0xaf, 0xe1,
    0x8f, 0xff, 0xff, 0xfa, 0xff, 0x7c, 0xfd, 0xff,
    0xff, 0xaf, 0xff, 0xf3, 0x8, 0xff, 0xfa, 0xff,
    0xf3, 0x0, 0x8, 0xff, 0xaf, 0xf3, 0x0, 0x0,
    0x8, 0xfa, 0xfe, 0x10, 0x0, 0x0, 0x4f, 0xad,
    0xff, 0xff, 0xff, 0xff, 0xf8, 0x3a, 0xcc, 0xcc,
    0xcc, 0xb9, 0x0,

    /* U+F1C6 "" */
    0x2, 0x44, 0x43, 0x20, 0x0, 0x9, 0xff, 0xff,
    0xff, 0x70, 0x0, 0xfe, 0x11, 0x9f, 0xef, 0x70,
    0xf, 0xf7, 0x6c, 0xe2, 0xef, 0x70, 0xff, 0xee,
    0xfe, 0x2, 0xef, 0x5f, 0xe0, 0x9, 0xf5, 0x47,
    0xfb, 0xff, 0xff, 0xff, 0xff, 0xff, 0xbf, 0xf6,
    0x5c, 0xff, 0xff, 0xfb, 0xfc, 0x0, 0x6f, 0xff,
    0xff, 0xbf, 0xc1, 0x57, 0xff, 0xff, 0xfb, 0xff,
    0x52, 0xdf, 0xff, 0xff, 0xbf, 0xff, 0xff, 0xff,
    0xff, 0xfb, 0xff, 0xff, 0xff, 0xff, 0xff, 0xbe,
    0xff, 0xff, 0xff, 0xff, 0xfa, 0x4d, 0xee, 0xee,
    0xee, 0xeb, 0x20,

    /* U+F1C7 "" */
    0x2, 0x44, 0x43, 0x20, 0x0, 0x9, 0xff, 0xff,
    0xff, 0x70, 0x0, 0xff, 0xff, 0xff, 0xef, 0x70,
    0xf, 0xff, 0xff, 0xe2, 0xef, 0x70, 0xff, 0xff,
    0xfe, 0x2, 0xef, 0x5f, 0xff, 0xff, 0xf5, 0x36,
    0xfb, 0xff, 0xff, 0xff, 0xff, 0xff, 0xbf, 0xff,
    0xff, 0xfc, 0x9f, 0xfb, 0xff, 0xfa, 0xaf, 0xd1,
    0xbf, 0xbf, 0xe4, 0x6, 0xf6, 0x94, 0xfb, 0xfc,
    0x0, 0x6e, 0xc, 0x2f, 0xbf, 0xe5, 0x6, 0xfa,
    0x75, 0xfb, 0xff, 0xfa, 0xaf, 0xc1, 0xdf, 0xbe,
    0xff, 0xff, 0xfe, 0xcf, 0xfa, 0x5e, 0xff, 0xff,
    0xff, 0xfc, 0x20,

    /* U+F1C8 "" */
    0x5, 0x66, 0x66, 0x20, 0x0, 0xb, 0xff, 0xff,
    0xff, 0x40, 0x0, 0xff, 0xff, 0xfc, 0xef, 0x40,
    0xf, 0xff, 0xff, 0xb2, 0xef, 0x30, 0xff, 0xff,
    0xfb, 0x3, 0xfe, 0xf, 0xff, 0xff, 0xf9, 0x9c,
    0xf4, 0xff, 0xff, 0xff, 0xff, 0xff, 0x4f, 0xff,
    0xff, 0xff, 0xff, 0xf4, 0xff, 0x70, 0x1, 0xda,
    0xff, 0x4f, 0xf3, 0x0, 0x3, 0xe, 0xf4, 0xff,
    0x30, 0x0, 0x0, 0xef, 0x4f, 0xf3, 0x0, 0x5,
    0xe, 0xf4, 0xff, 0x93, 0x34, 0xed, 0xff, 0x4e,
    0xff, 0xff, 0xff, 0xff, 0xf3, 0x5e, 0xff, 0xff,
    0xff, 0xe9, 0x0,

    /* U+F1C9 "" */
    0x0, 0x0, 0x0, 0x0, 0x0, 0x6, 0xff, 0xff,
    0xfc, 0x30, 0x0, 0xff, 0xff, 0xfe, 0xff, 0x40,
    0xf, 0xff, 0xff, 0xb5, 0xff, 0x40, 0xff, 0xff,
    0xfb, 0x5, 0xff, 0x3f, 0xff, 0xff, 0xd4, 0x38,
    0xf9, 0xff, 0xff, 0xff, 0xff, 0xff, 0x9f, 0xff,
    0xff, 0xff, 0xff, 0xf9, 0xff, 0xd1, 0xbf, 0x45,
    0xff, 0x9f, 0xe1, 0x4f, 0xfc, 0x6, 0xf9, 0xff,
    0x23, 0xff, 0xb0, 0x7f, 0x9f, 0xfe, 0x2c, 0xf5,
    0x7f, 0xf9, 0xff, 0xff, 0xff, 0xff, 0xff, 0x9d,
    0xff, 0xff, 0xff, 0xff, 0xf6, 0x18, 0x99, 0x99,
    0x99, 0x96, 0x0,

    /* U+F1CD "" */
    0x0, 0x0, 0x0, 0x0, 0x0, 0x0, 0x0, 0x0,
    0x2, 0xae, 0xff, 0xea, 0x20, 0x0, 0x5, 0xcf,
    0xfe, 0xbb, 0xef, 0xfc, 0x50, 0x9, 0xff, 0x60,
    0x0, 0x6, 0xff, 0x90, 0x1f, 0xff, 0xc0, 0x0,
    0xc, 0xff, 0xf1, 0x8f, 0x6a, 0xfe, 0xff, 0xef,
    0xa6, 0xf8, 0xcf, 0x0, 0xdf, 0xcc, 0xfd, 0x0,
    0xfc, 0xfc, 0x0, 0xfd, 0x0, 0xdf, 0x0, 0xce,
    0xed, 0x0, 0xee, 0x22, 0xee, 0x0, 0xde, 0xbf,
    0x11, 0xdf, 0xff, 0xfe, 0x11, 0xfb, 0x6f, 0xad,
    0xfa, 0xbb, 0xaf, 0xda, 0xf6, 0xd, 0xff, 0x80,
    0x0, 0x8, 0xff, 0xd0, 0x9, 0xff, 0xb4, 0x11,
    0x4a, 0xff, 0x90, 0x2, 0x5b, 0xff, 0xff, 0xff,
    0xb5, 0x20, 0x0, 0x0, 0x37, 0xaa, 0x73, 0x0,
    0x0,

    /* U+F1CE "" */
    0x0, 0x0, 0x0, 0x0, 0x0, 0x0, 0x0, 0x0,
    0x3, 0xbd, 0x0, 0xdb, 0x30, 0x0, 0x0, 0x8f,
    0xfa, 0x0, 0xaf, 0xf8, 0x0, 0x8, 0xfd, 0x30,
    0x0, 0x3, 0xdf, 0x70, 0x2f, 0xd1, 0x0, 0x0,
    0x0, 0x1d, 0xf1, 0x9f, 0x50, 0x0, 0x0, 0x0,
    0x5, 0xf9, 0xcf, 0x0, 0x0, 0x0, 0x0, 0x0,
    0xfc, 0xfc, 0x0, 0x0, 0x0, 0x0, 0x0, 0xcf,
    0xee, 0x0, 0x0, 0x0, 0x0, 0x0, 0xee, 0xcf,
    0x10, 0x0, 0x0, 0x0, 0x1, 0xfb, 0x6f, 0xa0,
    0x0, 0x0, 0x0, 0xa, 0xf6, 0xc, 0xf6, 0x0,
    0x0, 0x0, 0x6f, 0xb0, 0x2, 0xef, 0xb4, 0x11,
    0x4b, 0xfe, 0x20, 0x0, 0x1a, 0xff, 0xff, 0xff,
    0xa1, 0x0, 0x0, 0x0, 0x49, 0xbb, 0x94, 0x0,
    0x0,

    /* U+F1D8 "" */
    0x0, 0x0, 0x0, 0x0, 0x0, 0x0, 0x0, 0x0,
    0x0, 0x0, 0x0, 0x0, 0x0, 0x0, 0x38, 0xe6,
    0x0, 0x0, 0x0, 0x0, 0x1, 0x7d, 0xff, 0xf6,
    0x0, 0x0, 0x0, 0x16, 0xcf, 0xff, 0xff, 0xf1,
    0x0, 0x0, 0x5a, 0xff, 0xff, 0xff, 0xff, 0xb0,
    0x3, 0x9e, 0xff, 0xff, 0xff, 0xff, 0xff, 0x50,
    0x6f, 0xff, 0xff, 0xff, 0xfc, 0xff, 0xff, 0x0,
    0x3d, 0xff, 0xff, 0xff, 0x74, 0xff, 0xfa, 0x0,
    0x0, 0x4a, 0xff, 0xf4, 0x2e, 0xff, 0xf4, 0x0,
    0x0, 0x0, 0x16, 0x20, 0xdf, 0xff, 0xe0, 0x0,
    0x0, 0x0, 0x0, 0x9, 0xff, 0xff, 0x80, 0x0,
    0x0, 0x0, 0x0, 0xb, 0xff, 0xff, 0x30, 0x0,
    0x0, 0x0, 0x0, 0x4, 0xff, 0xfd, 0x0, 0x0,
    0x0, 0x0, 0x0, 0x0, 0xef, 0xf7, 0x0, 0x0,
    0x0, 0x0, 0x0, 0x0, 0x7f, 0xf2, 0x0, 0x0,
    0x0, 0x0, 0x0, 0x0, 0x1f, 0xb0, 0x0, 0x0,
    0x0, 0x0, 0x0, 0x0, 0x1, 0x0, 0x0, 0x0,

    /* U+F1D9 "" */
    0x0, 0x0, 0x0, 0x0, 0x0, 0x0, 0x0, 0x0,
    0x0, 0x0, 0x0, 0x0, 0x0, 0x0, 0x38, 0xe6,
    0x0, 0x0, 0x0, 0x0, 0x1, 0x7d, 0xff, 0xf6,
    0x0, 0x0, 0x0, 0x16, 0xcf, 0xff, 0xff, 0xf1,
    0x0, 0x0, 0x5a, 0xff, 0xff, 0xff, 0xff, 0xb0,
    0x3, 0x9e, 0xff, 0xff, 0xff, 0xff, 0xff, 0x50,
    0x6f, 0xff, 0xff, 0xff, 0xfc, 0xff, 0xff, 0x0,
    0x3d, 0xff, 0xff, 0xff, 0x74, 0xff, 0xfa, 0x0,
    0x0, 0x4a, 0xff, 0xf4, 0x2e, 0xff, 0xf4, 0x0,
    0x0, 0x0, 0x16, 0x20, 0xdf, 0xff, 0xe0, 0x0,
    0x0, 0x0, 0x0, 0x9, 0xff, 0xff, 0x80, 0x0,
    0x0, 0x0, 0x0, 0xb, 0xff, 0xff, 0x30, 0x0,
    0x0, 0x0, 0x0, 0x4, 0xff, 0xfd, 0x0, 0x0,
    0x0, 0x0, 0x0, 0x0, 0xef, 0xf7, 0x0, 0x0,
    0x0, 0x0, 0x0, 0x0, 0x7f, 0xf2, 0x0, 0x0,
    0x0, 0x0, 0x0, 0x0, 0x1f, 0xb0, 0x0, 0x0,
    0x0, 0x0, 0x0, 0x0, 0x1, 0x0, 0x0, 0x0,

    /* U+F1DA "" */
    0x0, 0x0, 0x0, 0x1, 0x0, 0x0, 0x0, 0x0,
    0x0, 0x5, 0xbf, 0xff, 0xe8, 0x0, 0x0, 0x5b,
    0xa, 0xff, 0xca, 0xcf, 0xfd, 0x30, 0xa, 0xfc,
    0xfc, 0x20, 0x0, 0x7, 0xff, 0x20, 0xaf, 0xfc,
    0x0, 0x8, 0x20, 0x4, 0xfc, 0xa, 0xff, 0xda,
    0x0, 0xe6, 0x0, 0x9, 0xf5, 0x6f, 0xff, 0xd0,
    0xe, 0x60, 0x0, 0x4f, 0x90, 0x0, 0x0, 0x0,
    0xe7, 0x0, 0x0, 0xfb, 0x0, 0x0, 0x0, 0x8,
    0xf5, 0x0, 0x2f, 0xb0, 0x0, 0x0, 0x0, 0x8,
    0xf3, 0x5, 0xf8, 0x0, 0x73, 0x0, 0x0, 0x5,
    0x10, 0xdf, 0x20, 0xf, 0xf5, 0x0, 0x0, 0x0,
    0x9f, 0x80, 0x0, 0x5f, 0xf8, 0x20, 0x25, 0xdf,
    0xc0, 0x0, 0x0, 0x4e, 0xff, 0xff, 0xff, 0x80,
    0x0, 0x0, 0x0, 0x5, 0x9b, 0xa8, 0x20, 0x0,
    0x0,

    /* U+F1DB "" */
    0x0, 0x0, 0x0, 0x11, 0x0, 0x0, 0x0, 0x0,
    0x1, 0xaf, 0xff, 0xfa, 0x10, 0x0, 0x0, 0x6f,
    0xff, 0xff, 0xff, 0xf6, 0x0, 0x5, 0xff, 0xff,
    0xff, 0xff, 0xff, 0x50, 0x1e, 0xff, 0xff, 0xff,
    0xff, 0xff, 0xe1, 0x8f, 0xff, 0xff, 0xff, 0xff,
    0xff, 0xf8, 0xdf, 0xff, 0xff, 0xff, 0xff, 0xff,
    0xfd, 0xff, 0xff, 0xff, 0xff, 0xff, 0xff, 0xff,
    0xff, 0xff, 0xff, 0xff, 0xff, 0xff, 0xfe, 0xcf,
    0xff, 0xff, 0xff, 0xff, 0xff, 0xfc, 0x7f, 0xff,
    0xff, 0xff, 0xff, 0xff, 0xf7, 0xc, 0xff, 0xff,
    0xff, 0xff, 0xff, 0xc0, 0x2, 0xff, 0xff, 0xff,
    0xff, 0xff, 0x20, 0x0, 0x2c, 0xff, 0xff, 0xff,
    0xc2, 0x0, 0x0, 0x0, 0x5a, 0xdc, 0xa5, 0x0,
    0x0,

    /* U+F1DC "" */
    0x69, 0x98, 0x10, 0x0, 0x79, 0x98, 0xd, 0xff,
    0xf3, 0x0, 0xf, 0xff, 0xf2, 0xb, 0xf2, 0x0,
    0x0, 0x1d, 0xf1, 0x0, 0xbf, 0x10, 0x0, 0x0,
    0xdf, 0x0, 0xb, 0xf1, 0x0, 0x0, 0xd, 0xf0,
    0x0, 0xbf, 0xbb, 0xbb, 0xbb, 0xff, 0x0, 0xb,
    0xff, 0xff, 0xff, 0xff, 0xf0, 0x0, 0xbf, 0x10,
    0x0, 0x0, 0xdf, 0x0, 0xb, 0xf1, 0x0, 0x0,
    0xd, 0xf0, 0x0, 0xbf, 0x10, 0x0, 0x0, 0xdf,
    0x0, 0xb, 0xf1, 0x0, 0x0, 0xd, 0xf0, 0x9,
    0xef, 0xc2, 0x0, 0xa, 0xff, 0xb0, 0xbf, 0xfe,
    0x20, 0x0, 0xdf, 0xfe, 0x10,

    /* U+F1DD "" */
    0x0, 0x4a, 0xdd, 0xdd, 0xdd, 0xdb, 0x0, 0x9f,
    0xff, 0xff, 0xff, 0xff, 0xe1, 0x5f, 0xff, 0xff,
    0xf7, 0x4f, 0x80, 0xc, 0xff, 0xff, 0xff, 0x74,
    0xf8, 0x0, 0xff, 0xff, 0xff, 0xf7, 0x4f, 0x80,
    0xd, 0xff, 0xff, 0xff, 0x74, 0xf8, 0x0, 0xaf,
    0xff, 0xff, 0xf7, 0x4f, 0x80, 0x1, 0xff, 0xff,
    0xff, 0x74, 0xf8, 0x0, 0x3, 0xdf, 0xff, 0xf7,
    0x4f, 0x80, 0x0, 0x0, 0x36, 0x9f, 0x74, 0xf8,
    0x0, 0x0, 0x0, 0x5, 0xf7, 0x4f, 0x80, 0x0,
    0x0, 0x0, 0x5f, 0x74, 0xf8, 0x0, 0x0, 0x0,
    0x5, 0xf7, 0x4f, 0x80, 0x0, 0x0, 0x0, 0x5f,
    0x74, 0xf8, 0x0, 0x0, 0x0, 0x2, 0xe3, 0x1e,
    0x40, 0x0,

    /* U+F1DE "" */
    0x0, 0x0, 0x0, 0x0, 0x0, 0x0, 0x0, 0x0,
    0x2, 0xce, 0x80, 0x0, 0x0, 0x0, 0x7b, 0xbe,
    0xff, 0xfb, 0xbb, 0xbb, 0xb7, 0xcf, 0xff, 0xff,
    0xff, 0xff, 0xff, 0xfc, 0x0, 0x6, 0xff, 0xd1,
    0x0, 0x0, 0x0, 0x0, 0x0, 0x24, 0x0, 0x4,
    0x10, 0x0, 0x0, 0x0, 0x0, 0x2, 0xef, 0xf4,
    0x0, 0xcf, 0xff, 0xff, 0xff, 0xff, 0xff, 0xfd,
    0x7b, 0xbb, 0xbb, 0xbc, 0xff, 0xfd, 0xb7, 0x0,
    0x0, 0x0, 0x0, 0x9e, 0xb1, 0x0, 0x0, 0x1c,
    0xfa, 0x0, 0x0, 0x0, 0x0, 0x8b, 0xef, 0xff,
    0xdb, 0xbb, 0xbb, 0xb8, 0xcf, 0xff, 0xff, 0xff,
    0xff, 0xff, 0xfc, 0x0, 0x3f, 0xfd, 0x10, 0x0,
    0x0, 0x0, 0x0, 0x1, 0x30, 0x0, 0x0, 0x0,
    0x0,

    /* U+F1E0 "" */
    0x0, 0x0, 0x0, 0x0, 0x0, 0x30, 0x0, 0x0,
    0x0, 0x0, 0x0, 0x4f, 0xff, 0x40, 0x0, 0x0,
    0x0, 0x0, 0xef, 0xff, 0xe0, 0x0, 0x0, 0x0,
    0x2, 0xff, 0xff, 0xf1, 0x0, 0x0, 0x0, 0x6e,
    0xff, 0xff, 0xc0, 0x8, 0xda, 0x5d, 0xff, 0x8c,
    0xfb, 0x20, 0x9f, 0xff, 0xff, 0xa1, 0x0, 0x0,
    0x0, 0xef, 0xff, 0xf5, 0x0, 0x0, 0x0, 0x0,
    0xdf, 0xff, 0xfa, 0x10, 0x0, 0x0, 0x0, 0x5f,
    0xff, 0xff, 0xe7, 0x2, 0x52, 0x0, 0x2, 0x64,
    0x7, 0xef, 0xef, 0xff, 0x60, 0x0, 0x0, 0x0,
    0x19, 0xff, 0xff, 0xf0, 0x0, 0x0, 0x0, 0x1,
    0xff, 0xff, 0xf0, 0x0, 0x0, 0x0, 0x0, 0xbf,
    0xff, 0xb0, 0x0, 0x0, 0x0, 0x0, 0x19, 0xc9,
    0x10,

    /* U+F1E1 "" */
    0x18, 0x99, 0x99, 0x99, 0x99, 0x93, 0xc, 0xff,
    0xff, 0xff, 0xff, 0xff, 0xf1, 0xff, 0xff, 0xff,
    0xf6, 0x3b, 0xff, 0x3f, 0xff, 0xff, 0xfa, 0x0,
    0x1f, 0xf3, 0xff, 0xee, 0xfb, 0x20, 0x0, 0xff,
    0x3f, 0xb0, 0x4, 0x3, 0x73, 0xaf, 0xf3, 0xf5,
    0x0, 0x9, 0xff, 0xff, 0xff, 0x3f, 0x80, 0x0,
    0x2a, 0xeb, 0xff, 0xf3, 0xff, 0x98, 0xd5, 0x0,
    0x4, 0xff, 0x3f, 0xff, 0xff, 0xf8, 0x0, 0xf,
    0xf3, 0xff, 0xff, 0xff, 0xe1, 0x6, 0xff, 0x3e,
    0xff, 0xff, 0xff, 0xfd, 0xff, 0xf2, 0x5e, 0xff,
    0xff, 0xff, 0xff, 0xe8, 0x0,

    /* U+F1E2 "" */
    0x0, 0x0, 0x0, 0x0, 0x0, 0x0, 0x14, 0x0,
    0x0, 0x0, 0x0, 0x0, 0x0, 0x0, 0x9d, 0x0,
    0x0, 0x0, 0x0, 0x0, 0x0, 0xd, 0xff, 0xf2,
    0x0, 0x0, 0x26, 0x97, 0x6a, 0x21, 0xad, 0x20,
    0x0, 0x9, 0xff, 0xff, 0xff, 0xe2, 0x25, 0x0,
    0x0, 0xbf, 0xc5, 0x3e, 0xff, 0xfe, 0x10, 0x0,
    0x6, 0xfa, 0x2, 0x7f, 0xff, 0xff, 0x50, 0x0,
    0xc, 0xf1, 0x6f, 0xff, 0xff, 0xff, 0x0, 0x0,
    0xf, 0xc0, 0xef, 0xff, 0xff, 0xff, 0x20, 0x0,
    0xf, 0xc5, 0xff, 0xff, 0xff, 0xff, 0x20, 0x0,
    0xd, 0xff, 0xff, 0xff, 0xff, 0xff, 0x0, 0x0,
    0x8, 0xff, 0xff, 0xff, 0xff, 0xfb, 0x0, 0x0,
    0x0, 0xdf, 0xff, 0xff, 0xff, 0xf1, 0x0, 0x0,
    0x0, 0x2c, 0xff, 0xff, 0xfd, 0x30, 0x0, 0x0,
    0x0, 0x0, 0x6a, 0xca, 0x70, 0x0, 0x0, 0x0,

    /* U+F1E3 "" */
    0x0, 0x0, 0x2, 0x44, 0x20, 0x0, 0x0, 0x0,
    0x4, 0xdf, 0xff, 0xfd, 0x40, 0x0, 0x0, 0x9f,
    0xff, 0xff, 0xff, 0xf9, 0x0, 0x7, 0xfc, 0x12,
    0xdd, 0x21, 0xcf, 0x70, 0x2f, 0xf1, 0x0, 0x0,
    0x0, 0x1f, 0xf2, 0x9f, 0xf5, 0x0, 0x0, 0x0,
    0x5f, 0xf9, 0xef, 0xfa, 0x2, 0xcd, 0x20, 0x9f,
    0xfd, 0xff, 0xb1, 0xd, 0xff, 0xe0, 0x1b, 0xff,
    0xed, 0x0, 0xa, 0xff, 0xa0, 0x0, 0xde, 0xbf,
    0x10, 0x3, 0xbb, 0x30, 0x1, 0xfb, 0x5f, 0xa7,
    0x70, 0x0, 0x7, 0x7a, 0xf5, 0xb, 0xff, 0xf5,
    0x0, 0x5f, 0xff, 0xb0, 0x1, 0xef, 0xf9, 0x0,
    0x9f, 0xfe, 0x10, 0x0, 0x1a, 0xff, 0xff, 0xff,
    0xa1, 0x0, 0x0, 0x0, 0x49, 0xbb, 0x94, 0x0,
    0x0,

    /* U+F1E4 "" */
    0x0, 0x0, 0x0, 0x24, 0x42, 0x0, 0x0, 0x0,
    0x0, 0x3, 0xaf, 0xff, 0xff, 0xfb, 0x30, 0x0,
    0x1, 0xbf, 0xff, 0xff, 0xff, 0xff, 0xfc, 0x10,
    0xa, 0xff, 0xfd, 0x97, 0x7a, 0xef, 0xff, 0xa0,
    0xe, 0xff, 0xf7, 0x0, 0x0, 0x6f, 0xff, 0xf0,
    0xd, 0xff, 0xf6, 0x0, 0x0, 0x5f, 0xff, 0xe0,
    0x7, 0xfb, 0x40, 0x0, 0x0, 0x4, 0xbf, 0x70,
    0x0, 0x0, 0x0, 0x0, 0x0, 0x0, 0x0, 0x0,
    0x0, 0x52, 0x16, 0x3, 0x40, 0x61, 0x25, 0x0,
    0x0, 0xf8, 0x6f, 0x2c, 0xc2, 0xf6, 0x8f, 0x0,
    0x0, 0x10, 0x2, 0x1, 0x10, 0x20, 0x2, 0x0,
    0x0, 0xb5, 0x3d, 0xdd, 0xdd, 0xd4, 0x5b, 0x0,
    0x0, 0xb5, 0x3d, 0xdd, 0xdd, 0xd4, 0x5b, 0x0,

    /* U+F1E5 "" */
    0x0, 0x3, 0x30, 0x0, 0x3, 0x30, 0x0, 0x0,
    0x4f, 0xf2, 0x0, 0x2f, 0xf4, 0x0, 0x0, 0x27,
    0x71, 0x0, 0x17, 0x72, 0x0, 0x1, 0x9a, 0xa2,
    0x99, 0x2a, 0xa9, 0x10, 0x6, 0xff, 0xf4, 0xee,
    0x4f, 0xff, 0x60, 0x8, 0xff, 0xf4, 0xee, 0x4f,
    0xff, 0x80, 0xd, 0xff, 0xf4, 0xee, 0x4f, 0xff,
    0xd0, 0x2f, 0xff, 0xf4, 0x99, 0x4f, 0xff, 0xf2,
    0x9f, 0xff, 0xf4, 0x0, 0x4f, 0xff, 0xf9, 0xdf,
    0xff, 0xf4, 0x0, 0x4f, 0xff, 0xfd, 0xff, 0xff,
    0xf4, 0x0, 0x4f, 0xff, 0xff, 0xff, 0xff, 0xf4,
    0x0, 0x4f, 0xff, 0xff, 0xbf, 0xff, 0xe1, 0x0,
    0x1d, 0xff, 0xfb,

    /* U+F1E6 "" */
    0x0, 0x2d, 0x20, 0x0, 0xc5, 0x0, 0x0, 0x6,
    0xf6, 0x0, 0x2f, 0xa0, 0x0, 0x0, 0x6f, 0x60,
    0x2, 0xfa, 0x0, 0x3, 0x6a, 0xfa, 0x66, 0x7f,
    0xc6, 0x50, 0xef, 0xff, 0xff, 0xff, 0xff, 0xff,
    0x24, 0xff, 0xff, 0xff, 0xff, 0xff, 0x80, 0x2f,
    0xff, 0xff, 0xff, 0xff, 0xf6, 0x0, 0xff, 0xff,
    0xff, 0xff, 0xff, 0x40, 0xd, 0xff, 0xff, 0xff,
    0xff, 0xf1, 0x0, 0x7f, 0xff, 0xff, 0xff, 0xfb,
    0x0, 0x0, 0xcf, 0xff, 0xff, 0xfe, 0x20, 0x0,
    0x0, 0x8f, 0xff, 0xfb, 0x10, 0x0, 0x0, 0x0,
    0xc, 0xf1, 0x0, 0x0, 0x0, 0x0, 0x0, 0xcf,
    0x0, 0x0, 0x0, 0x0, 0x0, 0x7, 0xb0, 0x0,
    0x0, 0x0,

    /* U+F1EA "" */
    0x0, 0x3, 0x89, 0x99, 0x99, 0x99, 0x81, 0x0,
    0xe, 0xff, 0xff, 0xff, 0xff, 0xfc, 0x61, 0x2f,
    0xd3, 0x27, 0xff, 0xff, 0xff, 0xf4, 0x2f, 0x90,
    0x2, 0xff, 0xff, 0xff, 0xf5, 0x2f, 0x90, 0x2,
    0xf9, 0x56, 0xff, 0xf5, 0x2f, 0xd2, 0x27, 0xf6,
    0x22, 0xef, 0xf5, 0x2f, 0xff, 0xff, 0xff, 0xff,
    0xff, 0xf5, 0x2f, 0xc3, 0x33, 0x33, 0x33, 0xef,
    0xf5, 0x2f, 0xd5, 0x55, 0x55, 0x56, 0xff, 0xf5,
    0x2f, 0xff, 0xff, 0xff, 0xff, 0xff, 0xf5, 0x2f,
    0xb0, 0x0, 0x0, 0x0, 0xdf, 0xeb, 0x9f, 0xfc,
    0xcc, 0xcc, 0xcd, 0xfe, 0x5e, 0xff, 0xff, 0xff,
    0xff, 0xff, 0xe5,

    /* U+F1EB "" */
    0x0, 0x0, 0x0, 0x47, 0x88, 0x63, 0x0, 0x0,
    0x0, 0x0, 0x19, 0xff, 0xff, 0xff, 0xfe, 0x70,
    0x0, 0x0, 0x6f, 0xfd, 0x84, 0x33, 0x59, 0xef,
    0xe3, 0x0, 0x8f, 0xe6, 0x0, 0x0, 0x0, 0x0,
    0x8f, 0xf5, 0xd, 0xd2, 0x0, 0x0, 0x0, 0x0,
    0x0, 0x4e, 0x90, 0x0, 0x0, 0x1, 0x69, 0x85,
    0x0, 0x0, 0x0, 0x0, 0x0, 0x6, 0xff, 0xff,
    0xfe, 0x40, 0x0, 0x0, 0x0, 0x9, 0xfe, 0x73,
    0x48, 0xff, 0x60, 0x0, 0x0, 0x0, 0xaa, 0x10,
    0x0, 0x2, 0xc6, 0x0, 0x0, 0x0, 0x0, 0x0,
    0x0, 0x0, 0x0, 0x0, 0x0, 0x0, 0x0, 0x0,
    0x0, 0x97, 0x0, 0x0, 0x0, 0x0, 0x0, 0x0,
    0x0, 0x5f, 0xf1, 0x0, 0x0, 0x0, 0x0, 0x0,
    0x0, 0x1, 0xb9, 0x0, 0x0, 0x0, 0x0,

    /* U+F1EC "" */
    0x0, 0x0, 0x0, 0x0, 0x0, 0x6, 0xff, 0xff,
    0xff, 0xff, 0xe2, 0xff, 0xcb, 0xbb, 0xbb, 0xdf,
    0x9f, 0xc0, 0x0, 0x0, 0x2, 0xfa, 0xfd, 0x0,
    0x0, 0x0, 0x3f, 0xaf, 0xff, 0xff, 0xff, 0xff,
    0xfa, 0xfe, 0x7f, 0xd9, 0xfc, 0x9f, 0xaf, 0xe6,
    0xfd, 0x7f, 0xb7, 0xfa, 0xff, 0xff, 0xff, 0xff,
    0xff, 0xaf, 0xe3, 0xfc, 0x5f, 0xa5, 0xfa, 0xff,
    0x9f, 0xea, 0xfd, 0xaf, 0xaf, 0xfe, 0xdd, 0xef,
    0xff, 0xfa, 0xfe, 0x0, 0x1, 0xf9, 0x4f, 0xae,
    0xff, 0xff, 0xff, 0xff, 0xf8, 0x3a, 0xbb, 0xbb,
    0xbb, 0xb9, 0x0,

    /* U+F1F6 "" */
    0x0, 0x0, 0x0, 0x0, 0x0, 0x0, 0x0, 0x0,
    0x0, 0xe8, 0x0, 0x0, 0x1, 0x0, 0x0, 0x0,
    0x0, 0x5, 0xf8, 0x0, 0x1, 0xeb, 0x0, 0x0,
    0x0, 0x0, 0x5, 0xf8, 0x9, 0xff, 0xff, 0x60,
    0x0, 0x0, 0x0, 0x5, 0xfe, 0xff, 0xff, 0xff,
    0x60, 0x0, 0x0, 0x0, 0x6, 0xff, 0xff, 0xff,
    0xfe, 0x0, 0x0, 0x0, 0x0, 0x6, 0xff, 0xff,
    0xff, 0xf2, 0x0, 0x0, 0x0, 0x2, 0x6, 0xff,
    0xff, 0xff, 0x40, 0x0, 0x0, 0x0, 0xa8, 0x6,
    0xff, 0xff, 0xf6, 0x0, 0x0, 0x0, 0xd, 0xf8,
    0x6, 0xff, 0xff, 0x90, 0x0, 0x0, 0x5, 0xff,
    0xf8, 0x7, 0xff, 0xff, 0x20, 0x0, 0x0, 0xef,
    0xff, 0xf8, 0x7, 0xff, 0xfb, 0x0, 0x0, 0x1f,
    0xff, 0xff, 0xf8, 0x7, 0xff, 0xd0, 0x0, 0x0,
    0x1, 0x11, 0x11, 0x10, 0x7, 0xf8, 0x0, 0x0,
    0x0, 0x0, 0x4, 0x55, 0x20, 0x7, 0xf7, 0x0,
    0x0, 0x0, 0x0, 0x3d, 0xb1, 0x0, 0x8, 0xf6,
    0x0, 0x0, 0x0, 0x0, 0x0, 0x0, 0x0, 0x7,
    0x70,

    /* U+F1F7 "" */
    0x0, 0x0, 0x0, 0x0, 0x0, 0x0, 0x0, 0x0,
    0x0, 0xe8, 0x0, 0x0, 0x1, 0x0, 0x0, 0x0,
    0x0, 0x5, 0xf8, 0x0, 0x1, 0xeb, 0x0, 0x0,
    0x0, 0x0, 0x5, 0xf8, 0x9, 0xff, 0xff, 0x60,
    0x0, 0x0, 0x0, 0x5, 0xfe, 0xff, 0xff, 0xff,
    0x60, 0x0, 0x0, 0x0, 0x6, 0xff, 0xff, 0xff,
    0xfe, 0x0, 0x0, 0x0, 0x0, 0x6, 0xff, 0xff,
    0xff, 0xf2, 0x0, 0x0, 0x0, 0x2, 0x6, 0xff,
    0xff, 0xff, 0x40, 0x0, 0x0, 0x0, 0xa8, 0x6,
    0xff, 0xff, 0xf6, 0x0, 0x0, 0x0, 0xd, 0xf8,
    0x6, 0xff, 0xff, 0x90, 0x0, 0x0, 0x5, 0xff,
    0xf8, 0x7, 0xff, 0xff, 0x20, 0x0, 0x0, 0xef,
    0xff, 0xf8, 0x7, 0xff, 0xfb, 0x0, 0x0, 0x1f,
    0xff, 0xff, 0xf8, 0x7, 0xff, 0xd0, 0x0, 0x0,
    0x1, 0x11, 0x11, 0x10, 0x7, 0xf8, 0x0, 0x0,
    0x0, 0x0, 0x4, 0x55, 0x20, 0x7, 0xf7, 0x0,
    0x0, 0x0, 0x0, 0x3d, 0xb1, 0x0, 0x8, 0xf6,
    0x0, 0x0, 0x0, 0x0, 0x0, 0x0, 0x0, 0x7,
    0x70,

    /* U+F1F8 "" */
    0x0, 0x2, 0xde, 0xee, 0x50, 0x0, 0x6, 0x99,
    0xcf, 0xff, 0xfd, 0x99, 0x80, 0xdf, 0xff, 0xff,
    0xff, 0xff, 0xff, 0x20, 0x22, 0x22, 0x22, 0x22,
    0x22, 0x10, 0x1, 0x11, 0x11, 0x11, 0x11, 0x10,
    0x1, 0xff, 0xff, 0xff, 0xff, 0xff, 0x50, 0xf,
    0xff, 0xff, 0xff, 0xff, 0xf4, 0x0, 0xff, 0xff,
    0xff, 0xff, 0xff, 0x30, 0xe, 0xff, 0xff, 0xff,
    0xff, 0xf2, 0x0, 0xdf, 0xff, 0xff, 0xff, 0xff,
    0x10, 0xc, 0xff, 0xff, 0xff, 0xff, 0xf0, 0x0,
    0xbf, 0xff, 0xff, 0xff, 0xff, 0x0, 0xa, 0xff,
    0xff, 0xff, 0xff, 0xd0, 0x0, 0x8f, 0xff, 0xff,
    0xff, 0xfc, 0x0, 0x2, 0xdf, 0xff, 0xff, 0xfe,
    0x50, 0x0,

    /* U+F1F9 "" */
    0x0, 0x0, 0x15, 0x77, 0x51, 0x0, 0x0, 0x0,
    0x6, 0xff, 0xff, 0xff, 0x60, 0x0, 0x0, 0xbf,
    0xff, 0xff, 0xff, 0xfb, 0x0, 0x8, 0xff, 0xff,
    0xff, 0xff, 0xff, 0x80, 0x3f, 0xff, 0xfc, 0x66,
    0xcf, 0xff, 0xf3, 0xaf, 0xff, 0x90, 0x32, 0xa,
    0xff, 0xf9, 0xef, 0xff, 0x7, 0xff, 0xad, 0xff,
    0xfd, 0xff, 0xfc, 0xe, 0xff, 0xff, 0xff, 0xff,
    0xef, 0xfd, 0xc, 0xff, 0xff, 0xff, 0xfe, 0xcf,
    0xff, 0x42, 0xbb, 0x3a, 0xff, 0xfc, 0x6f, 0xff,
    0xe5, 0x0, 0x4e, 0xff, 0xf6, 0xd, 0xff, 0xff,
    0xff, 0xff, 0xff, 0xc0, 0x3, 0xff, 0xff, 0xff,
    0xff, 0xff, 0x30, 0x0, 0x3d, 0xff, 0xff, 0xff,
    0xd3, 0x0, 0x0, 0x0, 0x7c, 0xff, 0xc7, 0x0,
    0x0,

    /* U+F1FA "" */
    0x0, 0x0, 0x4a, 0xcc, 0xa5, 0x0, 0x0, 0x0,
    0x1a, 0xff, 0xff, 0xff, 0xb1, 0x0, 0x1, 0xef,
    0xc5, 0x11, 0x5b, 0xfe, 0x20, 0xa, 0xf8, 0x0,
    0x0, 0x0, 0x7f, 0xb0, 0x4f, 0xb0, 0x19, 0xee,
    0x97, 0x1a, 0xf5, 0xaf, 0x20, 0xcf, 0xff, 0xff,
    0x72, 0xfb, 0xef, 0x4, 0xfa, 0x11, 0xaf, 0x80,
    0xee, 0xfc, 0x7, 0xf4, 0x0, 0x4f, 0x80, 0xcf,
    0xee, 0x4, 0xfa, 0x11, 0xaf, 0x90, 0xdf, 0xbf,
    0x10, 0xcf, 0xff, 0xff, 0xfe, 0xfa, 0x6f, 0xa0,
    0x19, 0xee, 0x93, 0xcf, 0xa1, 0xc, 0xf5, 0x0,
    0x0, 0x0, 0x0, 0x0, 0x2, 0xff, 0x92, 0x0,
    0x0, 0x0, 0x0, 0x0, 0x2d, 0xff, 0xe7, 0x0,
    0x0, 0x0, 0x0, 0x0, 0x7c, 0xfa, 0x0, 0x0,
    0x0,

    /* U+F1FB "" */
    0x0, 0x0, 0x0, 0x0, 0x0, 0x0, 0x20, 0x0,
    0x0, 0x0, 0x0, 0x0, 0x0, 0x6f, 0xfd, 0x20,
    0x0, 0x0, 0x0, 0x0, 0x7, 0xff, 0xff, 0xc0,
    0x0, 0x0, 0x0, 0x0, 0x7f, 0xff, 0xff, 0xf0,
    0x0, 0x0, 0x0, 0xfd, 0xff, 0xff, 0xff, 0xd0,
    0x0, 0x0, 0x0, 0xbf, 0xff, 0xff, 0xff, 0x30,
    0x0, 0x0, 0x1, 0xb, 0xff, 0xff, 0xf4, 0x0,
    0x0, 0x0, 0x4f, 0x60, 0xbf, 0xff, 0x40, 0x0,
    0x0, 0x4, 0xff, 0x40, 0xb, 0xfb, 0x0, 0x0,
    0x0, 0x4f, 0xf4, 0x7, 0x60, 0xbc, 0x0, 0x0,
    0x0, 0xef, 0x40, 0x7f, 0xd0, 0x0, 0x0, 0x0,
    0x1, 0xfa, 0x7, 0xfe, 0x20, 0x0, 0x0, 0x0,
    0x3, 0xfe, 0xdf, 0xe2, 0x0, 0x0, 0x0, 0x0,
    0xc, 0xff, 0xfb, 0x20, 0x0, 0x0, 0x0, 0x0,
    0x9, 0x91, 0x0, 0x0, 0x0, 0x0, 0x0, 0x0,

    /* U+F1FC "" */
    0x0, 0x0, 0x0, 0x0, 0x0, 0x0, 0x1, 0x10,
    0x0, 0x0, 0x0, 0x0, 0x0, 0x0, 0x8f, 0xf5,
    0x0, 0x0, 0x0, 0x0, 0x0, 0x3d, 0xff, 0xfa,
    0x0, 0x0, 0x0, 0x0, 0x8, 0xff, 0xff, 0xf5,
    0x0, 0x0, 0x0, 0x3, 0xdf, 0xff, 0xff, 0xb0,
    0x0, 0x0, 0x0, 0x5f, 0xff, 0xff, 0xff, 0x10,
    0x0, 0x0, 0x0, 0xff, 0xff, 0xff, 0xf6, 0x0,
    0x0, 0x0, 0x1, 0xaf, 0xff, 0xff, 0xb0, 0x0,
    0x0, 0x1, 0x43, 0x4, 0xff, 0xff, 0x10, 0x0,
    0x0, 0x4f, 0xff, 0xc1, 0x7f, 0xf5, 0x0, 0x0,
    0x0, 0xef, 0xff, 0xf9, 0xa, 0x40, 0x0, 0x0,
    0x3, 0xff, 0xff, 0xfd, 0x0, 0x0, 0x0, 0x0,
    0x6, 0xff, 0xff, 0xfb, 0x0, 0x0, 0x0, 0x0,
    0xcf, 0xff, 0xff, 0xf3, 0x0, 0x0, 0x0, 0x0,
    0x8b, 0xbb, 0xb9, 0x30, 0x0, 0x0, 0x0, 0x0,

    /* U+F1FD "" */
    0x0, 0x91, 0x3, 0x60, 0x9, 0x10, 0x0, 0x4f,
    0x80, 0xcf, 0x14, 0xf8, 0x0, 0x5, 0xf9, 0xd,
    0xf1, 0x5f, 0x90, 0x0, 0x2, 0x0, 0x1, 0x0,
    0x20, 0x0, 0x1, 0xb3, 0x6, 0xa0, 0x1b, 0x30,
    0x0, 0x3f, 0x70, 0xbf, 0x3, 0xf7, 0x0, 0x5,
    0xfc, 0x9e, 0xf9, 0xaf, 0x90, 0x6, 0xff, 0xff,
    0xff, 0xff, 0xff, 0xa0, 0xdf, 0xff, 0xff, 0xff,
    0xff, 0xff, 0x1b, 0xff, 0xfd, 0x87, 0xbf, 0xff,
    0xc2, 0x0, 0x43, 0x0, 0x10, 0x25, 0x10, 0xe,
    0x83, 0x4a, 0xff, 0xb5, 0x36, 0xc3, 0xff, 0xff,
    0xff, 0xff, 0xff, 0xff, 0x3d, 0xff, 0xff, 0xff,
    0xff, 0xff, 0xf2, 0x3a, 0xbb, 0xbb, 0xbb, 0xbb,
    0xb5, 0x0,

    /* U+F1FE "" */
    0x21, 0x0, 0x0, 0x0, 0x0, 0x0, 0x0, 0xea,
    0x0, 0x0, 0x0, 0x0, 0x0, 0x0, 0xfc, 0x0,
    0x1, 0xa2, 0x0, 0x0, 0x0, 0xfc, 0x0, 0x1d,
    0xfe, 0x11, 0xc5, 0x0, 0xfc, 0x0, 0xcf, 0xff,
    0xde, 0xff, 0x50, 0xfc, 0x7, 0xff, 0xff, 0xff,
    0xff, 0xf0, 0xfc, 0x8, 0xff, 0xff, 0xff, 0xff,
    0xf1, 0xfc, 0x8, 0xff, 0xff, 0xff, 0xff, 0xf1,
    0xfc, 0x8, 0xff, 0xff, 0xff, 0xff, 0xf0, 0xfc,
    0x0, 0x33, 0x33, 0x33, 0x33, 0x20, 0xfc, 0x0,
    0x0, 0x0, 0x0, 0x0, 0x0, 0xdf, 0xdc, 0xcc,
    0xcc, 0xcc, 0xcc, 0xc9, 0x3c, 0xff, 0xff, 0xff,
    0xff, 0xff, 0xfb,

    /* U+F200 "" */
    0x0, 0x0, 0x0, 0x0, 0x1, 0x0, 0x0, 0x0,
    0x0, 0x0, 0x0, 0x10, 0x9f, 0xc5, 0x0, 0x0,
    0x0, 0x1, 0x9f, 0xe0, 0xbf, 0xff, 0xa0, 0x0,
    0x0, 0x2d, 0xff, 0xf0, 0xbf, 0xff, 0xf8, 0x0,
    0x0, 0xdf, 0xff, 0xf0, 0xbf, 0xff, 0xff, 0x30,
    0x7, 0xff, 0xff, 0xf0, 0xbf, 0xff, 0xff, 0x80,
    0xd, 0xff, 0xff, 0xf0, 0x9f, 0xff, 0xff, 0xb0,
    0xf, 0xff, 0xff, 0xf0, 0x14, 0x55, 0x55, 0x10,
    0x1f, 0xff, 0xff, 0xf4, 0x0, 0x36, 0x66, 0x51,
    0xf, 0xff, 0xff, 0xff, 0x20, 0xdf, 0xff, 0xf8,
    0xa, 0xff, 0xff, 0xff, 0xd1, 0x6f, 0xff, 0xf4,
    0x2, 0xff, 0xff, 0xff, 0xfb, 0x8, 0xff, 0xc0,
    0x0, 0x6f, 0xff, 0xff, 0xff, 0x80, 0xbe, 0x20,
    0x0, 0x4, 0xef, 0xff, 0xff, 0xd0, 0x0, 0x0,
    0x0, 0x0, 0x16, 0xab, 0x96, 0x0, 0x0, 0x0,

    /* U+F201 "" */
    0x21, 0x0, 0x0, 0x0, 0x0, 0x0, 0x0, 0xea,
    0x0, 0x0, 0x0, 0x0, 0x0, 0x0, 0xfb, 0x0,
    0x0, 0x0, 0x0, 0x2, 0x60, 0xfb, 0x0, 0x0,
    0x20, 0x0, 0x3f, 0xf0, 0xfb, 0x0, 0x8, 0xfa,
    0x3, 0xff, 0x50, 0xfb, 0x0, 0x8f, 0xff, 0xbf,
    0xf5, 0x0, 0xfb, 0x8, 0xfd, 0x2c, 0xff, 0x50,
    0x0, 0xfb, 0xc, 0xd1, 0x0, 0x94, 0x0, 0x0,
    0xfb, 0x0, 0x0, 0x0, 0x0, 0x0, 0x0, 0xfb,
    0x0, 0x0, 0x0, 0x0, 0x0, 0x0, 0xfc, 0x0,
    0x0, 0x0, 0x0, 0x0, 0x0, 0xdf, 0xdc, 0xcc,
    0xcc, 0xcc, 0xcc, 0xc9, 0x3c, 0xff, 0xff, 0xff,
    0xff, 0xff, 0xfb,

    /* U+F204 "" */
    0x0, 0x5, 0x8b, 0xbb, 0xbb, 0xa7, 0x30, 0x0,
    0x2, 0xcf, 0xff, 0xff, 0xff, 0xff, 0xf9, 0x0,
    0xd, 0xf9, 0x30, 0x0, 0x0, 0x14, 0xcf, 0xa0,
    0x8f, 0x80, 0x35, 0x10, 0x0, 0x0, 0xc, 0xf4,
    0xcf, 0x7, 0xff, 0xe1, 0x0, 0x0, 0x3, 0xf8,
    0xfc, 0xe, 0xff, 0xf5, 0x0, 0x0, 0x0, 0xfb,
    0xde, 0xc, 0xff, 0xf3, 0x0, 0x0, 0x2, 0xf9,
    0x9f, 0x52, 0xce, 0x70, 0x0, 0x0, 0x9, 0xf5,
    0x2f, 0xe4, 0x0, 0x0, 0x0, 0x0, 0x7f, 0xc0,
    0x5, 0xff, 0xec, 0xbb, 0xbb, 0xcf, 0xfd, 0x20,
    0x0, 0x2a, 0xdf, 0xff, 0xff, 0xfc, 0x80, 0x0,

    /* U+F205 "" */
    0x0, 0x3, 0x69, 0x99, 0x99, 0x85, 0x20, 0x0,
    0x1, 0xaf, 0xff, 0xff, 0xff, 0xff, 0xf8, 0x0,
    0xc, 0xff, 0xff, 0xff, 0xff, 0xff, 0xff, 0x90,
    0x7f, 0xff, 0xff, 0xff, 0xe4, 0x14, 0xef, 0xf3,
    0xcf, 0xff, 0xff, 0xff, 0x30, 0x0, 0x3f, 0xf8,
    0xff, 0xff, 0xff, 0xfe, 0x0, 0x0, 0xe, 0xfb,
    0xdf, 0xff, 0xff, 0xff, 0x0, 0x0, 0xf, 0xf9,
    0xaf, 0xff, 0xff, 0xff, 0x90, 0x0, 0xaf, 0xf6,
    0x2f, 0xff, 0xff, 0xff, 0xfd, 0xad, 0xff, 0xd0,
    0x5, 0xff, 0xff, 0xff, 0xff, 0xff, 0xfe, 0x20,
    0x0, 0x2a, 0xdf, 0xff, 0xff, 0xfc, 0x80, 0x0,

    /* U+F206 "" */
    0x0, 0x0, 0x0, 0x0, 0x1, 0x22, 0x10, 0x0,
    0x0, 0x0, 0x0, 0x0, 0x0, 0xe, 0xff, 0xf0,
    0x0, 0x0, 0x0, 0x1, 0x65, 0x0, 0xa, 0xe2,
    0x10, 0x0, 0x0, 0x0, 0x5, 0xef, 0x81, 0x13,
    0xf5, 0x0, 0x0, 0x0, 0x0, 0x0, 0x8, 0xff,
    0xff, 0xfd, 0x0, 0x0, 0x0, 0x0, 0x0, 0x1e,
    0xf7, 0x19, 0xef, 0x61, 0x0, 0x0, 0x2, 0xcf,
    0xff, 0xbd, 0x1f, 0x6b, 0xff, 0xe7, 0x0, 0xe,
    0xe8, 0xf9, 0x2f, 0xce, 0x5f, 0xfb, 0xbf, 0x70,
    0x6f, 0x36, 0xf7, 0x5e, 0xf7, 0xbd, 0xad, 0xb,
    0xe0, 0x8f, 0x6, 0xff, 0xff, 0xd0, 0xea, 0x2f,
    0x28, 0xf0, 0x5f, 0x60, 0x8, 0xf3, 0x0, 0xbe,
    0x10, 0xd, 0xd0, 0xc, 0xfb, 0xdf, 0xb0, 0x0,
    0x2f, 0xeb, 0xef, 0x40, 0x0, 0x8c, 0xc7, 0x0,
    0x0, 0x2, 0xad, 0xa3, 0x0,

    /* U+F207 "" */
    0x0, 0x33, 0x33, 0x33, 0x33, 0x0, 0x3, 0xef,
    0xff, 0xff, 0xff, 0xfe, 0x40, 0xcf, 0xff, 0x50,
    0x4, 0xff, 0xfd, 0xf, 0xff, 0xfa, 0x66, 0x9f,
    0xff, 0xf0, 0xff, 0xfe, 0xef, 0xfe, 0xef, 0xff,
    0x1f, 0xd0, 0x0, 0x9a, 0x0, 0xc, 0xf1, 0xfb,
    0x0, 0x9, 0xa0, 0x0, 0xaf, 0x1f, 0xe1, 0x0,
    0x9a, 0x0, 0x1d, 0xf1, 0xff, 0xff, 0xff, 0xff,
    0xff, 0xff, 0x1f, 0xfc, 0xff, 0xff, 0xff, 0xdf,
    0xf1, 0xfd, 0x9, 0xff, 0xff, 0xd0, 0xcf, 0x1f,
    0xfb, 0xff, 0xff, 0xff, 0xcf, 0xf0, 0x8f, 0xff,
    0xff, 0xff, 0xff, 0xf9, 0x0, 0xbf, 0x93, 0x33,
    0x36, 0xfc, 0x0, 0x6, 0xd4, 0x0, 0x0, 0x1c,
    0x70, 0x0,

    /* U+F20A "" */
    0x18, 0x99, 0x99, 0x99, 0x99, 0x99, 0x81, 0xcf,
    0xff, 0xff, 0xff, 0xff, 0xff, 0xfc, 0xff, 0xff,
    0xff, 0xff, 0xff, 0xff, 0xff, 0xff, 0xf5, 0x3,
    0xcf, 0x50, 0x5f, 0xff, 0xff, 0xb0, 0x82, 0x5b,
    0x18, 0xb, 0xff, 0xff, 0xa1, 0xfe, 0xea, 0x4f,
    0xdf, 0xff, 0xff, 0xa0, 0xf8, 0x8a, 0x3f, 0x5c,
    0xff, 0xff, 0xe0, 0x0, 0x8e, 0x0, 0xe, 0xff,
    0xff, 0xfe, 0xac, 0xff, 0xea, 0xdf, 0xff, 0xff,
    0xff, 0xff, 0xff, 0xff, 0xff, 0xff, 0x6f, 0xff,
    0xff, 0xff, 0xff, 0xff, 0xf6,

    /* U+F20B "" */
    0xcf, 0xff, 0xff, 0xb2, 0x0, 0x4e, 0x1f, 0xfd,
    0xdd, 0xef, 0xe1, 0x7, 0xf3, 0xfb, 0x0, 0x0,
    0x7f, 0x70, 0x7f, 0x3f, 0xb0, 0x3, 0x0, 0xfb,
    0x7, 0xf3, 0xfb, 0x6, 0xf2, 0xf, 0xb0, 0x7f,
    0x3f, 0xb0, 0x7f, 0x30, 0xfb, 0x7, 0xf3, 0xfb,
    0x7, 0xf3, 0xf, 0xb0, 0x7f, 0x3f, 0xb0, 0x7f,
    0x30, 0xfb, 0x7, 0xf3, 0xfb, 0x7, 0xf3, 0xe,
    0xa0, 0x7f, 0x3f, 0xb0, 0x7f, 0x30, 0x21, 0x8,
    0xf3, 0xfb, 0x7, 0xf3, 0x0, 0x1, 0xef, 0xf,
    0xb0, 0x7f, 0xed, 0xdd, 0xff, 0x70, 0xc8, 0x4,
    0xff, 0xff, 0xfd, 0x60, 0x0,

    /* U+F217 "" */
    0x79, 0x60, 0x0, 0x0, 0x0, 0x0, 0x0, 0x0,
    0x9b, 0xf7, 0x44, 0x44, 0x44, 0x44, 0x44, 0x40,
    0x0, 0xcf, 0xff, 0xff, 0xff, 0xff, 0xff, 0xf7,
    0x0, 0x9f, 0xff, 0xff, 0xa4, 0xff, 0xff, 0xf6,
    0x0, 0x6f, 0xff, 0xf9, 0x41, 0x8e, 0xff, 0xf3,
    0x0, 0x3f, 0xff, 0xf8, 0x31, 0x7d, 0xff, 0xf0,
    0x0, 0xf, 0xff, 0xff, 0x93, 0xff, 0xff, 0xd0,
    0x0, 0xd, 0xff, 0xff, 0xff, 0xff, 0xff, 0x60,
    0x0, 0xa, 0xd6, 0x66, 0x66, 0x66, 0x63, 0x0,
    0x0, 0x7, 0xe3, 0x33, 0x33, 0x33, 0x20, 0x0,
    0x0, 0x0, 0xdf, 0xff, 0xff, 0xff, 0xf0, 0x0,
    0x0, 0x0, 0x2, 0x33, 0x33, 0x33, 0x20, 0x0,
    0x0, 0x0, 0x2c, 0x60, 0x0, 0x1b, 0x80, 0x0,
    0x0, 0x0, 0x8f, 0xe0, 0x0, 0x6f, 0xf0, 0x0,
    0x0, 0x0, 0x2a, 0x50, 0x0, 0x19, 0x60, 0x0,

    /* U+F218 "" */
    0xce, 0xa0, 0x0, 0x0, 0x0, 0x0, 0x0, 0x0,
    0x46, 0xeb, 0x99, 0x99, 0x51, 0x99, 0x99, 0x92,
    0x0, 0xbf, 0xff, 0xff, 0x82, 0xff, 0xff, 0xf8,
    0x0, 0x8f, 0xff, 0xc5, 0x72, 0x97, 0xff, 0xf6,
    0x0, 0x6f, 0xff, 0xd0, 0x0, 0x7, 0xff, 0xf3,
    0x0, 0x3f, 0xff, 0xfa, 0x0, 0x5f, 0xff, 0xf0,
    0x0, 0xf, 0xff, 0xff, 0x95, 0xff, 0xff, 0xd0,
    0x0, 0xd, 0xff, 0xff, 0xff, 0xff, 0xff, 0x90,
    0x0, 0xa, 0xfd, 0xdd, 0xdd, 0xdd, 0xda, 0x10,
    0x0, 0x7, 0xd0, 0x0, 0x0, 0x0, 0x0, 0x0,
    0x0, 0x0, 0xef, 0xee, 0xee, 0xee, 0xd0, 0x0,
    0x0, 0x0, 0x4, 0x44, 0x44, 0x44, 0x30, 0x0,
    0x0, 0x0, 0x2c, 0x60, 0x0, 0x1b, 0x80, 0x0,
    0x0, 0x0, 0x8f, 0xe0, 0x0, 0x6f, 0xf0, 0x0,
    0x0, 0x0, 0x2a, 0x50, 0x0, 0x19, 0x60, 0x0,

    /* U+F219 "" */
    0x0, 0x0, 0x0, 0x0, 0x0, 0x0, 0x0, 0x0,
    0x0, 0x5, 0xee, 0x40, 0x0, 0x0, 0x0, 0x0,
    0x5f, 0xff, 0xf5, 0x0, 0x0, 0x0, 0x5, 0xff,
    0xff, 0xff, 0x50, 0x0, 0x0, 0x5f, 0xff, 0xff,
    0xff, 0xf5, 0x0, 0x5, 0xff, 0xff, 0xff, 0xff,
    0xff, 0x50, 0x4f, 0xff, 0xff, 0xff, 0xff, 0xff,
    0xf4, 0xdf, 0xff, 0xff, 0xff, 0xff, 0xff, 0xfd,
    0xbf, 0xff, 0xff, 0xff, 0xff, 0xff, 0xfb, 0x2e,
    0xff, 0xff, 0xff, 0xff, 0xff, 0xe2, 0x2, 0xef,
    0xff, 0xff, 0xff, 0xfe, 0x20, 0x0, 0x2e, 0xff,
    0xff, 0xff, 0xe2, 0x0, 0x0, 0x2, 0xef, 0xff,
    0xfe, 0x20, 0x0, 0x0, 0x0, 0x2e, 0xff, 0xe2,
    0x0, 0x0, 0x0, 0x0, 0x2, 0xaa, 0x20, 0x0,
    0x0,

    /* U+F21A "" */
    0x0, 0x0, 0x0, 0x27, 0x77, 0x30, 0x0, 0x0,
    0x0, 0x0, 0x0, 0x0, 0xef, 0xff, 0xf1, 0x0,
    0x0, 0x0, 0x0, 0x0, 0x6b, 0xff, 0xff, 0xfb,
    0x70, 0x0, 0x0, 0x0, 0x6, 0xff, 0xff, 0xff,
    0xff, 0xf8, 0x0, 0x0, 0x0, 0xa, 0xf3, 0x0,
    0x0, 0x1, 0xfc, 0x0, 0x0, 0x0, 0xa, 0xf1,
    0x2, 0x2, 0x0, 0xed, 0x0, 0x0, 0x0, 0xa,
    0xf7, 0xce, 0xc, 0xd7, 0xfd, 0x0, 0x0, 0x0,
    0x2d, 0xff, 0xfe, 0xc, 0xff, 0xfe, 0x30, 0x0,
    0x0, 0xbf, 0xff, 0xfe, 0xc, 0xff, 0xff, 0xd0,
    0x0, 0x0, 0x6f, 0xff, 0xfe, 0xc, 0xff, 0xff,
    0x80, 0x0, 0x0, 0xc, 0xca, 0xde, 0xc, 0xea,
    0xcd, 0x10, 0x0, 0x0, 0x0, 0x0, 0x4, 0x4,
    0x0, 0x0, 0x0, 0x0, 0x0, 0x2, 0xae, 0xa2,
    0x0, 0x6d, 0xd6, 0x0, 0x0, 0x9b, 0x9f, 0xe9,
    0xef, 0x8c, 0xfb, 0xbf, 0xd8, 0xd2, 0x3b, 0xb7,
    0x0, 0x7, 0xca, 0x30, 0x2, 0x9c, 0x80,

    /* U+F21B "" */
    0x0, 0x1, 0xb8, 0x6b, 0x40, 0x0, 0x0, 0x9,
    0xff, 0xff, 0xd0, 0x0, 0x0, 0xe, 0xff, 0xff,
    0xf2, 0x0, 0x4, 0xaf, 0xff, 0xff, 0xfc, 0x70,
    0x5, 0xcf, 0xff, 0xff, 0xfe, 0x80, 0x0, 0x5f,
    0xfe, 0xdf, 0xf9, 0x0, 0x0, 0x4f, 0x81, 0x5,
    0xf8, 0x0, 0x9, 0xff, 0xf8, 0x7d, 0xff, 0xd0,
    0x6, 0xfb, 0x8c, 0xd8, 0x9f, 0xb0, 0x1, 0xfc,
    0x0, 0x0, 0x8f, 0x50, 0x1, 0xff, 0x2f, 0xf4,
    0xdf, 0x50, 0xc, 0xff, 0x58, 0xc2, 0xff, 0xe2,
    0x3f, 0xff, 0xa9, 0xd6, 0xff, 0xf7, 0x7f, 0xff,
    0xff, 0xfe, 0xff, 0xfb, 0x4c, 0xcc, 0xcc, 0xcc,
    0xcc, 0xc6,

    /* U+F21C "" */
    0x0, 0x0, 0x0, 0xc, 0xed, 0x20, 0x0, 0x0,
    0x0, 0x0, 0x0, 0x0, 0x5, 0x6d, 0xa7, 0x97,
    0x0, 0x0, 0x0, 0x0, 0x0, 0x0, 0x6, 0xff,
    0xff, 0x0, 0x0, 0x0, 0x56, 0x41, 0x0, 0x4e,
    0xff, 0xfe, 0x0, 0x0, 0x2, 0xef, 0xff, 0xa8,
    0xff, 0xff, 0x10, 0x0, 0x0, 0x0, 0x0, 0x15,
    0xef, 0xff, 0xff, 0x71, 0x0, 0x0, 0x2, 0xcf,
    0xfa, 0x2e, 0xff, 0x7a, 0xff, 0xe7, 0x0, 0xe,
    0xe7, 0x9f, 0xc5, 0xfb, 0x5f, 0xfb, 0xbf, 0x60,
    0x6f, 0x31, 0x4a, 0xf7, 0xf7, 0xcd, 0x9d, 0xb,
    0xe0, 0x8f, 0xa, 0xff, 0xff, 0xf4, 0xe9, 0x2e,
    0x18, 0xf0, 0x5f, 0x60, 0x9, 0xf2, 0x0, 0xbe,
    0x10, 0xd, 0xd0, 0xc, 0xfb, 0xdf, 0x90, 0x0,
    0x3f, 0xeb, 0xef, 0x40, 0x0, 0x8c, 0xc6, 0x0,
    0x0, 0x2, 0xad, 0xa3, 0x0,

    /* U+F21D "" */
    0x0, 0x0, 0x0, 0x31, 0x0, 0x0, 0x0, 0x0,
    0x0, 0x9, 0xff, 0x30, 0x0, 0x0, 0x0, 0x0,
    0xe, 0xff, 0x70, 0x0, 0x0, 0x0, 0x0, 0x9,
    0xff, 0x20, 0x0, 0x0, 0x0, 0x0, 0x0, 0x21,
    0x0, 0x0, 0x0, 0x0, 0x0, 0x3c, 0xee, 0x90,
    0x0, 0x0, 0x0, 0x0, 0xcf, 0xff, 0xf5, 0x0,
    0x0, 0x0, 0x0, 0xdf, 0xff, 0xf6, 0x0, 0x0,
    0x0, 0x0, 0xaf, 0xff, 0xf3, 0x0, 0x0, 0x0,
    0x0, 0xd, 0xff, 0x60, 0x0, 0x0, 0x3, 0x9c,
    0xc, 0xff, 0x55, 0xc8, 0x20, 0x9f, 0xc8, 0xa,
    0xff, 0x33, 0x9d, 0xf8, 0xec, 0x0, 0x2, 0x87,
    0x0, 0x0, 0xce, 0x6f, 0xfc, 0x98, 0x77, 0x89,
    0xcf, 0xf6, 0x0, 0x58, 0xbc, 0xdd, 0xcb, 0x85,
    0x0,

    /* U+F21E "" */
    0x0, 0x58, 0x61, 0x0, 0x16, 0x85, 0x0, 0xc,
    0xff, 0xfe, 0x33, 0xef, 0xff, 0xc0, 0x9f, 0xff,
    0xff, 0xee, 0xff, 0xff, 0xf9, 0xef, 0xff, 0xdc,
    0xff, 0xff, 0xff, 0xfe, 0xef, 0xff, 0x21, 0xff,
    0x9d, 0xff, 0xfe, 0xaf, 0xfc, 0x0, 0xac, 0x4,
    0xff, 0xfb, 0x1, 0x10, 0x45, 0x34, 0x20, 0x11,
    0x10, 0x5, 0x79, 0xec, 0x0, 0xbb, 0x87, 0x50,
    0x1, 0xef, 0xff, 0x32, 0xff, 0xfe, 0x20, 0x0,
    0x3f, 0xff, 0xee, 0xff, 0xf4, 0x0, 0x0, 0x6,
    0xff, 0xff, 0xff, 0x60, 0x0, 0x0, 0x0, 0x5f,
    0xff, 0xf5, 0x0, 0x0, 0x0, 0x0, 0x3, 0xbb,
    0x30, 0x0, 0x0,

    /* U+F221 "" */
    0x0, 0x0, 0x1, 0x0, 0x0, 0x0, 0x3, 0xcf,
    0xfe, 0x80, 0x0, 0x5, 0xff, 0xca, 0xef, 0xc0,
    0x1, 0xef, 0x30, 0x0, 0xaf, 0x70, 0x5f, 0x70,
    0x0, 0x0, 0xed, 0x8, 0xf3, 0x0, 0x0, 0xb,
    0xf0, 0x6f, 0x60, 0x0, 0x0, 0xee, 0x2, 0xfd,
    0x10, 0x0, 0x7f, 0x90, 0x7, 0xfe, 0x86, 0xbf,
    0xe1, 0x0, 0x7, 0xff, 0xff, 0xc1, 0x0, 0x0,
    0x0, 0xbf, 0x30, 0x0, 0x0, 0x0, 0x9, 0xf1,
    0x0, 0x0, 0x0, 0x2d, 0xff, 0xe8, 0x0, 0x0,
    0x2, 0xdf, 0xfe, 0x80, 0x0, 0x0, 0x0, 0x9f,
    0x10, 0x0, 0x0, 0x0, 0x3, 0x70, 0x0, 0x0,

    /* U+F222 "" */
    0x0, 0x0, 0x0, 0x0, 0x0, 0x0, 0x0, 0x0,
    0x0, 0x0, 0x0, 0x1f, 0xff, 0xfd, 0x0, 0x0,
    0x0, 0x0, 0x9, 0xbf, 0xff, 0x0, 0x0, 0x0,
    0x0, 0x1, 0xcf, 0xff, 0x0, 0x2, 0x8b, 0xa5,
    0x1d, 0xf8, 0xcf, 0x0, 0x7f, 0xff, 0xff, 0xff,
    0x80, 0x8c, 0x4, 0xfd, 0x40, 0x2a, 0xfd, 0x0,
    0x0, 0xc, 0xf2, 0x0, 0x0, 0xbf, 0x30, 0x0,
    0xf, 0xb0, 0x0, 0x0, 0x5f, 0x60, 0x0, 0xf,
    0xb0, 0x0, 0x0, 0x5f, 0x60, 0x0, 0xd, 0xf1,
    0x0, 0x0, 0xaf, 0x30, 0x0, 0x5, 0xfc, 0x20,
    0x8, 0xfb, 0x0, 0x0, 0x0, 0x9f, 0xfe, 0xff,
    0xd1, 0x0, 0x0, 0x0, 0x4, 0xad, 0xb7, 0x0,
    0x0, 0x0,

    /* U+F223 "" */
    0x0, 0x0, 0x0, 0x0, 0x0, 0x0, 0x2c, 0x50,
    0x1, 0xa8, 0x0, 0x2, 0xff, 0xca, 0xef, 0x90,
    0x0, 0xb, 0xff, 0xff, 0xf3, 0x0, 0x9, 0xfc,
    0x53, 0x7f, 0xe2, 0x3, 0xfc, 0x0, 0x0, 0x5f,
    0xa0, 0x7f, 0x50, 0x0, 0x0, 0xdf, 0x8, 0xf3,
    0x0, 0x0, 0xb, 0xf0, 0x5f, 0x70, 0x0, 0x0,
    0xed, 0x1, 0xee, 0x20, 0x0, 0x9f, 0x70, 0x5,
    0xff, 0xa9, 0xdf, 0xc0, 0x0, 0x4, 0xdf, 0xff,
    0x90, 0x0, 0x0, 0x0, 0xaf, 0x20, 0x0, 0x0,
    0x2, 0xdf, 0xfe, 0x80, 0x0, 0x0, 0x2d, 0xff,
    0xe8, 0x0, 0x0, 0x0, 0x9, 0xf1, 0x0, 0x0,
    0x0, 0x0, 0x37, 0x0, 0x0, 0x0,

    /* U+F224 "" */
    0x0, 0x0, 0x0, 0x0, 0x3, 0x33, 0x10, 0x0,
    0x0, 0x0, 0x0, 0xbf, 0xff, 0xf1, 0x0, 0x0,
    0x0, 0x0, 0x39, 0xff, 0xf2, 0x0, 0x1, 0x58,
    0x72, 0x1c, 0xff, 0xf2, 0x0, 0x5f, 0xff, 0xff,
    0xef, 0xb9, 0xf2, 0x4, 0xfe, 0x63, 0x5d, 0xfd,
    0x4, 0xa0, 0xd, 0xf2, 0x0, 0x0, 0xdf, 0x10,
    0x0, 0x1f, 0xa0, 0x0, 0x0, 0x6f, 0x60, 0x0,
    0x2f, 0x90, 0x0, 0x0, 0x4f, 0x70, 0x0, 0xf,
    0xc0, 0x0, 0x0, 0x8f, 0x40, 0x0, 0xa, 0xf7,
    0x0, 0x3, 0xfe, 0x0, 0x0, 0x1, 0xef, 0xc8,
    0xaf, 0xf4, 0x0, 0x0, 0x0, 0x1b, 0xff, 0xfc,
    0x30, 0x0, 0x0, 0x0, 0x0, 0x5f, 0x70, 0x0,
    0x0, 0x0, 0x0, 0xb, 0xef, 0xec, 0x0, 0x0,
    0x0, 0x0, 0xb, 0xef, 0xec, 0x0, 0x0, 0x0,
    0x0, 0x0, 0x4f, 0x60, 0x0, 0x0, 0x0, 0x0,
    0x0, 0x8, 0x10, 0x0, 0x0, 0x0,

    /* U+F225 "" */
    0x0, 0x0, 0x0, 0x0, 0x0, 0x0, 0x0, 0x0,
    0xdf, 0xff, 0x30, 0x0, 0x0, 0x7, 0xff, 0xf9,
    0xff, 0xfa, 0x10, 0x0, 0x0, 0x3, 0xcf, 0xfc,
    0xfe, 0xf9, 0xc1, 0x0, 0x0, 0x2, 0xef, 0xfc,
    0xfa, 0x7f, 0xd4, 0xcf, 0xfa, 0x4e, 0xf6, 0xeb,
    0x21, 0xbd, 0xff, 0xfc, 0xdf, 0xff, 0x60, 0x21,
    0x0, 0x11, 0xfe, 0x20, 0x5, 0xfd, 0x0, 0x0,
    0x0, 0x6, 0xf6, 0x0, 0x0, 0xaf, 0x10, 0x0,
    0x0, 0x7, 0xf4, 0x0, 0x0, 0x9f, 0x20, 0x0,
    0x0, 0x4, 0xfa, 0x0, 0x0, 0xef, 0x0, 0x0,
    0x0, 0x0, 0xcf, 0xa4, 0x5d, 0xf8, 0x0, 0x0,
    0x0, 0x0, 0x1c, 0xff, 0xff, 0x90, 0x0, 0x0,
    0x0, 0x0, 0x0, 0x4f, 0xd2, 0x0, 0x0, 0x0,
    0x0, 0x0, 0x4, 0x9f, 0xe9, 0x10, 0x0, 0x0,
    0x0, 0x0, 0xa, 0xff, 0xff, 0x50, 0x0, 0x0,
    0x0, 0x0, 0x0, 0x2f, 0xb1, 0x0, 0x0, 0x0,
    0x0, 0x0, 0x0, 0x4, 0x20, 0x0, 0x0, 0x0,

    /* U+F226 "" */
    0x0, 0x0, 0x1, 0x0, 0x0, 0x0, 0x10, 0x0,
    0x0, 0x0, 0x3c, 0xff, 0xe8, 0x0, 0xcf, 0xfe,
    0x80, 0x0, 0x4, 0xff, 0xca, 0xef, 0xc0, 0x8c,
    0xae, 0xfc, 0x0, 0x1e, 0xf3, 0x0, 0xa, 0xf7,
    0x0, 0x0, 0xaf, 0x70, 0x5f, 0x70, 0x0, 0x0,
    0xed, 0x0, 0x0, 0xe, 0xd0, 0x8f, 0x30, 0x0,
    0x0, 0xbf, 0x0, 0x0, 0xb, 0xf0, 0x6f, 0x60,
    0x0, 0x0, 0xee, 0x0, 0x0, 0xe, 0xe0, 0x2f,
    0xd1, 0x0, 0x7, 0xf9, 0x0, 0x0, 0x7f, 0x90,
    0x8, 0xfe, 0x86, 0xbf, 0xe1, 0x59, 0x6b, 0xfe,
    0x10, 0x0, 0x7f, 0xff, 0xfc, 0x10, 0xef, 0xff,
    0xc1, 0x0, 0x0, 0x0, 0xbf, 0x30, 0x0, 0xb,
    0xf3, 0x0, 0x0, 0x0, 0x0, 0xaf, 0x20, 0x0,
    0xa, 0xf2, 0x0, 0x0, 0x0, 0x2d, 0xff, 0xe8,
    0x2, 0xdf, 0xfe, 0x80, 0x0, 0x0, 0x2d, 0xff,
    0xe8, 0x2, 0xdf, 0xfe, 0x80, 0x0, 0x0, 0x0,
    0x9f, 0x10, 0x0, 0x9, 0xf1, 0x0, 0x0, 0x0,
    0x0, 0x37, 0x0, 0x0, 0x3, 0x70, 0x0, 0x0,

    /* U+F227 "" */
    0x0, 0x0, 0x0, 0x0, 0x24, 0x44, 0x20, 0x24,
    0x30, 0x0, 0x0, 0x0, 0x0, 0xff, 0xff, 0xf0,
    0x7f, 0xf9, 0x0, 0x0, 0x0, 0x0, 0x59, 0xff,
    0xf1, 0x6f, 0xfa, 0x0, 0x0, 0x0, 0x0, 0x1c,
    0xff, 0xf1, 0x6f, 0xfa, 0x0, 0x27, 0xaa, 0x61,
    0xcf, 0x9a, 0xf1, 0x54, 0xfa, 0x5, 0xff, 0xff,
    0xff, 0xf9, 0x7, 0xd0, 0x0, 0xd7, 0x2f, 0xe5,
    0x12, 0x9f, 0xe0, 0x0, 0x0, 0x0, 0x0, 0xaf,
    0x30, 0x0, 0x9, 0xf5, 0x2, 0xcb, 0x0, 0x0,
    0xed, 0x0, 0x0, 0x3, 0xf8, 0x0, 0xef, 0x0,
    0x0, 0xed, 0x0, 0x0, 0x3, 0xf8, 0x0, 0xdf,
    0x0, 0x0, 0xbf, 0x20, 0x0, 0x8, 0xf5, 0x3,
    0xfc, 0x0, 0x0, 0x4f, 0xd3, 0x0, 0x7f, 0xd0,
    0x4e, 0xf5, 0x0, 0x0, 0x7, 0xff, 0xff, 0xfe,
    0x34, 0xff, 0x80, 0x0, 0x0, 0x0, 0x39, 0xcb,
    0x80, 0x1b, 0x93, 0x0, 0x0, 0x0,

    /* U+F228 "" */
    0x0, 0x0, 0x0, 0x0, 0x0, 0x0, 0x3, 0x33,
    0x20, 0x0, 0x0, 0x0, 0x0, 0x0, 0x0, 0xaf,
    0xff, 0xf5, 0x0, 0x0, 0x0, 0x0, 0x0, 0x0,
    0x38, 0xef, 0xf6, 0x0, 0x3, 0x68, 0x60, 0x17,
    0x87, 0x18, 0xff, 0xf6, 0x0, 0x9f, 0xff, 0xfe,
    0xff, 0xff, 0xff, 0xd6, 0xf6, 0x9, 0xfc, 0x53,
    0xbf, 0xf9, 0x36, 0xef, 0x63, 0xf5, 0x2f, 0xc0,
    0x0, 0xef, 0xfa, 0x0, 0x2f, 0xd0, 0x20, 0x6f,
    0x50, 0x3, 0xfb, 0xee, 0x0, 0xa, 0xf1, 0x0,
    0x8f, 0x30, 0x4, 0xf8, 0xcf, 0x0, 0x9, 0xf2,
    0x0, 0x5f, 0x70, 0x2, 0xfc, 0xfe, 0x0, 0xc,
    0xf0, 0x0, 0x1e, 0xe2, 0x0, 0xcf, 0xf8, 0x0,
    0x6f, 0xa0, 0x0, 0x5, 0xff, 0xa9, 0xdf, 0xfc,
    0x8b, 0xfe, 0x10, 0x0, 0x0, 0x4d, 0xff, 0xfa,
    0xcf, 0xff, 0xb1, 0x0, 0x0, 0x0, 0x0, 0xaf,
    0x20, 0x1, 0x30, 0x0, 0x0, 0x0, 0x0, 0x2d,
    0xff, 0xe8, 0x0, 0x0, 0x0, 0x0, 0x0, 0x0,
    0x2d, 0xff, 0xe8, 0x0, 0x0, 0x0, 0x0, 0x0,
    0x0, 0x0, 0x9f, 0x10, 0x0, 0x0, 0x0, 0x0,
    0x0, 0x0, 0x0, 0x37, 0x0, 0x0, 0x0, 0x0,
    0x0, 0x0,

    /* U+F229 "" */
    0x0, 0x0, 0x0, 0x0, 0x0, 0x0, 0x0, 0x0,
    0x0, 0x0, 0x0, 0x0, 0x4f, 0xff, 0xf9, 0x0,
    0x0, 0x0, 0x0, 0x2, 0xac, 0xff, 0xc0, 0x0,
    0x0, 0x0, 0x2, 0x41, 0xdf, 0xfc, 0x0, 0x0,
    0x0, 0x0, 0xaf, 0xef, 0x6f, 0xc0, 0x0, 0x38,
    0xb9, 0x43, 0xff, 0xb0, 0xea, 0x0, 0x8f, 0xff,
    0xff, 0xff, 0xef, 0x11, 0x0, 0x6f, 0xd4, 0x2,
    0xaf, 0xb1, 0x60, 0x0, 0xe, 0xe1, 0x0, 0x0,
    0xbf, 0x20, 0x0, 0x1, 0xfa, 0x0, 0x0, 0x5,
    0xf6, 0x0, 0x0, 0x2f, 0x90, 0x0, 0x0, 0x5f,
    0x60, 0x0, 0x0, 0xee, 0x0, 0x0, 0xa, 0xf3,
    0x0, 0x0, 0x7, 0xfb, 0x20, 0x8, 0xfb, 0x0,
    0x0, 0x0, 0xa, 0xff, 0xef, 0xfd, 0x10, 0x0,
    0x0, 0x0, 0x5, 0xad, 0xb7, 0x0, 0x0, 0x0,
    0x0,

    /* U+F22A "" */
    0x0, 0x0, 0x26, 0x0, 0x0, 0x0, 0x0, 0x5f,
    0xfb, 0x10, 0x0, 0x0, 0x7f, 0xff, 0xfe, 0x10,
    0x0, 0x9, 0xcc, 0xf9, 0xe2, 0x0, 0x0, 0x1,
    0xaf, 0x30, 0x0, 0x0, 0x3, 0xff, 0xff, 0xb0,
    0x0, 0x0, 0x18, 0xdf, 0xa5, 0x0, 0x0, 0x1,
    0x8e, 0xfb, 0x50, 0x0, 0x3, 0xef, 0xfd, 0xff,
    0x90, 0x0, 0xdf, 0x60, 0x2, 0xcf, 0x50, 0x5f,
    0x80, 0x0, 0x1, 0xfd, 0x7, 0xf4, 0x0, 0x0,
    0xc, 0xf0, 0x6f, 0x50, 0x0, 0x0, 0xde, 0x3,
    0xfb, 0x0, 0x0, 0x4f, 0xb0, 0xa, 0xfb, 0x42,
    0x7f, 0xf2, 0x0, 0xa, 0xff, 0xff, 0xe4, 0x0,
    0x0, 0x3, 0x79, 0x61, 0x0, 0x0,

    /* U+F22B "" */
    0x0, 0x0, 0x0, 0x0, 0x0, 0x0, 0x0, 0x0,
    0x0, 0x0, 0x7, 0xdf, 0xea, 0x20, 0x0, 0x0,
    0x0, 0x0, 0x0, 0xbf, 0xfb, 0xdf, 0xf3, 0x0,
    0x0, 0x30, 0x0, 0x7, 0xfb, 0x0, 0x5, 0xfe,
    0xa, 0x64, 0xf8, 0x0, 0xd, 0xe0, 0x0, 0x0,
    0x8f, 0x6f, 0xb2, 0xef, 0x50, 0xf, 0xb0, 0x0,
    0x0, 0x4f, 0xff, 0xff, 0xff, 0xf0, 0xf, 0xc0,
    0x0, 0x0, 0x5f, 0xcf, 0xea, 0xef, 0xb0, 0xb,
    0xf4, 0x0, 0x0, 0xcf, 0x2f, 0xa3, 0xfe, 0x10,
    0x2, 0xff, 0x73, 0x4c, 0xf9, 0x4, 0x22, 0xb3,
    0x0, 0x0, 0x4e, 0xff, 0xff, 0xa0, 0x0, 0x0,
    0x0, 0x0, 0x0, 0x1, 0x58, 0x73, 0x0, 0x0,
    0x0, 0x0, 0x0,

    /* U+F22C "" */
    0x0, 0x0, 0x1, 0x0, 0x0, 0x0, 0x3c, 0xff,
    0xd7, 0x0, 0x4, 0xff, 0xca, 0xef, 0xa0, 0xe,
    0xf3, 0x0, 0xb, 0xf5, 0x5f, 0x70, 0x0, 0x1,
    0xfb, 0x8f, 0x30, 0x0, 0x0, 0xde, 0x6f, 0x50,
    0x0, 0x0, 0xed, 0x3f, 0xc0, 0x0, 0x6, 0xf9,
    0xa, 0xfc, 0x43, 0x8f, 0xf1, 0x0, 0xaf, 0xff,
    0xfe, 0x30, 0x0, 0x3, 0xdf, 0x60, 0x0, 0x0,
    0x0, 0xaf, 0x10, 0x0, 0x0, 0x0, 0xaf, 0x10,
    0x0, 0x0, 0x0, 0xaf, 0x10, 0x0, 0x0, 0x0,
    0xaf, 0x10, 0x0, 0x0, 0x0, 0x5a, 0x0, 0x0,

    /* U+F22D "" */
    0x0, 0x3, 0x78, 0x51, 0x0, 0x0, 0x1b, 0xff,
    0xff, 0xf6, 0x0, 0xc, 0xfa, 0x43, 0x6e, 0xf5,
    0x7, 0xf9, 0x0, 0x0, 0x1f, 0xe0, 0xcf, 0x0,
    0x0, 0x0, 0x7f, 0x4f, 0xc0, 0x0, 0x0, 0x4,
    0xf7, 0xde, 0x0, 0x0, 0x0, 0x6f, 0x59, 0xf4,
    0x0, 0x0, 0xc, 0xf2, 0x2f, 0xe4, 0x0, 0xa,
    0xf9, 0x0, 0x5f, 0xfe, 0xcf, 0xfc, 0x0, 0x0,
    0x2a, 0xdf, 0xb6, 0x0, 0x0,

    /* U+F233 "" */
    0x1, 0x22, 0x22, 0x22, 0x22, 0x10, 0x8, 0xff,
    0xff, 0xff, 0xff, 0xff, 0x90, 0xff, 0xff, 0xff,
    0xfe, 0xfe, 0xff, 0xf, 0xff, 0xff, 0xff, 0x3d,
    0x5c, 0xf1, 0xef, 0xff, 0xff, 0xff, 0xff, 0xff,
    0x5, 0xde, 0xee, 0xee, 0xee, 0xed, 0x50, 0x0,
    0x0, 0x0, 0x0, 0x0, 0x0, 0x0, 0x12, 0x22,
    0x22, 0x22, 0x21, 0x0, 0x8f, 0xff, 0xff, 0xff,
    0xff, 0xf9, 0xf, 0xff, 0xff, 0xff, 0xef, 0xef,
    0xf0, 0xff, 0xff, 0xff, 0xf3, 0xd5, 0xcf, 0x1e,
    0xff, 0xff, 0xff, 0xff, 0xff, 0xf0, 0x5d, 0xee,
    0xee, 0xee, 0xee, 0xd5, 0x0,

    /* U+F234 "" */
    0x0, 0x0, 0x0, 0x0, 0x0, 0x0, 0x0, 0x0,
    0x0, 0x1, 0xaf, 0xe8, 0x0, 0x0, 0x0, 0x0,
    0x0, 0xc, 0xff, 0xff, 0xa0, 0x0, 0x0, 0x0,
    0x0, 0x3f, 0xff, 0xff, 0xf0, 0x0, 0x3e, 0x0,
    0x0, 0x4f, 0xff, 0xff, 0xf2, 0x1, 0x5f, 0x10,
    0x0, 0x1f, 0xff, 0xff, 0xe0, 0x2f, 0xff, 0xfd,
    0x0, 0x6, 0xff, 0xff, 0x40, 0x2, 0x7f, 0x32,
    0x0, 0x0, 0x27, 0x61, 0x0, 0x0, 0x4f, 0x0,
    0x0, 0x0, 0x0, 0x0, 0x0, 0x0, 0x1, 0x0,
    0x0, 0x29, 0xdf, 0xfc, 0x81, 0x0, 0x0, 0x0,
    0x4, 0xff, 0xff, 0xff, 0xfe, 0x30, 0x0, 0x0,
    0x1e, 0xff, 0xff, 0xff, 0xff, 0xd0, 0x0, 0x0,
    0x7f, 0xff, 0xff, 0xff, 0xff, 0xf5, 0x0, 0x0,
    0xaf, 0xff, 0xff, 0xff, 0xff, 0xf8, 0x0, 0x0,
    0x5b, 0xbb, 0xbb, 0xbb, 0xbb, 0xb4, 0x0, 0x0,

    /* U+F235 "" */
    0x0, 0x0, 0x5b, 0xc7, 0x0, 0x0, 0x0, 0x0,
    0x0, 0x7, 0xff, 0xff, 0xb0, 0x0, 0x0, 0x0,
    0x0, 0xf, 0xff, 0xff, 0xf3, 0x0, 0x20, 0x11,
    0x0, 0x1f, 0xff, 0xff, 0xf5, 0x5, 0xf7, 0xe7,
    0x0, 0xe, 0xff, 0xff, 0xf2, 0x0, 0xaf, 0xc0,
    0x0, 0x5, 0xff, 0xff, 0x90, 0x2, 0xee, 0xf4,
    0x0, 0x0, 0x39, 0xa5, 0x0, 0x4, 0x90, 0x85,
    0x0, 0x0, 0x0, 0x0, 0x0, 0x0, 0x0, 0x0,
    0x0, 0x8, 0xcf, 0xfd, 0xa2, 0x0, 0x0, 0x0,
    0x2, 0xef, 0xff, 0xff, 0xff, 0x50, 0x0, 0x0,
    0xc, 0xff, 0xff, 0xff, 0xff, 0xf2, 0x0, 0x0,
    0x4f, 0xff, 0xff, 0xff, 0xff, 0xf8, 0x0, 0x0,
    0x7f, 0xff, 0xff, 0xff, 0xff, 0xfb, 0x0, 0x0,
    0x3b, 0xbb, 0xbb, 0xbb, 0xbb, 0xb6, 0x0, 0x0,

    /* U+F236 "" */
    0x31, 0x0, 0x0, 0x0, 0x0, 0x0, 0x0, 0x0,
    0xfb, 0x0, 0x0, 0x0, 0x0, 0x0, 0x0, 0x0,
    0xfc, 0x0, 0x0, 0x0, 0x0, 0x0, 0x0, 0x0,
    0xfc, 0x2, 0xa8, 0x0, 0x9c, 0xcc, 0xca, 0x40,
    0xfc, 0xc, 0xff, 0x61, 0xff, 0xff, 0xff, 0xf4,
    0xfc, 0xd, 0xff, 0x62, 0xff, 0xff, 0xff, 0xfa,
    0xfc, 0x2, 0xa8, 0x2, 0xff, 0xff, 0xff, 0xfc,
    0xfd, 0x66, 0x66, 0x67, 0xff, 0xff, 0xff, 0xfc,
    0xff, 0xff, 0xff, 0xff, 0xff, 0xff, 0xff, 0xfc,
    0xff, 0xff, 0xff, 0xff, 0xff, 0xff, 0xff, 0xfc,
    0xfd, 0x44, 0x44, 0x44, 0x44, 0x44, 0x44, 0xfc,
    0xfc, 0x0, 0x0, 0x0, 0x0, 0x0, 0x0, 0xfc,
    0xa7, 0x0, 0x0, 0x0, 0x0, 0x0, 0x0, 0xa7,

    /* U+F238 "" */
    0x0, 0x0, 0x0, 0x0, 0x0, 0x0, 0x1, 0xbf,
    0xff, 0xff, 0xff, 0x80, 0xb, 0xff, 0xff, 0xff,
    0xff, 0xf6, 0xf, 0xfa, 0x99, 0x99, 0x9c, 0xfa,
    0xf, 0xc0, 0x0, 0x0, 0x1, 0xfa, 0xf, 0xc0,
    0x0, 0x0, 0x1, 0xfa, 0xf, 0xc0, 0x0, 0x0,
    0x1, 0xfa, 0xf, 0xe2, 0x0, 0x0, 0x5, 0xfa,
    0xf, 0xff, 0xff, 0xff, 0xff, 0xfa, 0xf, 0xff,
    0xff, 0xcf, 0xff, 0xfa, 0xf, 0xff, 0xf8, 0xd,
    0xff, 0xf9, 0xa, 0xff, 0xff, 0xdf, 0xff, 0xf5,
    0x0, 0xbf, 0xff, 0xff, 0xff, 0x70, 0x1, 0xdc,
    0x0, 0x0, 0x2e, 0xa0, 0xb, 0xd1, 0x0, 0x0,
    0x4, 0xf6, 0x7, 0x20, 0x0, 0x0, 0x0, 0x54,

    /* U+F239 "" */
    0x0, 0x0, 0x0, 0x0, 0x0, 0x0, 0x1, 0xbf,
    0xff, 0xff, 0xff, 0x80, 0xb, 0xff, 0xff, 0xff,
    0xff, 0xf5, 0xf, 0xfa, 0x9b, 0xf9, 0x9c, 0xfa,
    0xf, 0xc0, 0x6, 0xe0, 0x1, 0xfa, 0xf, 0xc0,
    0x6, 0xe0, 0x1, 0xfa, 0xf, 0xc0, 0x6, 0xe0,
    0x1, 0xfa, 0xf, 0xe2, 0x6, 0xe0, 0x5, 0xfa,
    0xf, 0xff, 0xff, 0xff, 0xff, 0xfa, 0xf, 0xfc,
    0xff, 0xff, 0xde, 0xfa, 0xf, 0xd0, 0x9f, 0xff,
    0x23, 0xfa, 0xb, 0xfa, 0xef, 0xff, 0xcc, 0xf6,
    0x2, 0xdf, 0xff, 0xff, 0xff, 0xa0, 0x0, 0xbe,
    0x33, 0x33, 0x6f, 0x70, 0x9, 0xf2, 0x0, 0x0,
    0x7, 0xf4, 0xa, 0x40, 0x0, 0x0, 0x0, 0x86,

    /* U+F240 "" */
    0x1, 0x8b, 0xbb, 0xbb, 0xbb, 0xbb, 0xbb, 0xa5,
    0x0, 0xc, 0xff, 0xff, 0xff, 0xff, 0xff, 0xff,
    0xff, 0x50, 0xf, 0xc0, 0x0, 0x0, 0x0, 0x0,
    0x0, 0x3f, 0xa0, 0x1f, 0xa0, 0x56, 0x66, 0x66,
    0x66, 0x62, 0x1f, 0xa0, 0x1f, 0xa0, 0xff, 0xff,
    0xff, 0xff, 0xf9, 0x1f, 0xf5, 0x1f, 0xa0, 0xff,
    0xff, 0xff, 0xff, 0xf9, 0x1f, 0xf8, 0x1f, 0xa0,
    0xff, 0xff, 0xff, 0xff, 0xf9, 0x1f, 0xf8, 0x1f,
    0xa0, 0xdf, 0xff, 0xff, 0xff, 0xf7, 0x1f, 0xd1,
    0x1f, 0xb0, 0x0, 0x0, 0x0, 0x0, 0x0, 0x1f,
    0xa0, 0xe, 0xfc, 0xbb, 0xbb, 0xbb, 0xbb, 0xbb,
    0xdf, 0x80, 0x4, 0xdf, 0xff, 0xff, 0xff, 0xff,
    0xff, 0xfb, 0x0,

    /* U+F241 "" */
    0x1, 0x8b, 0xbb, 0xbb, 0xbb, 0xbb, 0xbb, 0xa5,
    0x0, 0xc, 0xff, 0xff, 0xff, 0xff, 0xff, 0xff,
    0xff, 0x50, 0xf, 0xc0, 0x0, 0x0, 0x0, 0x0,
    0x0, 0x3f, 0xa0, 0x1f, 0xa0, 0x56, 0x66, 0x66,
    0x61, 0x0, 0x1f, 0xa0, 0x1f, 0xa0, 0xff, 0xff,
    0xff, 0xf6, 0x0, 0x1f, 0xf5, 0x1f, 0xa0, 0xff,
    0xff, 0xff, 0xf6, 0x0, 0x1f, 0xf8, 0x1f, 0xa0,
    0xff, 0xff, 0xff, 0xf6, 0x0, 0x1f, 0xf8, 0x1f,
    0xa0, 0xdf, 0xff, 0xff, 0xf4, 0x0, 0x1f, 0xd1,
    0x1f, 0xb0, 0x0, 0x0, 0x0, 0x0, 0x0, 0x1f,
    0xa0, 0xe, 0xfc, 0xbb, 0xbb, 0xbb, 0xbb, 0xbb,
    0xdf, 0x80, 0x4, 0xdf, 0xff, 0xff, 0xff, 0xff,
    0xff, 0xfb, 0x0,

    /* U+F242 "" */
    0x1, 0x8b, 0xbb, 0xbb, 0xbb, 0xbb, 0xbb, 0xa5,
    0x0, 0xc, 0xff, 0xff, 0xff, 0xff, 0xff, 0xff,
    0xff, 0x50, 0xf, 0xc0, 0x0, 0x0, 0x0, 0x0,
    0x0, 0x3f, 0xa0, 0x1f, 0xa0, 0x56, 0x66, 0x60,
    0x0, 0x0, 0x1f, 0xa0, 0x1f, 0xa0, 0xff, 0xff,
    0xf3, 0x0, 0x0, 0x1f, 0xf5, 0x1f, 0xa0, 0xff,
    0xff, 0xf3, 0x0, 0x0, 0x1f, 0xf8, 0x1f, 0xa0,
    0xff, 0xff, 0xf3, 0x0, 0x0, 0x1f, 0xf8, 0x1f,
    0xa0, 0xdf, 0xff, 0xe2, 0x0, 0x0, 0x1f, 0xd1,
    0x1f, 0xb0, 0x0, 0x0, 0x0, 0x0, 0x0, 0x1f,
    0xa0, 0xe, 0xfc, 0xbb, 0xbb, 0xbb, 0xbb, 0xbb,
    0xdf, 0x80, 0x4, 0xdf, 0xff, 0xff, 0xff, 0xff,
    0xff, 0xfb, 0x0,

    /* U+F243 "" */
    0x1, 0x8b, 0xbb, 0xbb, 0xbb, 0xbb, 0xbb, 0xa5,
    0x0, 0xc, 0xff, 0xff, 0xff, 0xff, 0xff, 0xff,
    0xff, 0x50, 0xf, 0xc0, 0x0, 0x0, 0x0, 0x0,
    0x0, 0x3f, 0xa0, 0x1f, 0xa0, 0x56, 0x50, 0x0,
    0x0, 0x0, 0x1f, 0xa0, 0x1f, 0xa0, 0xff, 0xf0,
    0x0, 0x0, 0x0, 0x1f, 0xf5, 0x1f, 0xa0, 0xff,
    0xf0, 0x0, 0x0, 0x0, 0x1f, 0xf8, 0x1f, 0xa0,
    0xff, 0xf0, 0x0, 0x0, 0x0, 0x1f, 0xf8, 0x1f,
    0xa0, 0xdf, 0xd0, 0x0, 0x0, 0x0, 0x1f, 0xd1,
    0x1f, 0xb0, 0x0, 0x0, 0x0, 0x0, 0x0, 0x1f,
    0xa0, 0xe, 0xfc, 0xbb, 0xbb, 0xbb, 0xbb, 0xbb,
    0xdf, 0x80, 0x4, 0xdf, 0xff, 0xff, 0xff, 0xff,
    0xff, 0xfb, 0x0,

    /* U+F244 "" */
    0x1, 0x8b, 0xbb, 0xbb, 0xbb, 0xbb, 0xbb, 0xa6,
    0x0, 0xc, 0xff, 0xff, 0xff, 0xff, 0xff, 0xff,
    0xff, 0x50, 0xf, 0xc0, 0x0, 0x0, 0x0, 0x0,
    0x0, 0x3f, 0xa0, 0x1f, 0xa0, 0x0, 0x0, 0x0,
    0x0, 0x0, 0x1f, 0xb0, 0x1f, 0xa0, 0x0, 0x0,
    0x0, 0x0, 0x0, 0x1f, 0xf6, 0x1f, 0xa0, 0x0,
    0x0, 0x0, 0x0, 0x0, 0x1f, 0xf8, 0x1f, 0xa0,
    0x0, 0x0, 0x0, 0x0, 0x0, 0x1f, 0xf7, 0x1f,
    0xa0, 0x0, 0x0, 0x0, 0x0, 0x0, 0x1f, 0xc0,
    0x1f, 0xb0, 0x0, 0x0, 0x0, 0x0, 0x0, 0x1f,
    0xa0, 0xe, 0xfc, 0xcc, 0xcc, 0xcc, 0xcc, 0xcc,
    0xef, 0x70, 0x3, 0xdf, 0xff, 0xff, 0xff, 0xff,
    0xff, 0xea, 0x0,

    /* U+F245 "" */
    0x1, 0x0, 0x0, 0x0, 0x0, 0x3, 0xf9, 0x0,
    0x0, 0x0, 0x0, 0x4f, 0xfc, 0x20, 0x0, 0x0,
    0x4, 0xff, 0xff, 0x50, 0x0, 0x0, 0x4f, 0xff,
    0xff, 0x90, 0x0, 0x4, 0xff, 0xff, 0xff, 0xc2,
    0x0, 0x4f, 0xff, 0xff, 0xff, 0xf5, 0x4, 0xff,
    0xff, 0xff, 0xff, 0xf8, 0x4f, 0xff, 0xff, 0xaa,
    0xaa, 0x54, 0xff, 0xfc, 0xf6, 0x0, 0x0, 0x4f,
    0xf9, 0x1f, 0xe0, 0x0, 0x4, 0xfd, 0x0, 0x8f,
    0x60, 0x0, 0x2e, 0x20, 0x1, 0xfe, 0x0, 0x0,
    0x0, 0x0, 0x8, 0xf6, 0x0, 0x0, 0x0, 0x0,
    0x1a, 0x30, 0x0,

    /* U+F246 "" */
    0x1, 0x10, 0x0, 0x11, 0x0, 0xef, 0xc3, 0xcf,
    0xe0, 0x4, 0xcf, 0xff, 0xc4, 0x0, 0x0, 0xaf,
    0xa0, 0x0, 0x0, 0x6, 0xf6, 0x0, 0x0, 0x0,
    0x5f, 0x50, 0x0, 0x0, 0x7, 0xf7, 0x0, 0x0,
    0xf, 0xff, 0xff, 0x0, 0x0, 0x7c, 0xfc, 0x70,
    0x0, 0x0, 0x5f, 0x50, 0x0, 0x0, 0x5, 0xf5,
    0x0, 0x0, 0x0, 0x7f, 0x70, 0x0, 0x0, 0x3e,
    0xfe, 0x30, 0x0, 0xcf, 0xfb, 0xff, 0xc0, 0x8,
    0x94, 0x4, 0x98, 0x0,

    /* U+F247 "" */
    0x1, 0x0, 0x0, 0x0, 0x0, 0x0, 0x0, 0x0,
    0x8f, 0xe4, 0x44, 0x44, 0x44, 0x44, 0x6f, 0xf4,
    0xff, 0xff, 0xff, 0xff, 0xff, 0xff, 0xff, 0xfb,
    0xaf, 0xf7, 0x77, 0x77, 0x77, 0x77, 0x9f, 0xf6,
    0x2f, 0xa0, 0x24, 0x44, 0x0, 0x0, 0xe, 0xe0,
    0x2f, 0xa0, 0xff, 0xff, 0xa0, 0x0, 0xe, 0xe0,
    0x2f, 0xa1, 0xff, 0xff, 0xc0, 0x0, 0xe, 0xe0,
    0x2f, 0xa0, 0xff, 0xff, 0xa0, 0xa5, 0xe, 0xe0,
    0x2f, 0xa0, 0x13, 0x33, 0x5, 0xfc, 0xe, 0xe0,
    0x2f, 0xa0, 0x0, 0x7, 0x9f, 0xfc, 0xe, 0xe0,
    0x2f, 0xa0, 0x0, 0xa, 0xdd, 0xd7, 0xe, 0xe0,
    0x3f, 0xb0, 0x0, 0x0, 0x0, 0x0, 0xe, 0xe0,
    0xdf, 0xfd, 0xcc, 0xcc, 0xcc, 0xcc, 0xef, 0xf9,
    0xef, 0xff, 0xff, 0xff, 0xff, 0xff, 0xff, 0xfa,
    0x4c, 0x90, 0x0, 0x0, 0x0, 0x0, 0x1b, 0xb2,

    /* U+F248 "" */
    0x6, 0x30, 0x0, 0x0, 0x2, 0x62, 0x0, 0x0,
    0x0, 0xbf, 0xfa, 0x99, 0x99, 0x9e, 0xfe, 0x10,
    0x0, 0x0, 0xef, 0xff, 0xff, 0xff, 0xff, 0xff,
    0x20, 0x0, 0x0, 0x7f, 0xd3, 0x22, 0x22, 0x2b,
    0xfb, 0x0, 0x0, 0x0, 0x2f, 0xa0, 0x0, 0x0,
    0x6, 0xf6, 0x0, 0x0, 0x0, 0x2f, 0xa0, 0x0,
    0x0, 0x6, 0xf6, 0x0, 0x4c, 0xa0, 0x2f, 0xa0,
    0x0, 0x0, 0x6, 0xf6, 0x3f, 0xff, 0xf7, 0x7f,
    0xe4, 0x44, 0x44, 0x4b, 0xfb, 0x9, 0xef, 0xf5,
    0xef, 0xff, 0xff, 0xff, 0xff, 0xff, 0x20, 0x2f,
    0xb0, 0xbf, 0xf8, 0x88, 0x88, 0x8e, 0xfe, 0x0,
    0x1f, 0xa0, 0x4, 0x20, 0x0, 0x22, 0x1, 0x51,
    0x0, 0x1f, 0xa0, 0x0, 0x0, 0x1, 0xee, 0x10,
    0x0, 0x0, 0x3f, 0xc0, 0x0, 0x0, 0x9, 0xff,
    0xee, 0xee, 0xee, 0xff, 0xf6, 0x0, 0x0, 0xa,
    0xff, 0xee, 0xee, 0xee, 0xff, 0xf6, 0x0, 0x0,
    0x1, 0xa9, 0x10, 0x0, 0x0, 0x2a, 0x80,

    /* U+F249 "" */
    0x5, 0x66, 0x66, 0x66, 0x66, 0x51, 0xb, 0xff,
    0xff, 0xff, 0xff, 0xff, 0xe0, 0xff, 0xff, 0xff,
    0xff, 0xff, 0xff, 0x3f, 0xff, 0xff, 0xff, 0xff,
    0xff, 0xf4, 0xff, 0xff, 0xff, 0xff, 0xff, 0xff,
    0x4f, 0xff, 0xff, 0xff, 0xff, 0xff, 0xf4, 0xff,
    0xff, 0xff, 0xff, 0xff, 0xff, 0x4f, 0xff, 0xff,
    0xff, 0xff, 0xff, 0xf4, 0xff, 0xff, 0xff, 0xf9,
    0x11, 0xcf, 0x2f, 0xff, 0xff, 0xff, 0x70, 0xbf,
    0xa0, 0xff, 0xff, 0xff, 0xf7, 0xbf, 0xa0, 0xe,
    0xff, 0xff, 0xff, 0xff, 0xa0, 0x0, 0x4d, 0xee,
    0xee, 0xed, 0x80, 0x0, 0x0,

    /* U+F24A "" */
    0x5, 0x66, 0x66, 0x66, 0x66, 0x51, 0xb, 0xff,
    0xff, 0xff, 0xff, 0xff, 0xe0, 0xff, 0xff, 0xff,
    0xff, 0xff, 0xff, 0x3f, 0xff, 0xff, 0xff, 0xff,
    0xff, 0xf4, 0xff, 0xff, 0xff, 0xff, 0xff, 0xff,
    0x4f, 0xff, 0xff, 0xff, 0xff, 0xff, 0xf4, 0xff,
    0xff, 0xff, 0xff, 0xff, 0xff, 0x4f, 0xff, 0xff,
    0xff, 0xff, 0xff, 0xf4, 0xff, 0xff, 0xff, 0xf9,
    0x11, 0xcf, 0x2f, 0xff, 0xff, 0xff, 0x70, 0xbf,
    0xa0, 0xff, 0xff, 0xff, 0xf7, 0xbf, 0xa0, 0xe,
    0xff, 0xff, 0xff, 0xff, 0xa0, 0x0, 0x4d, 0xee,
    0xee, 0xed, 0x80, 0x0, 0x0,

    /* U+F24D "" */
    0x0, 0x0, 0x0, 0x0, 0x0, 0x0, 0x0, 0x0,
    0x0, 0x2d, 0xff, 0xff, 0xff, 0xf6, 0x0, 0x0,
    0x9f, 0xff, 0xff, 0xff, 0xff, 0x0, 0x0, 0x9f,
    0xff, 0xff, 0xff, 0xff, 0x0, 0x0, 0x9f, 0xff,
    0xff, 0xff, 0xff, 0x29, 0xa0, 0x9f, 0xff, 0xff,
    0xff, 0xff, 0xdf, 0xf0, 0x9f, 0xff, 0xff, 0xff,
    0xff, 0xfc, 0x10, 0x9f, 0xff, 0xff, 0xff, 0xff,
    0xfb, 0x0, 0x9f, 0xff, 0xff, 0xff, 0xff, 0xfb,
    0x0, 0x6f, 0xff, 0xff, 0xff, 0xfc, 0xfb, 0x0,
    0x6, 0x99, 0x99, 0x99, 0x81, 0xfb, 0x0, 0x0,
    0x0, 0x43, 0x0, 0x0, 0xfb, 0x0, 0x0, 0x1,
    0xf9, 0x0, 0x0, 0xef, 0xff, 0xff, 0xff, 0xf7,
    0x0, 0x0, 0x3b, 0xbb, 0xbb, 0xbb, 0x90, 0x0,
    0x0,

    /* U+F24E "" */
    0x0, 0x0, 0x0, 0x0, 0x3, 0x10, 0x0, 0x0,
    0x0, 0x0, 0x0, 0x18, 0x99, 0x9d, 0xff, 0xa9,
    0x99, 0x50, 0x0, 0x0, 0x3, 0xff, 0xff, 0xff,
    0xff, 0xff, 0xfb, 0x0, 0x0, 0x0, 0x1, 0x22,
    0x5f, 0xff, 0xc2, 0x22, 0x0, 0x0, 0x0, 0x1,
    0x91, 0x0, 0x9f, 0xe3, 0x0, 0x66, 0x0, 0x0,
    0x0, 0xbf, 0xa0, 0x2, 0xfa, 0x0, 0x2f, 0xf2,
    0x0, 0x0, 0x4f, 0x8f, 0x30, 0x2f, 0xa0, 0xb,
    0xcc, 0xb0, 0x0, 0xd, 0xa0, 0xbc, 0x2, 0xfa,
    0x5, 0xf3, 0x3f, 0x50, 0x7, 0xf1, 0x2, 0xf6,
    0x2f, 0xa0, 0xd9, 0x0, 0x9d, 0x0, 0xdd, 0x88,
    0x8d, 0xd2, 0xfa, 0x5f, 0x98, 0x89, 0xf5, 0xb,
    0xff, 0xff, 0xfa, 0x2f, 0xa2, 0xff, 0xff, 0xff,
    0x30, 0x9, 0xff, 0xf9, 0x2, 0xfa, 0x4, 0xdf,
    0xfd, 0x40, 0x0, 0x0, 0x10, 0x0, 0x2f, 0xa0,
    0x0, 0x0, 0x0, 0x0, 0x0, 0x3f, 0xff, 0xff,
    0xff, 0xff, 0xff, 0xa0, 0x0, 0x0, 0x1, 0xbc,
    0xcc, 0xcc, 0xcc, 0xcc, 0xc7, 0x0, 0x0,

    /* U+F250 "" */
    0x0, 0x0, 0x0, 0x0, 0x0, 0xc, 0xff, 0xff,
    0xff, 0xff, 0xf5, 0x8f, 0xeb, 0xbb, 0xbb, 0xfd,
    0x20, 0xfb, 0x0, 0x0, 0x3f, 0x80, 0xc, 0xf3,
    0x0, 0xa, 0xf4, 0x0, 0x3f, 0xe2, 0x9, 0xfb,
    0x0, 0x0, 0x6f, 0xea, 0xfc, 0x10, 0x0, 0x0,
    0x5f, 0xfc, 0x10, 0x0, 0x0, 0xa, 0xff, 0xe3,
    0x0, 0x0, 0xa, 0xfc, 0x5f, 0xe3, 0x0, 0x6,
    0xfb, 0x0, 0x5f, 0xd0, 0x0, 0xee, 0x10, 0x0,
    0x7f, 0x60, 0x1f, 0xa0, 0x0, 0x2, 0xf9, 0xc,
    0xff, 0xff, 0xff, 0xff, 0xf4, 0x8c, 0xcc, 0xcc,
    0xcc, 0xcb, 0x30,

    /* U+F251 "" */
    0x0, 0x0, 0x0, 0x0, 0x0, 0xc, 0xff, 0xff,
    0xff, 0xff, 0xf5, 0x8f, 0xff, 0xff, 0xff, 0xfd,
    0x20, 0xff, 0xff, 0xff, 0xff, 0x80, 0xc, 0xff,
    0xff, 0xff, 0xf4, 0x0, 0x3f, 0xff, 0xff, 0xfb,
    0x0, 0x0, 0x6f, 0xff, 0xfc, 0x10, 0x0, 0x0,
    0x5f, 0xfc, 0x10, 0x0, 0x0, 0xa, 0xff, 0xe3,
    0x0, 0x0, 0xa, 0xfc, 0x5f, 0xe3, 0x0, 0x6,
    0xfb, 0x0, 0x5f, 0xd0, 0x0, 0xee, 0x10, 0x0,
    0x7f, 0x60, 0x1f, 0xa0, 0x0, 0x2, 0xf9, 0xc,
    0xff, 0xff, 0xff, 0xff, 0xf4, 0x8b, 0xbb, 0xbb,
    0xbb, 0xbb, 0x20,

    /* U+F252 "" */
    0x0, 0x0, 0x0, 0x0, 0x0, 0xc, 0xff, 0xff,
    0xff, 0xff, 0xf5, 0x8f, 0xeb, 0xbb, 0xbb, 0xfd,
    0x20, 0xfc, 0x0, 0x0, 0x4f, 0x80, 0xc, 0xfc,
    0xbb, 0xbe, 0xf4, 0x0, 0x3f, 0xff, 0xff, 0xfa,
    0x0, 0x0, 0x5f, 0xff, 0xfb, 0x0, 0x0, 0x0,
    0x4f, 0xfc, 0x0, 0x0, 0x0, 0xb, 0xff, 0xf4,
    0x0, 0x0, 0xb, 0xfb, 0x4f, 0xf3, 0x0, 0x7,
    0xfb, 0x0, 0x4f, 0xe0, 0x0, 0xef, 0xcb, 0xbb,
    0xef, 0x60, 0x1f, 0xff, 0xff, 0xff, 0xf9, 0xc,
    0xff, 0xff, 0xff, 0xff, 0xf4, 0x8b, 0xbb, 0xbb,
    0xbb, 0xbb, 0x20,

    /* U+F253 "" */
    0x0, 0x0, 0x0, 0x0, 0x0, 0xc, 0xff, 0xff,
    0xff, 0xff, 0xf5, 0x8f, 0xeb, 0xbb, 0xbb, 0xfd,
    0x20, 0xfb, 0x0, 0x0, 0x3f, 0x80, 0xc, 0xf3,
    0x0, 0xa, 0xf4, 0x0, 0x3f, 0xe2, 0x9, 0xfb,
    0x0, 0x0, 0x6f, 0xea, 0xfc, 0x10, 0x0, 0x0,
    0x5f, 0xfc, 0x10, 0x0, 0x0, 0xa, 0xff, 0xe3,
    0x0, 0x0, 0xa, 0xff, 0xff, 0xe3, 0x0, 0x6,
    0xff, 0xff, 0xff, 0xd0, 0x0, 0xef, 0xff, 0xff,
    0xff, 0x60, 0x1f, 0xff, 0xff, 0xff, 0xf9, 0xc,
    0xff, 0xff, 0xff, 0xff, 0xf4, 0x8b, 0xbb, 0xbb,
    0xbb, 0xbb, 0x20,

    /* U+F254 "" */
    0x0, 0x0, 0x0, 0x0, 0x0, 0xc, 0xff, 0xff,
    0xff, 0xff, 0xf5, 0x8f, 0xeb, 0xbb, 0xbb, 0xfd,
    0x20, 0xfb, 0x0, 0x0, 0x3f, 0x80, 0xc, 0xf3,
    0x0, 0xa, 0xf4, 0x0, 0x3f, 0xe2, 0x9, 0xfb,
    0x0, 0x0, 0x6f, 0xea, 0xfc, 0x10, 0x0, 0x0,
    0x5f, 0xfc, 0x10, 0x0, 0x0, 0xa, 0xff, 0xe3,
    0x0, 0x0, 0xa, 0xfc, 0x5f, 0xe3, 0x0, 0x6,
    0xfb, 0x0, 0x5f, 0xd0, 0x0, 0xee, 0x10, 0x0,
    0x7f, 0x60, 0x1f, 0xa0, 0x0, 0x2, 0xf9, 0xc,
    0xff, 0xff, 0xff, 0xff, 0xf4, 0x8c, 0xcc, 0xcc,
    0xcc, 0xcb, 0x30,

    /* U+F255 "" */
    0x0, 0x0, 0x0, 0x0, 0x0, 0x0, 0x5, 0x77,
    0xf7, 0x10, 0x0, 0x1, 0xff, 0xff, 0xff, 0x92,
    0x0, 0x3f, 0xff, 0xff, 0xff, 0xf5, 0x4, 0xff,
    0xff, 0xff, 0xff, 0x89, 0xff, 0xff, 0xff, 0xff,
    0xf8, 0xff, 0xff, 0xff, 0xff, 0xff, 0x8e, 0xff,
    0xff, 0xff, 0xff, 0xf4, 0x6f, 0xff, 0xff, 0xff,
    0xfd, 0x0, 0xcf, 0xff, 0xff, 0xff, 0x50, 0x1,
    0x89, 0x99, 0x99, 0x40, 0x0, 0x1, 0x11, 0x11,
    0x11, 0x0, 0xe, 0xff, 0xff, 0xff, 0xf8, 0x1,
    0xff, 0xff, 0xff, 0xff, 0xa0, 0xc, 0xff, 0xff,
    0xff, 0xf6, 0x0,

    /* U+F256 "" */
    0x0, 0x0, 0x0, 0x0, 0x0, 0x0, 0x0, 0x0,
    0x0, 0x2, 0xe, 0x90, 0x20, 0x0, 0x0, 0x0,
    0x9f, 0x1f, 0xb9, 0xf0, 0x0, 0x0, 0x0, 0xaf,
    0x1f, 0xba, 0xf1, 0x34, 0x0, 0x0, 0xaf, 0x1f,
    0xba, 0xf1, 0xce, 0x0, 0x0, 0xaf, 0x1f, 0xba,
    0xf1, 0xcf, 0x0, 0x0, 0xaf, 0x1f, 0xba, 0xf1,
    0xcf, 0x0, 0x0, 0xaf, 0x7f, 0xdc, 0xf5, 0xdf,
    0x8, 0x70, 0xaf, 0xff, 0xff, 0xff, 0xff, 0x1f,
    0xf9, 0xaf, 0xff, 0xff, 0xff, 0xff, 0x8, 0xff,
    0xff, 0xff, 0xff, 0xff, 0xfd, 0x0, 0x7f, 0xff,
    0xff, 0xff, 0xff, 0xfa, 0x0, 0x6, 0xff, 0xff,
    0xff, 0xff, 0xf3, 0x0, 0x0, 0x4d, 0xff, 0xff,
    0xff, 0x60, 0x0, 0x0, 0x0, 0x7a, 0xdc, 0x92,
    0x0,

    /* U+F257 "" */
    0x1, 0x20, 0x0, 0x0, 0x14, 0x41, 0x0, 0xe,
    0xfd, 0x83, 0x0, 0xbf, 0xff, 0x70, 0xb, 0xff,
    0xff, 0xe9, 0x42, 0xef, 0xf5, 0x0, 0x16, 0xbf,
    0xff, 0xff, 0xff, 0xfc, 0x15, 0x55, 0x56, 0xbf,
    0xff, 0xff, 0xff, 0xdf, 0xff, 0xff, 0xff, 0xff,
    0xff, 0xff, 0x8d, 0xdd, 0xdd, 0xff, 0xff, 0xff,
    0xff, 0x0, 0x0, 0x3, 0xff, 0xff, 0xff, 0xff,
    0x0, 0x0, 0x0, 0xdf, 0xff, 0xff, 0xfd, 0x0,
    0x0, 0x0, 0x4f, 0xff, 0xff, 0xf7, 0x0, 0x0,
    0x0, 0x2f, 0xff, 0xff, 0x80, 0x0, 0x0, 0x0,
    0x1, 0x33, 0x30, 0x0,

    /* U+F258 "" */
    0x38, 0x99, 0x99, 0x99, 0x61, 0x0, 0x0, 0xdf,
    0xff, 0xff, 0xff, 0xfe, 0x20, 0x0, 0x9f, 0xff,
    0xff, 0xff, 0xff, 0xd0, 0x0, 0x0, 0x0, 0x0,
    0x1a, 0xff, 0xf8, 0x0, 0x0, 0x0, 0x0, 0x3,
    0xff, 0xff, 0x30, 0x0, 0x0, 0x0, 0x1a, 0xff,
    0xff, 0xd0, 0x0, 0xcf, 0xff, 0xff, 0xff, 0xff,
    0xf7, 0x2, 0xff, 0xff, 0xff, 0xff, 0xff, 0xfe,
    0x0, 0x59, 0x99, 0x9a, 0xff, 0xff, 0xff, 0x0,
    0x0, 0x0, 0x0, 0x3d, 0xff, 0xff, 0x0, 0x0,
    0x0, 0x0, 0x4, 0xff, 0xfe, 0x0, 0x0, 0x0,
    0x0, 0x0, 0x23, 0x31,

    /* U+F259 "" */
    0x0, 0x0, 0x0, 0x0, 0x0, 0x0, 0x0, 0x0,
    0x0, 0x0, 0xb, 0xc0, 0x0, 0x2, 0x0, 0x0,
    0x0, 0x0, 0xa, 0xf2, 0x0, 0x1f, 0x70, 0x0,
    0x0, 0xb, 0x76, 0xf6, 0x0, 0x5f, 0x63, 0x50,
    0x0, 0xe, 0xe2, 0xfa, 0x0, 0x9f, 0x3d, 0xe0,
    0x0, 0x9, 0xf3, 0xde, 0x0, 0xcf, 0x2f, 0xb0,
    0x0, 0x4, 0xf8, 0x9f, 0x30, 0xfc, 0x6f, 0x60,
    0x0, 0x0, 0xfd, 0x8f, 0x96, 0xfb, 0xcf, 0x10,
    0x6, 0x80, 0xaf, 0xff, 0xff, 0xff, 0xfc, 0x0,
    0xe, 0xfb, 0x7f, 0xff, 0xff, 0xff, 0xf8, 0x0,
    0x5, 0xff, 0xff, 0xff, 0xff, 0xff, 0xf3, 0x0,
    0x0, 0x5f, 0xff, 0xff, 0xff, 0xff, 0xe0, 0x0,
    0x0, 0x4, 0xff, 0xff, 0xff, 0xff, 0x80, 0x0,
    0x0, 0x0, 0x2c, 0xff, 0xff, 0xfd, 0x10, 0x0,
    0x0, 0x0, 0x0, 0x69, 0xcc, 0x81, 0x0, 0x0,

    /* U+F25A "" */
    0x0, 0x0, 0x0, 0x0, 0x0, 0x0, 0x0, 0x0,
    0x1e, 0x90, 0x0, 0x0, 0x0, 0x0, 0x4, 0xfe,
    0x0, 0x0, 0x0, 0x0, 0x0, 0x4f, 0xe0, 0x0,
    0x0, 0x0, 0x0, 0x4, 0xfe, 0x0, 0x0, 0x0,
    0x0, 0x0, 0x4f, 0xe2, 0x0, 0x0, 0x0, 0x0,
    0x4, 0xff, 0xfd, 0xc8, 0x0, 0x0, 0x0, 0x4f,
    0xff, 0xff, 0xff, 0xe0, 0x4a, 0x14, 0xff, 0xff,
    0xff, 0xff, 0x3a, 0xfc, 0x4f, 0xe5, 0x8b, 0x3f,
    0xf4, 0x3f, 0xfc, 0xfe, 0x48, 0xb3, 0xff, 0x40,
    0x6f, 0xff, 0xe6, 0x9b, 0x4f, 0xf2, 0x0, 0x9f,
    0xff, 0xff, 0xff, 0xfe, 0x0, 0x0, 0x7f, 0xff,
    0xff, 0xff, 0x50, 0x0, 0x0, 0x16, 0xaa, 0xa8,
    0x20, 0x0,

    /* U+F25B "" */
    0x0, 0x0, 0x1, 0x40, 0x0, 0x0, 0x0, 0x53,
    0x0, 0xaf, 0x0, 0x0, 0x0, 0xe, 0xe0, 0xa,
    0xf1, 0x0, 0x0, 0x0, 0x9f, 0x50, 0xaf, 0x10,
    0x0, 0x0, 0x2, 0xfc, 0xa, 0xf1, 0x0, 0x0,
    0x0, 0xb, 0xf3, 0xaf, 0x1c, 0xb0, 0x10, 0x0,
    0x4f, 0xaa, 0xf1, 0xfe, 0x1f, 0x70, 0x0, 0x21,
    0x12, 0xf, 0xe2, 0xf9, 0x0, 0x6e, 0xff, 0xb0,
    0x54, 0x2f, 0x90, 0xf, 0xff, 0xfe, 0x7, 0x74,
    0x83, 0x1, 0xff, 0x53, 0x5, 0xff, 0xfd, 0x70,
    0xf, 0xfa, 0x8a, 0xff, 0xff, 0xf5, 0x0, 0x9f,
    0xff, 0xff, 0xff, 0xfe, 0x10, 0x0, 0xbf, 0xff,
    0xff, 0xff, 0x40, 0x0, 0x0, 0x7c, 0xef, 0xda,
    0x20, 0x0,

    /* U+F25C "" */
    0x7b, 0xbb, 0xbb, 0x70, 0x94, 0x0, 0x0, 0x8,
    0x4c, 0xff, 0xff, 0xfc, 0x1f, 0xf1, 0x0, 0x7,
    0xfa, 0x0, 0x6f, 0x60, 0x1, 0xff, 0xb0, 0x2,
    0xff, 0xa0, 0x5, 0xf5, 0x0, 0x1f, 0xff, 0x60,
    0xcf, 0xfa, 0x0, 0x5f, 0x50, 0x1, 0xfc, 0xff,
    0x9f, 0xbf, 0xa0, 0x5, 0xf5, 0x0, 0x1f, 0xa6,
    0xff, 0xe2, 0xfa, 0x0, 0x5f, 0x50, 0x1, 0xfa,
    0xb, 0xf4, 0x1f, 0xa0, 0x5, 0xf5, 0x0, 0x1f,
    0xa0, 0x2, 0x1, 0xfa, 0x0, 0x3f, 0x30, 0x0,
    0xe7, 0x0, 0x0, 0xd, 0x70, 0x0, 0x0, 0x0,
    0x0, 0x0, 0x0, 0x0, 0x0,

    /* U+F25D "" */
    0x0, 0x0, 0x7c, 0xff, 0xc7, 0x0, 0x0, 0x0,
    0x2d, 0xff, 0xff, 0xff, 0xd2, 0x0, 0x2, 0xff,
    0xff, 0xff, 0xff, 0xff, 0x20, 0xc, 0xff, 0xff,
    0xff, 0xff, 0xff, 0xc0, 0x5f, 0xff, 0xe2, 0x11,
    0x6f, 0xff, 0xf5, 0xbf, 0xff, 0xc0, 0x11, 0x9,
    0xff, 0xfb, 0xef, 0xff, 0xc0, 0xdf, 0x37, 0xff,
    0xfe, 0xff, 0xff, 0xc0, 0x34, 0xb, 0xff, 0xff,
    0xef, 0xff, 0xc0, 0x51, 0x5f, 0xff, 0xfe, 0xbf,
    0xff, 0xc0, 0xd9, 0xd, 0xff, 0xfb, 0x5f, 0xff,
    0xe3, 0xff, 0x4c, 0xff, 0xf5, 0xc, 0xff, 0xff,
    0xff, 0xff, 0xff, 0xc0, 0x2, 0xff, 0xff, 0xff,
    0xff, 0xff, 0x20, 0x0, 0x2d, 0xff, 0xff, 0xff,
    0xd2, 0x0, 0x0, 0x0, 0x7c, 0xff, 0xc7, 0x0,
    0x0,

    /* U+F26C "" */
    0x18, 0x99, 0x99, 0x99, 0x99, 0x99, 0x99, 0x70,
    0xcf, 0xff, 0xff, 0xff, 0xff, 0xff, 0xff, 0xf8,
    0xfc, 0x22, 0x22, 0x22, 0x22, 0x22, 0x22, 0xfb,
    0xfc, 0x0, 0x0, 0x0, 0x0, 0x0, 0x0, 0xfc,
    0xfc, 0x0, 0x0, 0x0, 0x0, 0x0, 0x0, 0xfc,
    0xfc, 0x0, 0x0, 0x0, 0x0, 0x0, 0x0, 0xfc,
    0xfc, 0x0, 0x0, 0x0, 0x0, 0x0, 0x0, 0xfc,
    0xfc, 0x0, 0x0, 0x0, 0x0, 0x0, 0x0, 0xfc,
    0xfc, 0x0, 0x0, 0x0, 0x0, 0x0, 0x0, 0xfb,
    0xdf, 0xff, 0xff, 0xff, 0xff, 0xff, 0xff, 0xf9,
    0x2a, 0xbb, 0xbb, 0xbb, 0xbb, 0xbb, 0xbb, 0x91,
    0x0, 0x0, 0x0, 0x0, 0x0, 0x0, 0x0, 0x0,
    0x0, 0x5, 0xff, 0xff, 0xff, 0xfe, 0x10, 0x0,
    0x0, 0x3, 0xbc, 0xcc, 0xcc, 0xca, 0x0, 0x0,

    /* U+F271 "" */
    0x0, 0x2, 0x0, 0x0, 0x20, 0x0, 0x0, 0x4,
    0xf4, 0x0, 0x1f, 0x80, 0x0, 0x17, 0xbf, 0xb8,
    0x89, 0xfd, 0x72, 0xc, 0xff, 0xff, 0xff, 0xff,
    0xff, 0xf1, 0xff, 0xff, 0xff, 0xff, 0xff, 0xff,
    0x3f, 0xff, 0xff, 0xff, 0xff, 0xff, 0xf4, 0xff,
    0xff, 0xf9, 0x5f, 0xff, 0xff, 0x4f, 0xff, 0xff,
    0x73, 0xff, 0xff, 0xf4, 0xff, 0xfa, 0x0, 0x0,
    0x6f, 0xff, 0x4f, 0xff, 0xea, 0x42, 0xad, 0xff,
    0xf4, 0xff, 0xff, 0xf7, 0x3f, 0xff, 0xff, 0x4f,
    0xff, 0xff, 0xed, 0xff, 0xff, 0xf4, 0xef, 0xff,
    0xff, 0xff, 0xff, 0xff, 0x25, 0xef, 0xff, 0xff,
    0xff, 0xfe, 0x80,

    /* U+F272 "" */
    0x0, 0x2, 0x0, 0x0, 0x20, 0x0, 0x0, 0x4,
    0xf4, 0x0, 0x1f, 0x80, 0x0, 0x17, 0xbf, 0xb8,
    0x89, 0xfd, 0x72, 0xc, 0xff, 0xff, 0xff, 0xff,
    0xff, 0xf1, 0xff, 0xff, 0xff, 0xff, 0xff, 0xff,
    0x3f, 0xff, 0xff, 0xff, 0xff, 0xff, 0xf4, 0xff,
    0xff, 0xff, 0xff, 0xff, 0xff, 0x4f, 0xff, 0xff,
    0xff, 0xff, 0xff, 0xf4, 0xff, 0xfa, 0x0, 0x0,
    0x6f, 0xff, 0x4f, 0xff, 0xea, 0xaa, 0xad, 0xff,
    0xf4, 0xff, 0xff, 0xff, 0xff, 0xff, 0xff, 0x4f,
    0xff, 0xff, 0xff, 0xff, 0xff, 0xf4, 0xef, 0xff,
    0xff, 0xff, 0xff, 0xff, 0x25, 0xef, 0xff, 0xff,
    0xff, 0xfe, 0x80,

    /* U+F273 "" */
    0x0, 0x0, 0x0, 0x0, 0x0, 0x0, 0x0, 0x3,
    0xe3, 0x0, 0xe, 0x70, 0x0, 0x3, 0x8f, 0x84,
    0x45, 0xfb, 0x40, 0xa, 0xff, 0xff, 0xff, 0xff,
    0xff, 0xd0, 0xff, 0xff, 0xff, 0xff, 0xff, 0xff,
    0x3f, 0xff, 0xff, 0xff, 0xff, 0xff, 0xf4, 0xff,
    0xff, 0xef, 0xfe, 0xff, 0xff, 0x4f, 0xff, 0xf3,
    0x48, 0xe, 0xff, 0xf4, 0xff, 0xff, 0xd0, 0x9,
    0xff, 0xff, 0x4f, 0xff, 0xf7, 0x1, 0x3f, 0xff,
    0xf4, 0xff, 0xff, 0x7b, 0xd5, 0xff, 0xff, 0x4f,
    0xff, 0xff, 0xff, 0xff, 0xff, 0xf4, 0xef, 0xff,
    0xff, 0xff, 0xff, 0xff, 0x25, 0xef, 0xff, 0xff,
    0xff, 0xfe, 0x90,

    /* U+F274 "" */
    0x0, 0x2, 0x0, 0x0, 0x10, 0x0, 0x0, 0x4,
    0xf4, 0x0, 0x1f, 0x80, 0x0, 0x5, 0xaf, 0xa6,
    0x67, 0xfc, 0x61, 0xb, 0xff, 0xff, 0xff, 0xff,
    0xff, 0xe0, 0xff, 0xff, 0xff, 0xff, 0xff, 0xff,
    0x3f, 0xff, 0xff, 0xff, 0xf6, 0x9f, 0xf4, 0xff,
    0xff, 0xff, 0xf9, 0xc, 0xff, 0x4f, 0xff, 0xff,
    0xfd, 0x8, 0xff, 0xf4, 0xff, 0xd5, 0xef, 0x23,
    0xff, 0xff, 0x4f, 0xfe, 0x13, 0x61, 0xef, 0xff,
    0xf4, 0xff, 0xfd, 0x10, 0xaf, 0xff, 0xff, 0x4f,
    0xff, 0xfd, 0xaf, 0xff, 0xff, 0xf4, 0xef, 0xff,
    0xff, 0xff, 0xff, 0xff, 0x25, 0xef, 0xff, 0xff,
    0xff, 0xfe, 0x80,

    /* U+F275 "" */
    0x24, 0x40, 0x0, 0x0, 0x0, 0x0, 0x0, 0xef,
    0xf6, 0x0, 0x0, 0x0, 0x0, 0x0, 0xff, 0xf7,
    0x0, 0x0, 0x0, 0x0, 0x0, 0xff, 0xf7, 0x0,
    0x6, 0x50, 0x0, 0x47, 0xff, 0xf7, 0x5, 0xdf,
    0xb0, 0x3c, 0xff, 0xff, 0xfb, 0xdf, 0xff, 0xdb,
    0xff, 0xff, 0xff, 0xff, 0xff, 0xff, 0xff, 0xff,
    0xff, 0xff, 0xff, 0xff, 0xff, 0xff, 0xff, 0xff,
    0xff, 0xff, 0xff, 0xff, 0xff, 0xff, 0xff, 0xff,
    0xff, 0xff, 0xff, 0xff, 0xff, 0xff, 0xff, 0xff,
    0xff, 0xff, 0xff, 0xff, 0xff, 0xff, 0xff, 0xff,
    0xff, 0xff, 0xff, 0xff, 0x7e, 0xff, 0xff, 0xff,
    0xff, 0xff, 0xe8,

    /* U+F276 "" */
    0x0, 0x1, 0x20, 0x0, 0x0, 0x1b, 0xff, 0xf6,
    0x0, 0xc, 0xe5, 0x2f, 0xf6, 0x4, 0xf3, 0x18,
    0xff, 0xe0, 0x7d, 0xb, 0xff, 0xff, 0x16, 0xe7,
    0xff, 0xff, 0xf0, 0x2f, 0xff, 0xff, 0xfa, 0x0,
    0x7f, 0xff, 0xfd, 0x10, 0x0, 0x4d, 0xf7, 0x10,
    0x0, 0x0, 0xaf, 0x10, 0x0, 0x0, 0xa, 0xf1,
    0x0, 0x0, 0x0, 0xaf, 0x10, 0x0, 0x0, 0xa,
    0xf1, 0x0, 0x0, 0x0, 0xaf, 0x10, 0x0, 0x0,
    0x5, 0xb0, 0x0, 0x0,

    /* U+F277 "" */
    0x0, 0x0, 0x0, 0x0, 0x0, 0x0, 0x0, 0x0,
    0x0, 0x0, 0xcb, 0x0, 0x0, 0x0, 0x4, 0x66,
    0x66, 0xfe, 0x66, 0x66, 0x20, 0x1f, 0xff, 0xff,
    0xff, 0xff, 0xff, 0xe2, 0x2f, 0xff, 0xff, 0xff,
    0xff, 0xff, 0xf9, 0x1f, 0xff, 0xff, 0xff, 0xff,
    0xff, 0xc0, 0x0, 0x11, 0x11, 0xed, 0x11, 0x11,
    0x0, 0x0, 0x22, 0x22, 0xed, 0x22, 0x22, 0x0,
    0x1d, 0xff, 0xff, 0xff, 0xff, 0xff, 0xe0, 0xaf,
    0xff, 0xff, 0xff, 0xff, 0xff, 0xf1, 0x3e, 0xff,
    0xff, 0xff, 0xff, 0xff, 0xf0, 0x2, 0x55, 0x55,
    0xfe, 0x55, 0x55, 0x30, 0x0, 0x0, 0x0, 0xed,
    0x0, 0x0, 0x0, 0x0, 0x0, 0x0, 0xed, 0x0,
    0x0, 0x0, 0x0, 0x0, 0x0, 0x97, 0x0, 0x0,
    0x0,

    /* U+F278 "" */
    0x0, 0x7, 0xb7, 0x20, 0x0, 0x1, 0x98, 0x7,
    0xef, 0xff, 0xfd, 0x73, 0x9f, 0xff, 0xcf, 0xff,
    0xf8, 0xaf, 0xff, 0xff, 0xff, 0xff, 0xff, 0xf3,
    0x0, 0x7f, 0xff, 0xff, 0xff, 0xff, 0xf3, 0x0,
    0x3f, 0xff, 0xff, 0xff, 0xff, 0xf3, 0x0, 0x3f,
    0xff, 0xff, 0xff, 0xff, 0xf3, 0x0, 0x3f, 0xff,
    0xff, 0xff, 0xff, 0xf3, 0x0, 0x3f, 0xff, 0xff,
    0xff, 0xff, 0xf3, 0x0, 0x3f, 0xff, 0xff, 0xff,
    0xff, 0xf3, 0x0, 0x3f, 0xff, 0xff, 0xff, 0xff,
    0xfd, 0x82, 0x4f, 0xff, 0xff, 0xff, 0xff, 0xbf,
    0xff, 0xef, 0xff, 0xe6, 0xef, 0x92, 0x0, 0x5a,
    0xff, 0xe7, 0x0, 0x11, 0x0, 0x0, 0x0, 0x3,
    0x0, 0x0,

    /* U+F279 "" */
    0x0, 0x7, 0xb7, 0x20, 0x0, 0x1, 0x98, 0x7,
    0xef, 0xff, 0xfd, 0x73, 0x9f, 0xff, 0xcf, 0xff,
    0xf8, 0xaf, 0xff, 0xff, 0xff, 0xff, 0xff, 0xf3,
    0x0, 0x7f, 0xff, 0xff, 0xff, 0xff, 0xf3, 0x0,
    0x3f, 0xff, 0xff, 0xff, 0xff, 0xf3, 0x0, 0x3f,
    0xff, 0xff, 0xff, 0xff, 0xf3, 0x0, 0x3f, 0xff,
    0xff, 0xff, 0xff, 0xf3, 0x0, 0x3f, 0xff, 0xff,
    0xff, 0xff, 0xf3, 0x0, 0x3f, 0xff, 0xff, 0xff,
    0xff, 0xf3, 0x0, 0x3f, 0xff, 0xff, 0xff, 0xff,
    0xfd, 0x82, 0x4f, 0xff, 0xff, 0xff, 0xff, 0xbf,
    0xff, 0xef, 0xff, 0xe6, 0xef, 0x92, 0x0, 0x5a,
    0xff, 0xe7, 0x0, 0x11, 0x0, 0x0, 0x0, 0x3,
    0x0, 0x0,

    /* U+F27A "" */
    0x1, 0x56, 0x66, 0x66, 0x66, 0x65, 0x10, 0x4f,
    0xff, 0xff, 0xff, 0xff, 0xff, 0xf4, 0xdf, 0xff,
    0xff, 0xff, 0xff, 0xff, 0xfd, 0xff, 0xff, 0xff,
    0xff, 0xff, 0xff, 0xff, 0xff, 0xff, 0xff, 0xff,
    0xff, 0xff, 0xff, 0xff, 0xff, 0xff, 0xff, 0xff,
    0xff, 0xff, 0xff, 0xff, 0xff, 0xff, 0xff, 0xff,
    0xff, 0xff, 0xff, 0xff, 0xff, 0xff, 0xff, 0xff,
    0xff, 0xff, 0xff, 0xff, 0xff, 0xff, 0xff, 0xff,
    0xff, 0xff, 0xff, 0xff, 0xff, 0xff, 0xbf, 0xff,
    0xff, 0xff, 0xff, 0xff, 0xfa, 0x1b, 0xff, 0xff,
    0xff, 0xff, 0xff, 0xb1, 0x0, 0x8, 0xff, 0xe5,
    0x0, 0x0, 0x0, 0x0, 0x7, 0xfc, 0x10, 0x0,
    0x0, 0x0, 0x0, 0x3, 0x70, 0x0, 0x0, 0x0,
    0x0,

    /* U+F27B "" */
    0x0, 0x0, 0x0, 0x1, 0x10, 0x0, 0x0, 0x0,
    0x0, 0x2, 0xaf, 0xff, 0xfa, 0x20, 0x0, 0x0,
    0x8, 0xff, 0xff, 0xff, 0xff, 0x80, 0x0, 0x7,
    0xff, 0xff, 0xff, 0xff, 0xff, 0x70, 0x3, 0xff,
    0xff, 0xff, 0xff, 0xff, 0xff, 0x30, 0xaf, 0xff,
    0xff, 0xff, 0xff, 0xff, 0xfa, 0xe, 0xff, 0xaf,
    0xfc, 0xcf, 0xfa, 0xff, 0xe0, 0xff, 0xb0, 0xbf,
    0x33, 0xfb, 0xb, 0xff, 0xc, 0xff, 0xef, 0xff,
    0xff, 0xfe, 0xff, 0xd0, 0x8f, 0xff, 0xff, 0xff,
    0xff, 0xff, 0xf9, 0x1, 0xff, 0xff, 0xff, 0xff,
    0xff, 0xfe, 0x10, 0xb, 0xff, 0xff, 0xff, 0xff,
    0xff, 0x40, 0x3, 0xff, 0xff, 0xff, 0xff, 0xfd,
    0x40, 0x0, 0xcf, 0xf9, 0x6b, 0xdd, 0xb6, 0x0,
    0x0, 0x9, 0x71, 0x0, 0x0, 0x0, 0x0, 0x0,
    0x0,

    /* U+F283 "" */
    0x18, 0x99, 0x99, 0x99, 0x99, 0x99, 0x81, 0xcf,
    0xff, 0xff, 0xff, 0xff, 0xff, 0xfc, 0xff, 0xff,
    0xff, 0xff, 0xff, 0xff, 0xff, 0x0, 0x0, 0x0,
    0x0, 0x0, 0x0, 0x0, 0x88, 0x88, 0x88, 0x88,
    0x88, 0x88, 0x88, 0xff, 0xff, 0xff, 0xff, 0xff,
    0xff, 0xff, 0xff, 0xff, 0xff, 0xff, 0xff, 0xff,
    0xff, 0xff, 0xff, 0xff, 0xff, 0xff, 0xff, 0xff,
    0xfd, 0x0, 0xcc, 0x0, 0x6f, 0xff, 0xff, 0xff,
    0xcc, 0xff, 0xcb, 0xef, 0xff, 0xff, 0x6f, 0xff,
    0xff, 0xff, 0xff, 0xff, 0xf6,

    /* U+F28B "" */
    0x0, 0x0, 0x1, 0x33, 0x10, 0x0, 0x0, 0x0,
    0x2, 0xbf, 0xff, 0xfb, 0x20, 0x0, 0x0, 0x7f,
    0xff, 0xff, 0xff, 0xf7, 0x0, 0x6, 0xff, 0xff,
    0xff, 0xff, 0xff, 0x60, 0x1f, 0xff, 0xff, 0xff,
    0xff, 0xff, 0xf1, 0x9f, 0xff, 0xa4, 0xff, 0x4a,
    0xff, 0xf9, 0xdf, 0xff, 0x60, 0xed, 0x6, 0xff,
    0xfd, 0xff, 0xff, 0x50, 0xed, 0x5, 0xff, 0xff,
    0xef, 0xff, 0x50, 0xed, 0x5, 0xff, 0xfe, 0xcf,
    0xff, 0x60, 0xfd, 0x6, 0xff, 0xfc, 0x6f, 0xff,
    0xda, 0xff, 0xae, 0xff, 0xf6, 0xc, 0xff, 0xff,
    0xff, 0xff, 0xff, 0xc0, 0x2, 0xff, 0xff, 0xff,
    0xff, 0xff, 0x20, 0x0, 0x2c, 0xff, 0xff, 0xff,
    0xc2, 0x0, 0x0, 0x0, 0x5a, 0xcc, 0xa5, 0x0,
    0x0,

    /* U+F28C "" */
    0x0, 0x0, 0x1, 0x33, 0x10, 0x0, 0x0, 0x0,
    0x2, 0xbf, 0xff, 0xfb, 0x20, 0x0, 0x0, 0x7f,
    0xff, 0xff, 0xff, 0xf7, 0x0, 0x6, 0xff, 0xff,
    0xff, 0xff, 0xff, 0x60, 0x1f, 0xff, 0xff, 0xff,
    0xff, 0xff, 0xf1, 0x9f, 0xff, 0xa4, 0xff, 0x4a,
    0xff, 0xf9, 0xdf, 0xff, 0x60, 0xed, 0x6, 0xff,
    0xfd, 0xff, 0xff, 0x50, 0xed, 0x5, 0xff, 0xff,
    0xef, 0xff, 0x50, 0xed, 0x5, 0xff, 0xfe, 0xcf,
    0xff, 0x60, 0xfd, 0x6, 0xff, 0xfc, 0x6f, 0xff,
    0xda, 0xff, 0xae, 0xff, 0xf6, 0xc, 0xff, 0xff,
    0xff, 0xff, 0xff, 0xc0, 0x2, 0xff, 0xff, 0xff,
    0xff, 0xff, 0x20, 0x0, 0x2c, 0xff, 0xff, 0xff,
    0xc2, 0x0, 0x0, 0x0, 0x5a, 0xcc, 0xa5, 0x0,
    0x0,

    /* U+F28D "" */
    0x0, 0x0, 0x1, 0x33, 0x10, 0x0, 0x0, 0x0,
    0x2, 0xbf, 0xff, 0xfb, 0x20, 0x0, 0x0, 0x7f,
    0xff, 0xff, 0xff, 0xf7, 0x0, 0x6, 0xff, 0xff,
    0xff, 0xff, 0xff, 0x60, 0x1f, 0xff, 0xff, 0xff,
    0xff, 0xff, 0xf1, 0x9f, 0xff, 0xa2, 0x11, 0x2a,
    0xff, 0xf9, 0xdf, 0xff, 0x60, 0x0, 0x6, 0xff,
    0xfd, 0xff, 0xff, 0x50, 0x0, 0x5, 0xff, 0xff,
    0xef, 0xff, 0x50, 0x0, 0x5, 0xff, 0xfe, 0xcf,
    0xff, 0x60, 0x0, 0x6, 0xff, 0xfc, 0x7f, 0xff,
    0xd6, 0x66, 0x6d, 0xff, 0xf7, 0xd, 0xff, 0xff,
    0xff, 0xff, 0xff, 0xd0, 0x3, 0xff, 0xff, 0xff,
    0xff, 0xff, 0x30, 0x0, 0x3d, 0xff, 0xff, 0xff,
    0xd3, 0x0, 0x0, 0x0, 0x7c, 0xee, 0xc7, 0x0,
    0x0,

    /* U+F28E "" */
    0x0, 0x0, 0x1, 0x33, 0x10, 0x0, 0x0, 0x0,
    0x2, 0xbf, 0xff, 0xfb, 0x20, 0x0, 0x0, 0x7f,
    0xff, 0xff, 0xff, 0xf7, 0x0, 0x6, 0xff, 0xff,
    0xff, 0xff, 0xff, 0x60, 0x1f, 0xff, 0xff, 0xff,
    0xff, 0xff, 0xf1, 0x9f, 0xff, 0xa2, 0x11, 0x2a,
    0xff, 0xf9, 0xdf, 0xff, 0x60, 0x0, 0x6, 0xff,
    0xfd, 0xff, 0xff, 0x50, 0x0, 0x5, 0xff, 0xff,
    0xef, 0xff, 0x50, 0x0, 0x5, 0xff, 0xfe, 0xcf,
    0xff, 0x60, 0x0, 0x6, 0xff, 0xfc, 0x7f, 0xff,
    0xd6, 0x66, 0x6d, 0xff, 0xf7, 0xd, 0xff, 0xff,
    0xff, 0xff, 0xff, 0xd0, 0x3, 0xff, 0xff, 0xff,
    0xff, 0xff, 0x30, 0x0, 0x3d, 0xff, 0xff, 0xff,
    0xd3, 0x0, 0x0, 0x0, 0x7c, 0xee, 0xc7, 0x0,
    0x0,

    /* U+F290 "" */
    0x0, 0x0, 0x0, 0x0, 0x0, 0x0, 0x0, 0x0,
    0x9, 0xff, 0xa1, 0x0, 0x0, 0x0, 0x8, 0xf5,
    0x4d, 0xa0, 0x0, 0x0, 0x0, 0xd7, 0x0, 0x3f,
    0x0, 0x0, 0x0, 0xe, 0x50, 0x1, 0xf1, 0x0,
    0x4, 0xaa, 0xfc, 0xaa, 0xbf, 0xba, 0x50, 0xef,
    0xfc, 0xff, 0xff, 0xcf, 0xff, 0x1f, 0xff, 0x4c,
    0xff, 0xf2, 0xff, 0xf2, 0xff, 0xff, 0xff, 0xff,
    0xff, 0xff, 0x2f, 0xff, 0xff, 0xff, 0xff, 0xff,
    0xf2, 0xff, 0xff, 0xff, 0xff, 0xff, 0xff, 0x2f,
    0xff, 0xff, 0xff, 0xff, 0xff, 0xf2, 0xff, 0xff,
    0xff, 0xff, 0xff, 0xff, 0x1a, 0xff, 0xff, 0xff,
    0xff, 0xff, 0xc0, 0x1a, 0xef, 0xff, 0xff, 0xfe,
    0xb2, 0x0,

    /* U+F291 "" */
    0x0, 0x0, 0x0, 0x2, 0x0, 0x0, 0x0, 0x0,
    0x0, 0x0, 0x0, 0x4f, 0xc0, 0x0, 0x0, 0x0,
    0x0, 0x0, 0x3, 0xfa, 0xec, 0x0, 0x0, 0x0,
    0x0, 0x0, 0x3f, 0xa0, 0x2e, 0xb0, 0x0, 0x0,
    0x0, 0x2, 0xea, 0x0, 0x2, 0xea, 0x0, 0x0,
    0x6f, 0xff, 0xff, 0xff, 0xff, 0xff, 0xff, 0xd1,
    0x5f, 0xff, 0xff, 0xff, 0xff, 0xff, 0xff, 0xd1,
    0xd, 0xff, 0x9a, 0xf7, 0xcf, 0x6e, 0xff, 0x70,
    0xa, 0xff, 0x46, 0xf2, 0x8f, 0xb, 0xff, 0x30,
    0x6, 0xff, 0x46, 0xf2, 0x8f, 0xb, 0xff, 0x0,
    0x3, 0xff, 0x46, 0xf2, 0x8f, 0xb, 0xfc, 0x0,
    0x0, 0xff, 0x9a, 0xf7, 0xcf, 0x6e, 0xf9, 0x0,
    0x0, 0xbf, 0xff, 0xff, 0xff, 0xff, 0xf5, 0x0,
    0x0, 0x2c, 0xff, 0xff, 0xff, 0xfe, 0x90, 0x0,

    /* U+F292 "" */
    0x0, 0x0, 0x8, 0x20, 0x0, 0x65, 0x0, 0x0,
    0x0, 0x3f, 0x70, 0x0, 0xfb, 0x0, 0x0, 0x0,
    0x7f, 0x50, 0x3, 0xf9, 0x0, 0x0, 0x0, 0xaf,
    0x10, 0x6, 0xf5, 0x0, 0xa, 0xff, 0xff, 0xff,
    0xff, 0xff, 0xfc, 0x7, 0xdd, 0xfe, 0xdd, 0xdf,
    0xfd, 0xd9, 0x0, 0x4, 0xf7, 0x0, 0xf, 0xb0,
    0x0, 0x0, 0x8, 0xf4, 0x0, 0x4f, 0x80, 0x0,
    0x0, 0xb, 0xf0, 0x0, 0x7f, 0x40, 0x0, 0x9d,
    0xdf, 0xfd, 0xdd, 0xef, 0xdd, 0x70, 0xcf, 0xff,
    0xff, 0xff, 0xff, 0xff, 0xa0, 0x0, 0x5f, 0x60,
    0x1, 0xfa, 0x0, 0x0, 0x0, 0x9f, 0x30, 0x5,
    0xf7, 0x0, 0x0, 0x0, 0xbf, 0x0, 0x7, 0xf3,
    0x0, 0x0, 0x0, 0x56, 0x0, 0x2, 0x80, 0x0,
    0x0,

    /* U+F295 "" */
    0x1, 0xaf, 0xc2, 0x0, 0x0, 0x6, 0xc1, 0xa,
    0xff, 0xfe, 0x0, 0x0, 0x5f, 0xf1, 0xf, 0xff,
    0xff, 0x30, 0x5, 0xff, 0x30, 0xd, 0xff, 0xff,
    0x10, 0x4f, 0xf4, 0x0, 0x5, 0xff, 0xf9, 0x4,
    0xff, 0x40, 0x0, 0x0, 0x26, 0x40, 0x3f, 0xf5,
    0x0, 0x0, 0x0, 0x0, 0x3, 0xef, 0x60, 0x0,
    0x0, 0x0, 0x0, 0x2e, 0xf6, 0x2, 0x74, 0x0,
    0x0, 0x2, 0xef, 0x70, 0x5f, 0xff, 0x90, 0x0,
    0x1e, 0xf8, 0x0, 0xdf, 0xff, 0xf1, 0x1, 0xdf,
    0x80, 0x0, 0xff, 0xff, 0xf3, 0xc, 0xf9, 0x0,
    0x0, 0xaf, 0xff, 0xe0, 0xa, 0x90, 0x0, 0x0,
    0x1a, 0xfc, 0x30,

    /* U+F29A "" */
    0x0, 0x0, 0x1, 0x33, 0x10, 0x0, 0x0, 0x0,
    0x2, 0xbf, 0xff, 0xfb, 0x20, 0x0, 0x0, 0x7f,
    0xff, 0xff, 0xff, 0xf7, 0x0, 0x6, 0xff, 0xff,
    0x33, 0xff, 0xff, 0x60, 0x1f, 0xff, 0xff, 0x22,
    0xff, 0xff, 0xf1, 0x9f, 0xfc, 0x7b, 0xee, 0xb7,
    0xcf, 0xf9, 0xdf, 0xfc, 0x20, 0x0, 0x2, 0xcf,
    0xfd, 0xff, 0xff, 0xf9, 0x0, 0x9f, 0xff, 0xff,
    0xef, 0xff, 0xfa, 0x0, 0xaf, 0xff, 0xfe, 0xcf,
    0xff, 0xf7, 0x11, 0x7f, 0xff, 0xfc, 0x6f, 0xff,
    0xf2, 0x77, 0x2f, 0xff, 0xf6, 0xc, 0xff, 0xe0,
    0xdd, 0xe, 0xff, 0xc0, 0x2, 0xff, 0xfe, 0xff,
    0xdf, 0xff, 0x20, 0x0, 0x2c, 0xff, 0xff, 0xff,
    0xc2, 0x0, 0x0, 0x0, 0x5a, 0xdc, 0xa5, 0x0,
    0x0,

    /* U+F29C "" */
    0x0, 0x0, 0x2, 0x44, 0x20, 0x0, 0x0, 0x0,
    0x4, 0xdf, 0xff, 0xfd, 0x40, 0x0, 0x0, 0x9f,
    0xff, 0xff, 0xff, 0xf9, 0x0, 0x7, 0xff, 0xff,
    0xff, 0xff, 0xff, 0x70, 0x2f, 0xff, 0xfc, 0x44,
    0xcf, 0xff, 0xf2, 0x9f, 0xff, 0xf1, 0x33, 0x1f,
    0xff, 0xf9, 0xdf, 0xff, 0xe0, 0xdc, 0xd, 0xff,
    0xfd, 0xff, 0xff, 0xfe, 0xc1, 0x2f, 0xff, 0xff,
    0xef, 0xff, 0xff, 0x63, 0xff, 0xff, 0xfe, 0xcf,
    0xff, 0xff, 0xee, 0xff, 0xff, 0xfc, 0x6f, 0xff,
    0xff, 0x44, 0xff, 0xff, 0xf6, 0xc, 0xff, 0xff,
    0x88, 0xff, 0xff, 0xc0, 0x2, 0xff, 0xff, 0xff,
    0xff, 0xff, 0x20, 0x0, 0x2c, 0xff, 0xff, 0xff,
    0xc2, 0x0, 0x0, 0x0, 0x5a, 0xcc, 0xa5, 0x0,
    0x0,

    /* U+F29D "" */
    0x0, 0x0, 0x0, 0x0, 0x0, 0x0, 0x0, 0x0,
    0x0, 0xb, 0xf6, 0x0, 0x0, 0x0, 0x0, 0x0,
    0x2, 0xff, 0xb0, 0x0, 0x0, 0x0, 0x0, 0x0,
    0x8, 0xd4, 0x0, 0x0, 0x0, 0x0, 0x0, 0x0,
    0x11, 0x0, 0x0, 0x0, 0x0, 0x0, 0x2, 0xcf,
    0xfc, 0x20, 0x0, 0x0, 0x0, 0x2, 0xef, 0xff,
    0xfe, 0x10, 0x0, 0x0, 0x0, 0xcf, 0xcf, 0xfe,
    0xfd, 0x0, 0x0, 0x0, 0xf, 0xb7, 0xff, 0x99,
    0xf8, 0x0, 0x0, 0x0, 0xfa, 0x6f, 0xf9, 0x7,
    0x30, 0x0, 0x0, 0x5, 0x21, 0xff, 0xa0, 0x5,
    0xb0, 0x0, 0x0, 0x0, 0x4, 0xff, 0x60, 0x2f,
    0x80, 0x0, 0x0, 0x9, 0x42, 0xef, 0x20, 0x5f,
    0x40, 0x0, 0x3, 0xfd, 0x5, 0xf7, 0x0, 0x9e,
    0x10, 0x3, 0xff, 0x40, 0x2f, 0xa0, 0x0, 0xcc,
    0x0, 0xef, 0x40, 0x0, 0xfb, 0x0, 0x2, 0xf7,
    0x7, 0x40, 0x0, 0x6, 0x40, 0x0, 0x4, 0x50,

    /* U+F29E "" */
    0x18, 0x99, 0x99, 0x99, 0x99, 0x99, 0x81, 0xcf,
    0xff, 0xff, 0xff, 0xff, 0xff, 0xfc, 0xff, 0xff,
    0xff, 0xff, 0xff, 0xff, 0xff, 0xff, 0xf6, 0x13,
    0xdc, 0x11, 0x6f, 0xff, 0xff, 0xb0, 0x70, 0x4a,
    0x27, 0xb, 0xff, 0xff, 0xa0, 0xc3, 0x3a, 0x4f,
    0xa, 0xff, 0xff, 0xa0, 0x0, 0x3a, 0x4f, 0xa,
    0xff, 0xff, 0xa1, 0xf4, 0x3a, 0x0, 0x1e, 0xff,
    0xff, 0xfc, 0xfd, 0xdf, 0xaa, 0xef, 0xff, 0xff,
    0xff, 0xff, 0xff, 0xff, 0xff, 0xff, 0x6f, 0xff,
    0xff, 0xff, 0xff, 0xff, 0xf6,

    /* U+F2A0 "" */
    0x0, 0x0, 0x0, 0x0, 0x0, 0x0, 0x0, 0x0,
    0x0, 0x1, 0x20, 0x0, 0x2f, 0xeb, 0x30, 0x0,
    0x0, 0x7f, 0xf4, 0x0, 0x2, 0x6b, 0xf8, 0x0,
    0x7, 0xff, 0xfb, 0x0, 0x6, 0x30, 0x5f, 0x60,
    0xe, 0xff, 0xff, 0x20, 0x1d, 0xfb, 0x17, 0xf1,
    0xf, 0xff, 0xff, 0x60, 0x0, 0x2d, 0xa0, 0xe6,
    0xe, 0xff, 0xfc, 0x10, 0x1c, 0x45, 0xf0, 0xb9,
    0x8, 0xff, 0xf1, 0x0, 0x1c, 0x41, 0xc0, 0x58,
    0x2, 0xff, 0xfa, 0x0, 0x0, 0x0, 0x0, 0x0,
    0x0, 0xbf, 0xff, 0x40, 0x0, 0x0, 0x0, 0x0,
    0x0, 0x1e, 0xff, 0xf6, 0x0, 0x8b, 0x50, 0x0,
    0x0, 0x4, 0xff, 0xff, 0xa8, 0xff, 0xfe, 0x50,
    0x0, 0x0, 0x6f, 0xff, 0xff, 0xff, 0xff, 0xd0,
    0x0, 0x0, 0x3, 0xdf, 0xff, 0xff, 0xff, 0x70,
    0x0, 0x0, 0x0, 0x8, 0xef, 0xff, 0xfc, 0x0,
    0x0, 0x0, 0x0, 0x0, 0x4, 0x9a, 0x70, 0x0,
    0x0, 0x0, 0x0, 0x0, 0x0, 0x0, 0x0, 0x0,

    /* U+F2A1 "" */
    0x5, 0x71, 0x0, 0x4, 0x72, 0x9, 0xff, 0xe1,
    0x7, 0xff, 0xf2, 0xff, 0xff, 0x50, 0xdf, 0xff,
    0x7c, 0xff, 0xf2, 0xa, 0xff, 0xf4, 0x2b, 0xc5,
    0x0, 0x1a, 0xc7, 0x0, 0x23, 0x0, 0x0, 0x13,
    0x0, 0x6f, 0xfc, 0x0, 0x5f, 0xfd, 0x1e, 0xff,
    0xf4, 0xc, 0xd6, 0xf6, 0xdf, 0xff, 0x30, 0xbe,
    0xaf, 0x53, 0xde, 0x70, 0x2, 0xcf, 0x90, 0x0,
    0x10, 0x0, 0x0, 0x10, 0x5, 0xff, 0xa0, 0x3,
    0xef, 0xb0, 0xed, 0x9f, 0x40, 0xce, 0x8f, 0x6e,
    0xd9, 0xf4, 0xc, 0xe8, 0xf6, 0x5f, 0xfa, 0x0,
    0x3e, 0xfb, 0x0, 0x1, 0x0, 0x0, 0x1, 0x0,

    /* U+F2A2 "" */
    0x0, 0x0, 0x0, 0x0, 0x0, 0x20, 0x0, 0x0,
    0x0, 0x0, 0x0, 0x4, 0xfb, 0x0, 0x0, 0x0,
    0x4, 0x75, 0x10, 0xaf, 0xb0, 0x0, 0x5, 0xef,
    0xff, 0xf6, 0xb, 0xf5, 0x0, 0x3f, 0xf8, 0x47,
    0xef, 0x51, 0xfa, 0x0, 0xcf, 0x37, 0xd9, 0x2e,
    0xe0, 0xde, 0x1, 0xfb, 0x5f, 0x8e, 0x88, 0xf3,
    0x7a, 0x0, 0xa3, 0x6a, 0x6, 0x96, 0xf5, 0x0,
    0x0, 0x0, 0x0, 0x0, 0xa, 0xf2, 0x0, 0x0,
    0x1, 0x60, 0x0, 0x4f, 0xc0, 0x0, 0x7, 0x35,
    0xf3, 0x0, 0xdf, 0x20, 0x0, 0xf, 0xf4, 0x20,
    0x1, 0xfa, 0x0, 0x0, 0x4, 0xff, 0x20, 0x8,
    0xf7, 0x0, 0x0, 0xc8, 0x4c, 0x21, 0xef, 0xe1,
    0x0, 0x0, 0x85, 0x0, 0x0, 0xa9, 0x10, 0x0,
    0x0,

    /* U+F2A3 "" */
    0x0, 0x2, 0x0, 0x11, 0x0, 0x0, 0x0, 0x0,
    0x0, 0x0, 0x6f, 0x44, 0xfc, 0x0, 0x0, 0x0,
    0x0, 0x0, 0x0, 0xef, 0x8f, 0xf5, 0x0, 0x0,
    0x0, 0x0, 0x0, 0x6, 0xff, 0xfe, 0x66, 0x70,
    0x0, 0x0, 0x0, 0x0, 0xe, 0xff, 0xff, 0xff,
    0xf1, 0x3a, 0xbb, 0xa5, 0x0, 0x6f, 0xff, 0xff,
    0xd6, 0x13, 0xff, 0xff, 0xff, 0xa0, 0xcf, 0xff,
    0xff, 0xf8, 0x5, 0xd3, 0x3f, 0xff, 0xf3, 0xff,
    0xff, 0xc5, 0xce, 0x4, 0xc2, 0x2f, 0xff, 0xf7,
    0xdf, 0xff, 0x80, 0x59, 0x4, 0xff, 0xff, 0xff,
    0xf5, 0x5f, 0xff, 0xfc, 0xfe, 0x0, 0x7f, 0xff,
    0xff, 0xf1, 0x5, 0xdf, 0xff, 0xc2, 0x5e, 0xff,
    0xff, 0xff, 0x90, 0x0, 0x0, 0x0, 0x0, 0x6d,
    0x9a, 0xff, 0xff, 0x10, 0x0, 0x0, 0x0, 0x0,
    0x0, 0x7f, 0xfb, 0xf9, 0x0, 0x0, 0x0, 0x0,
    0x0, 0x4, 0xfe, 0x3c, 0xf1, 0x0, 0x0, 0x0,
    0x0, 0x0, 0x1, 0x71, 0x4, 0x40, 0x0,

    /* U+F2A4 "" */
    0x0, 0x0, 0x0, 0x0, 0x0, 0x0, 0x1, 0x0,
    0x0, 0x0, 0x0, 0x0, 0x0, 0x1d, 0xf0, 0x0,
    0x0, 0x4, 0x75, 0x10, 0xa, 0xf8, 0x0, 0x0,
    0x4e, 0xff, 0xff, 0x70, 0x46, 0x0, 0x0, 0x3f,
    0xf8, 0x46, 0xef, 0x70, 0x0, 0x0, 0xb, 0xf4,
    0x7d, 0xa2, 0xef, 0x10, 0x0, 0x0, 0xfc, 0x5f,
    0x8e, 0x97, 0xf4, 0x0, 0x0, 0x9, 0x46, 0xa0,
    0x5a, 0x5f, 0x60, 0x0, 0x0, 0x0, 0x0, 0x0,
    0x9, 0xf3, 0x0, 0x0, 0x0, 0x16, 0x0, 0x3,
    0xfd, 0x0, 0x0, 0x0, 0x1d, 0xf3, 0x0, 0xcf,
    0x30, 0x0, 0x0, 0x1d, 0xf9, 0x0, 0xf, 0xb0,
    0x0, 0x0, 0x1d, 0xf9, 0x0, 0x8, 0xf8, 0x0,
    0x0, 0xb, 0xf9, 0x0, 0x1e, 0xfe, 0x10, 0x0,
    0x0, 0x77, 0x0, 0x0, 0xa9, 0x10, 0x0, 0x0,
    0x0,

    /* U+F2A7 "" */
    0x0, 0x0, 0x0, 0x0, 0x0, 0x0, 0x0, 0x0,
    0x0, 0x0, 0x0, 0xa1, 0xd4, 0x0, 0x0, 0x0,
    0x0, 0x0, 0xe, 0x9a, 0xd0, 0x0, 0x0, 0x0,
    0x0, 0x4c, 0x5f, 0x4f, 0x70, 0x0, 0x0, 0x0,
    0x12, 0x90, 0x14, 0x8f, 0x14, 0x60, 0x0, 0x9,
    0xb0, 0x68, 0x1, 0xd9, 0xcf, 0x0, 0x0, 0x14,
    0xb, 0xfe, 0x40, 0xde, 0xf0, 0x4, 0x55, 0x55,
    0x5c, 0xff, 0x42, 0xfe, 0x0, 0xef, 0xff, 0xff,
    0xff, 0xfd, 0xb, 0xb0, 0x45, 0x55, 0x5f, 0xff,
    0xff, 0xf3, 0x75, 0xd, 0xff, 0xff, 0xff, 0xff,
    0xff, 0x51, 0x0, 0x5, 0x66, 0x6f, 0xff, 0xff,
    0xf3, 0x0, 0x0, 0xef, 0xff, 0xff, 0xff, 0xfe,
    0x0, 0x0, 0x0, 0x55, 0x5f, 0xff, 0xff, 0x40,
    0x0, 0x0, 0x2e, 0xff, 0xff, 0xea, 0x20, 0x0,
    0x0,

    /* U+F2A8 "" */
    0x0, 0x0, 0x0, 0x0, 0x0, 0x0, 0x0, 0x0,
    0x0, 0xe8, 0x0, 0x0, 0x0, 0x0, 0x0, 0x0,
    0x0, 0x5, 0xf8, 0x0, 0x1, 0x44, 0x10, 0x0,
    0x0, 0x0, 0x5, 0xf8, 0x6e, 0xff, 0xff, 0xc3,
    0x0, 0x0, 0x0, 0x5, 0xff, 0xff, 0xef, 0xff,
    0xf8, 0x0, 0x0, 0x0, 0x5, 0xfd, 0x20, 0x4,
    0xdf, 0xfa, 0x0, 0x0, 0x9b, 0x5, 0xfa, 0xcb,
    0x31, 0xef, 0xf8, 0x0, 0x2, 0xec, 0x5, 0xff,
    0xff, 0x27, 0xff, 0xf2, 0x5, 0x22, 0xec, 0x5,
    0xff, 0xf7, 0x4f, 0xff, 0xa0, 0xae, 0x22, 0xec,
    0x5, 0xff, 0x54, 0xff, 0xf8, 0x0, 0xbe, 0x22,
    0xec, 0x5, 0xf8, 0x9f, 0xfe, 0x0, 0x0, 0xbe,
    0x22, 0xec, 0x5, 0xff, 0xff, 0x30, 0x0, 0x0,
    0xbe, 0x22, 0xec, 0x5, 0xff, 0x50, 0x0, 0x0,
    0x0, 0xbe, 0x2, 0xeb, 0x5, 0xf8, 0x0, 0x0,
    0x0, 0x0, 0x50, 0x2, 0x90, 0x5, 0xf8, 0x0,
    0x0, 0x0, 0x0, 0x0, 0x0, 0x0, 0x5, 0xf7,
    0x0, 0x0, 0x0, 0x0, 0x0, 0x0, 0x0, 0x5,
    0x60,

    /* U+F2B4 "" */
    0x2, 0x0, 0x0, 0x0, 0x0, 0x0, 0x0, 0x6f,
    0xd0, 0x0, 0x0, 0x0, 0x0, 0x0, 0x9f, 0xf1,
    0x0, 0x0, 0x0, 0x0, 0x0, 0x2f, 0xe9, 0x99,
    0x99, 0x99, 0x99, 0x93, 0x1f, 0xff, 0xff, 0xff,
    0xff, 0xff, 0xf7, 0x1f, 0xff, 0xff, 0xff, 0xff,
    0xff, 0xf1, 0x1f, 0xff, 0xff, 0xff, 0xff, 0xff,
    0x90, 0x1f, 0xff, 0xff, 0xff, 0xff, 0xff, 0x20,
    0x1f, 0xff, 0xff, 0xff, 0xff, 0xfe, 0x0, 0x1f,
    0xff, 0xff, 0xff, 0xff, 0xff, 0x60, 0x1f, 0xff,
    0xff, 0xff, 0xff, 0xff, 0xd0, 0x1f, 0xff, 0xff,
    0xff, 0xff, 0xff, 0xf4, 0x1f, 0xff, 0xff, 0xff,
    0xff, 0xff, 0xf6, 0x1f, 0x90, 0x0, 0x0, 0x0,
    0x0, 0x0, 0x1b, 0x70, 0x0, 0x0, 0x0, 0x0,
    0x0,

    /* U+F2B5 "" */
    0x10, 0x0, 0x0, 0x0, 0x0, 0x0, 0x0, 0x1,
    0xf7, 0x0, 0x66, 0x0, 0x67, 0x73, 0x1, 0xab,
    0xff, 0xee, 0xf4, 0x1e, 0xff, 0xff, 0xcf, 0xfb,
    0xff, 0xff, 0x51, 0xdf, 0xff, 0xff, 0xff, 0xfb,
    0xff, 0xf7, 0xc, 0xff, 0xff, 0xff, 0xff, 0xfb,
    0xff, 0xe0, 0xaf, 0xfc, 0x2b, 0xff, 0xff, 0xfb,
    0xff, 0xf0, 0x5b, 0x80, 0x10, 0xbf, 0xff, 0xfb,
    0xff, 0xfc, 0x30, 0x18, 0xf6, 0xb, 0xff, 0xfb,
    0xdf, 0xff, 0xff, 0xff, 0xff, 0x60, 0xbf, 0xf9,
    0x1b, 0xff, 0xff, 0xff, 0xff, 0xf6, 0xa, 0x80,
    0x0, 0x9f, 0xff, 0xff, 0xff, 0xdf, 0x30, 0x0,
    0x0, 0x6, 0xff, 0xeb, 0xfb, 0x7, 0x0, 0x0,
    0x0, 0x0, 0x3b, 0x90, 0x8c, 0x30, 0x0, 0x0,

    /* U+F2B6 "" */
    0x0, 0x0, 0x0, 0x0, 0x0, 0x0, 0x0, 0x0,
    0x0, 0x6, 0xff, 0x60, 0x0, 0x0, 0x0, 0x0,
    0xaf, 0xee, 0xfa, 0x0, 0x0, 0x0, 0x3d, 0xfc,
    0x11, 0xcf, 0xd3, 0x0, 0x6, 0xff, 0x80, 0x0,
    0x8, 0xff, 0x60, 0x8f, 0xe4, 0x0, 0x0, 0x0,
    0x4e, 0xf9, 0xff, 0x20, 0x0, 0x0, 0x0, 0x2,
    0xff, 0xff, 0xd3, 0x0, 0x0, 0x0, 0x2d, 0xff,
    0xff, 0xff, 0x60, 0x0, 0x6, 0xff, 0xff, 0xff,
    0xff, 0xfa, 0x11, 0xaf, 0xff, 0xff, 0xff, 0xff,
    0xff, 0xff, 0xff, 0xff, 0xff, 0xff, 0xff, 0xff,
    0xff, 0xff, 0xff, 0xff, 0xff, 0xff, 0xff, 0xff,
    0xff, 0xff, 0xff, 0xef, 0xff, 0xff, 0xff, 0xff,
    0xff, 0xfe, 0x4c, 0xdd, 0xdd, 0xdd, 0xdd, 0xdd,
    0xc4,

    /* U+F2B7 "" */
    0x0, 0x0, 0x0, 0x0, 0x0, 0x0, 0x0, 0x0,
    0x0, 0x6, 0xff, 0x60, 0x0, 0x0, 0x0, 0x0,
    0xaf, 0xee, 0xfa, 0x0, 0x0, 0x0, 0x3d, 0xfc,
    0x11, 0xcf, 0xd3, 0x0, 0x6, 0xff, 0x80, 0x0,
    0x8, 0xff, 0x60, 0x8f, 0xe4, 0x0, 0x0, 0x0,
    0x4e, 0xf9, 0xff, 0x20, 0x0, 0x0, 0x0, 0x2,
    0xff, 0xff, 0xd3, 0x0, 0x0, 0x0, 0x2d, 0xff,
    0xff, 0xff, 0x60, 0x0, 0x6, 0xff, 0xff, 0xff,
    0xff, 0xfa, 0x11, 0xaf, 0xff, 0xff, 0xff, 0xff,
    0xff, 0xff, 0xff, 0xff, 0xff, 0xff, 0xff, 0xff,
    0xff, 0xff, 0xff, 0xff, 0xff, 0xff, 0xff, 0xff,
    0xff, 0xff, 0xff, 0xef, 0xff, 0xff, 0xff, 0xff,
    0xff, 0xfe, 0x4c, 0xdd, 0xdd, 0xdd, 0xdd, 0xdd,
    0xc4,

    /* U+F2B9 "" */
    0x0, 0x33, 0x33, 0x33, 0x33, 0x30, 0x0, 0xa,
    0xff, 0xff, 0xff, 0xff, 0xfa, 0x0, 0xf, 0xff,
    0xff, 0xff, 0xff, 0xff, 0x3, 0x1f, 0xff, 0xff,
    0xff, 0xff, 0xff, 0x1d, 0x1f, 0xff, 0xfe, 0x9e,
    0xff, 0xff, 0x1c, 0x1f, 0xff, 0xf4, 0x4, 0xff,
    0xff, 0x10, 0x1f, 0xff, 0xf3, 0x3, 0xff, 0xff,
    0x17, 0x1f, 0xff, 0xfc, 0x5c, 0xff, 0xff, 0x1d,
    0x1f, 0xff, 0xfe, 0xde, 0xff, 0xff, 0x18, 0x1f,
    0xff, 0x40, 0x0, 0x4f, 0xff, 0x11, 0x1f, 0xfa,
    0x0, 0x0, 0xa, 0xff, 0x1d, 0x1f, 0xfe, 0x88,
    0x88, 0x8e, 0xff, 0x1d, 0x1f, 0xff, 0xff, 0xff,
    0xff, 0xff, 0x11, 0xf, 0xff, 0xff, 0xff, 0xff,
    0xff, 0x0, 0x6, 0xef, 0xff, 0xff, 0xff, 0xe6,
    0x0,

    /* U+F2BA "" */
    0x0, 0x33, 0x33, 0x33, 0x33, 0x30, 0x0, 0xa,
    0xff, 0xff, 0xff, 0xff, 0xfa, 0x0, 0xf, 0xff,
    0xff, 0xff, 0xff, 0xff, 0x3, 0x1f, 0xff, 0xff,
    0xff, 0xff, 0xff, 0x1d, 0x1f, 0xff, 0xfe, 0x9e,
    0xff, 0xff, 0x1c, 0x1f, 0xff, 0xf4, 0x4, 0xff,
    0xff, 0x10, 0x1f, 0xff, 0xf3, 0x3, 0xff, 0xff,
    0x17, 0x1f, 0xff, 0xfc, 0x5c, 0xff, 0xff, 0x1d,
    0x1f, 0xff, 0xfe, 0xde, 0xff, 0xff, 0x18, 0x1f,
    0xff, 0x40, 0x0, 0x4f, 0xff, 0x11, 0x1f, 0xfa,
    0x0, 0x0, 0xa, 0xff, 0x1d, 0x1f, 0xfe, 0x88,
    0x88, 0x8e, 0xff, 0x1d, 0x1f, 0xff, 0xff, 0xff,
    0xff, 0xff, 0x11, 0xf, 0xff, 0xff, 0xff, 0xff,
    0xff, 0x0, 0x6, 0xef, 0xff, 0xff, 0xff, 0xe6,
    0x0,

    /* U+F2BB "" */
    0x1, 0x22, 0x22, 0x22, 0x22, 0x22, 0x22, 0x10,
    0x8f, 0xff, 0xff, 0xff, 0xff, 0xff, 0xff, 0xf7,
    0xff, 0xff, 0xff, 0xff, 0xff, 0xff, 0xff, 0xfe,
    0xff, 0xff, 0xde, 0xff, 0xff, 0xee, 0xef, 0xfe,
    0xff, 0xf9, 0x0, 0xef, 0xf4, 0x0, 0x6, 0xfe,
    0xff, 0xf6, 0x0, 0xcf, 0xfe, 0xcc, 0xce, 0xfe,
    0xff, 0xfe, 0x68, 0xff, 0xfb, 0x88, 0x8c, 0xfe,
    0xff, 0xff, 0xdd, 0xff, 0xf8, 0x44, 0x49, 0xfe,
    0xff, 0x70, 0x0, 0xa, 0xff, 0xff, 0xff, 0xfe,
    0xfd, 0x0, 0x0, 0x0, 0xff, 0xff, 0xff, 0xfe,
    0xff, 0xba, 0xaa, 0xab, 0xff, 0xff, 0xff, 0xfe,
    0xef, 0xff, 0xff, 0xff, 0xff, 0xff, 0xff, 0xfd,
    0x5e, 0xff, 0xff, 0xff, 0xff, 0xff, 0xff, 0xd4,

    /* U+F2BC "" */
    0x1, 0x22, 0x22, 0x22, 0x22, 0x22, 0x22, 0x10,
    0x8f, 0xff, 0xff, 0xff, 0xff, 0xff, 0xff, 0xf7,
    0xff, 0xff, 0xff, 0xff, 0xff, 0xff, 0xff, 0xfe,
    0xff, 0xff, 0xde, 0xff, 0xff, 0xee, 0xef, 0xfe,
    0xff, 0xf9, 0x0, 0xef, 0xf4, 0x0, 0x6, 0xfe,
    0xff, 0xf6, 0x0, 0xcf, 0xfe, 0xcc, 0xce, 0xfe,
    0xff, 0xfe, 0x68, 0xff, 0xfb, 0x88, 0x8c, 0xfe,
    0xff, 0xff, 0xdd, 0xff, 0xf8, 0x44, 0x49, 0xfe,
    0xff, 0x70, 0x0, 0xa, 0xff, 0xff, 0xff, 0xfe,
    0xfd, 0x0, 0x0, 0x0, 0xff, 0xff, 0xff, 0xfe,
    0xff, 0xba, 0xaa, 0xab, 0xff, 0xff, 0xff, 0xfe,
    0xef, 0xff, 0xff, 0xff, 0xff, 0xff, 0xff, 0xfd,
    0x5e, 0xff, 0xff, 0xff, 0xff, 0xff, 0xff, 0xd4,

    /* U+F2BD "" */
    0x0, 0x0, 0x2, 0x44, 0x20, 0x0, 0x0, 0x0,
    0x4, 0xdf, 0xff, 0xfd, 0x40, 0x0, 0x0, 0x9f,
    0xff, 0xff, 0xff, 0xf9, 0x0, 0x7, 0xff, 0xff,
    0xff, 0xff, 0xff, 0x70, 0x2f, 0xff, 0xfc, 0x44,
    0xcf, 0xff, 0xf2, 0x9f, 0xff, 0xf2, 0x0, 0x2f,
    0xff, 0xf9, 0xef, 0xff, 0xf1, 0x0, 0x1f, 0xff,
    0xfd, 0xff, 0xff, 0xfa, 0x11, 0xaf, 0xff, 0xff,
    0xef, 0xff, 0xff, 0xff, 0xff, 0xff, 0xfe, 0xbf,
    0xff, 0xc7, 0x55, 0x7c, 0xff, 0xfb, 0x5f, 0xfb,
    0x0, 0x0, 0x0, 0xbf, 0xf5, 0xb, 0xf8, 0x0,
    0x0, 0x0, 0x8f, 0xb0, 0x1, 0xef, 0xb5, 0x11,
    0x5b, 0xfe, 0x10, 0x0, 0x1a, 0xff, 0xff, 0xff,
    0xa1, 0x0, 0x0, 0x0, 0x49, 0xbb, 0x94, 0x0,
    0x0,

    /* U+F2BE "" */
    0x0, 0x0, 0x2, 0x44, 0x20, 0x0, 0x0, 0x0,
    0x4, 0xdf, 0xff, 0xfd, 0x40, 0x0, 0x0, 0x9f,
    0xff, 0xff, 0xff, 0xf9, 0x0, 0x7, 0xff, 0xff,
    0xff, 0xff, 0xff, 0x70, 0x2f, 0xff, 0xfc, 0x44,
    0xcf, 0xff, 0xf2, 0x9f, 0xff, 0xf2, 0x0, 0x2f,
    0xff, 0xf9, 0xef, 0xff, 0xf1, 0x0, 0x1f, 0xff,
    0xfd, 0xff, 0xff, 0xfa, 0x11, 0xaf, 0xff, 0xff,
    0xef, 0xff, 0xff, 0xff, 0xff, 0xff, 0xfe, 0xbf,
    0xff, 0xc7, 0x55, 0x7c, 0xff, 0xfb, 0x5f, 0xfb,
    0x0, 0x0, 0x0, 0xbf, 0xf5, 0xb, 0xf8, 0x0,
    0x0, 0x0, 0x8f, 0xb0, 0x1, 0xef, 0xb5, 0x11,
    0x5b, 0xfe, 0x10, 0x0, 0x1a, 0xff, 0xff, 0xff,
    0xa1, 0x0, 0x0, 0x0, 0x49, 0xbb, 0x94, 0x0,
    0x0,

    /* U+F2C0 "" */
    0x0, 0x0, 0x0, 0x0, 0x0, 0x0, 0x0, 0x0,
    0x8e, 0xfa, 0x10, 0x0, 0x0, 0x9, 0xff, 0xff,
    0xc0, 0x0, 0x0, 0xf, 0xff, 0xff, 0xf4, 0x0,
    0x0, 0x1f, 0xff, 0xff, 0xf5, 0x0, 0x0, 0xd,
    0xff, 0xff, 0xf1, 0x0, 0x0, 0x3, 0xef, 0xff,
    0x60, 0x0, 0x0, 0x0, 0x16, 0x72, 0x0, 0x0,
    0x0, 0x0, 0x0, 0x0, 0x0, 0x0, 0x0, 0x8,
    0xcf, 0xfd, 0xa2, 0x0, 0x2, 0xef, 0xff, 0xff,
    0xff, 0x50, 0xc, 0xff, 0xff, 0xff, 0xff, 0xf1,
    0x4f, 0xff, 0xff, 0xff, 0xff, 0xf8, 0x7f, 0xff,
    0xff, 0xff, 0xff, 0xfb, 0x3b, 0xbb, 0xbb, 0xbb,
    0xbb, 0xb6,

    /* U+F2C1 "" */
    0x0, 0x0, 0x0, 0x0, 0x0, 0x7, 0xff, 0xff,
    0xff, 0xff, 0xb0, 0xff, 0xfe, 0xbb, 0xdf, 0xff,
    0x3f, 0xff, 0xb3, 0x27, 0xff, 0xf4, 0xff, 0xff,
    0xff, 0xff, 0xff, 0x4f, 0xff, 0xff, 0xff, 0xff,
    0xf4, 0xff, 0xff, 0x86, 0xef, 0xff, 0x4f, 0xff,
    0xd0, 0x8, 0xff, 0xf4, 0xff, 0xff, 0x31, 0xdf,
    0xff, 0x4f, 0xff, 0xff, 0xff, 0xff, 0xf4, 0xff,
    0xf6, 0x22, 0x4d, 0xff, 0x4f, 0xf7, 0x0, 0x0,
    0x2f, 0xf4, 0xff, 0x40, 0x0, 0x0, 0xff, 0x4e,
    0xff, 0xff, 0xff, 0xff, 0xf2, 0x3b, 0xbb, 0xbb,
    0xbb, 0xb6, 0x0,

    /* U+F2C2 "" */
    0x18, 0x99, 0x99, 0x99, 0x99, 0x99, 0x99, 0x70,
    0xcf, 0xff, 0xff, 0xff, 0xff, 0xff, 0xff, 0xf8,
    0x22, 0x22, 0x22, 0x22, 0x22, 0x22, 0x22, 0x21,
    0x77, 0x77, 0x77, 0x77, 0x77, 0x77, 0x77, 0x75,
    0xff, 0xff, 0xff, 0xff, 0xff, 0xff, 0xff, 0xfc,
    0xff, 0xfc, 0x35, 0xff, 0xf8, 0x44, 0x4b, 0xfc,
    0xff, 0xf6, 0x0, 0xcf, 0xfa, 0x77, 0x7c, 0xfc,
    0xff, 0xfb, 0x13, 0xff, 0xff, 0xdd, 0xdf, 0xfc,
    0xff, 0xff, 0xff, 0xff, 0xf4, 0x0, 0x8, 0xfc,
    0xff, 0xc4, 0x22, 0x6f, 0xfc, 0x88, 0x8e, 0xfc,
    0xff, 0x30, 0x0, 0xa, 0xff, 0xff, 0xff, 0xfc,
    0xef, 0xfc, 0xcc, 0xdf, 0xff, 0xff, 0xff, 0xfa,
    0x5e, 0xff, 0xff, 0xff, 0xff, 0xff, 0xff, 0xd2,

    /* U+F2C3 "" */
    0x18, 0x99, 0x99, 0x99, 0x99, 0x99, 0x99, 0x70,
    0xcf, 0xff, 0xff, 0xff, 0xff, 0xff, 0xff, 0xf8,
    0x22, 0x22, 0x22, 0x22, 0x22, 0x22, 0x22, 0x21,
    0x77, 0x77, 0x77, 0x77, 0x77, 0x77, 0x77, 0x75,
    0xff, 0xff, 0xff, 0xff, 0xff, 0xff, 0xff, 0xfc,
    0xff, 0xfc, 0x35, 0xff, 0xf8, 0x44, 0x4b, 0xfc,
    0xff, 0xf6, 0x0, 0xcf, 0xfa, 0x77, 0x7c, 0xfc,
    0xff, 0xfb, 0x13, 0xff, 0xff, 0xdd, 0xdf, 0xfc,
    0xff, 0xff, 0xff, 0xff, 0xf4, 0x0, 0x8, 0xfc,
    0xff, 0xc4, 0x22, 0x6f, 0xfc, 0x88, 0x8e, 0xfc,
    0xff, 0x30, 0x0, 0xa, 0xff, 0xff, 0xff, 0xfc,
    0xef, 0xfc, 0xcc, 0xdf, 0xff, 0xff, 0xff, 0xfa,
    0x5e, 0xff, 0xff, 0xff, 0xff, 0xff, 0xff, 0xd2,

    /* U+F2C7 "" */
    0x0, 0x0, 0x10, 0x0, 0x0, 0x3, 0xef, 0xd3,
    0x0, 0x0, 0xdf, 0xef, 0xd0, 0x0, 0x1f, 0xe0,
    0xef, 0x0, 0x1, 0xfd, 0xe, 0xf1, 0x0, 0x1f,
    0xd0, 0xef, 0x10, 0x1, 0xfd, 0xe, 0xf1, 0x0,
    0x1f, 0xd0, 0xef, 0x10, 0x7, 0xfd, 0xe, 0xf7,
    0x1, 0xff, 0x80, 0x9f, 0xf1, 0x5f, 0xe0, 0x0,
    0xef, 0x44, 0xfe, 0x0, 0xe, 0xf4, 0x1f, 0xfb,
    0x6b, 0xff, 0x10, 0x6f, 0xff, 0xff, 0x50, 0x0,
    0x3a, 0xca, 0x30, 0x0,

    /* U+F2C8 "" */
    0x0, 0x1, 0x41, 0x0, 0x0, 0x5, 0xff, 0xf5,
    0x0, 0x0, 0xef, 0xff, 0xe0, 0x0, 0x1f, 0xff,
    0xff, 0x10, 0x1, 0xfe, 0x4f, 0xf1, 0x0, 0x1f,
    0xd0, 0xef, 0x10, 0x1, 0xfd, 0xe, 0xf1, 0x0,
    0x1f, 0xd0, 0xef, 0x10, 0x9, 0xfd, 0xe, 0xf8,
    0x2, 0xff, 0x70, 0x8f, 0xf1, 0x5f, 0xe0, 0x0,
    0xef, 0x44, 0xfe, 0x0, 0xe, 0xf4, 0x1f, 0xfb,
    0x6b, 0xfe, 0x0, 0x5f, 0xff, 0xff, 0x50, 0x0,
    0x3a, 0xca, 0x30, 0x0,

    /* U+F2C9 "" */
    0x0, 0x0, 0x30, 0x0, 0x0, 0x4, 0xff, 0xe4,
    0x0, 0x0, 0xef, 0xff, 0xd0, 0x0, 0x1f, 0xff,
    0xff, 0x10, 0x1, 0xff, 0xff, 0xf1, 0x0, 0x1f,
    0xff, 0xff, 0x10, 0x1, 0xfe, 0x1f, 0xf1, 0x0,
    0x1f, 0xd0, 0xef, 0x10, 0x8, 0xfd, 0xe, 0xf8,
    0x1, 0xff, 0x70, 0x8f, 0xf1, 0x5f, 0xe0, 0x0,
    0xef, 0x44, 0xfe, 0x0, 0xe, 0xf4, 0x1f, 0xfb,
    0x6b, 0xfe, 0x0, 0x6f, 0xff, 0xff, 0x50, 0x0,
    0x3a, 0xca, 0x30, 0x0,

    /* U+F2CA "" */
    0x0, 0x0, 0x10, 0x0, 0x0, 0x3, 0xef, 0xe3,
    0x0, 0x0, 0xdf, 0xff, 0xd0, 0x0, 0x1f, 0xff,
    0xff, 0x10, 0x1, 0xff, 0xff, 0xf1, 0x0, 0x1f,
    0xff, 0xff, 0x10, 0x1, 0xff, 0xff, 0xf1, 0x0,
    0x1f, 0xff, 0xff, 0x10, 0x7, 0xfe, 0xe, 0xf7,
    0x1, 0xff, 0x80, 0x8f, 0xf1, 0x5f, 0xe0, 0x0,
    0xef, 0x54, 0xfe, 0x0, 0xe, 0xf4, 0x1f, 0xfb,
    0x6b, 0xff, 0x10, 0x6f, 0xff, 0xff, 0x60, 0x0,
    0x3a, 0xca, 0x30, 0x0,

    /* U+F2CB "" */
    0x0, 0x0, 0x30, 0x0, 0x0, 0x4, 0xff, 0xf4,
    0x0, 0x0, 0xef, 0xff, 0xe0, 0x0, 0x1f, 0xff,
    0xff, 0x10, 0x1, 0xff, 0xff, 0xf1, 0x0, 0x1f,
    0xff, 0xff, 0x10, 0x1, 0xff, 0xff, 0xf1, 0x0,
    0x1f, 0xff, 0xff, 0x10, 0x8, 0xff, 0xff, 0xf8,
    0x1, 0xff, 0x71, 0x7f, 0xf2, 0x5f, 0xd0, 0x0,
    0xdf, 0x54, 0xfe, 0x0, 0xe, 0xf4, 0x1f, 0xfb,
    0x6b, 0xff, 0x10, 0x5f, 0xff, 0xff, 0x50, 0x0,
    0x3a, 0xca, 0x30, 0x0,

    /* U+F2CC "" */
    0x3, 0x86, 0x0, 0x0, 0x0, 0x0, 0x0, 0x6,
    0xff, 0xfb, 0x36, 0x40, 0x0, 0x0, 0x0, 0xdf,
    0x49, 0xff, 0xff, 0xf8, 0x0, 0x0, 0xf, 0xc0,
    0x3f, 0xff, 0xfe, 0x20, 0x0, 0x0, 0xfb, 0x5,
    0xff, 0xfe, 0x21, 0xd4, 0x0, 0xf, 0xb0, 0x2f,
    0xfe, 0x20, 0x1c, 0x46, 0xd0, 0xfb, 0x0, 0xee,
    0x20, 0xe9, 0x0, 0x4b, 0xf, 0xb0, 0x9, 0x21,
    0x19, 0x54, 0xf4, 0x0, 0xfb, 0x0, 0x0, 0xcc,
    0x4, 0x28, 0x10, 0xf, 0xb0, 0x0, 0x3, 0x31,
    0xf7, 0x0, 0x0, 0xfb, 0x0, 0x0, 0x8, 0x62,
    0x0, 0x0, 0xf, 0xb0, 0x0, 0x0, 0xc9, 0x0,
    0x0, 0x0, 0x74, 0x0, 0x0, 0x0, 0x0, 0x0,
    0x0, 0x0,

    /* U+F2CD "" */
    0x0, 0x0, 0x0, 0x0, 0x0, 0x0, 0x0, 0x7,
    0xff, 0x73, 0x10, 0x0, 0x0, 0x0, 0xf, 0xee,
    0xff, 0xfb, 0x0, 0x0, 0x0, 0x1f, 0x96, 0xff,
    0xfa, 0x0, 0x0, 0x0, 0x1f, 0x96, 0xff, 0xa0,
    0x0, 0x0, 0x0, 0x1f, 0x90, 0xfa, 0x0, 0x0,
    0x0, 0x0, 0x1f, 0x90, 0x30, 0x0, 0x0, 0x0,
    0x0, 0x2f, 0xa2, 0x22, 0x22, 0x22, 0x22, 0x20,
    0xdf, 0xff, 0xff, 0xff, 0xff, 0xff, 0xfd, 0x7f,
    0xff, 0xff, 0xff, 0xff, 0xff, 0xf7, 0x1f, 0xff,
    0xff, 0xff, 0xff, 0xff, 0xf1, 0xf, 0xff, 0xff,
    0xff, 0xff, 0xff, 0xf0, 0x8, 0xff, 0xff, 0xff,
    0xff, 0xff, 0x80, 0x3, 0xfc, 0x88, 0x88, 0x88,
    0xcf, 0x30, 0x1, 0xc3, 0x0, 0x0, 0x0, 0x3c,
    0x10,

    /* U+F2CE "" */
    0x0, 0x0, 0x1, 0x20, 0x0, 0x0, 0x0, 0x0,
    0x9e, 0xff, 0xfb, 0x20, 0x0, 0x2, 0xde, 0x63,
    0x25, 0xcf, 0x50, 0x0, 0xdb, 0x11, 0x55, 0x10,
    0x8f, 0x20, 0x7f, 0x14, 0xef, 0xff, 0x60, 0xcb,
    0xb, 0x90, 0xe9, 0x11, 0x7f, 0x25, 0xf0, 0xe6,
    0x4f, 0xd, 0xf0, 0xe6, 0x2f, 0x2e, 0x74, 0xf1,
    0x9c, 0xd, 0x73, 0xf2, 0xca, 0xd, 0x30, 0x1,
    0xe2, 0x6f, 0x6, 0xf2, 0x1, 0x78, 0x21, 0x1d,
    0x90, 0xc, 0xd0, 0x9f, 0xfc, 0xb, 0xe1, 0x0,
    0x1d, 0x28, 0xff, 0xb0, 0xd3, 0x0, 0x0, 0x1,
    0x6f, 0xf9, 0x1, 0x0, 0x0, 0x0, 0x3, 0xff,
    0x60, 0x0, 0x0, 0x0, 0x0, 0xb, 0xc1, 0x0,
    0x0, 0x0,

    /* U+F2D0 "" */
    0x2a, 0xbb, 0xbb, 0xbb, 0xbb, 0xbb, 0xa2, 0xdf,
    0xff, 0xff, 0xff, 0xff, 0xff, 0xfd, 0xfe, 0x10,
    0x0, 0x0, 0x0, 0x1, 0xef, 0xff, 0x76, 0x66,
    0x66, 0x66, 0x67, 0xff, 0xff, 0xff, 0xff, 0xff,
    0xff, 0xff, 0xff, 0xff, 0xff, 0xff, 0xff, 0xff,
    0xff, 0xff, 0xff, 0xff, 0xff, 0xff, 0xff, 0xff,
    0xff, 0xff, 0xff, 0xff, 0xff, 0xff, 0xff, 0xff,
    0xff, 0xff, 0xff, 0xff, 0xff, 0xff, 0xff, 0xef,
    0xff, 0xff, 0xff, 0xff, 0xff, 0xfe, 0x6f, 0xff,
    0xff, 0xff, 0xff, 0xff, 0xf6,

    /* U+F2D1 "" */
    0x8c, 0xcc, 0xcc, 0xcc, 0xcc, 0xcc, 0xc8, 0xcf,
    0xff, 0xff, 0xff, 0xff, 0xff, 0xfc,

    /* U+F2D2 "" */
    0x0, 0x0, 0x6, 0x99, 0x99, 0x99, 0x99, 0x70,
    0x0, 0x0, 0x6f, 0xff, 0xff, 0xff, 0xff, 0xf8,
    0x0, 0x0, 0x12, 0x22, 0x22, 0x22, 0x22, 0xfb,
    0x0, 0x0, 0x0, 0x0, 0x0, 0x0, 0x0, 0xfc,
    0x5e, 0xff, 0xff, 0xff, 0xff, 0xb1, 0x0, 0xfc,
    0xef, 0xff, 0xff, 0xff, 0xff, 0xf8, 0x0, 0xfc,
    0xfe, 0x43, 0x33, 0x33, 0x38, 0xf9, 0x0, 0xfc,
    0xfe, 0x54, 0x44, 0x44, 0x48, 0xf9, 0x14, 0xfb,
    0xff, 0xff, 0xff, 0xff, 0xff, 0xf9, 0x5f, 0xf7,
    0xff, 0xff, 0xff, 0xff, 0xff, 0xf9, 0x27, 0x50,
    0xff, 0xff, 0xff, 0xff, 0xff, 0xf9, 0x0, 0x0,
    0xef, 0xff, 0xff, 0xff, 0xff, 0xf8, 0x0, 0x0,
    0x5e, 0xff, 0xff, 0xff, 0xff, 0xc1, 0x0, 0x0,

    /* U+F2D3 "" */
    0x5, 0x55, 0x55, 0x55, 0x55, 0x51, 0xb, 0xff,
    0xff, 0xff, 0xff, 0xff, 0xe0, 0xff, 0xff, 0xff,
    0xff, 0xff, 0xff, 0x3f, 0xff, 0xff, 0xff, 0xff,
    0xff, 0xf3, 0xff, 0xfb, 0x5f, 0xf7, 0x7f, 0xff,
    0x3f, 0xff, 0xd1, 0x37, 0xa, 0xff, 0xf3, 0xff,
    0xff, 0xd0, 0x9, 0xff, 0xff, 0x3f, 0xff, 0xf7,
    0x1, 0x4f, 0xff, 0xf3, 0xff, 0xfa, 0x9, 0xd1,
    0x6f, 0xff, 0x3f, 0xff, 0xeb, 0xff, 0xdc, 0xff,
    0xf3, 0xff, 0xff, 0xff, 0xff, 0xff, 0xff, 0x3e,
    0xff, 0xff, 0xff, 0xff, 0xff, 0xf2, 0x5e, 0xff,
    0xff, 0xff, 0xff, 0xe8, 0x0,

    /* U+F2D4 "" */
    0x17, 0x88, 0x88, 0x88, 0x88, 0x88, 0x71, 0xcf,
    0xff, 0xff, 0xff, 0xff, 0xff, 0xfc, 0xff, 0xff,
    0xff, 0xff, 0xff, 0xff, 0xff, 0xff, 0xff, 0x95,
    0xff, 0x59, 0xff, 0xff, 0xff, 0xff, 0xc0, 0x45,
    0xc, 0xff, 0xff, 0xff, 0xff, 0xfc, 0x0, 0xcf,
    0xff, 0xff, 0xff, 0xff, 0xf5, 0x0, 0x5f, 0xff,
    0xff, 0xff, 0xff, 0x80, 0xcc, 0x8, 0xff, 0xff,
    0xff, 0xff, 0xdd, 0xff, 0xde, 0xff, 0xff, 0xff,
    0xff, 0xff, 0xff, 0xff, 0xff, 0xff, 0x6f, 0xff,
    0xff, 0xff, 0xff, 0xff, 0xf6,

    /* U+F2DB "" */
    0x0, 0x0, 0x10, 0x11, 0x1, 0x0, 0x0, 0x0,
    0x7, 0xc0, 0x9a, 0xc, 0x70, 0x0, 0x0, 0x2b,
    0xe7, 0xdd, 0x7e, 0xb2, 0x0, 0x1, 0xef, 0xff,
    0xff, 0xff, 0xff, 0x10, 0x9c, 0xfd, 0x43, 0x33,
    0x34, 0xcf, 0xc9, 0x7a, 0xf8, 0x16, 0x66, 0x61,
    0x7f, 0xa6, 0x3, 0xf8, 0x2f, 0xff, 0xf3, 0x7f,
    0x40, 0xce, 0xf8, 0x2f, 0xff, 0xf3, 0x7f, 0xec,
    0x48, 0xf8, 0x2f, 0xff, 0xf3, 0x7f, 0x94, 0x4,
    0xf8, 0x2e, 0xee, 0xe3, 0x7f, 0x40, 0xef, 0xf9,
    0x0, 0x0, 0x0, 0x9f, 0xfd, 0x25, 0xff, 0xcb,
    0xbb, 0xbc, 0xff, 0x62, 0x0, 0x9f, 0xff, 0xff,
    0xff, 0xf9, 0x0, 0x0, 0x7, 0xd0, 0xaa, 0xc,
    0x80, 0x0, 0x0, 0x3, 0x70, 0x56, 0x7, 0x40,
    0x0,

    /* U+F2DC "" */
    0x0, 0x0, 0x0, 0x0, 0x0, 0x0, 0x0, 0x0,
    0x0, 0x0, 0x0, 0xc, 0xb0, 0x0, 0x0, 0x0,
    0x0, 0x0, 0x0, 0xe, 0xd0, 0x0, 0x0, 0x0,
    0x0, 0x0, 0x5, 0xef, 0xff, 0x40, 0x0, 0x0,
    0x6, 0x64, 0xe0, 0xbf, 0xf9, 0x1e, 0x36, 0x50,
    0xd, 0xfe, 0xf3, 0xf, 0xd0, 0x4f, 0xef, 0xb0,
    0x1, 0xaf, 0xfb, 0x2e, 0xd2, 0xcf, 0xf9, 0x10,
    0x0, 0xff, 0xef, 0xff, 0xff, 0xfd, 0xfe, 0x0,
    0x0, 0x31, 0x5, 0xff, 0xff, 0x40, 0x12, 0x0,
    0x0, 0xb9, 0x6d, 0xff, 0xff, 0xc6, 0x9a, 0x0,
    0x0, 0xaf, 0xff, 0x9f, 0xea, 0xff, 0xf8, 0x0,
    0x7, 0xff, 0xf5, 0xe, 0xd0, 0x7f, 0xff, 0x60,
    0xd, 0xe9, 0xf1, 0x4f, 0xf3, 0x2f, 0x9e, 0xb0,
    0x0, 0x1, 0x53, 0xff, 0xff, 0x26, 0x0, 0x0,
    0x0, 0x0, 0x2, 0x7e, 0xd8, 0x10, 0x0, 0x0,
    0x0, 0x0, 0x0, 0xe, 0xd0, 0x0, 0x0, 0x0,
    0x0, 0x0, 0x0, 0x5, 0x40, 0x0, 0x0, 0x0,

    /* U+F2E5 "" */
    0x0, 0x0, 0x0, 0x0, 0x0, 0x0, 0x10, 0x0,
    0x0, 0x0, 0x0, 0x0, 0x3b, 0xff, 0xd2, 0x0,
    0x0, 0x0, 0x0, 0x7f, 0xff, 0xff, 0xb0, 0x0,
    0x0, 0x0, 0x4f, 0xff, 0xff, 0xff, 0x0, 0x0,
    0x0, 0xa, 0xff, 0xff, 0xff, 0xc0, 0x0, 0x0,
    0x0, 0xdf, 0xff, 0xff, 0xf8, 0x0, 0x0, 0x0,
    0x8, 0xff, 0xff, 0xfe, 0x10, 0x0, 0x0, 0x1,
    0xcf, 0xff, 0xfe, 0x30, 0x0, 0x0, 0x1, 0xcf,
    0x96, 0xa7, 0x10, 0x0, 0x0, 0x1, 0xcf, 0x90,
    0x0, 0x0, 0x0, 0x0, 0x1, 0xcf, 0x90, 0x0,
    0x0, 0x0, 0x0, 0x1, 0xcf, 0x90, 0x0, 0x0,
    0x0, 0x0, 0x1, 0xcf, 0x90, 0x0, 0x0, 0x0,
    0x0, 0x0, 0xcf, 0x90, 0x0, 0x0, 0x0, 0x0,
    0x0, 0xa, 0x80, 0x0, 0x0, 0x0, 0x0, 0x0,
    0x0,

    /* U+F2E7 "" */
    0x0, 0x0, 0x0, 0x0, 0x0, 0x0, 0x0, 0xd,
    0xb, 0x28, 0x50, 0x0, 0x4e, 0xf0, 0xf, 0x1d,
    0x4a, 0x70, 0x3, 0xff, 0xf1, 0x2f, 0x3e, 0x5c,
    0x90, 0xd, 0xff, 0xf1, 0x3f, 0x5f, 0x7d, 0xa0,
    0x1f, 0xff, 0xf1, 0x4f, 0xff, 0xff, 0xb0, 0x3f,
    0xff, 0xf1, 0x1f, 0xff, 0xff, 0x70, 0x3f, 0xff,
    0xf1, 0x4, 0xcf, 0xe8, 0x0, 0x3f, 0xff, 0xf1,
    0x0, 0x2f, 0x90, 0x0, 0x3f, 0xff, 0xf1, 0x0,
    0x2f, 0x90, 0x0, 0x1f, 0xff, 0xf1, 0x0, 0x2f,
    0x90, 0x0, 0x2, 0x7c, 0xf1, 0x0, 0x2f, 0x90,
    0x0, 0x0, 0x9, 0xf1, 0x0, 0x2f, 0x90, 0x0,
    0x0, 0x9, 0xf1, 0x0, 0x2f, 0x90, 0x0, 0x0,
    0x9, 0xf1, 0x0, 0xb, 0x40, 0x0, 0x0, 0x5,
    0xb0,

    /* U+F2EA "" */
    0x10, 0x0, 0x0, 0x23, 0x0, 0x0, 0x0, 0xf,
    0xa0, 0x2b, 0xff, 0xff, 0xb3, 0x0, 0x0, 0xff,
    0xdf, 0xfb, 0x98, 0xcf, 0xf8, 0x0, 0xf, 0xff,
    0xf3, 0x0, 0x0, 0x3d, 0xf9, 0x0, 0xff, 0xff,
    0xb0, 0x0, 0x0, 0xe, 0xf3, 0xc, 0xee, 0xed,
    0x10, 0x0, 0x0, 0x4f, 0xa0, 0x0, 0x0, 0x0,
    0x0, 0x0, 0x0, 0xfe, 0x0, 0x0, 0x0, 0x0,
    0x0, 0x0, 0xc, 0xf0, 0x0, 0x0, 0x0, 0x0,
    0x0, 0x0, 0xee, 0x0, 0x0, 0x0, 0x0, 0x0,
    0x0, 0x2f, 0xb0, 0xd, 0xa0, 0x0, 0x0, 0x0,
    0xb, 0xf5, 0x0, 0xbf, 0xa0, 0x0, 0x0, 0x9,
    0xfc, 0x0, 0x1, 0xcf, 0xe8, 0x55, 0x8e, 0xfd,
    0x10, 0x0, 0x0, 0x8f, 0xff, 0xff, 0xf9, 0x0,
    0x0, 0x0, 0x0, 0x15, 0x77, 0x51, 0x0, 0x0,
    0x0, 0x0, 0x0, 0x0, 0x0, 0x0, 0x0, 0x0,

    /* U+F2ED "" */
    0x0, 0x2, 0xde, 0xee, 0x50, 0x0, 0x6, 0x99,
    0xcf, 0xff, 0xfd, 0x99, 0x80, 0xdf, 0xff, 0xff,
    0xff, 0xff, 0xff, 0x20, 0x22, 0x22, 0x22, 0x22,
    0x22, 0x10, 0x1, 0x11, 0x11, 0x11, 0x11, 0x10,
    0x2, 0xff, 0xff, 0xff, 0xff, 0xff, 0x60, 0x2f,
    0xfc, 0xfe, 0xdf, 0xde, 0xf6, 0x2, 0xfa, 0x1f,
    0x73, 0xf5, 0x6f, 0x60, 0x2f, 0xa1, 0xf7, 0x3f,
    0x56, 0xf6, 0x2, 0xfa, 0x1f, 0x73, 0xf5, 0x6f,
    0x60, 0x2f, 0xa1, 0xf7, 0x3f, 0x56, 0xf6, 0x2,
    0xfa, 0x1f, 0x73, 0xf5, 0x6f, 0x60, 0x2f, 0xb3,
    0xf9, 0x5f, 0x67, 0xf6, 0x0, 0xff, 0xff, 0xff,
    0xff, 0xff, 0x40, 0x4, 0xbc, 0xcc, 0xcc, 0xcb,
    0x70, 0x0,

    /* U+F2F1 "" */
    0x0, 0x0, 0x0, 0x0, 0x0, 0x0, 0x0, 0x0,
    0x1, 0xad, 0xff, 0xda, 0x10, 0x9e, 0x0, 0x6f,
    0xfe, 0xbb, 0xdf, 0xfb, 0xff, 0x5, 0xfe, 0x50,
    0x0, 0x4, 0xff, 0xff, 0x2f, 0xe2, 0x0, 0x0,
    0x9, 0xff, 0xff, 0x7f, 0x50, 0x0, 0x0, 0x1f,
    0xff, 0xfe, 0xcf, 0x0, 0x0, 0x0, 0x0, 0x11,
    0x10, 0x97, 0x0, 0x0, 0x0, 0x0, 0x0, 0x11,
    0x0, 0x0, 0x0, 0x0, 0x0, 0x0, 0xcd, 0x57,
    0x77, 0x60, 0x0, 0x0, 0x2, 0xfa, 0xff, 0xff,
    0xf1, 0x0, 0x0, 0x9, 0xf5, 0xff, 0xff, 0x40,
    0x0, 0x0, 0x6f, 0xc0, 0xff, 0xff, 0xb4, 0x11,
    0x4b, 0xfe, 0x10, 0xff, 0x5b, 0xff, 0xff, 0xff,
    0xb2, 0x0, 0x83, 0x0, 0x37, 0xaa, 0x73, 0x0,
    0x0,

    /* U+F2F2 "" */
    0x0, 0x0, 0x33, 0x33, 0x0, 0x0, 0x0, 0x0,
    0x1f, 0xff, 0xf1, 0x0, 0x0, 0x0, 0x0, 0x1c,
    0xb1, 0x0, 0x0, 0x0, 0x1, 0xaf, 0xff, 0xfa,
    0x13, 0x70, 0x3, 0xef, 0xff, 0xff, 0xfe, 0xff,
    0x0, 0xef, 0xff, 0x88, 0xff, 0xff, 0x50, 0x7f,
    0xff, 0xf5, 0x5f, 0xff, 0xf7, 0xb, 0xff, 0xff,
    0x55, 0xff, 0xff, 0xc0, 0xdf, 0xff, 0xf6, 0x6f,
    0xff, 0xfe, 0xb, 0xff, 0xff, 0xff, 0xff, 0xff,
    0xb0, 0x8f, 0xff, 0xff, 0xff, 0xff, 0xf8, 0x1,
    0xef, 0xff, 0xff, 0xff, 0xfe, 0x10, 0x4, 0xff,
    0xff, 0xff, 0xff, 0x40, 0x0, 0x2, 0xcf, 0xff,
    0xfc, 0x20, 0x0, 0x0, 0x0, 0x14, 0x41, 0x0,
    0x0, 0x0,

    /* U+F2F5 "" */
    0x4, 0x89, 0x80, 0x0, 0x0, 0x0, 0x0, 0x6,
    0xff, 0xff, 0x20, 0x0, 0x0, 0x0, 0x0, 0xee,
    0x32, 0x10, 0x0, 0x1b, 0x20, 0x0, 0xf, 0xc0,
    0x0, 0x0, 0x3, 0xfe, 0x20, 0x0, 0xfb, 0x0,
    0x0, 0x0, 0x3f, 0xfe, 0x20, 0xf, 0xb0, 0x3,
    0xef, 0xff, 0xff, 0xfe, 0x20, 0xfb, 0x0, 0x9f,
    0xff, 0xff, 0xff, 0xfd, 0xf, 0xb0, 0x7, 0xff,
    0xff, 0xff, 0xff, 0x80, 0xfb, 0x0, 0x6, 0x77,
    0x9f, 0xff, 0x80, 0xf, 0xb0, 0x0, 0x0, 0x3,
    0xff, 0x80, 0x0, 0xfd, 0x0, 0x0, 0x0, 0x3f,
    0x80, 0x0, 0xa, 0xfe, 0xcb, 0x0, 0x0, 0x30,
    0x0, 0x0, 0x1a, 0xef, 0xe1, 0x0, 0x0, 0x0,
    0x0, 0x0,

    /* U+F2F6 "" */
    0x0, 0x0, 0x0, 0x0, 0x8, 0x98, 0x40, 0x0,
    0x0, 0x0, 0x0, 0x2f, 0xff, 0xf6, 0x0, 0x0,
    0x58, 0x0, 0x1, 0x23, 0xee, 0x0, 0x0, 0x9f,
    0xa0, 0x0, 0x0, 0xcf, 0x0, 0x0, 0x9f, 0xfa,
    0x0, 0x0, 0xbf, 0x8f, 0xff, 0xff, 0xff, 0xa0,
    0x0, 0xbf, 0xff, 0xff, 0xff, 0xff, 0xf7, 0x0,
    0xbf, 0xdf, 0xff, 0xff, 0xff, 0xf3, 0x0, 0xbf,
    0x27, 0x77, 0xcf, 0xff, 0x30, 0x0, 0xbf, 0x0,
    0x0, 0x9f, 0xf3, 0x0, 0x0, 0xbf, 0x0, 0x0,
    0x9f, 0x30, 0x0, 0x0, 0xdf, 0x0, 0x0, 0x11,
    0x0, 0xb, 0xce, 0xfa, 0x0, 0x0, 0x0, 0x0,
    0x1d, 0xfe, 0xa1,

    /* U+F2F9 "" */
    0x0, 0x0, 0x0, 0x3, 0x20, 0x0, 0x0, 0x10,
    0x0, 0x3, 0xbf, 0xff, 0xfb, 0x20, 0xaf, 0x0,
    0x8, 0xff, 0xc9, 0x9b, 0xff, 0xdf, 0xf0, 0x9,
    0xfd, 0x30, 0x0, 0x3, 0xff, 0xff, 0x3, 0xfe,
    0x0, 0x0, 0x0, 0xbf, 0xff, 0xf0, 0xaf, 0x40,
    0x0, 0x0, 0x1d, 0xee, 0xec, 0xe, 0xf0, 0x0,
    0x0, 0x0, 0x0, 0x0, 0x0, 0xfc, 0x0, 0x0,
    0x0, 0x0, 0x0, 0x0, 0xe, 0xe0, 0x0, 0x0,
    0x0, 0x0, 0x0, 0x0, 0xbf, 0x20, 0x0, 0x0,
    0x0, 0x0, 0x0, 0x5, 0xfb, 0x0, 0x0, 0x0,
    0x0, 0x88, 0x0, 0xc, 0xf9, 0x0, 0x0, 0x1,
    0xaf, 0xa0, 0x0, 0x1d, 0xfe, 0x85, 0x58, 0xef,
    0xc1, 0x0, 0x0, 0x9, 0xff, 0xff, 0xff, 0x80,
    0x0, 0x0, 0x0, 0x1, 0x57, 0x75, 0x10, 0x0,
    0x0, 0x0, 0x0, 0x0, 0x0, 0x0, 0x0, 0x0,

    /* U+F2FE "" */
    0x0, 0x0, 0x0, 0x0, 0x0, 0x0, 0x0, 0x0,
    0x0, 0x0, 0x1f, 0x90, 0x0, 0x0, 0x0, 0x0,
    0x0, 0x1f, 0xf6, 0x0, 0x0, 0x0, 0x0, 0x0,
    0x8f, 0xf9, 0x0, 0x0, 0x0, 0x4, 0x9c, 0xff,
    0xfc, 0x40, 0x0, 0x0, 0x3f, 0xff, 0xff, 0xff,
    0xf3, 0x0, 0x0, 0x4f, 0xff, 0xff, 0xff, 0xf4,
    0x0, 0x2, 0x9f, 0xff, 0xff, 0xff, 0xf9, 0x20,
    0xe, 0xff, 0x80, 0xff, 0x8, 0xff, 0xe0, 0xf,
    0xff, 0xfd, 0xff, 0xdf, 0xff, 0xf0, 0xa, 0xff,
    0xff, 0xff, 0xff, 0xff, 0xa0, 0x8f, 0xff, 0x90,
    0x0, 0x9, 0xff, 0xf8, 0xef, 0xff, 0xf7, 0x11,
    0x7f, 0xff, 0xfe, 0xcf, 0xff, 0xff, 0xff, 0xff,
    0xff, 0xfc, 0x2a, 0xbb, 0xbb, 0xbb, 0xbb, 0xbb,
    0xa2,

    /* U+F302 "" */
    0x0, 0x3, 0x89, 0x99, 0x99, 0x99, 0x98, 0x10,
    0x0, 0xef, 0xff, 0xff, 0xff, 0xff, 0xfb, 0x0,
    0x2f, 0xd4, 0xff, 0xff, 0xff, 0xff, 0xe6, 0x12,
    0xfc, 0x1f, 0xff, 0xff, 0xff, 0xfe, 0xf4, 0x2f,
    0xff, 0xff, 0xf6, 0x3f, 0xff, 0xef, 0x52, 0xff,
    0xfd, 0xfc, 0x0, 0x9f, 0xfe, 0xf5, 0x2f, 0xfd,
    0x4, 0x20, 0x1, 0xef, 0xef, 0x52, 0xff, 0x20,
    0x0, 0x0, 0x6, 0xfe, 0xf5, 0x2f, 0x80, 0x0,
    0x0, 0x0, 0xf, 0xef, 0x51, 0xff, 0xbb, 0xbb,
    0xbb, 0xbc, 0xfd, 0xf5, 0x9, 0xff, 0xff, 0xff,
    0xff, 0xff, 0x5f, 0x50, 0x0, 0x0, 0x0, 0x0,
    0x0, 0x0, 0xea, 0x55, 0x55, 0x55, 0x55, 0x55,
    0x0, 0x5, 0xef, 0xff, 0xff, 0xff, 0xff, 0xe2,
    0x0,

    /* U+F303 "" */
    0x0, 0x0, 0x0, 0x0, 0x0, 0x2, 0x20, 0x0,
    0x0, 0x0, 0x0, 0x0, 0x8, 0xff, 0x90, 0x0,
    0x0, 0x0, 0x0, 0x5, 0xff, 0xff, 0x80, 0x0,
    0x0, 0x0, 0x4, 0x9, 0xff, 0xff, 0x0, 0x0,
    0x0, 0x8, 0xf8, 0x9, 0xff, 0xc0, 0x0, 0x0,
    0x8, 0xff, 0xf8, 0x9, 0xd2, 0x0, 0x0, 0x8,
    0xff, 0xff, 0xf8, 0x1, 0x0, 0x0, 0x8, 0xff,
    0xff, 0xff, 0xe1, 0x0, 0x0, 0x8, 0xff, 0xff,
    0xff, 0xe2, 0x0, 0x0, 0x7, 0xff, 0xff, 0xff,
    0xe1, 0x0, 0x0, 0x0, 0xfa, 0xff, 0xff, 0xe1,
    0x0, 0x0, 0x0, 0x5f, 0x14, 0xff, 0xe1, 0x0,
    0x0, 0x0, 0x9, 0xc1, 0x6d, 0xe1, 0x0, 0x0,
    0x0, 0x0, 0xdf, 0xff, 0x91, 0x0, 0x0, 0x0,
    0x0, 0x8, 0x84, 0x0, 0x0, 0x0, 0x0, 0x0,
    0x0,

    /* U+F304 "" */
    0x0, 0x0, 0x0, 0x0, 0x0, 0x1, 0x20, 0x0,
    0x0, 0x0, 0x0, 0x0, 0x7, 0xff, 0x90, 0x0,
    0x0, 0x0, 0x0, 0x5, 0xff, 0xff, 0x80, 0x0,
    0x0, 0x0, 0x4, 0x9, 0xff, 0xff, 0x0, 0x0,
    0x0, 0x8, 0xf8, 0x9, 0xff, 0xc0, 0x0, 0x0,
    0x8, 0xff, 0xf8, 0x9, 0xe2, 0x0, 0x0, 0x8,
    0xff, 0xff, 0xf8, 0x1, 0x0, 0x0, 0x8, 0xff,
    0xff, 0xff, 0xe1, 0x0, 0x0, 0x8, 0xff, 0xff,
    0xff, 0xe2, 0x0, 0x0, 0x7, 0xff, 0xff, 0xff,
    0xe2, 0x0, 0x0, 0x0, 0xff, 0xff, 0xff, 0xe2,
    0x0, 0x0, 0x0, 0x4f, 0xff, 0xff, 0xe2, 0x0,
    0x0, 0x0, 0x9, 0xff, 0xff, 0xe2, 0x0, 0x0,
    0x0, 0x0, 0xdf, 0xff, 0xa1, 0x0, 0x0, 0x0,
    0x0, 0x9, 0x84, 0x0, 0x0, 0x0, 0x0, 0x0,
    0x0,

    /* U+F305 "" */
    0x0, 0x0, 0x0, 0x0, 0x0, 0x3, 0x40, 0x0,
    0x0, 0x0, 0x0, 0x0, 0x9, 0xff, 0xa0, 0x0,
    0x0, 0x4, 0x96, 0x5, 0xff, 0xff, 0x90, 0x0,
    0x5, 0xfc, 0xf9, 0x8, 0xff, 0xff, 0x0, 0x5,
    0xf8, 0xb, 0xf9, 0x8, 0xff, 0xb0, 0x5, 0xf8,
    0xa, 0xff, 0xf9, 0x8, 0xd1, 0x0, 0x67, 0xa,
    0xff, 0xff, 0xf9, 0x0, 0x0, 0x0, 0xa, 0xff,
    0xff, 0xff, 0xd1, 0x0, 0x0, 0xa, 0xff, 0xff,
    0xff, 0xd1, 0x0, 0x0, 0x8, 0xff, 0xff, 0xff,
    0xd1, 0x0, 0x0, 0x1, 0xff, 0xff, 0xff, 0xd1,
    0x0, 0x0, 0x0, 0x5f, 0xff, 0xff, 0xd1, 0x0,
    0x0, 0x0, 0x9, 0xff, 0xff, 0xd1, 0x0, 0x0,
    0x0, 0x0, 0xdf, 0xfe, 0x80, 0x0, 0x0, 0x0,
    0x0, 0x7, 0x62, 0x0, 0x0, 0x0, 0x0, 0x0,
    0x0,

    /* U+F306 "" */
    0x0, 0x0, 0x0, 0x0, 0x0, 0x0, 0x0, 0x0,
    0x3, 0xdf, 0xff, 0xfd, 0x30, 0x0, 0x0, 0x3e,
    0xff, 0xff, 0xff, 0xf3, 0x0, 0x3, 0xef, 0xff,
    0xff, 0xff, 0xff, 0x30, 0x3e, 0xff, 0xff, 0xff,
    0xff, 0xff, 0xf3, 0xbf, 0xff, 0xff, 0xff, 0xff,
    0xff, 0xfc, 0xff, 0xff, 0xff, 0xff, 0xff, 0xff,
    0xff, 0xff, 0xff, 0xff, 0xff, 0xff, 0xff, 0xff,
    0xff, 0xff, 0xff, 0xff, 0xff, 0xff, 0xff, 0xff,
    0xff, 0xff, 0xff, 0xff, 0xff, 0xff, 0xbf, 0xff,
    0xff, 0xff, 0xff, 0xff, 0xfb, 0x2e, 0xff, 0xff,
    0xff, 0xff, 0xff, 0xe2, 0x2, 0xef, 0xff, 0xff,
    0xff, 0xfe, 0x20, 0x0, 0x2e, 0xff, 0xff, 0xff,
    0xe2, 0x0, 0x0, 0x2, 0xcf, 0xff, 0xfc, 0x20,
    0x0,

    /* U+F309 "" */
    0x0, 0x0, 0x1, 0x0, 0x0, 0x0, 0x2, 0xef,
    0xb0, 0x0, 0x0, 0x6, 0xff, 0xf1, 0x0, 0x0,
    0x6, 0xff, 0xf1, 0x0, 0x0, 0x6, 0xff, 0xf1,
    0x0, 0x0, 0x6, 0xff, 0xf1, 0x0, 0x0, 0x6,
    0xff, 0xf1, 0x0, 0x0, 0x6, 0xff, 0xf1, 0x0,
    0x0, 0x6, 0xff, 0xf1, 0x0, 0x0, 0x6, 0xff,
    0xf1, 0x0, 0x0, 0x6, 0xff, 0xf1, 0x0, 0x7,
    0x9c, 0xff, 0xfa, 0x94, 0xe, 0xff, 0xff, 0xff,
    0xf9, 0x3, 0xff, 0xff, 0xff, 0xc0, 0x0, 0x3f,
    0xff, 0xfc, 0x0, 0x0, 0x3, 0xff, 0xc0, 0x0,
    0x0, 0x0, 0x38, 0x0, 0x0,

    /* U+F30A "" */
    0x0, 0x0, 0x28, 0x0, 0x0, 0x0, 0x0, 0x0,
    0x0, 0x0, 0x3e, 0xf3, 0x0, 0x0, 0x0, 0x0,
    0x0, 0x0, 0x3e, 0xff, 0x40, 0x0, 0x0, 0x0,
    0x0, 0x0, 0x3e, 0xff, 0xff, 0xff, 0xff, 0xff,
    0xff, 0xe5, 0xd, 0xff, 0xff, 0xff, 0xff, 0xff,
    0xff, 0xff, 0xb0, 0x9f, 0xff, 0xff, 0xff, 0xff,
    0xff, 0xff, 0xf9, 0x0, 0x9f, 0xff, 0xa8, 0x88,
    0x88, 0x88, 0x86, 0x10, 0x0, 0x9f, 0xf4, 0x0,
    0x0, 0x0, 0x0, 0x0, 0x0, 0x0, 0x9f, 0x20,
    0x0, 0x0, 0x0, 0x0, 0x0, 0x0, 0x0, 0x0,
    0x0, 0x0, 0x0, 0x0, 0x0,

    /* U+F30B "" */
    0x0, 0x0, 0x0, 0x0, 0x0, 0x28, 0x10, 0x0,
    0x0, 0x0, 0x0, 0x0, 0x0, 0x7f, 0xc1, 0x0,
    0x0, 0x0, 0x0, 0x0, 0x0, 0x8f, 0xfc, 0x10,
    0x8f, 0xff, 0xff, 0xff, 0xff, 0xff, 0xff, 0xc1,
    0xff, 0xff, 0xff, 0xff, 0xff, 0xff, 0xff, 0xf9,
    0xdf, 0xff, 0xff, 0xff, 0xff, 0xff, 0xff, 0xf5,
    0x27, 0x88, 0x88, 0x88, 0x88, 0xcf, 0xff, 0x60,
    0x0, 0x0, 0x0, 0x0, 0x0, 0x8f, 0xf6, 0x0,
    0x0, 0x0, 0x0, 0x0, 0x0, 0x6f, 0x60, 0x0,
    0x0, 0x0, 0x0, 0x0, 0x0, 0x0, 0x0, 0x0,

    /* U+F30C "" */
    0x0, 0x0, 0x0, 0x0, 0x0, 0x0, 0x0, 0x9f,
    0x40, 0x0, 0x0, 0x9, 0xff, 0xf4, 0x0, 0x0,
    0x9f, 0xff, 0xff, 0x40, 0x9, 0xff, 0xff, 0xff,
    0xf4, 0xf, 0xff, 0xff, 0xff, 0xf9, 0x1, 0x38,
    0xff, 0xf4, 0x20, 0x0, 0x6, 0xff, 0xf1, 0x0,
    0x0, 0x6, 0xff, 0xf1, 0x0, 0x0, 0x6, 0xff,
    0xf1, 0x0, 0x0, 0x6, 0xff, 0xf1, 0x0, 0x0,
    0x6, 0xff, 0xf1, 0x0, 0x0, 0x6, 0xff, 0xf1,
    0x0, 0x0, 0x6, 0xff, 0xf1, 0x0, 0x0, 0x6,
    0xff, 0xf1, 0x0, 0x0, 0x5, 0xff, 0xf0, 0x0,
    0x0, 0x0, 0x8a, 0x50, 0x0,

    /* U+F312 "" */
    0x0, 0x1, 0xbf, 0xff, 0xff, 0xe9, 0x0, 0x0,
    0x0, 0xb, 0xff, 0xff, 0xff, 0xff, 0x70, 0x0,
    0x0, 0x4f, 0xff, 0xff, 0xff, 0xff, 0xf1, 0x0,
    0x0, 0xdf, 0xff, 0xff, 0xff, 0xff, 0xf9, 0x0,
    0x6, 0xff, 0xff, 0xff, 0xff, 0xff, 0xff, 0x30,
    0xe, 0xff, 0xff, 0xff, 0xff, 0xff, 0xff, 0xb0,
    0x4f, 0xff, 0xff, 0xff, 0xff, 0xff, 0xff, 0xf0,
    0x1f, 0xff, 0xff, 0xff, 0xff, 0xff, 0xff, 0xd0,
    0x8, 0xff, 0xff, 0xff, 0xff, 0xff, 0xff, 0x50,
    0x0, 0xef, 0xff, 0xff, 0xff, 0xff, 0xfb, 0x0,
    0x0, 0x6f, 0xff, 0xff, 0xff, 0xff, 0xf2, 0x0,
    0x0, 0xd, 0xff, 0xff, 0xff, 0xff, 0x90, 0x0,
    0x0, 0x3, 0xef, 0xff, 0xff, 0xfc, 0x10, 0x0,
    0x0, 0x0, 0x2, 0x22, 0x22, 0x20, 0x0, 0x0,

    /* U+F31C "" */
    0x0, 0x0, 0x0, 0x0, 0x0, 0x0, 0x0, 0x0,
    0x0, 0x7f, 0xff, 0xff, 0xc2, 0x0, 0x0, 0x0,
    0x0, 0xf, 0xff, 0xff, 0xef, 0xe2, 0x0, 0x0,
    0x0, 0x1, 0xff, 0xff, 0xf9, 0x7f, 0xe2, 0x0,
    0x0, 0x0, 0x1f, 0xff, 0xff, 0x90, 0x7f, 0xe1,
    0x0, 0x0, 0x1, 0xff, 0xff, 0xfc, 0x33, 0xaf,
    0x60, 0x0, 0x0, 0x1f, 0xff, 0xff, 0xff, 0xff,
    0xf6, 0x0, 0x0, 0x1, 0xff, 0xff, 0xff, 0xff,
    0xff, 0x60, 0x2, 0x0, 0x1f, 0xff, 0xff, 0xff,
    0xff, 0xf3, 0x1c, 0xfa, 0x1, 0xff, 0xff, 0xff,
    0xff, 0xf4, 0x12, 0xcf, 0xe0, 0x1f, 0xff, 0xff,
    0xff, 0xf4, 0x1d, 0xd2, 0xc6, 0x1, 0xff, 0xff,
    0xff, 0xf4, 0x1d, 0xff, 0xd0, 0x0, 0x1f, 0xff,
    0xff, 0xf7, 0x1d, 0xff, 0xf7, 0x0, 0x0, 0xff,
    0xff, 0xff, 0x9, 0xff, 0xf7, 0x0, 0x0, 0x6,
    0xef, 0xff, 0xb0, 0xef, 0xf7, 0x0, 0x0, 0x0,
    0x0, 0x0, 0x0, 0xc, 0x94, 0x0, 0x0, 0x0,

    /* U+F31E "" */
    0x34, 0x44, 0x30, 0x2, 0x44, 0x44, 0xf, 0xff,
    0xff, 0x10, 0xdf, 0xff, 0xf3, 0xff, 0xff, 0x60,
    0x3, 0xff, 0xff, 0x3f, 0xff, 0xf8, 0x0, 0x5f,
    0xff, 0xf3, 0xff, 0xef, 0xf8, 0x5f, 0xff, 0xef,
    0x3b, 0x61, 0xdf, 0xff, 0xff, 0x33, 0xc1, 0x0,
    0x1, 0xef, 0xff, 0x30, 0x0, 0x2, 0x0, 0x5f,
    0xff, 0xf8, 0x0, 0x20, 0xfb, 0x5f, 0xff, 0xdf,
    0xf8, 0x7f, 0x3f, 0xff, 0xff, 0x31, 0xdf, 0xff,
    0xf3, 0xff, 0xff, 0x40, 0x1, 0xef, 0xff, 0x3f,
    0xff, 0xfb, 0x0, 0x7f, 0xff, 0xf3, 0xdf, 0xff,
    0xe1, 0xb, 0xff, 0xfe, 0x20,

    /* U+F328 "" */
    0x0, 0x0, 0x0, 0x0, 0x0, 0x0, 0x2a, 0xff,
    0xff, 0xd3, 0x0, 0x9f, 0xfd, 0xbb, 0xbf, 0xfd,
    0xf, 0xff, 0x30, 0x1, 0xef, 0xf4, 0xff, 0xff,
    0xff, 0xff, 0xff, 0x4f, 0xff, 0xff, 0xff, 0xff,
    0xf4, 0xff, 0xff, 0xff, 0xff, 0xff, 0x4f, 0xff,
    0xff, 0xff, 0xff, 0xf4, 0xff, 0xff, 0xff, 0xff,
    0xff, 0x4f, 0xff, 0xff, 0xff, 0xff, 0xf4, 0xff,
    0xff, 0xff, 0xff, 0xff, 0x4f, 0xff, 0xff, 0xff,
    0xff, 0xf4, 0xff, 0xff, 0xff, 0xff, 0xff, 0x4e,
    0xff, 0xff, 0xff, 0xff, 0xf3, 0x5d, 0xee, 0xee,
    0xee, 0xd8, 0x0,

    /* U+F332 "" */
    0x0, 0x0, 0x15, 0x55, 0x51, 0x0, 0x0, 0x0,
    0x0, 0xdf, 0xff, 0xfd, 0x0, 0x0, 0x17, 0x89,
    0xff, 0xff, 0xff, 0x98, 0x71, 0xcf, 0xff, 0xff,
    0xff, 0xff, 0xff, 0xfc, 0xff, 0xff, 0xff, 0xff,
    0xff, 0xff, 0xff, 0xff, 0xff, 0xf8, 0x11, 0x8f,
    0xff, 0xff, 0xff, 0xff, 0xb0, 0x0, 0xb, 0xff,
    0xff, 0xff, 0xff, 0x60, 0x0, 0x6, 0xff, 0xff,
    0xff, 0xff, 0x80, 0x0, 0x8, 0xff, 0xff, 0xff,
    0xff, 0xf3, 0x0, 0x3f, 0xff, 0xff, 0xff, 0xff,
    0xff, 0xcc, 0xff, 0xff, 0xff, 0xef, 0xff, 0xff,
    0xff, 0xff, 0xff, 0xfe, 0x5e, 0xff, 0xff, 0xff,
    0xff, 0xff, 0xe5,

    /* U+F337 "" */
    0x0, 0x0, 0x40, 0x0, 0x0, 0x0, 0x0, 0x0,
    0x0, 0xa, 0xf5, 0x0, 0x0, 0x0, 0x0, 0x0,
    0x0, 0xaf, 0xf6, 0x0, 0x0, 0x0, 0x0, 0x0,
    0xa, 0xff, 0xfd, 0xbb, 0xbb, 0xbb, 0xbb, 0x70,
    0xd, 0xff, 0xff, 0xff, 0xff, 0xff, 0xff, 0xc0,
    0x2, 0xef, 0xf6, 0x0, 0x0, 0x0, 0x0, 0x0,
    0x0, 0x2e, 0xf5, 0x0, 0x0, 0x0, 0x0, 0x0,
    0x0, 0x2, 0x91, 0x0, 0x0, 0x4, 0x0, 0x0,
    0x0, 0x0, 0x0, 0x0, 0x0, 0x5f, 0xa0, 0x0,
    0x0, 0x0, 0x0, 0x0, 0x0, 0x6f, 0xfa, 0x0,
    0x7, 0xbb, 0xbb, 0xbb, 0xbb, 0xdf, 0xff, 0xa0,
    0xc, 0xff, 0xff, 0xff, 0xff, 0xff, 0xff, 0xd0,
    0x0, 0x0, 0x0, 0x0, 0x0, 0x6f, 0xfe, 0x20,
    0x0, 0x0, 0x0, 0x0, 0x0, 0x5f, 0xe2, 0x0,
    0x0, 0x0, 0x0, 0x0, 0x0, 0x19, 0x20, 0x0,

    /* U+F338 "" */
    0x0, 0x1, 0x0, 0x0, 0x0, 0x10, 0x0, 0x0,
    0x6, 0xfc, 0x0, 0x0, 0xf, 0x90, 0x0, 0x6,
    0xff, 0xfc, 0x0, 0x1, 0xfa, 0x0, 0x5, 0xff,
    0xff, 0xfc, 0x0, 0x1f, 0xa0, 0x0, 0xaf, 0xff,
    0xff, 0xf2, 0x1, 0xfa, 0x0, 0x0, 0x24, 0xfa,
    0x21, 0x0, 0x1f, 0xa0, 0x0, 0x0, 0x2f, 0x90,
    0x0, 0x1, 0xfa, 0x0, 0x0, 0x2, 0xf9, 0x0,
    0x0, 0x1f, 0xa0, 0x0, 0x0, 0x2f, 0x90, 0x0,
    0x1, 0xfa, 0x0, 0x0, 0x2, 0xf9, 0x0, 0x0,
    0x1f, 0xa0, 0x0, 0x0, 0x2f, 0x90, 0x3, 0x9a,
    0xfd, 0x98, 0x0, 0x2, 0xf9, 0x0, 0x9f, 0xff,
    0xff, 0xf3, 0x0, 0x2f, 0x90, 0x1, 0xcf, 0xff,
    0xf7, 0x0, 0x2, 0xf9, 0x0, 0x1, 0xcf, 0xf7,
    0x0, 0x0, 0xa, 0x40, 0x0, 0x1, 0xa6, 0x0,
    0x0,

    /* U+F34E "" */
    0x0, 0x20, 0x0, 0x0, 0x0, 0x2, 0x0, 0x3e,
    0xfe, 0x0, 0x0, 0x0, 0xef, 0xe3, 0xcf, 0xc2,
    0x2, 0x55, 0x20, 0x2c, 0xfc, 0xfb, 0x3, 0xdf,
    0xff, 0xfd, 0x30, 0xbf, 0x60, 0x6f, 0xff, 0xff,
    0xff, 0xf6, 0x6, 0x2, 0xff, 0xff, 0x99, 0xff,
    0xff, 0x20, 0xa, 0xff, 0xff, 0x55, 0xff, 0xff,
    0xa0, 0xe, 0xff, 0xff, 0x55, 0xff, 0xff, 0xe0,
    0x1f, 0xff, 0xff, 0x53, 0xff, 0xff, 0xf1, 0xf,
    0xff, 0xff, 0xd1, 0x4f, 0xff, 0xf0, 0xc, 0xff,
    0xff, 0xfd, 0x4e, 0xff, 0xc0, 0x5, 0xff, 0xff,
    0xff, 0xff, 0xff, 0x50, 0x2, 0xff, 0xff, 0xff,
    0xff, 0xff, 0x20, 0xe, 0xfb, 0xff, 0xff, 0xff,
    0xbf, 0xe0, 0xa, 0x50, 0x28, 0xbb, 0x82, 0x5,
    0xa0,

    /* U+F358 "" */
    0x0, 0x0, 0x2, 0x44, 0x20, 0x0, 0x0, 0x0,
    0x4, 0xdf, 0xff, 0xfd, 0x40, 0x0, 0x0, 0x9f,
    0xff, 0xff, 0xff, 0xf9, 0x0, 0x7, 0xff, 0xff,
    0xff, 0xff, 0xff, 0x70, 0x2f, 0xff, 0xfe, 0x33,
    0xef, 0xff, 0xf2, 0x9f, 0xff, 0xfb, 0x0, 0xbf,
    0xff, 0xf9, 0xdf, 0xff, 0xfa, 0x0, 0xaf, 0xff,
    0xfd, 0xff, 0xff, 0xa7, 0x0, 0x7a, 0xff, 0xff,
    0xef, 0xfe, 0x10, 0x0, 0x1, 0xef, 0xfe, 0xcf,
    0xff, 0xd1, 0x0, 0x1d, 0xff, 0xfc, 0x6f, 0xff,
    0xfc, 0x0, 0xcf, 0xff, 0xf6, 0xc, 0xff, 0xff,
    0xcc, 0xff, 0xff, 0xc0, 0x2, 0xff, 0xff, 0xff,
    0xff, 0xff, 0x20, 0x0, 0x2c, 0xff, 0xff, 0xff,
    0xc2, 0x0, 0x0, 0x0, 0x5a, 0xcc, 0xa5, 0x0,
    0x0,

    /* U+F359 "" */
    0x0, 0x0, 0x0, 0x0, 0x0, 0x0, 0x0, 0x0,
    0x1, 0x8d, 0xff, 0xd8, 0x10, 0x0, 0x0, 0x5e,
    0xff, 0xff, 0xff, 0xe5, 0x0, 0x4, 0xff, 0xff,
    0xff, 0xff, 0xff, 0x40, 0x1e, 0xff, 0xff, 0xdf,
    0xff, 0xff, 0xe1, 0x8f, 0xff, 0xf8, 0xf, 0xff,
    0xff, 0xf8, 0xdf, 0xff, 0x80, 0xa, 0xaa, 0xff,
    0xfd, 0xff, 0xf9, 0x0, 0x0, 0x0, 0x8f, 0xff,
    0xef, 0xfc, 0x0, 0x0, 0x0, 0xaf, 0xfe, 0xcf,
    0xff, 0xc1, 0xf, 0xff, 0xff, 0xfc, 0x6f, 0xff,
    0xfc, 0x2f, 0xff, 0xff, 0xf6, 0xc, 0xff, 0xff,
    0xff, 0xff, 0xff, 0xc0, 0x2, 0xef, 0xff, 0xff,
    0xff, 0xfe, 0x20, 0x0, 0x1a, 0xff, 0xff, 0xff,
    0xa1, 0x0, 0x0, 0x0, 0x48, 0xba, 0x83, 0x0,
    0x0,

    /* U+F35A "" */
    0x0, 0x0, 0x0, 0x0, 0x0, 0x0, 0x0, 0x0,
    0x1, 0x8d, 0xff, 0xd8, 0x10, 0x0, 0x0, 0x5e,
    0xff, 0xff, 0xff, 0xe5, 0x0, 0x4, 0xff, 0xff,
    0xff, 0xff, 0xff, 0x40, 0x1e, 0xff, 0xff, 0xfd,
    0xff, 0xff, 0xe1, 0x8f, 0xff, 0xff, 0xf0, 0x8f,
    0xff, 0xf8, 0xdf, 0xff, 0xaa, 0xa0, 0x8, 0xff,
    0xfd, 0xff, 0xf8, 0x0, 0x0, 0x0, 0x8f, 0xff,
    0xef, 0xfa, 0x0, 0x0, 0x0, 0xcf, 0xfe, 0xcf,
    0xff, 0xff, 0xf0, 0x1c, 0xff, 0xfc, 0x6f, 0xff,
    0xff, 0xf2, 0xcf, 0xff, 0xf6, 0xc, 0xff, 0xff,
    0xff, 0xff, 0xff, 0xc0, 0x2, 0xef, 0xff, 0xff,
    0xff, 0xfe, 0x20, 0x0, 0x1a, 0xff, 0xff, 0xff,
    0xa1, 0x0, 0x0, 0x0, 0x48, 0xba, 0x83, 0x0,
    0x0,

    /* U+F35B "" */
    0x0, 0x0, 0x1, 0x33, 0x10, 0x0, 0x0, 0x0,
    0x2, 0xbf, 0xff, 0xfb, 0x20, 0x0, 0x0, 0x7f,
    0xff, 0xff, 0xff, 0xf7, 0x0, 0x6, 0xff, 0xff,
    0xff, 0xff, 0xff, 0x60, 0x1f, 0xff, 0xff, 0x66,
    0xff, 0xff, 0xf1, 0x9f, 0xff, 0xf6, 0x0, 0x6f,
    0xff, 0xf9, 0xdf, 0xff, 0x70, 0x0, 0x7, 0xff,
    0xfd, 0xff, 0xfe, 0x21, 0x0, 0x12, 0xef, 0xff,
    0xef, 0xff, 0xfa, 0x0, 0xaf, 0xff, 0xfe, 0xcf,
    0xff, 0xfa, 0x0, 0xaf, 0xff, 0xfc, 0x6f, 0xff,
    0xfb, 0x0, 0xbf, 0xff, 0xf6, 0xc, 0xff, 0xff,
    0xbb, 0xff, 0xff, 0xc0, 0x2, 0xff, 0xff, 0xff,
    0xff, 0xff, 0x20, 0x0, 0x2c, 0xff, 0xff, 0xff,
    0xc2, 0x0, 0x0, 0x0, 0x5a, 0xcc, 0xa5, 0x0,
    0x0,

    /* U+F35D "" */
    0x0, 0x0, 0x0, 0x0, 0x14, 0x44, 0x41, 0x0,
    0x0, 0x0, 0x0, 0xdf, 0xff, 0xfe, 0x0, 0x0,
    0x0, 0x0, 0x5f, 0xff, 0xff, 0x18, 0xbb, 0x90,
    0x0, 0x6, 0xff, 0xff, 0xbf, 0xff, 0xf1, 0x0,
    0x1c, 0xff, 0xff, 0xfd, 0x10, 0x0, 0x1, 0xdf,
    0x95, 0xff, 0xfc, 0x0, 0x0, 0x1d, 0xf9, 0x0,
    0x68, 0xfc, 0x0, 0x1, 0xdf, 0x90, 0x0, 0x0,
    0xfc, 0x0, 0xa, 0xf9, 0x0, 0x0, 0x0, 0xfc,
    0x0, 0x2, 0x50, 0x0, 0x51, 0x0, 0xfc, 0x0,
    0x0, 0x0, 0x2, 0xf9, 0x0, 0xfc, 0x0, 0x0,
    0x0, 0x2, 0xf9, 0x0, 0xfd, 0x0, 0x0, 0x0,
    0x4, 0xf9, 0x0, 0xbf, 0xff, 0xff, 0xff, 0xff,
    0xf5, 0x0, 0x19, 0xbc, 0xcc, 0xcc, 0xcb, 0x60,
    0x0,

    /* U+F360 "" */
    0x6, 0x77, 0x77, 0x77, 0x77, 0x72, 0xb, 0xff,
    0xff, 0xff, 0xff, 0xff, 0xf2, 0xff, 0xff, 0xff,
    0xff, 0xff, 0xff, 0x6f, 0xff, 0xff, 0xff, 0xff,
    0xff, 0xf6, 0xff, 0xff, 0x40, 0x0, 0x4f, 0xff,
    0x6f, 0xff, 0xf7, 0x0, 0x1, 0xff, 0xf6, 0xff,
    0xff, 0xc0, 0x0, 0x1f, 0xff, 0x6f, 0xff, 0xc0,
    0x0, 0x1, 0xff, 0xf6, 0xff, 0xf2, 0x1, 0xd8,
    0x4f, 0xff, 0x6f, 0xff, 0xb3, 0xdf, 0xff, 0xff,
    0xf6, 0xff, 0xff, 0xff, 0xff, 0xff, 0xff, 0x6e,
    0xff, 0xff, 0xff, 0xff, 0xff, 0xf5, 0x5e, 0xff,
    0xff, 0xff, 0xff, 0xfa, 0x0,

    /* U+F362 "" */
    0x0, 0x0, 0x0, 0x0, 0x0, 0x4, 0x0, 0x0,
    0x0, 0x0, 0x0, 0x0, 0x0, 0x5f, 0xa0, 0x0,
    0x0, 0x0, 0x0, 0x0, 0x0, 0x6f, 0xfa, 0x0,
    0x7, 0xbb, 0xbb, 0xbb, 0xbb, 0xdf, 0xff, 0xa0,
    0xc, 0xff, 0xff, 0xff, 0xff, 0xff, 0xff, 0xd0,
    0x0, 0x0, 0x0, 0x0, 0x0, 0x6f, 0xfe, 0x20,
    0x0, 0x0, 0x0, 0x0, 0x0, 0x5f, 0xe2, 0x0,
    0x0, 0x0, 0x40, 0x0, 0x0, 0x19, 0x20, 0x0,
    0x0, 0xa, 0xf5, 0x0, 0x0, 0x0, 0x0, 0x0,
    0x0, 0xaf, 0xf6, 0x0, 0x0, 0x0, 0x0, 0x0,
    0xa, 0xff, 0xfd, 0xbb, 0xbb, 0xbb, 0xbb, 0x70,
    0xd, 0xff, 0xff, 0xff, 0xff, 0xff, 0xff, 0xc0,
    0x2, 0xef, 0xf6, 0x0, 0x0, 0x0, 0x0, 0x0,
    0x0, 0x2e, 0xf5, 0x0, 0x0, 0x0, 0x0, 0x0,
    0x0, 0x2, 0x91, 0x0, 0x0, 0x0, 0x0, 0x0,

    /* U+F363 "" */
    0x0, 0x0, 0x0, 0x0, 0x0, 0x60, 0x0, 0x0,
    0x0, 0x0, 0x0, 0x5, 0xfc, 0x0, 0x0, 0x5,
    0x8b, 0xbb, 0xbd, 0xff, 0xc0, 0x2, 0xcf, 0xff,
    0xff, 0xff, 0xff, 0xe0, 0xd, 0xf9, 0x30, 0x0,
    0x6, 0xff, 0x30, 0x8f, 0x80, 0x0, 0x0, 0x2,
    0xb3, 0x0, 0xcf, 0x0, 0x0, 0x0, 0x0, 0x0,
    0x1, 0xec, 0x0, 0x0, 0x0, 0x0, 0x0, 0xae,
    0x53, 0x0, 0x0, 0x0, 0x0, 0x0, 0xed, 0x0,
    0x16, 0x0, 0x0, 0x0, 0x5, 0xf9, 0x1, 0xcf,
    0x50, 0x0, 0x0, 0x4e, 0xf1, 0xc, 0xff, 0xdb,
    0xbb, 0xce, 0xff, 0x50, 0xe, 0xff, 0xff, 0xff,
    0xfd, 0xa2, 0x0, 0x3, 0xef, 0x50, 0x0, 0x0,
    0x0, 0x0, 0x0, 0x3a, 0x10, 0x0, 0x0, 0x0,
    0x0,

    /* U+F381 "" */
    0x0, 0x0, 0x1, 0x42, 0x0, 0x0, 0x0, 0x0,
    0x0, 0x0, 0x9f, 0xff, 0xb0, 0x0, 0x0, 0x0,
    0x0, 0xa, 0xff, 0xff, 0xfb, 0x47, 0x30, 0x0,
    0x0, 0x2f, 0xff, 0xff, 0xff, 0xff, 0xf6, 0x0,
    0x0, 0x5f, 0xff, 0xff, 0xff, 0xff, 0xfe, 0x0,
    0x1, 0xaf, 0xff, 0xf4, 0x8f, 0xff, 0xfe, 0x0,
    0x1e, 0xff, 0xff, 0xf3, 0x7f, 0xff, 0xfe, 0x20,
    0xaf, 0xff, 0xf9, 0x93, 0x77, 0xcf, 0xff, 0xe2,
    0xef, 0xff, 0xf9, 0x0, 0x0, 0xcf, 0xff, 0xf9,
    0xef, 0xff, 0xff, 0x80, 0xc, 0xff, 0xff, 0xfb,
    0xaf, 0xff, 0xff, 0xfa, 0xcf, 0xff, 0xff, 0xf8,
    0x1e, 0xff, 0xff, 0xff, 0xff, 0xff, 0xff, 0xe1,
    0x1, 0xad, 0xff, 0xff, 0xff, 0xff, 0xea, 0x20,

    /* U+F382 "" */
    0x0, 0x0, 0x0, 0x21, 0x0, 0x0, 0x0, 0x0,
    0x0, 0x0, 0x8f, 0xff, 0xc1, 0x0, 0x0, 0x0,
    0x0, 0x9, 0xff, 0xff, 0xfd, 0x47, 0x40, 0x0,
    0x0, 0x1f, 0xff, 0xff, 0xff, 0xff, 0xf8, 0x0,
    0x0, 0x5f, 0xff, 0xff, 0xff, 0xff, 0xff, 0x0,
    0x1, 0xaf, 0xff, 0xe2, 0x3e, 0xff, 0xff, 0x10,
    0x1d, 0xff, 0xfd, 0x20, 0x2, 0xef, 0xff, 0x30,
    0xaf, 0xff, 0xf5, 0x32, 0x32, 0x7f, 0xff, 0xf4,
    0xef, 0xff, 0xff, 0xf3, 0x4f, 0xff, 0xff, 0xfb,
    0xef, 0xff, 0xff, 0xf3, 0x4f, 0xff, 0xff, 0xfe,
    0xaf, 0xff, 0xff, 0xfb, 0xcf, 0xff, 0xff, 0xfb,
    0x1e, 0xff, 0xff, 0xff, 0xff, 0xff, 0xff, 0xf3,
    0x1, 0x9d, 0xff, 0xff, 0xff, 0xff, 0xeb, 0x30,

    /* U+F386 "" */
    0x0, 0x0, 0x1, 0x8c, 0xb7, 0x0, 0x0, 0x0,
    0x0, 0x0, 0x2e, 0xff, 0xff, 0xc0, 0x0, 0x0,
    0x0, 0x0, 0xdf, 0xd6, 0x7f, 0xf9, 0x0, 0x0,
    0x0, 0x4, 0xff, 0x10, 0x4, 0xff, 0x10, 0x0,
    0xcf, 0xff, 0xfb, 0x0, 0x0, 0xff, 0xff, 0xf9,
    0x7b, 0xbc, 0xfe, 0x0, 0x2, 0xff, 0xbb, 0xb5,
    0x0, 0x1, 0xff, 0xa2, 0x3c, 0xfd, 0x0, 0x0,
    0x0, 0x0, 0x7f, 0xff, 0xff, 0xf4, 0x0, 0x0,
    0x0, 0x0, 0x6, 0xdf, 0xfc, 0x30, 0x0, 0x0,
    0x0, 0x0, 0x0, 0x0, 0x0, 0x0, 0x0, 0x0,

    /* U+F387 "" */
    0x0, 0x10, 0x0, 0x0, 0x0, 0x0, 0x5, 0xff,
    0xa0, 0x0, 0x0, 0x0, 0x0, 0xed, 0x9f, 0x40,
    0x0, 0x0, 0x0, 0xd, 0xd9, 0xf3, 0x0, 0x0,
    0x0, 0x0, 0x4f, 0xf9, 0x0, 0x0, 0x0, 0x0,
    0x0, 0xaf, 0x30, 0x0, 0x0, 0x0, 0x0, 0xa,
    0xfc, 0x10, 0x0, 0x4d, 0xe5, 0x0, 0xaf, 0xff,
    0xba, 0xaf, 0xdc, 0xf1, 0xa, 0xf7, 0xdf, 0xff,
    0xfa, 0x8f, 0x20, 0xaf, 0x0, 0x0, 0x9, 0xff,
    0xb0, 0xc, 0xf2, 0x0, 0x0, 0x3, 0x40, 0xa,
    0xff, 0xe1, 0x0, 0x0, 0x0, 0x0, 0xea, 0x4f,
    0x40, 0x0, 0x0, 0x0, 0xb, 0xff, 0xf1, 0x0,
    0x0, 0x0, 0x0, 0x8, 0x93, 0x0, 0x0, 0x0,
    0x0, 0x0,

    /* U+F390 "" */
    0x18, 0x99, 0x99, 0x99, 0x99, 0x99, 0x81, 0xcf,
    0xff, 0xff, 0xff, 0xff, 0xff, 0xfc, 0xfe, 0x32,
    0x22, 0x22, 0x22, 0x23, 0xef, 0xfc, 0x0, 0x0,
    0x0, 0x0, 0x0, 0xcf, 0xfb, 0x0, 0x0, 0x0,
    0x0, 0x0, 0xbf, 0xfb, 0x0, 0x0, 0x0, 0x0,
    0x0, 0xbf, 0xfb, 0x0, 0x0, 0x0, 0x0, 0x0,
    0xbf, 0xfc, 0x0, 0x0, 0x0, 0x0, 0x0, 0xcf,
    0xff, 0xa9, 0x99, 0x99, 0x99, 0x9a, 0xff, 0xff,
    0xff, 0xff, 0xff, 0xff, 0xff, 0xff, 0x6f, 0xff,
    0xff, 0xff, 0xff, 0xff, 0xf6, 0x0, 0x0, 0x7,
    0xff, 0x70, 0x0, 0x0, 0x0, 0x5, 0x5c, 0xff,
    0xc5, 0x50, 0x0, 0x0, 0x3e, 0xff, 0xff, 0xff,
    0xe3, 0x0,

    /* U+F3A0 "" */
    0x18, 0x99, 0x99, 0x99, 0x99, 0x93, 0xc, 0xff,
    0xff, 0xff, 0xff, 0xff, 0xf1, 0xf8, 0x3f, 0xff,
    0xff, 0xf6, 0x5f, 0x3f, 0x50, 0xff, 0xff, 0xff,
    0x31, 0xf4, 0xff, 0xef, 0xff, 0xff, 0xff, 0xef,
    0x4f, 0xfe, 0xff, 0xff, 0xff, 0xfe, 0xf4, 0xf5,
    0xf, 0xff, 0xff, 0xf3, 0x1f, 0x4f, 0xca, 0xff,
    0xff, 0xff, 0xcb, 0xf4, 0xff, 0xff, 0xff, 0xff,
    0xff, 0xff, 0x4f, 0x73, 0xff, 0xff, 0xff, 0x64,
    0xf4, 0xf5, 0xf, 0xff, 0xff, 0xf3, 0x1f, 0x4e,
    0xed, 0xff, 0xff, 0xff, 0xed, 0xf2, 0x5e, 0xff,
    0xff, 0xff, 0xff, 0xe8, 0x0,

    /* U+F3A5 "" */
    0x0, 0x0, 0x58, 0x88, 0x88, 0x85, 0x0, 0x0,
    0x0, 0x5, 0xff, 0xff, 0xff, 0xff, 0x50, 0x0,
    0x0, 0x2f, 0xf7, 0xdf, 0xfd, 0x7f, 0xf2, 0x0,
    0x0, 0xcf, 0xfe, 0x2d, 0xd2, 0xef, 0xfc, 0x0,
    0x8, 0xff, 0xed, 0x62, 0x26, 0xde, 0xff, 0x80,
    0xd, 0xd6, 0x54, 0x21, 0x12, 0x45, 0x6d, 0xd0,
    0x3, 0xff, 0xff, 0xff, 0xff, 0xff, 0xff, 0x30,
    0x0, 0x4f, 0xff, 0xff, 0xff, 0xff, 0xf4, 0x0,
    0x0, 0x5, 0xff, 0xff, 0xff, 0xff, 0x50, 0x0,
    0x0, 0x0, 0x6f, 0xff, 0xff, 0xf6, 0x0, 0x0,
    0x0, 0x0, 0x8, 0xff, 0xff, 0x80, 0x0, 0x0,
    0x0, 0x0, 0x0, 0x9f, 0xf9, 0x0, 0x0, 0x0,
    0x0, 0x0, 0x0, 0xa, 0xa0, 0x0, 0x0, 0x0,

    /* U+F3BE "" */
    0x47, 0x74, 0x0, 0x0, 0x0, 0xff, 0xff, 0xe4,
    0x0, 0x0, 0xff, 0xff, 0xff, 0x20, 0x0, 0xdf,
    0xff, 0xff, 0xb0, 0x0, 0x0, 0x1b, 0xff, 0xe0,
    0x0, 0x0, 0x7, 0xff, 0xf0, 0x0, 0x0, 0x7,
    0xff, 0xf0, 0x0, 0x0, 0x7, 0xff, 0xf0, 0x0,
    0x0, 0x7, 0xff, 0xf0, 0x0, 0x9, 0xbd, 0xff,
    0xfb, 0xb4, 0xf, 0xff, 0xff, 0xff, 0xf7, 0x3,
    0xff, 0xff, 0xff, 0xa0, 0x0, 0x3f, 0xff, 0xfa,
    0x0, 0x0, 0x3, 0xff, 0xa0, 0x0, 0x0, 0x0,
    0x26, 0x0, 0x0,

    /* U+F3BF "" */
    0x0, 0x0, 0x0, 0x0, 0x0, 0x0, 0x0, 0xae,
    0x30, 0x0, 0x0, 0xa, 0xff, 0xf3, 0x0, 0x0,
    0xaf, 0xff, 0xff, 0x30, 0xa, 0xff, 0xff, 0xff,
    0xf3, 0xf, 0xff, 0xff, 0xff, 0xf8, 0x1, 0x39,
    0xff, 0xf3, 0x30, 0x0, 0x8, 0xff, 0xf0, 0x0,
    0x0, 0x8, 0xff, 0xf0, 0x0, 0x0, 0x8, 0xff,
    0xf0, 0x0, 0x0, 0x8, 0xff, 0xf0, 0x0, 0x58,
    0x9e, 0xff, 0xc0, 0x0, 0xff, 0xff, 0xff, 0x70,
    0x0, 0xff, 0xff, 0xfc, 0x0, 0x0, 0xbf, 0xfc,
    0x70, 0x0, 0x0,

    /* U+F3C1 "" */
    0x0, 0x0, 0x0, 0x0, 0x0, 0x0, 0x0, 0x0,
    0x0, 0x0, 0x0, 0x9f, 0xfd, 0x30, 0x0, 0x0,
    0x0, 0xb, 0xfd, 0xbf, 0xf2, 0x0, 0x0, 0x0,
    0x2f, 0xb0, 0x5, 0xf8, 0x0, 0x0, 0x0, 0x4f,
    0x70, 0x0, 0xfb, 0x0, 0x0, 0x0, 0x4f, 0x70,
    0x0, 0xd8, 0xa, 0xff, 0xff, 0xff, 0xfe, 0x60,
    0x0, 0x5f, 0xff, 0xff, 0xff, 0xff, 0xf0, 0x0,
    0x6f, 0xff, 0xff, 0xff, 0xff, 0xf1, 0x0, 0x6f,
    0xff, 0xff, 0xff, 0xff, 0xf1, 0x0, 0x6f, 0xff,
    0xff, 0xff, 0xff, 0xf1, 0x0, 0x6f, 0xff, 0xff,
    0xff, 0xff, 0xf1, 0x0, 0x6f, 0xff, 0xff, 0xff,
    0xff, 0xf1, 0x0, 0x6f, 0xff, 0xff, 0xff, 0xff,
    0xf1, 0x0, 0x4f, 0xff, 0xff, 0xff, 0xff, 0xe0,
    0x0, 0x6, 0xaa, 0xaa, 0xaa, 0xaa, 0x30, 0x0,

    /* U+F3C5 "" */
    0x0, 0x0, 0x34, 0x10, 0x0, 0x0, 0x7, 0xff,
    0xff, 0xc2, 0x0, 0xa, 0xff, 0xff, 0xff, 0xf3,
    0x5, 0xff, 0xff, 0xff, 0xff, 0xd0, 0xbf, 0xff,
    0x63, 0xbf, 0xff, 0x3e, 0xff, 0x90, 0x1, 0xff,
    0xf6, 0xef, 0xfa, 0x0, 0x2f, 0xff, 0x6b, 0xff,
    0xf7, 0x5c, 0xff, 0xf3, 0x6f, 0xff, 0xff, 0xff,
    0xfe, 0x0, 0xdf, 0xff, 0xff, 0xff, 0x60, 0x6,
    0xff, 0xff, 0xff, 0xd0, 0x0, 0xb, 0xff, 0xff,
    0xf4, 0x0, 0x0, 0x1e, 0xff, 0xf8, 0x0, 0x0,
    0x0, 0x4f, 0xfb, 0x0, 0x0, 0x0, 0x0, 0x5a,
    0x10, 0x0, 0x0,

    /* U+F3C9 "" */
    0x0, 0x0, 0x13, 0x0, 0x0, 0x0, 0x0, 0x5f,
    0xfe, 0x20, 0x0, 0x0, 0xf, 0xff, 0xfb, 0x0,
    0x0, 0x2, 0xff, 0xf3, 0x20, 0x0, 0x0, 0x2f,
    0xff, 0x65, 0x0, 0x8, 0x12, 0xff, 0xff, 0xd0,
    0x82, 0xf5, 0x2f, 0xff, 0x10, 0xe, 0x6e, 0x60,
    0xff, 0xff, 0xb0, 0xf5, 0xba, 0x8, 0xff, 0xf4,
    0x3f, 0x24, 0xf3, 0x3, 0x62, 0xc, 0xc0, 0x9,
    0xf7, 0x20, 0x4c, 0xf2, 0x0, 0x6, 0xef, 0xff,
    0xc2, 0x0, 0x0, 0x0, 0x5f, 0x30, 0x0, 0x0,
    0x0, 0x47, 0xf6, 0x30, 0x0, 0x0, 0xe, 0xff,
    0xfb, 0x0, 0x0,

    /* U+F3CD "" */
    0x0, 0x0, 0x0, 0x0, 0x0, 0x2e, 0xff, 0xff,
    0xff, 0xf6, 0x9f, 0xbb, 0xbb, 0xbb, 0xfe, 0xaf,
    0x10, 0x0, 0x0, 0xcf, 0xaf, 0x10, 0x0, 0x0,
    0xcf, 0xaf, 0x10, 0x0, 0x0, 0xcf, 0xaf, 0x10,
    0x0, 0x0, 0xcf, 0xaf, 0x10, 0x0, 0x0, 0xcf,
    0xaf, 0x10, 0x0, 0x0, 0xcf, 0xaf, 0x10, 0x0,
    0x0, 0xcf, 0xaf, 0x32, 0x22, 0x22, 0xdf, 0xaf,
    0xff, 0xff, 0xff, 0xff, 0xaf, 0xff, 0x73, 0xff,
    0xff, 0x9f, 0xff, 0x95, 0xff, 0xfe, 0x2c, 0xff,
    0xff, 0xff, 0xe5,

    /* U+F3CE "" */
    0x2, 0x33, 0x33, 0x33, 0x20, 0x6f, 0xff, 0xff,
    0xff, 0xf8, 0xcf, 0xff, 0xff, 0xff, 0xfe, 0xcf,
    0xff, 0xff, 0xff, 0xfe, 0xcf, 0xff, 0xff, 0xff,
    0xfe, 0xcf, 0xff, 0xff, 0xff, 0xfe, 0xcf, 0xff,
    0xff, 0xff, 0xfe, 0xcf, 0xff, 0xff, 0xff, 0xfe,
    0xcf, 0xff, 0xff, 0xff, 0xfe, 0xcf, 0xff, 0xff,
    0xff, 0xfe, 0xcf, 0xff, 0xff, 0xff, 0xfe, 0xcf,
    0xff, 0xff, 0xff, 0xfe, 0xcf, 0xf8, 0x11, 0x6f,
    0xfe, 0xbf, 0xfa, 0x55, 0x9f, 0xfd, 0x3d, 0xff,
    0xff, 0xff, 0xd4,

    /* U+F3CF "" */
    0x0, 0x0, 0x0, 0x0, 0x0, 0x2e, 0xff, 0xff,
    0xff, 0xf6, 0x9f, 0xbb, 0xbb, 0xbb, 0xfe, 0xaf,
    0x10, 0x0, 0x0, 0xcf, 0xaf, 0x10, 0x0, 0x0,
    0xcf, 0xaf, 0x10, 0x0, 0x0, 0xcf, 0xaf, 0x10,
    0x0, 0x0, 0xcf, 0xaf, 0x10, 0x0, 0x0, 0xcf,
    0xaf, 0x10, 0x0, 0x0, 0xcf, 0xaf, 0x10, 0x0,
    0x0, 0xcf, 0xaf, 0x43, 0x33, 0x33, 0xdf, 0xaf,
    0xff, 0xff, 0xff, 0xff, 0xaf, 0xf9, 0x22, 0x5f,
    0xff, 0x9f, 0xfc, 0x55, 0x9f, 0xfe, 0x2c, 0xff,
    0xff, 0xff, 0xe5,

    /* U+F3D1 "" */
    0x2a, 0xbb, 0xbb, 0xbb, 0xbb, 0xbb, 0xa2, 0xdf,
    0xff, 0xff, 0xff, 0xff, 0xff, 0xfd, 0xfc, 0xa,
    0xfe, 0x99, 0xef, 0xb0, 0xcf, 0xfd, 0x7f, 0xc1,
    0x31, 0x1c, 0xf7, 0xdf, 0xff, 0xff, 0x30, 0xc8,
    0x3, 0xff, 0xff, 0xff, 0xff, 0x0, 0x88, 0x0,
    0xff, 0xff, 0xff, 0xff, 0x11, 0xff, 0x11, 0xff,
    0xff, 0xfd, 0xaf, 0x90, 0x22, 0x9, 0xfc, 0xef,
    0xfb, 0xb, 0xfa, 0x44, 0xaf, 0xc0, 0xbf, 0xef,
    0xbe, 0xff, 0xff, 0xff, 0xeb, 0xfe, 0x6f, 0xff,
    0xff, 0xff, 0xff, 0xff, 0xf6,

    /* U+F3DD "" */
    0x0, 0x0, 0x0, 0x0, 0x0, 0x0, 0x0, 0x0,
    0x0, 0x0, 0x1, 0x20, 0x0, 0x0, 0x0, 0x0,
    0xca, 0x0, 0x8, 0xff, 0x30, 0x0, 0x0, 0x0,
    0xce, 0x20, 0x8, 0xff, 0xfb, 0x0, 0x0, 0x0,
    0xce, 0x20, 0x0, 0xff, 0xff, 0xf2, 0x0, 0x0,
    0xce, 0x20, 0x0, 0xf, 0xff, 0xff, 0x60, 0x0,
    0xce, 0x20, 0x0, 0x0, 0xef, 0xff, 0xc0, 0x0,
    0xce, 0x20, 0x0, 0x0, 0x8, 0xff, 0xf1, 0x0,
    0xce, 0x20, 0x0, 0x0, 0x0, 0x3f, 0xff, 0x80,
    0xce, 0x20, 0x0, 0x0, 0x0, 0x0, 0xbf, 0xff,
    0xce, 0x20, 0x0, 0x0, 0x0, 0x0, 0x1, 0xef,
    0xfe, 0x20, 0x8, 0xb5, 0x0, 0x0, 0x0, 0x6,
    0xfe, 0x22, 0x88, 0xff, 0xfe, 0x50, 0x0, 0x0,
    0xce, 0x22, 0xef, 0xff, 0xff, 0xfc, 0x0, 0x0,
    0xce, 0x20, 0xdf, 0xff, 0xff, 0xff, 0x70, 0x0,
    0xce, 0x20, 0x0, 0x8f, 0xff, 0xff, 0xc0, 0x0,
    0xbe, 0x20, 0x0, 0x0, 0x5, 0x9a, 0x60, 0x0,
    0x7, 0x20, 0x0, 0x0, 0x0, 0x0, 0x0, 0x0,
    0x0,

    /* U+F3E0 "" */
    0x0, 0x0, 0x0, 0x0, 0x0, 0x6, 0xff, 0xff,
    0xff, 0xff, 0xa0, 0xff, 0xff, 0xff, 0xff, 0xff,
    0x3f, 0xff, 0xff, 0xff, 0xff, 0xf4, 0xff, 0xff,
    0xed, 0xff, 0xff, 0x4f, 0xff, 0xf0, 0xb, 0xff,
    0xf4, 0xff, 0xfd, 0x0, 0x9f, 0xff, 0x4f, 0xff,
    0xf8, 0x6e, 0xff, 0xf4, 0xff, 0xff, 0xdd, 0xff,
    0xff, 0x4f, 0xfc, 0x10, 0x0, 0x9f, 0xf4, 0xff,
    0x40, 0x0, 0x0, 0xff, 0x4f, 0xfb, 0x88, 0x88,
    0x9f, 0xf4, 0xff, 0xff, 0xff, 0xff, 0xff, 0x4e,
    0xff, 0xff, 0xff, 0xff, 0xf3, 0x5e, 0xff, 0xff,
    0xff, 0xe9, 0x0,

    /* U+F3E5 "" */
    0x0, 0x0, 0x0, 0x0, 0x0, 0x0, 0x0, 0x0,
    0x0, 0x0, 0x9e, 0x0, 0x0, 0x0, 0x0, 0x0,
    0x0, 0x9f, 0xf2, 0x0, 0x0, 0x0, 0x0, 0x0,
    0x9f, 0xff, 0x20, 0x0, 0x0, 0x0, 0x0, 0x9f,
    0xff, 0xff, 0xff, 0xea, 0x40, 0x0, 0x9f, 0xff,
    0xff, 0xff, 0xff, 0xff, 0x80, 0xd, 0xff, 0xff,
    0xff, 0xff, 0xff, 0xff, 0x40, 0x3e, 0xff, 0xff,
    0xff, 0xff, 0xff, 0xfb, 0x0, 0x3e, 0xff, 0xf7,
    0x66, 0x9f, 0xff, 0xe0, 0x0, 0x3e, 0xff, 0x20,
    0x0, 0x3f, 0xfe, 0x0, 0x0, 0x3e, 0xf1, 0x0,
    0x0, 0xbf, 0xb0, 0x0, 0x0, 0x25, 0x0, 0x0,
    0xb, 0xf4, 0x0, 0x0, 0x0, 0x0, 0x0, 0x2,
    0xf9, 0x0, 0x0, 0x0, 0x0, 0x0, 0x0, 0x37,
    0x0,

    /* U+F3ED "" */
    0x0, 0x0, 0x0, 0x0, 0x0, 0x0, 0x0, 0x0,
    0x0, 0x29, 0xff, 0x92, 0x0, 0x0, 0x0, 0x4b,
    0xff, 0xfe, 0xff, 0xb4, 0x0, 0x1d, 0xff, 0xff,
    0xf0, 0x5c, 0xff, 0xd1, 0x7f, 0xff, 0xff, 0xf0,
    0x0, 0x2a, 0xf7, 0x7f, 0xff, 0xff, 0xf0, 0x0,
    0x4, 0xf7, 0x5f, 0xff, 0xff, 0xf0, 0x0, 0x6,
    0xf5, 0x2f, 0xff, 0xff, 0xf0, 0x0, 0xa, 0xf2,
    0xd, 0xff, 0xff, 0xf0, 0x0, 0xf, 0xd0, 0x8,
    0xff, 0xff, 0xf0, 0x0, 0x7f, 0x80, 0x1, 0xff,
    0xff, 0xf0, 0x2, 0xff, 0x10, 0x0, 0x6f, 0xff,
    0xf0, 0x2d, 0xf6, 0x0, 0x0, 0x9, 0xff, 0xf5,
    0xff, 0x90, 0x0, 0x0, 0x0, 0x7f, 0xff, 0xf7,
    0x0, 0x0, 0x0, 0x0, 0x2, 0xaa, 0x20, 0x0,
    0x0,

    /* U+F3FA "" */
    0x0, 0x0, 0x0, 0x0, 0x0, 0x0, 0x6, 0xff,
    0xff, 0xff, 0xff, 0xff, 0x80, 0xfe, 0xbb, 0xbb,
    0xbb, 0xbb, 0xef, 0xf, 0xc0, 0x0, 0x0, 0x0,
    0xa, 0xf1, 0xfc, 0x0, 0x0, 0x0, 0x0, 0xaf,
    0x1f, 0xc0, 0x0, 0x0, 0x0, 0xa, 0xf1, 0xfc,
    0x0, 0x0, 0x0, 0x0, 0xaf, 0x1f, 0xc0, 0x0,
    0x0, 0x0, 0xa, 0xf1, 0xfc, 0x0, 0x0, 0x0,
    0x0, 0xaf, 0x1f, 0xc0, 0x0, 0x0, 0x0, 0xa,
    0xf1, 0xfd, 0x66, 0x66, 0x66, 0x66, 0xcf, 0x1f,
    0xff, 0xff, 0xff, 0xff, 0xff, 0xf1, 0xff, 0xff,
    0xf6, 0x5f, 0xff, 0xff, 0x1e, 0xff, 0xff, 0xba,
    0xff, 0xff, 0xf0, 0x5e, 0xff, 0xff, 0xff, 0xff,
    0xe6, 0x0,

    /* U+F3FB "" */
    0x0, 0x0, 0x0, 0x0, 0x0, 0x0, 0x7, 0xff,
    0xff, 0xff, 0xff, 0xff, 0xa0, 0xff, 0xff, 0xff,
    0xff, 0xff, 0xff, 0x3f, 0xff, 0xff, 0xff, 0xff,
    0xff, 0xf3, 0xff, 0xff, 0xff, 0xff, 0xff, 0xff,
    0x3f, 0xff, 0xff, 0xff, 0xff, 0xff, 0xf3, 0xff,
    0xff, 0xff, 0xff, 0xff, 0xff, 0x3f, 0xff, 0xff,
    0xff, 0xff, 0xff, 0xf3, 0xff, 0xff, 0xff, 0xff,
    0xff, 0xff, 0x3f, 0xff, 0xff, 0xff, 0xff, 0xff,
    0xf3, 0xff, 0xff, 0xff, 0xff, 0xff, 0xff, 0x3f,
    0xff, 0xff, 0xee, 0xff, 0xff, 0xf3, 0xff, 0xff,
    0x80, 0x4, 0xff, 0xff, 0x3e, 0xff, 0xff, 0xff,
    0xff, 0xff, 0xf2, 0x3b, 0xbb, 0xbb, 0xbb, 0xbb,
    0xb5, 0x0,

    /* U+F3FD "" */
    0x0, 0x0, 0x0, 0x11, 0x0, 0x0, 0x0, 0x0,
    0x1, 0xaf, 0xff, 0xfa, 0x10, 0x0, 0x0, 0x6f,
    0xff, 0xdd, 0xff, 0xf6, 0x0, 0x5, 0xff, 0xff,
    0x44, 0xff, 0xff, 0x50, 0x1e, 0xf3, 0x5f, 0xff,
    0xf7, 0xef, 0xe1, 0x9f, 0xfa, 0xbf, 0xff, 0xa0,
    0xdf, 0xf9, 0xdf, 0xef, 0xff, 0xff, 0x25, 0xfe,
    0xfd, 0xfd, 0xd, 0xff, 0xfa, 0xd, 0x60, 0xef,
    0xef, 0x9f, 0xff, 0xa2, 0x5f, 0xd9, 0xfe, 0xcf,
    0xff, 0xf8, 0x0, 0x8f, 0xff, 0xfc, 0x6f, 0xff,
    0xf4, 0x0, 0x5f, 0xff, 0xf6, 0xc, 0xff, 0xfb,
    0x0, 0xbf, 0xff, 0xc0, 0x2, 0xef, 0xff, 0xff,
    0xff, 0xfe, 0x20, 0x0, 0x1a, 0xff, 0xff, 0xff,
    0xa1, 0x0, 0x0, 0x0, 0x49, 0xbb, 0x94, 0x0,
    0x0,

    /* U+F3FF "" */
    0x17, 0x88, 0x88, 0x88, 0x88, 0x88, 0x88, 0x50,
    0xcf, 0xff, 0xff, 0xff, 0xff, 0xff, 0xff, 0xf8,
    0xff, 0xff, 0xff, 0xff, 0xff, 0xff, 0xff, 0xfb,
    0xff, 0xff, 0xff, 0xff, 0xff, 0xff, 0xff, 0xfc,
    0x8f, 0xff, 0xff, 0xff, 0xff, 0xff, 0xff, 0xf4,
    0xc, 0xff, 0xff, 0xff, 0xff, 0xff, 0xff, 0x80,
    0x2e, 0xff, 0xff, 0xff, 0xff, 0xff, 0xff, 0xc0,
    0xef, 0xff, 0xff, 0xff, 0xff, 0xff, 0xff, 0xfa,
    0xff, 0xff, 0xff, 0xff, 0xff, 0xff, 0xff, 0xfc,
    0xff, 0xff, 0xff, 0xff, 0xff, 0xff, 0xff, 0xfb,
    0x6f, 0xff, 0xff, 0xff, 0xff, 0xff, 0xff, 0xd3,

    /* U+F406 "" */
    0x0, 0x0, 0x0, 0x0, 0x0, 0x0, 0x0, 0x0,
    0x8e, 0xfa, 0x10, 0x0, 0x0, 0x9, 0xff, 0xff,
    0xc0, 0x0, 0x0, 0xf, 0xff, 0xff, 0xf4, 0x0,
    0x0, 0x1f, 0xff, 0xff, 0xf5, 0x0, 0x0, 0xd,
    0xff, 0xff, 0xf1, 0x0, 0x0, 0x3, 0xef, 0xff,
    0x60, 0x0, 0x0, 0x0, 0x16, 0x72, 0x0, 0x0,
    0x0, 0x0, 0x0, 0x0, 0x0, 0x0, 0x0, 0x8,
    0xcf, 0xfd, 0xa2, 0x0, 0x2, 0xef, 0xff, 0xff,
    0xff, 0x50, 0xc, 0xff, 0xff, 0xff, 0xff, 0xf1,
    0x4f, 0xff, 0xff, 0xff, 0xff, 0xf8, 0x7f, 0xff,
    0xff, 0xff, 0xff, 0xfb, 0x3b, 0xbb, 0xbb, 0xbb,
    0xbb, 0xb6,

    /* U+F410 "" */
    0x17, 0x88, 0x88, 0x88, 0x88, 0x88, 0x71, 0xcf,
    0xff, 0xff, 0xff, 0xff, 0xff, 0xfc, 0xff, 0xff,
    0xff, 0xff, 0xff, 0xff, 0xff, 0xff, 0xff, 0x95,
    0xff, 0x59, 0xff, 0xff, 0xff, 0xff, 0xc0, 0x45,
    0xc, 0xff, 0xff, 0xff, 0xff, 0xfc, 0x0, 0xcf,
    0xff, 0xff, 0xff, 0xff, 0xf5, 0x0, 0x5f, 0xff,
    0xff, 0xff, 0xff, 0x80, 0xcc, 0x8, 0xff, 0xff,
    0xff, 0xff, 0xdd, 0xff, 0xde, 0xff, 0xff, 0xff,
    0xff, 0xff, 0xff, 0xff, 0xff, 0xff, 0x6f, 0xff,
    0xff, 0xff, 0xff, 0xff, 0xf6,

    /* U+F422 "" */
    0x0, 0x0, 0x0, 0x0, 0x0, 0x0, 0x2, 0x0,
    0x0, 0x0, 0x0, 0x0, 0x0, 0x0, 0x8f, 0x70,
    0x0, 0x0, 0x0, 0x0, 0x5b, 0x8, 0xff, 0xd0,
    0x0, 0x0, 0x0, 0x0, 0x8f, 0xef, 0xfe, 0x20,
    0x0, 0x0, 0x0, 0x0, 0x8f, 0xff, 0xe2, 0x0,
    0x0, 0x0, 0x0, 0x0, 0x8f, 0xff, 0xc0, 0x0,
    0x0, 0x0, 0x0, 0x0, 0x8f, 0xff, 0xf8, 0x0,
    0x0, 0x0, 0x0, 0x0, 0x14, 0x55, 0x51, 0x0,
    0x0, 0x5d, 0xdd, 0xc5, 0x0, 0x0, 0x0, 0x0,
    0x0, 0x4f, 0xff, 0xf9, 0x0, 0x0, 0x0, 0x0,
    0x0, 0xa, 0xff, 0xf9, 0x0, 0x0, 0x0, 0x0,
    0x0, 0x8f, 0xff, 0xf9, 0x0, 0x0, 0x0, 0x0,
    0x8, 0xff, 0xe7, 0xf9, 0x0, 0x0, 0x0, 0x0,
    0xd, 0xfe, 0x20, 0x32, 0x0, 0x0, 0x0, 0x0,
    0x1, 0xa2, 0x0, 0x0, 0x0, 0x0, 0x0, 0x0,

    /* U+F424 "" */
    0x0, 0x0, 0x0, 0x0, 0x4, 0x55, 0x53, 0x0,
    0x0, 0x0, 0x0, 0x1f, 0xff, 0xff, 0x0, 0x0,
    0x0, 0x0, 0x5, 0xff, 0xff, 0x0, 0x0, 0x0,
    0x0, 0x9, 0xff, 0xff, 0x0, 0x0, 0x0, 0x0,
    0xaf, 0xfe, 0xff, 0x0, 0x0, 0x0, 0x6, 0xff,
    0xd1, 0x5b, 0x0, 0x0, 0x0, 0x2, 0xed, 0x10,
    0x0, 0x0, 0x0, 0x0, 0x0, 0x10, 0x0, 0x0,
    0x0, 0x0, 0x9a, 0x0, 0x0, 0x0, 0x0, 0x62,
    0xa, 0xff, 0x70, 0x0, 0x0, 0x0, 0xfe, 0xaf,
    0xfd, 0x10, 0x0, 0x0, 0x0, 0xff, 0xff, 0xd1,
    0x0, 0x0, 0x0, 0x0, 0xff, 0xff, 0x30, 0x0,
    0x0, 0x0, 0x0, 0xff, 0xff, 0xe0, 0x0, 0x0,
    0x0, 0x0, 0x8a, 0xaa, 0x90, 0x0, 0x0, 0x0,
    0x0,

    /* U+F425 "" */
    0x2, 0x0, 0x0, 0x0, 0x0, 0x0, 0x0, 0x6f,
    0xd0, 0x0, 0x0, 0x0, 0x0, 0x0, 0x9f, 0xf1,
    0x0, 0x0, 0x0, 0x0, 0x0, 0x2f, 0xe9, 0x99,
    0x99, 0x99, 0x99, 0x93, 0x1f, 0xff, 0xff, 0xff,
    0xff, 0xff, 0xf7, 0x1f, 0xff, 0xff, 0xff, 0xff,
    0xff, 0xf1, 0x1f, 0xff, 0xff, 0xff, 0xff, 0xff,
    0x90, 0x1f, 0xff, 0xff, 0xff, 0xff, 0xff, 0x20,
    0x1f, 0xff, 0xff, 0xff, 0xff, 0xfe, 0x0, 0x1f,
    0xff, 0xff, 0xff, 0xff, 0xff, 0x60, 0x1f, 0xff,
    0xff, 0xff, 0xff, 0xff, 0xd0, 0x1f, 0xff, 0xff,
    0xff, 0xff, 0xff, 0xf4, 0x1f, 0xff, 0xff, 0xff,
    0xff, 0xff, 0xf6, 0x1f, 0x90, 0x0, 0x0, 0x0,
    0x0, 0x0, 0x1b, 0x70, 0x0, 0x0, 0x0, 0x0,
    0x0,

    /* U+F432 "" */
    0x0, 0x0, 0x0, 0x0, 0x0, 0x0, 0x1, 0x0,
    0x0, 0x0, 0x0, 0x0, 0x0, 0x0, 0x7, 0xff,
    0x50, 0x0, 0x0, 0x0, 0x0, 0x0, 0x7, 0xff,
    0xff, 0x50, 0x0, 0x0, 0x0, 0x0, 0x7, 0xff,
    0xff, 0xfb, 0x0, 0x0, 0x0, 0x0, 0x7, 0xff,
    0xff, 0xff, 0x60, 0x0, 0x0, 0x0, 0x7, 0xff,
    0xff, 0xff, 0x70, 0x0, 0x0, 0x0, 0x7, 0xff,
    0xff, 0xff, 0x70, 0x0, 0x0, 0x0, 0x3, 0xff,
    0xff, 0xff, 0x70, 0x0, 0x0, 0x0, 0x0, 0xbf,
    0xff, 0xff, 0x70, 0x0, 0x0, 0x0, 0x0, 0x3f,
    0xff, 0xff, 0x70, 0x0, 0x0, 0x0, 0x0, 0xb,
    0xff, 0xfe, 0x60, 0x0, 0x0, 0x0, 0x0, 0x5,
    0xff, 0xe7, 0x0, 0x0, 0x0, 0x0, 0x0, 0x5,
    0xff, 0x70, 0x0, 0x0, 0x7c, 0xa1, 0x0, 0x5,
    0xff, 0x50, 0x0, 0x0, 0x4f, 0xff, 0xa0, 0xe,
    0xff, 0x50, 0x0, 0x0, 0x7, 0xff, 0xfd, 0x0,
    0x5f, 0x90, 0x0, 0x0, 0x0, 0x2f, 0xff, 0x70,
    0x0, 0x43, 0x0, 0x0, 0x0, 0x0, 0x27, 0x40,
    0x0,

    /* U+F433 "" */
    0x0, 0x0, 0x0, 0x0, 0x0, 0x0, 0x0, 0x0,
    0x3, 0xbf, 0x46, 0xfb, 0x30, 0x0, 0x0, 0x7f,
    0xff, 0x7a, 0xff, 0xf8, 0x0, 0x6, 0xff, 0xff,
    0xff, 0xff, 0xff, 0x70, 0x2f, 0xff, 0xe2, 0x9f,
    0xff, 0xff, 0xf2, 0x8f, 0xfe, 0x21, 0xef, 0xff,
    0xff, 0xf8, 0xcf, 0xf4, 0x2d, 0xff, 0xff, 0xff,
    0xfc, 0x0, 0xfe, 0xff, 0xff, 0xff, 0xff, 0x42,
    0x8c, 0xff, 0xff, 0xff, 0xf9, 0x7f, 0x87, 0xaf,
    0xff, 0xff, 0xff, 0x80, 0x8f, 0xfa, 0x5f, 0xff,
    0xff, 0xfb, 0x8, 0xff, 0xf6, 0xc, 0xff, 0xff,
    0xfc, 0x9f, 0xff, 0xc0, 0x2, 0xef, 0xff, 0xed,
    0xff, 0xfe, 0x20, 0x0, 0x1b, 0xff, 0x73, 0xff,
    0xb1, 0x0, 0x0, 0x0, 0x37, 0x43, 0x73, 0x0,
    0x0,

    /* U+F434 "" */
    0x0, 0x0, 0x0, 0x0, 0x0, 0x0, 0x0, 0x0,
    0x2, 0xa5, 0x4f, 0xda, 0x10, 0x0, 0x0, 0x2f,
    0xf6, 0x4f, 0xff, 0xf2, 0x0, 0x4, 0x6, 0xf3,
    0x7f, 0xff, 0x60, 0x40, 0x2f, 0xa0, 0x40, 0xcf,
    0xf6, 0xa, 0xf1, 0x8f, 0xf6, 0x3, 0xff, 0x60,
    0xaf, 0xf8, 0x34, 0x10, 0x50, 0x66, 0xa, 0xff,
    0xfc, 0x76, 0x8d, 0xfa, 0x0, 0xaf, 0xff, 0xfe,
    0xef, 0xff, 0xf7, 0x0, 0x6f, 0x94, 0x22, 0xbf,
    0xff, 0x60, 0xbb, 0x1, 0x6, 0x95, 0x6f, 0xf6,
    0xb, 0xff, 0x30, 0x6f, 0xf7, 0xd, 0x60, 0xbf,
    0xfa, 0x8, 0x6, 0xd0, 0x1, 0xa, 0xff, 0xf6,
    0x4f, 0xa0, 0x10, 0x0, 0x2c, 0xff, 0xf4, 0x6f,
    0xd2, 0x0, 0x0, 0x0, 0x59, 0xc4, 0x35, 0x0,
    0x0,

    /* U+F436 "" */
    0x0, 0x0, 0x1, 0x33, 0x10, 0x0, 0x0, 0x0,
    0x2, 0xbf, 0xff, 0xfb, 0x20, 0x0, 0x0, 0x7f,
    0xff, 0xff, 0xff, 0xf7, 0x0, 0x6, 0xff, 0xfd,
    0xb, 0xff, 0xff, 0x60, 0x1f, 0xfd, 0xee, 0x4d,
    0xff, 0xff, 0xf1, 0x9f, 0xf2, 0x4f, 0xdf, 0xff,
    0xff, 0xf9, 0xdf, 0xfb, 0xcc, 0xa, 0xff, 0xff,
    0xfd, 0xff, 0xff, 0xff, 0xaf, 0xff, 0xff, 0xff,
    0xef, 0xff, 0xff, 0xff, 0xff, 0xff, 0xfe, 0xcf,
    0xff, 0xff, 0xff, 0xff, 0xff, 0xfc, 0x6f, 0xff,
    0xff, 0xff, 0xff, 0xff, 0xf6, 0xc, 0xff, 0xff,
    0xff, 0xff, 0xff, 0xc0, 0x2, 0xff, 0xff, 0xff,
    0xff, 0xff, 0x20, 0x0, 0x2c, 0xff, 0xff, 0xff,
    0xc2, 0x0, 0x0, 0x0, 0x5a, 0xcc, 0xa5, 0x0,
    0x0,

    /* U+F439 "" */
    0x0, 0x0, 0x0, 0x0, 0x0, 0x0, 0x0, 0x0,
    0x0, 0x5d, 0x0, 0x0, 0x0, 0x0, 0x0, 0x5,
    0xff, 0xd0, 0x0, 0x0, 0x0, 0x0, 0x0, 0x9e,
    0x20, 0x0, 0x0, 0x0, 0x0, 0x78, 0xbf, 0x88,
    0x40, 0x0, 0x0, 0x2, 0xff, 0xff, 0xff, 0xa0,
    0x0, 0x0, 0x0, 0xbf, 0xff, 0xff, 0x31, 0x91,
    0x47, 0x0, 0x8f, 0xff, 0xfe, 0x15, 0xf9, 0xdf,
    0x0, 0x7f, 0xff, 0xfd, 0x27, 0xff, 0xff, 0x0,
    0x1f, 0xff, 0xf9, 0xe, 0xff, 0xff, 0x0, 0x2f,
    0xff, 0xfa, 0xf, 0xff, 0xfd, 0x0, 0x4f, 0xff,
    0xfc, 0xe, 0xff, 0xf4, 0x0, 0x7f, 0xff, 0xfe,
    0x6, 0xff, 0xf1, 0x3, 0xff, 0xff, 0xff, 0xb0,
    0x9f, 0xf4, 0xe, 0xff, 0xff, 0xff, 0xf6, 0x3f,
    0xfd, 0xc, 0xff, 0xff, 0xff, 0xe5, 0x2f, 0xfa,

    /* U+F43A "" */
    0x0, 0x0, 0x0, 0x0, 0x0, 0x1f, 0xff, 0xfd,
    0x0, 0x0, 0xaf, 0xff, 0x70, 0x0, 0xb, 0xff,
    0xf7, 0x0, 0x9, 0xff, 0xff, 0xd0, 0x4, 0xff,
    0xff, 0xd1, 0x41, 0xbf, 0xff, 0xd1, 0x4f, 0x8e,
    0xff, 0xfd, 0x6f, 0xfb, 0xdf, 0xff, 0xff, 0xff,
    0x9a, 0xff, 0xff, 0xff, 0xf5, 0x1e, 0xff, 0xff,
    0xfc, 0x0, 0x7f, 0xff, 0xff, 0x30, 0x2f, 0xff,
    0xff, 0xfc, 0xc, 0xff, 0xff, 0xff, 0xf8, 0xaf,
    0xff, 0xff, 0xff, 0x70,

    /* U+F43C "" */
    0x18, 0x99, 0x99, 0x99, 0x99, 0x82, 0xc, 0xff,
    0xff, 0xff, 0xff, 0xff, 0xe0, 0xfc, 0x2b, 0xf3,
    0x2f, 0xc2, 0xbf, 0x1f, 0xb0, 0x9e, 0x10, 0xea,
    0xa, 0xf1, 0xff, 0xc6, 0xb, 0xc0, 0x5c, 0xef,
    0x1f, 0xff, 0x80, 0xef, 0x6, 0xff, 0xf1, 0xfb,
    0xa, 0xf1, 0xf, 0xb0, 0xaf, 0x1f, 0xe9, 0x96,
    0x99, 0x68, 0x9d, 0xf1, 0xff, 0xf7, 0xe, 0xf0,
    0x6f, 0xff, 0x1f, 0xc2, 0x78, 0x22, 0x87, 0x2b,
    0xf1, 0xfb, 0xa, 0xf1, 0xf, 0xb0, 0xaf, 0x1e,
    0xfc, 0xef, 0xdc, 0xff, 0xce, 0xf0, 0x5e, 0xff,
    0xff, 0xff, 0xff, 0xe6, 0x0,

    /* U+F43F "" */
    0x0, 0x0, 0x0, 0x10, 0x0, 0x0, 0x0, 0x0,
    0x0, 0xae, 0x0, 0x0, 0x0, 0x0, 0x1, 0x9e,
    0xf9, 0x30, 0x0, 0x0, 0x0, 0x5f, 0xff, 0xf9,
    0x0, 0x0, 0x0, 0x0, 0x2c, 0xf2, 0x0, 0x0,
    0x0, 0x0, 0x0, 0xcf, 0x0, 0x0, 0x0, 0xaf,
    0xff, 0xff, 0xff, 0xff, 0xfd, 0xd, 0xff, 0xff,
    0xff, 0xff, 0xff, 0xf1, 0x6f, 0xff, 0xff, 0xff,
    0xff, 0xf9, 0x0, 0xdf, 0xff, 0xff, 0xff, 0xff,
    0x10, 0x4, 0xff, 0xff, 0xff, 0xff, 0x80, 0x0,
    0xb, 0xff, 0xff, 0xff, 0xe1, 0x0, 0x0, 0xaf,
    0xff, 0xff, 0xfd, 0x0, 0x0, 0x6f, 0xff, 0xff,
    0xff, 0xfa, 0x0, 0xf, 0xff, 0xff, 0xff, 0xff,
    0xf4, 0x0, 0x7a, 0xaa, 0xaa, 0xaa, 0xa9, 0x10,

    /* U+F441 "" */
    0x0, 0x0, 0x0, 0x0, 0x0, 0x0, 0x3, 0xff,
    0xfc, 0x70, 0x0, 0x0, 0x6f, 0xff, 0xff, 0xc1,
    0x0, 0x2e, 0xfe, 0xff, 0xff, 0xa0, 0x1d, 0xfd,
    0x2f, 0xff, 0xff, 0x2a, 0xff, 0xff, 0xff, 0xff,
    0xf5, 0xff, 0xff, 0xff, 0xff, 0xff, 0x7d, 0xff,
    0xee, 0xff, 0xff, 0xf8, 0x2a, 0x92, 0xcf, 0xff,
    0xff, 0x80, 0x2, 0xef, 0xff, 0xff, 0xf7, 0x1,
    0xef, 0xff, 0xff, 0xff, 0x40, 0x3f, 0xff, 0xff,
    0xff, 0x80, 0x8, 0xff, 0xff, 0xff, 0xf1, 0x7,
    0xff, 0xff, 0xff, 0xff, 0xd1, 0xef, 0xff, 0xff,
    0xff, 0xff, 0x65, 0xbc, 0xcc, 0xcc, 0xcc, 0xa1,

    /* U+F443 "" */
    0x0, 0x0, 0x1, 0x0, 0x0, 0x0, 0x0, 0x8f,
    0xfd, 0x30, 0x0, 0x0, 0x8f, 0xff, 0xfe, 0x10,
    0x0, 0xe, 0xff, 0xff, 0xf6, 0x0, 0x0, 0xff,
    0xff, 0xff, 0x70, 0x0, 0xb, 0xff, 0xff, 0xf3,
    0x0, 0x1, 0xdf, 0xff, 0xff, 0x70, 0x0, 0x1c,
    0xff, 0xff, 0xf7, 0x0, 0x0, 0x2f, 0xff, 0xfa,
    0x0, 0x0, 0x5, 0xff, 0xff, 0xd0, 0x0, 0x0,
    0x8f, 0xff, 0xff, 0x0, 0x0, 0xb, 0xff, 0xff,
    0xf2, 0x0, 0x1, 0xef, 0xff, 0xff, 0x80, 0x0,
    0xcf, 0xff, 0xff, 0xff, 0x40, 0x6f, 0xff, 0xff,
    0xff, 0xfe, 0x3, 0xbc, 0xcc, 0xcc, 0xcc, 0x80,

    /* U+F445 "" */
    0x0, 0x0, 0x0, 0x77, 0x0, 0x0, 0x0, 0x0,
    0x0, 0x3, 0xff, 0x30, 0x0, 0x0, 0x0, 0x0,
    0x0, 0xbb, 0x0, 0x0, 0x0, 0x0, 0x0, 0x53,
    0x0, 0x35, 0x0, 0x0, 0x57, 0x1a, 0xff, 0x66,
    0xff, 0xa1, 0x75, 0xef, 0xff, 0xff, 0xff, 0xff,
    0xff, 0xfe, 0x7f, 0xff, 0xff, 0xff, 0xff, 0xff,
    0xf7, 0xd, 0xff, 0xff, 0xff, 0xff, 0xff, 0xd0,
    0x4, 0xff, 0xff, 0xff, 0xff, 0xff, 0x40, 0x0,
    0xaf, 0xff, 0xff, 0xff, 0xfa, 0x0, 0x0, 0x1e,
    0xff, 0xff, 0xff, 0xe1, 0x0, 0x0, 0xb, 0xff,
    0xff, 0xff, 0xb0, 0x0, 0x0, 0x6f, 0xff, 0xff,
    0xff, 0xf6, 0x0, 0x1, 0xff, 0xff, 0xff, 0xff,
    0xff, 0x10, 0x0, 0xbd, 0xdd, 0xdd, 0xdd, 0xdb,
    0x0,

    /* U+F447 "" */
    0x0, 0x0, 0x0, 0x0, 0x0, 0xd, 0xf7, 0xd,
    0xf6, 0xe, 0xf6, 0xff, 0xb5, 0xff, 0xb5, 0xff,
    0x8f, 0xff, 0xff, 0xff, 0xff, 0xf8, 0xff, 0xff,
    0xff, 0xff, 0xff, 0x8b, 0xff, 0xff, 0xff, 0xff,
    0xf3, 0xc, 0xff, 0xff, 0xff, 0xf6, 0x0, 0x4f,
    0xff, 0xff, 0xfc, 0x0, 0x3, 0xff, 0xff, 0xff,
    0xc0, 0x0, 0x3f, 0xff, 0xff, 0xfc, 0x0, 0x3,
    0xff, 0xff, 0xff, 0xc0, 0x0, 0x5f, 0xff, 0xff,
    0xfe, 0x0, 0x2f, 0xff, 0xff, 0xff, 0xfa, 0xc,
    0xff, 0xff, 0xff, 0xff, 0xf5, 0xaf, 0xff, 0xff,
    0xff, 0xfe, 0x40,

    /* U+F44B "" */
    0x0, 0x5, 0x40, 0x0, 0x0, 0x0, 0x16, 0x10,
    0x0, 0x0, 0x3f, 0xf1, 0x0, 0x0, 0x0, 0x9f,
    0xb0, 0x0, 0x6, 0xdf, 0xf4, 0x0, 0x0, 0x0,
    0xcf, 0xfa, 0x20, 0x1f, 0xff, 0xf4, 0x0, 0x0,
    0x0, 0xcf, 0xff, 0x80, 0x2f, 0xff, 0xf5, 0x22,
    0x22, 0x22, 0xcf, 0xff, 0xa0, 0xdf, 0xff, 0xff,
    0xff, 0xff, 0xff, 0xff, 0xff, 0xf5, 0x7f, 0xff,
    0xfb, 0xaa, 0xaa, 0xaa, 0xef, 0xff, 0xd2, 0x1f,
    0xff, 0xf4, 0x0, 0x0, 0x0, 0xcf, 0xff, 0x90,
    0xd, 0xff, 0xf4, 0x0, 0x0, 0x0, 0xcf, 0xff,
    0x60, 0x0, 0x8f, 0xf3, 0x0, 0x0, 0x0, 0xbf,
    0xe2, 0x0, 0x0, 0x1d, 0xc0, 0x0, 0x0, 0x0,
    0x5e, 0x60, 0x0,

    /* U+F44E "" */
    0x0, 0x0, 0x1, 0x64, 0x9, 0xcb, 0x70, 0x0,
    0x0, 0x9f, 0xff, 0x41, 0xcf, 0xf5, 0x0, 0xc,
    0xff, 0xff, 0xf4, 0x1c, 0xf7, 0x0, 0xbf, 0xff,
    0xfb, 0xcf, 0x41, 0xc8, 0x6, 0xff, 0xff, 0xf7,
    0xc, 0xf4, 0x16, 0xe, 0xff, 0xfb, 0x6f, 0x50,
    0xdf, 0x50, 0x3f, 0xff, 0xfd, 0x5, 0xf9, 0xff,
    0xf3, 0xb, 0xfd, 0x1c, 0xc0, 0x9f, 0xff, 0xf1,
    0x10, 0xbf, 0x50, 0xce, 0xff, 0xff, 0xb0, 0x86,
    0xb, 0xf5, 0x5f, 0xff, 0xff, 0x30, 0x7f, 0x60,
    0xbf, 0xff, 0xff, 0xf5, 0x0, 0x6f, 0xf6, 0xb,
    0xff, 0xff, 0x50, 0x0, 0x1e, 0xff, 0x60, 0xbe,
    0x92, 0x0, 0x0, 0x0, 0x34, 0x40, 0x0, 0x0,
    0x0, 0x0,

    /* U+F450 "" */
    0x0, 0x0, 0x1, 0x0, 0x0, 0x0, 0x4, 0xcf,
    0xfe, 0x80, 0x0, 0x7, 0xff, 0xff, 0xff, 0xd1,
    0x3, 0xff, 0xff, 0xff, 0xff, 0xa0, 0xaf, 0xff,
    0xff, 0xff, 0xff, 0x2e, 0xff, 0xff, 0x8f, 0xef,
    0xf5, 0xef, 0xff, 0xa6, 0xd2, 0xef, 0x5a, 0xff,
    0xff, 0xdb, 0xef, 0xf2, 0x4f, 0xff, 0xf2, 0xcf,
    0xfb, 0x0, 0x8f, 0xff, 0xef, 0xfd, 0x10, 0x0,
    0x0, 0x0, 0x0, 0x0, 0x0, 0x2e, 0xff, 0xff,
    0xf8, 0x0, 0x0, 0x45, 0x9e, 0x55, 0x20, 0x0,
    0x0, 0x6, 0xe0, 0x0, 0x0, 0x0, 0x0, 0x6d,
    0x0, 0x0, 0x0, 0x0, 0x1, 0x30, 0x0, 0x0,

    /* U+F453 "" */
    0x0, 0x0, 0x34, 0x55, 0x43, 0x0, 0x0, 0x5,
    0xbf, 0xff, 0xff, 0xff, 0xfb, 0x40, 0xaf, 0xff,
    0xff, 0xff, 0xff, 0xff, 0xfa, 0xef, 0xff, 0xff,
    0xff, 0xff, 0xff, 0xfe, 0x3c, 0xff, 0xff, 0xff,
    0xff, 0xff, 0xc3, 0x40, 0x37, 0xab, 0xdd, 0xba,
    0x73, 0x4, 0xfc, 0x84, 0x10, 0x0, 0x1, 0x48,
    0xcf, 0xff, 0xff, 0xff, 0xff, 0xff, 0xff, 0xff,
    0xff, 0xff, 0xff, 0xff, 0xff, 0xff, 0xff, 0x5e,
    0xff, 0xff, 0xff, 0xff, 0xff, 0xe5, 0x0, 0x59,
    0xce, 0xff, 0xec, 0x95, 0x0,

    /* U+F458 "" */
    0x0, 0x0, 0x0, 0x0, 0x0, 0x0, 0x0, 0x31,
    0x0, 0x0, 0x0, 0x0, 0x0, 0x0, 0x5, 0xfa,
    0x0, 0x0, 0x0, 0x0, 0x0, 0x0, 0x5f, 0xf3,
    0x0, 0x0, 0x0, 0x0, 0x0, 0x5, 0xff, 0x30,
    0x0, 0x0, 0x0, 0x0, 0x0, 0x5f, 0xf3, 0x0,
    0x0, 0x0, 0x0, 0xd, 0x65, 0xff, 0x30, 0x0,
    0x0, 0x0, 0x0, 0xd, 0xff, 0xf3, 0x0, 0x0,
    0x0, 0x2, 0xad, 0x81, 0xdf, 0x80, 0x0, 0x0,
    0x0, 0x4f, 0xff, 0xf8, 0x1d, 0xf3, 0x0, 0x0,
    0x0, 0xef, 0xff, 0xff, 0x81, 0x60, 0x0, 0x0,
    0x2, 0xcb, 0xff, 0xff, 0xf4, 0x0, 0x0, 0x0,
    0x0, 0x7f, 0xff, 0xff, 0xf2, 0x0, 0x8c, 0x90,
    0x9, 0xff, 0xff, 0xff, 0xc0, 0x6, 0xff, 0xf8,
    0xaf, 0xff, 0xff, 0xfe, 0x20, 0x8, 0xff, 0xfb,
    0x8a, 0xaa, 0xa9, 0x60, 0x0, 0x3, 0xff, 0xf5,
    0x0, 0x0, 0x0, 0x0, 0x0, 0x0, 0x37, 0x40,

    /* U+F45C "" */
    0x0, 0x0, 0x0, 0x0, 0x0, 0x0, 0x0, 0x6f,
    0xff, 0xff, 0xff, 0xff, 0xff, 0xf6, 0xff, 0xff,
    0xff, 0xff, 0xff, 0xff, 0xff, 0xff, 0xff, 0xff,
    0xff, 0xff, 0xff, 0xff, 0xff, 0xff, 0xff, 0xff,
    0xff, 0xff, 0xff, 0xff, 0xff, 0xff, 0xff, 0xff,
    0xff, 0xff, 0xff, 0xff, 0xff, 0xff, 0xff, 0xff,
    0xff, 0xff, 0xff, 0xff, 0xff, 0xff, 0xff, 0xff,
    0xff, 0xff, 0xff, 0xff, 0xff, 0xff, 0xff, 0xff,
    0xff, 0xff, 0xff, 0xff, 0xff, 0xff, 0xff, 0xff,
    0xff, 0xff, 0xff, 0xff, 0xff, 0xff, 0xff, 0xff,
    0xff, 0xff, 0xff, 0xff, 0xff, 0xff, 0xff, 0xff,
    0xff, 0xff, 0xff, 0xef, 0xff, 0xff, 0xff, 0xff,
    0xff, 0xfe, 0x5e, 0xff, 0xff, 0xff, 0xff, 0xff,
    0xe5,

    /* U+F45D "" */
    0x0, 0x0, 0x0, 0x1, 0x30, 0x0, 0x0, 0x0,
    0x0, 0x4, 0xdf, 0xff, 0xc3, 0x0, 0x0, 0x0,
    0x9f, 0xff, 0xff, 0xff, 0x60, 0x0, 0x9, 0xff,
    0xff, 0xff, 0xff, 0xf2, 0x0, 0x1e, 0xff, 0xff,
    0xff, 0xff, 0xf9, 0x6, 0x23, 0xef, 0xff, 0xff,
    0xff, 0xfd, 0xf, 0xe2, 0x3f, 0xff, 0xff, 0xff,
    0xff, 0x1f, 0xfd, 0x13, 0xff, 0xff, 0xff, 0xfd,
    0xd, 0xff, 0xd1, 0x3f, 0xff, 0xff, 0xf8, 0x4,
    0xff, 0xfd, 0x13, 0xb4, 0x14, 0xb1, 0x1, 0xff,
    0xff, 0xc0, 0x2, 0x52, 0x0, 0xc, 0xff, 0xff,
    0xf1, 0x6f, 0xff, 0x60, 0x9f, 0xff, 0xff, 0xa0,
    0xff, 0xff, 0xf0, 0xef, 0xfa, 0x5, 0x70, 0xff,
    0xff, 0xf0, 0x6d, 0x80, 0x0, 0x0, 0xbf, 0xff,
    0xb0, 0x0, 0x0, 0x0, 0x0, 0x19, 0xc9, 0x10,

    /* U+F45F "" */
    0x0, 0x0, 0x0, 0x10, 0x0, 0x0, 0x0, 0x0,
    0x1, 0xc, 0xf9, 0x1, 0x20, 0x0, 0x0, 0x7f,
    0x41, 0xef, 0xb0, 0x97, 0x0, 0x6, 0xff, 0x70,
    0x7f, 0xf6, 0x1f, 0x60, 0x2f, 0xe2, 0x5, 0xf,
    0xfe, 0x9, 0xf1, 0x8e, 0x22, 0xdf, 0xa, 0xff,
    0x54, 0xf8, 0xd5, 0x1e, 0xff, 0x37, 0xff, 0x81,
    0xfc, 0xa0, 0xcf, 0xff, 0x33, 0xcf, 0xa0, 0xfe,
    0x43, 0xff, 0xe2, 0x13, 0x1, 0x20, 0x30, 0xa,
    0xff, 0x23, 0xef, 0xd9, 0x66, 0x66, 0xc, 0xf6,
    0xe, 0xff, 0xff, 0xff, 0xf6, 0xd, 0xd0, 0x2,
    0xae, 0xff, 0xfc, 0x60, 0x2, 0x61, 0xd5, 0x0,
    0x11, 0x0, 0x0, 0x0, 0x6, 0xff, 0xfb, 0x98,
    0x60, 0x0, 0x0, 0x0, 0x49, 0xcb, 0x95, 0x0,
    0x0,

    /* U+F461 "" */
    0x0, 0x0, 0x0, 0x1, 0x0, 0x0, 0x0, 0x0,
    0x0, 0x24, 0xf, 0xa1, 0x40, 0x0, 0x0, 0x0,
    0xaf, 0x1f, 0xb9, 0xf1, 0x0, 0x0, 0x0, 0xaf,
    0x1f, 0xba, 0xf1, 0x57, 0x0, 0x0, 0xaf, 0x1f,
    0xba, 0xf1, 0xcf, 0x0, 0x0, 0xaf, 0x1f, 0xba,
    0xf1, 0xcf, 0x0, 0x0, 0xaf, 0x1f, 0xba, 0xf1,
    0xcf, 0x0, 0x0, 0xaf, 0x9f, 0xdd, 0xf7, 0xef,
    0xb, 0xa0, 0xaf, 0xff, 0xfe, 0xff, 0xff, 0x1f,
    0xfc, 0xbf, 0xde, 0xf1, 0xef, 0xff, 0x5, 0xff,
    0xff, 0x79, 0xff, 0xea, 0xfd, 0x0, 0x4f, 0xff,
    0xff, 0xff, 0xc5, 0xf9, 0x0, 0x3, 0xff, 0xfb,
    0x3f, 0xff, 0xf1, 0x0, 0x0, 0x2b, 0xff, 0xff,
    0xfe, 0x40, 0x0, 0x0, 0x0, 0x47, 0xa9, 0x61,
    0x0,

    /* U+F462 "" */
    0x2a, 0xb0, 0x6b, 0xbb, 0xbb, 0xb5, 0x1b, 0xa2,
    0xdf, 0xf0, 0x9f, 0xff, 0xff, 0xf7, 0x2f, 0xfc,
    0xff, 0xf0, 0x9f, 0xdf, 0xfd, 0xf7, 0x2f, 0xfe,
    0xff, 0xf0, 0x9f, 0x1e, 0xa3, 0xf7, 0x2f, 0xfe,
    0xff, 0xf0, 0x9f, 0xff, 0xff, 0xf7, 0x2f, 0xfe,
    0xff, 0xf0, 0x9f, 0x7f, 0xc8, 0xf7, 0x2f, 0xfe,
    0xff, 0xf0, 0x9f, 0x7f, 0xd8, 0xf7, 0x2f, 0xfe,
    0xff, 0xf0, 0x9f, 0xff, 0xff, 0xf7, 0x2f, 0xfd,
    0x6f, 0xf0, 0x9f, 0xff, 0xff, 0xf7, 0x2f, 0xf5,
    0x0, 0x0, 0x0, 0x0, 0x0, 0x0, 0x0, 0x0,

    /* U+F466 "" */
    0x1, 0xac, 0xcc, 0xcc, 0xcb, 0x20, 0x0, 0xbf,
    0xff, 0xff, 0xff, 0xfe, 0x10, 0x7f, 0xb0, 0x0,
    0x0, 0x7, 0xfb, 0xe, 0xfc, 0xaa, 0xaa, 0xaa,
    0xaf, 0xf2, 0xff, 0xff, 0xff, 0xff, 0xff, 0xff,
    0x4f, 0xff, 0xff, 0xff, 0xff, 0xff, 0xf4, 0xff,
    0xff, 0xff, 0xff, 0xff, 0xff, 0x4f, 0xff, 0xff,
    0xff, 0xff, 0xff, 0xf4, 0xff, 0xff, 0xff, 0xff,
    0xff, 0xff, 0x4f, 0xff, 0xff, 0xff, 0xff, 0xff,
    0xf4, 0xff, 0xff, 0xff, 0xff, 0xff, 0xff, 0x4e,
    0xff, 0xff, 0xff, 0xff, 0xff, 0xf2, 0x5e, 0xff,
    0xff, 0xff, 0xff, 0xe8, 0x0,

    /* U+F468 "" */
    0x0, 0x0, 0x13, 0x0, 0x31, 0x0, 0x0, 0x0,
    0x2, 0xef, 0x22, 0xfe, 0x20, 0x0, 0x0, 0x7,
    0xff, 0x44, 0xff, 0x70, 0x0, 0x0, 0x8, 0xff,
    0xff, 0xff, 0x80, 0x0, 0x0, 0x8, 0xff, 0xff,
    0xff, 0x80, 0x0, 0x0, 0x8, 0xff, 0xff, 0xff,
    0x80, 0x0, 0x0, 0x3, 0x77, 0x77, 0x77, 0x30,
    0x0, 0x2, 0x20, 0x22, 0x0, 0x22, 0x2, 0x20,
    0x9f, 0xa0, 0xaf, 0x90, 0xfa, 0xa, 0xf9, 0xff,
    0xb0, 0xbf, 0xf0, 0xbb, 0xb, 0xff, 0xff, 0xff,
    0xff, 0xf0, 0xbf, 0xff, 0xff, 0xff, 0xff, 0xff,
    0xf0, 0xbf, 0xff, 0xff, 0xff, 0xff, 0xff, 0xf0,
    0xbf, 0xff, 0xff, 0xef, 0xff, 0xff, 0xe0, 0xdf,
    0xff, 0xfe, 0x3b, 0xcc, 0xcb, 0x30, 0xbc, 0xcc,
    0xb3,

    /* U+F469 "" */
    0x0, 0x0, 0x3, 0x33, 0x30, 0x0, 0x0, 0x0,
    0x0, 0xbf, 0xff, 0xfb, 0x0, 0x0, 0x0, 0x0,
    0xf5, 0x0, 0x5f, 0x0, 0x0, 0x3b, 0xcc, 0xfd,
    0xcc, 0xdf, 0xcc, 0xb3, 0xef, 0xff, 0xff, 0xff,
    0xff, 0xff, 0xfe, 0xff, 0xff, 0xff, 0xff, 0xff,
    0xff, 0xff, 0xff, 0xff, 0xff, 0x44, 0xff, 0xff,
    0xff, 0xff, 0xff, 0xe9, 0x11, 0x9e, 0xff, 0xff,
    0xff, 0xff, 0x90, 0x0, 0x9, 0xff, 0xff, 0xff,
    0xff, 0xe8, 0x0, 0x8e, 0xff, 0xff, 0xff, 0xff,
    0xff, 0x33, 0xff, 0xff, 0xff, 0xff, 0xff, 0xff,
    0xff, 0xff, 0xff, 0xff, 0xef, 0xff, 0xff, 0xff,
    0xff, 0xff, 0xfe, 0x4d, 0xdd, 0xdd, 0xdd, 0xdd,
    0xdd, 0xd4,

    /* U+F46A "" */
    0x0, 0x0, 0x1, 0x0, 0x0, 0x0, 0x0, 0xa,
    0xf2, 0x0, 0x0, 0x0, 0x7, 0xff, 0xe1, 0x0,
    0x0, 0x5, 0xff, 0xff, 0xc0, 0x0, 0x1, 0xff,
    0xff, 0xff, 0x80, 0x0, 0x8f, 0xff, 0xff, 0xff,
    0x10, 0x1f, 0xff, 0x92, 0xff, 0xf8, 0x8, 0xff,
    0xd0, 0x6, 0xff, 0xf1, 0xcf, 0xf3, 0x0, 0xb,
    0xff, 0x4f, 0xfb, 0x0, 0x0, 0x3f, 0xf7, 0xdf,
    0xb0, 0x0, 0x3, 0xff, 0x59, 0xff, 0x20, 0x0,
    0xaf, 0xf1, 0x1e, 0xfe, 0x76, 0xbf, 0xf8, 0x0,
    0x4e, 0xff, 0xff, 0xfa, 0x0, 0x0, 0x17, 0xbc,
    0x94, 0x0, 0x0,

    /* U+F46B "" */
    0x0, 0x0, 0x0, 0x0, 0x0, 0x0, 0x0, 0x0,
    0x0, 0x1b, 0xff, 0xa1, 0x0, 0x0, 0x0, 0x0,
    0x0, 0xa, 0xfc, 0xdf, 0xa0, 0x0, 0x0, 0x0,
    0x0, 0x0, 0xfd, 0x0, 0xdf, 0x5, 0x62, 0x0,
    0x0, 0x0, 0x1f, 0xa0, 0xb, 0xfe, 0xff, 0xf6,
    0x0, 0x0, 0x1, 0xfa, 0x0, 0xbf, 0xf9, 0x5e,
    0xf3, 0x0, 0x0, 0x1f, 0xa0, 0xb, 0xff, 0x0,
    0x3f, 0xd0, 0x0, 0x1, 0xff, 0xff, 0xff, 0xf4,
    0x0, 0x8f, 0x90, 0x0, 0x1f, 0xff, 0xff, 0xff,
    0xe0, 0x2, 0xff, 0x40, 0x1, 0xff, 0xff, 0xff,
    0x9f, 0x96, 0xff, 0xfe, 0x0, 0x1f, 0xff, 0xff,
    0xf1, 0xdf, 0xff, 0xff, 0xf7, 0x1, 0xff, 0xff,
    0xff, 0x2, 0xff, 0xff, 0xff, 0xb0, 0xe, 0xff,
    0xff, 0xe0, 0x7, 0xff, 0xff, 0xfa, 0x0, 0x7f,
    0xff, 0xf7, 0x0, 0xb, 0xff, 0xff, 0x30, 0x0,
    0x6b, 0xb5, 0x0, 0x0, 0x8, 0xcb, 0x30, 0x0,
    0x0, 0x0, 0x0, 0x0, 0x0, 0x0, 0x0, 0x0,

    /* U+F46C "" */
    0x0, 0x0, 0x0, 0x0, 0x0, 0x0, 0x1a, 0xff,
    0xff, 0xd3, 0x0, 0x8f, 0xfc, 0xbb, 0xbf, 0xfc,
    0xf, 0xff, 0x52, 0x23, 0xef, 0xf3, 0xff, 0xff,
    0xff, 0xff, 0xff, 0x4f, 0xff, 0xff, 0xff, 0xff,
    0xf4, 0xff, 0xff, 0xff, 0xeb, 0xff, 0x4f, 0xff,
    0xff, 0xf3, 0x3f, 0xf4, 0xff, 0xff, 0xf8, 0xd,
    0xff, 0x4f, 0xfc, 0x2b, 0x9, 0xff, 0xf4, 0xff,
    0xe2, 0x4, 0xff, 0xff, 0x4f, 0xff, 0xd5, 0xef,
    0xff, 0xf4, 0xff, 0xff, 0xff, 0xff, 0xff, 0x4e,
    0xff, 0xff, 0xff, 0xff, 0xf3, 0x5e, 0xff, 0xff,
    0xff, 0xe9, 0x0,

    /* U+F46D "" */
    0x0, 0x0, 0x0, 0x0, 0x0, 0x0, 0x4b, 0xff,
    0xff, 0xf8, 0x20, 0xaf, 0xfd, 0xbb, 0xbe, 0xff,
    0x5f, 0xff, 0x53, 0x33, 0xaf, 0xfa, 0xff, 0xff,
    0xff, 0xff, 0xff, 0xaf, 0xff, 0xff, 0xff, 0xff,
    0xfa, 0xff, 0xff, 0xff, 0xff, 0xff, 0xaf, 0xe3,
    0xd7, 0x11, 0x15, 0xfa, 0xfe, 0x4d, 0xa6, 0x66,
    0x9f, 0xaf, 0xff, 0xff, 0xff, 0xff, 0xfa, 0xff,
    0xbf, 0xed, 0xdd, 0xef, 0xaf, 0xd0, 0xc6, 0x0,
    0x4, 0xfa, 0xff, 0xef, 0xff, 0xff, 0xff, 0xae,
    0xff, 0xff, 0xff, 0xff, 0xf8, 0x3b, 0xcc, 0xcc,
    0xcc, 0xca, 0x10,

    /* U+F470 "" */
    0x0, 0x0, 0x0, 0x22, 0x0, 0x0, 0x0, 0x0,
    0x0, 0x7, 0xff, 0x70, 0x0, 0x0, 0x0, 0x0,
    0xe, 0xff, 0xe0, 0x0, 0x0, 0x0, 0x0, 0xc,
    0xff, 0xb0, 0x0, 0x0, 0x0, 0x0, 0x1, 0x99,
    0x10, 0x0, 0x0, 0x1, 0xb0, 0x0, 0x0, 0x0,
    0x0, 0x0, 0x0, 0x50, 0x4b, 0xee, 0xb4, 0x0,
    0x0, 0x0, 0x9, 0xff, 0xff, 0xef, 0x90, 0x2,
    0x0, 0x6f, 0xff, 0xf9, 0x7f, 0xf6, 0x3d, 0x0,
    0xee, 0xbf, 0xff, 0xfb, 0xee, 0x0, 0x1, 0xf9,
    0xac, 0x2f, 0xfa, 0xaf, 0x10, 0x3, 0xf8, 0xaf,
    0xff, 0xfa, 0x8f, 0x30, 0x0, 0x0, 0x0, 0x0,
    0x0, 0x0, 0x0, 0x45, 0x55, 0x55, 0x55, 0x55,
    0x55, 0x53, 0xcf, 0xff, 0xff, 0xff, 0xff, 0xff,
    0xfc,

    /* U+F471 "" */
    0x0, 0x0, 0x0, 0x0, 0x0, 0xd, 0xb4, 0x44,
    0x44, 0x45, 0xf6, 0xdf, 0xff, 0xff, 0xff, 0xff,
    0x5a, 0xfa, 0x77, 0x77, 0x7e, 0xf2, 0x3f, 0xda,
    0xaa, 0xab, 0xfb, 0x0, 0x8f, 0xfb, 0xae, 0xfe,
    0x10, 0x0, 0x9f, 0xd8, 0xfe, 0x30, 0x0, 0x0,
    0x8f, 0xfe, 0x20, 0x0, 0x0, 0xc, 0xff, 0xf5,
    0x0, 0x0, 0x1c, 0xfa, 0x3e, 0xf6, 0x0, 0xb,
    0xff, 0xff, 0xff, 0xf3, 0x5, 0xfb, 0x55, 0x55,
    0x6f, 0xd0, 0xbf, 0xdc, 0xcc, 0xcc, 0xff, 0x3e,
    0xff, 0xff, 0xff, 0xff, 0xf6, 0xa6, 0x0, 0x0,
    0x0, 0x1c, 0x40,

    /* U+F472 "" */
    0x0, 0x0, 0x0, 0x0, 0x0, 0x0, 0x0, 0x0,
    0xb, 0xff, 0xe3, 0x0, 0x0, 0x0, 0x0, 0x0,
    0x0, 0x6b, 0xbf, 0xc0, 0x0, 0x16, 0xbd, 0x40,
    0x0, 0x0, 0x0, 0xcf, 0x10, 0x9f, 0xff, 0xfd,
    0x0, 0x0, 0x0, 0x6, 0xf7, 0x2f, 0xff, 0xff,
    0xf2, 0x0, 0x0, 0x0, 0x1f, 0xc0, 0xef, 0xff,
    0xff, 0x70, 0x0, 0x0, 0x0, 0xcf, 0x2a, 0xff,
    0xff, 0xfb, 0x0, 0x0, 0x0, 0x6, 0xf7, 0x5f,
    0xff, 0xff, 0x60, 0x0, 0x0, 0x0, 0x1f, 0xd0,
    0xcf, 0xb6, 0x10, 0x22, 0x0, 0x0, 0x0, 0xbf,
    0x61, 0x0, 0x28, 0xdf, 0xd0, 0x0, 0x0, 0xd,
    0xff, 0xe8, 0xdf, 0xff, 0xa3, 0x0, 0x0, 0x6,
    0xf2, 0xd, 0xff, 0xa5, 0x0, 0x0, 0x0, 0x0,
    0x7e, 0x0, 0xac, 0x0, 0x0, 0x0, 0x0, 0x0,
    0x2, 0xfb, 0x9f, 0x60, 0x0, 0x0, 0x0, 0x0,
    0x0, 0x4, 0xbc, 0x60, 0x0, 0x0, 0x0, 0x0,

    /* U+F474 "" */
    0x3, 0x0, 0x0, 0x0, 0x0, 0x0, 0x0, 0x0,
    0xbf, 0xe2, 0x0, 0x0, 0x0, 0x0, 0x0, 0x0,
    0x3a, 0xf9, 0x2, 0x77, 0x77, 0x77, 0x73, 0x0,
    0x1, 0xfa, 0xd, 0xff, 0xff, 0xff, 0xff, 0x10,
    0x1, 0xfa, 0xf, 0xff, 0xff, 0xff, 0xff, 0x20,
    0x1, 0xfa, 0xf, 0xff, 0xff, 0xff, 0xff, 0x20,
    0x1, 0xfa, 0xf, 0xff, 0xff, 0xff, 0xff, 0x20,
    0x1, 0xfa, 0xf, 0xff, 0xff, 0xff, 0xff, 0x20,
    0x1, 0xfa, 0xf, 0xff, 0xff, 0xff, 0xff, 0x20,
    0x1, 0xfa, 0x8, 0xef, 0xff, 0xff, 0xfa, 0x0,
    0x1, 0xfb, 0x0, 0x0, 0x0, 0x0, 0x0, 0x0,
    0x0, 0xef, 0xcb, 0xbb, 0xbb, 0xbb, 0xbb, 0xb7,
    0x0, 0x3d, 0xff, 0xff, 0xff, 0xff, 0xff, 0xfb,
    0x0, 0x3, 0xff, 0x30, 0x0, 0x5, 0xff, 0x10,
    0x0, 0x0, 0x88, 0x0, 0x0, 0x0, 0x97, 0x0,

    /* U+F477 "" */
    0x0, 0x0, 0x0, 0x0, 0x0, 0x6, 0xff, 0xff,
    0xfe, 0x40, 0x0, 0xff, 0xff, 0xfe, 0xff, 0x40,
    0xf, 0xff, 0xff, 0xb5, 0xff, 0x40, 0xff, 0xff,
    0xfb, 0x4, 0xff, 0x4f, 0xff, 0xff, 0xd3, 0x37,
    0xfa, 0xff, 0xff, 0xff, 0xff, 0xff, 0xbf, 0xff,
    0xff, 0xff, 0xff, 0xfb, 0xff, 0xff, 0x93, 0xdf,
    0xff, 0xbf, 0xff, 0xc4, 0x7, 0xdf, 0xfb, 0xff,
    0xd0, 0x0, 0x2, 0xff, 0xbf, 0xff, 0x93, 0x6,
    0xbf, 0xfb, 0xff, 0xff, 0x80, 0xcf, 0xff, 0xbe,
    0xff, 0xff, 0xff, 0xff, 0xfa, 0x5d, 0xee, 0xee,
    0xee, 0xec, 0x20,

    /* U+F478 "" */
    0x3, 0x44, 0x44, 0x20, 0x0, 0x9, 0xff, 0xff,
    0xff, 0x60, 0x0, 0xff, 0xff, 0xfd, 0xef, 0x60,
    0xf, 0xff, 0xff, 0xb2, 0xef, 0x60, 0xff, 0xff,
    0xfb, 0x2, 0xef, 0x5f, 0xff, 0xff, 0xe7, 0x79,
    0xfa, 0xff, 0xff, 0xff, 0xff, 0xff, 0xaf, 0xff,
    0xfd, 0x7f, 0xff, 0xfa, 0xff, 0xff, 0x50, 0xbf,
    0xff, 0xa0, 0x7, 0xd0, 0x10, 0x4, 0xfa, 0x65,
    0x3, 0x2d, 0x66, 0x9f, 0xaf, 0xf5, 0x9, 0xff,
    0xff, 0xfa, 0xff, 0xf9, 0xff, 0xff, 0xff, 0xae,
    0xff, 0xff, 0xff, 0xff, 0xf9, 0x5e, 0xff, 0xff,
    0xff, 0xfc, 0x20,

    /* U+F479 "" */
    0x17, 0x12, 0x77, 0x77, 0x77, 0x21, 0x71, 0xcf,
    0x24, 0xff, 0xff, 0xff, 0x42, 0xfc, 0xff, 0x24,
    0xff, 0xff, 0xff, 0x42, 0xff, 0xff, 0x24, 0xff,
    0xaa, 0xff, 0x42, 0xff, 0xff, 0x24, 0xfe, 0x44,
    0xef, 0x42, 0xff, 0xff, 0x24, 0xd0, 0x0, 0xd,
    0x42, 0xff, 0xff, 0x24, 0xf6, 0x22, 0x6f, 0x42,
    0xff, 0xff, 0x24, 0xff, 0x55, 0xff, 0x42, 0xff,
    0xff, 0x24, 0xff, 0xff, 0xff, 0x42, 0xff, 0xff,
    0x24, 0xff, 0xff, 0xff, 0x42, 0xff, 0x6f, 0x24,
    0xff, 0xff, 0xff, 0x42, 0xf6,

    /* U+F47D "" */
    0x0, 0x0, 0x13, 0x44, 0x44, 0x30, 0x0, 0x0,
    0x0, 0x2, 0xff, 0xff, 0xff, 0xfc, 0x0, 0x0,
    0x0, 0x7, 0xff, 0xff, 0xff, 0xff, 0x30, 0x0,
    0x0, 0x8, 0xff, 0xf6, 0xaf, 0xff, 0x30, 0x0,
    0x3b, 0xce, 0xff, 0x81, 0x3a, 0xff, 0xcc, 0x91,
    0xdf, 0xff, 0xff, 0x40, 0x16, 0xff, 0xff, 0xf9,
    0xfd, 0x9, 0xff, 0xf4, 0x8f, 0xff, 0x51, 0xfb,
    0xfe, 0x4b, 0xff, 0xff, 0xff, 0xff, 0x85, 0xfc,
    0xff, 0xff, 0xff, 0xff, 0xff, 0xff, 0xff, 0xfc,
    0xff, 0x8d, 0xff, 0xff, 0xff, 0xff, 0xb9, 0xfc,
    0xfc, 0x8, 0xff, 0xe6, 0x7f, 0xff, 0x30, 0xfc,
    0xff, 0x9e, 0xff, 0x90, 0xd, 0xff, 0xca, 0xfc,
    0xff, 0xff, 0xff, 0x90, 0xd, 0xff, 0xff, 0xfc,
    0xef, 0xff, 0xff, 0xb5, 0x5e, 0xff, 0xff, 0xfa,
    0x5e, 0xff, 0xff, 0xff, 0xff, 0xff, 0xff, 0xd2,

    /* U+F47E "" */
    0x0, 0x0, 0x0, 0x11, 0x0, 0x0, 0x0, 0x0,
    0x1, 0xaf, 0xff, 0xfa, 0x10, 0x0, 0x0, 0x6f,
    0xff, 0xff, 0xff, 0xf6, 0x0, 0x5, 0xff, 0xff,
    0xff, 0xff, 0xff, 0x50, 0x1e, 0xff, 0xfe, 0xff,
    0xff, 0xff, 0xe1, 0x9f, 0xff, 0x62, 0xff, 0x96,
    0xff, 0xf8, 0xdf, 0xff, 0x51, 0xff, 0x85, 0xff,
    0xfd, 0xff, 0xff, 0x50, 0x33, 0x15, 0xff, 0xff,
    0xef, 0xff, 0x50, 0x88, 0x45, 0xff, 0xfe, 0xcf,
    0xff, 0x51, 0xff, 0x85, 0xff, 0xfc, 0x6f, 0xff,
    0x95, 0xff, 0xb9, 0xff, 0xf6, 0xc, 0xff, 0xff,
    0xff, 0xff, 0xff, 0xc0, 0x2, 0xff, 0xff, 0xff,
    0xff, 0xff, 0x20, 0x0, 0x1b, 0xff, 0xff, 0xff,
    0xb1, 0x0, 0x0, 0x0, 0x49, 0xbb, 0x94, 0x0,
    0x0,

    /* U+F47F "" */
    0x0, 0x0, 0x0, 0x0, 0x0, 0x0, 0x0, 0x0,
    0x0, 0x0, 0x0, 0xbf, 0xf6, 0x0, 0x0, 0x0,
    0x3, 0x44, 0x30, 0xef, 0xf9, 0x4, 0x44, 0x20,
    0xaf, 0xff, 0xd0, 0x89, 0x95, 0x1f, 0xff, 0xf6,
    0xff, 0xff, 0xf5, 0x0, 0x1, 0x8f, 0xff, 0xfb,
    0xff, 0xff, 0xff, 0xff, 0xff, 0xff, 0xff, 0xfc,
    0xff, 0xff, 0xff, 0xfa, 0xbf, 0xff, 0xff, 0xfc,
    0xff, 0xff, 0xff, 0x80, 0xc, 0xff, 0xff, 0xfc,
    0xff, 0xff, 0xff, 0xa0, 0x1e, 0xff, 0xff, 0xfc,
    0xff, 0xff, 0xff, 0xfe, 0xff, 0xff, 0xff, 0xfc,
    0xff, 0xff, 0xfe, 0x64, 0x47, 0xff, 0xff, 0xfc,
    0xff, 0xff, 0xf2, 0x0, 0x0, 0x6f, 0xff, 0xfc,
    0xff, 0xff, 0xe0, 0x0, 0x0, 0x2f, 0xff, 0xfc,
    0xef, 0xff, 0xfd, 0xcc, 0xcc, 0xef, 0xff, 0xfa,
    0x5e, 0xff, 0xff, 0xff, 0xff, 0xff, 0xff, 0xd2,

    /* U+F481 "" */
    0x0, 0x0, 0x11, 0x11, 0x11, 0x11, 0x0, 0x0,
    0xa, 0xff, 0xff, 0xff, 0xff, 0xf7, 0x0, 0x1f,
    0xff, 0xff, 0xff, 0xff, 0xff, 0x40, 0x2f, 0xff,
    0xff, 0xff, 0xff, 0xff, 0xf4, 0x2f, 0xff, 0xfb,
    0xd, 0xff, 0xff, 0xf4, 0x2f, 0xff, 0xc7, 0x9,
    0xcf, 0xff, 0xf4, 0x2f, 0xfe, 0x0, 0x0, 0x1f,
    0xff, 0xf4, 0x2f, 0xff, 0xc7, 0x9, 0xcf, 0xff,
    0xf4, 0x2f, 0xff, 0xfb, 0xd, 0xff, 0xf9, 0xf4,
    0x2f, 0xff, 0xff, 0xff, 0xff, 0xb0, 0xf4, 0x1f,
    0xff, 0xff, 0xff, 0xfb, 0x0, 0xf4, 0xa, 0xff,
    0xff, 0xff, 0xa0, 0x0, 0xf4, 0x0, 0x11, 0x11,
    0x11, 0x0, 0x0, 0xea, 0x55, 0x55, 0x55, 0x51,
    0x0, 0x0, 0x5e, 0xff, 0xff, 0xff, 0xf7, 0x0,
    0x0,

    /* U+F482 "" */
    0x7b, 0xbb, 0xbb, 0xbb, 0xbb, 0xbb, 0xbb, 0xb5,
    0xcf, 0xff, 0xff, 0xff, 0xff, 0xff, 0xff, 0xf9,
    0x4, 0xf8, 0x0, 0xf, 0xc0, 0x0, 0xcf, 0x0,
    0x3, 0xf7, 0x0, 0xf, 0xb0, 0x0, 0xbf, 0x0,
    0xcf, 0xff, 0xff, 0xff, 0xff, 0xff, 0xff, 0xf8,
    0x8b, 0xbb, 0xbb, 0xbb, 0xbb, 0xbb, 0xbb, 0xb5,

    /* U+F484 "" */
    0x0, 0x0, 0x0, 0x0, 0x0, 0x0, 0x0, 0xa,
    0xff, 0xb1, 0x0, 0x0, 0x0, 0x0, 0x9f, 0xdc,
    0xfa, 0x0, 0x0, 0x0, 0x0, 0xee, 0x0, 0xdf,
    0x0, 0x0, 0x0, 0x0, 0xfb, 0x0, 0xaf, 0x10,
    0x0, 0x0, 0x0, 0xfb, 0x0, 0xaf, 0x10, 0x0,
    0x0, 0x0, 0xfc, 0x11, 0xbf, 0x10, 0x0, 0x0,
    0x0, 0xff, 0xff, 0xfe, 0x2, 0xcf, 0xfb, 0x0,
    0xff, 0xff, 0xf6, 0x2f, 0xff, 0xf6, 0x1, 0xff,
    0xff, 0xf0, 0xaf, 0xff, 0x60, 0xb9, 0xff, 0xff,
    0xd0, 0xdf, 0xf6, 0xb, 0xfd, 0xff, 0xff, 0xe0,
    0xbf, 0x60, 0xbf, 0xfd, 0xdf, 0xff, 0xf2, 0x66,
    0xb, 0xff, 0xf8, 0x5f, 0xff, 0xf5, 0x0, 0xbf,
    0xff, 0xc0, 0x4, 0xaa, 0x40, 0x0, 0x59, 0xa6,
    0x0,

    /* U+F485 "" */
    0x0, 0x0, 0x0, 0x0, 0x0, 0xd, 0xff, 0xff,
    0xff, 0xff, 0xf5, 0xff, 0xff, 0xff, 0xff, 0xff,
    0x75, 0x99, 0x99, 0x99, 0x99, 0x81, 0x1, 0x11,
    0x11, 0x11, 0x10, 0x2, 0xff, 0xff, 0xff, 0xff,
    0xa0, 0x1a, 0xae, 0xff, 0xff, 0xfa, 0x0, 0x44,
    0xbf, 0xff, 0xff, 0xa0, 0x2f, 0xff, 0xff, 0xff,
    0xfa, 0x0, 0x11, 0xaf, 0xff, 0xff, 0xa0, 0x6,
    0x6d, 0xff, 0xff, 0xfa, 0x1, 0xee, 0xff, 0xff,
    0xff, 0xa0, 0x0, 0xa, 0xff, 0xff, 0xfa, 0x0,
    0xff, 0xff, 0xff, 0xff, 0x80, 0x4, 0xbc, 0xcc,
    0xcb, 0x90, 0x0,

    /* U+F486 "" */
    0x0, 0x0, 0x0, 0x0, 0x0, 0xd, 0xff, 0xff,
    0xff, 0xff, 0xf5, 0xff, 0xff, 0xff, 0xff, 0xff,
    0x75, 0x99, 0x99, 0x99, 0x99, 0x81, 0x5, 0x55,
    0x55, 0x55, 0x53, 0x2, 0xff, 0xff, 0xff, 0xff,
    0xa0, 0x2f, 0xff, 0xff, 0xff, 0xfa, 0x2, 0xff,
    0xf8, 0x2e, 0xff, 0xa0, 0x2f, 0xfa, 0x30, 0x8d,
    0xfa, 0x2, 0xfd, 0x0, 0x0, 0x5f, 0xa0, 0x2f,
    0xf9, 0x30, 0x8d, 0xfa, 0x2, 0xff, 0xf8, 0x1e,
    0xff, 0xa0, 0x2f, 0xff, 0xff, 0xff, 0xfa, 0x0,
    0xff, 0xff, 0xff, 0xff, 0x80, 0x5, 0xcc, 0xcc,
    0xcc, 0x90, 0x0,

    /* U+F487 "" */
    0x0, 0x0, 0x0, 0x0, 0x0, 0x0, 0x0, 0x0,
    0x0, 0x0, 0x0, 0x0, 0x0, 0x0, 0x0, 0xa,
    0xc0, 0x0, 0x3, 0x10, 0x0, 0x0, 0x5, 0x51,
    0x2f, 0xfa, 0x51, 0xf, 0x90, 0x0, 0x0, 0x1e,
    0xfd, 0xad, 0x4e, 0xe5, 0x1f, 0xa0, 0x0, 0x0,
    0x0, 0x1e, 0xf6, 0x0, 0x0, 0x1f, 0xa0, 0x3a,
    0x80, 0xa, 0x24, 0xb0, 0x74, 0x0, 0x1f, 0xa0,
    0xef, 0xf5, 0x3f, 0xc1, 0x4, 0xff, 0x30, 0x1f,
    0xa0, 0xef, 0xf5, 0x3f, 0xff, 0xdf, 0xff, 0x90,
    0x1f, 0xa0, 0x3b, 0x80, 0x3f, 0xff, 0xff, 0xff,
    0xa0, 0x1f, 0xc6, 0x66, 0x66, 0x8f, 0xff, 0xff,
    0xff, 0xa0, 0x1f, 0xff, 0xff, 0xff, 0xff, 0xff,
    0xff, 0xff, 0xa0, 0x1f, 0xff, 0xff, 0xff, 0xff,
    0xff, 0xff, 0xff, 0xa0, 0x1f, 0xc4, 0x44, 0x44,
    0x44, 0x44, 0x44, 0x4f, 0xa0, 0x1f, 0xa0, 0x0,
    0x0, 0x0, 0x0, 0x0, 0x1f, 0xa0, 0xb, 0x60,
    0x0, 0x0, 0x0, 0x0, 0x0, 0xb, 0x60,

    /* U+F48B "" */
    0x0, 0x2, 0x22, 0x22, 0x22, 0x21, 0x0, 0x0,
    0x0, 0x0, 0xcf, 0xff, 0xff, 0xff, 0xff, 0xa0,
    0x0, 0x0, 0x48, 0xff, 0xff, 0xff, 0xff, 0xff,
    0xf1, 0x0, 0x0, 0xce, 0xee, 0xef, 0xff, 0xff,
    0xff, 0xf9, 0x72, 0x0, 0x0, 0x0, 0x1, 0xff,
    0xff, 0xff, 0xff, 0xff, 0x60, 0xdf, 0xff, 0xff,
    0xff, 0xff, 0xff, 0xf2, 0xc, 0xf5, 0x35, 0x55,
    0xdf, 0xff, 0xff, 0xff, 0xf2, 0x1, 0xfa, 0x79,
    0x99, 0xef, 0xff, 0xff, 0xff, 0xfa, 0x99, 0xfa,
    0x9c, 0xff, 0xff, 0xff, 0xff, 0xff, 0xff, 0xff,
    0xfa, 0x4, 0xff, 0xff, 0xff, 0xff, 0xff, 0xff,
    0xff, 0xfa, 0x2, 0xff, 0xf4, 0x6f, 0xff, 0xff,
    0xa2, 0xcf, 0xf9, 0x0, 0x9f, 0xe0, 0x1f, 0xff,
    0xff, 0x50, 0x8f, 0xe3, 0x0, 0x2, 0xfa, 0xce,
    0x10, 0xa, 0xe9, 0xe8, 0x0, 0x0, 0x0, 0x5c,
    0xb3, 0x0, 0x1, 0xad, 0x90, 0x0,

    /* U+F48D "" */
    0x0, 0x0, 0x0, 0x0, 0x0, 0x0, 0x0, 0x0,
    0x0, 0x0, 0x0, 0x0, 0xc, 0x62, 0xf0, 0x0,
    0x0, 0x0, 0x0, 0x0, 0xb, 0x82, 0xf4, 0x0,
    0x0, 0x0, 0x0, 0x0, 0x8, 0xc0, 0xcd, 0x10,
    0x0, 0x0, 0x0, 0x0, 0x2, 0xf6, 0x1d, 0xa0,
    0x0, 0x0, 0x0, 0x0, 0x0, 0x7f, 0x33, 0xf4,
    0x0, 0x0, 0x0, 0x0, 0x0, 0xb, 0xd0, 0xc8,
    0x0, 0x0, 0x0, 0x0, 0x0, 0x4, 0xf0, 0x9b,
    0x0, 0x0, 0x0, 0x0, 0x0, 0x1, 0x90, 0x46,
    0x0, 0x0, 0x0, 0x0, 0x0, 0x0, 0x0, 0x0,
    0x18, 0x99, 0x99, 0x99, 0x99, 0x99, 0x60, 0x24,
    0xcf, 0xff, 0xff, 0xff, 0xff, 0xff, 0xf0, 0x8c,
    0xff, 0xff, 0xff, 0xff, 0xc2, 0x2b, 0xf1, 0x8c,
    0xef, 0xff, 0xff, 0xff, 0xff, 0xff, 0xf1, 0x8c,
    0x3b, 0xcc, 0xcc, 0xcc, 0xcc, 0xcc, 0x90, 0x47,

    /* U+F48E "" */
    0x0, 0x0, 0x0, 0x0, 0x0, 0x0, 0x5b, 0x0,
    0x0, 0x0, 0x0, 0x0, 0xd, 0x70, 0x2f, 0xc0,
    0x0, 0x0, 0x0, 0x0, 0xd, 0xf8, 0xbe, 0xe7,
    0x0, 0x0, 0x0, 0x0, 0xcf, 0xff, 0xf2, 0x0,
    0x0, 0x0, 0x0, 0x7, 0xff, 0xff, 0xf7, 0x0,
    0x0, 0x0, 0x0, 0x60, 0xaf, 0xff, 0xff, 0x60,
    0x0, 0x0, 0xa, 0xf9, 0xbf, 0xff, 0xf7, 0x50,
    0x0, 0x0, 0x22, 0xef, 0xff, 0xff, 0x30, 0x0,
    0x0, 0xc, 0xe4, 0xcf, 0xff, 0xf3, 0x0, 0x0,
    0x0, 0x3f, 0xff, 0xff, 0xff, 0x30, 0x0, 0x0,
    0x0, 0x4f, 0xff, 0xff, 0xf3, 0x0, 0x0, 0x0,
    0x0, 0x4f, 0xff, 0xff, 0x30, 0x0, 0x0, 0x0,
    0x0, 0xbf, 0xff, 0xc3, 0x0, 0x0, 0x0, 0x0,
    0xb, 0xe2, 0x0, 0x0, 0x0, 0x0, 0x0, 0x0,
    0xa, 0x20, 0x0, 0x0, 0x0, 0x0, 0x0, 0x0,

    /* U+F490 "" */
    0x0, 0x0, 0x0, 0x0, 0x2, 0x20, 0x0, 0x0,
    0x0, 0x0, 0x3, 0xdf, 0xfd, 0x0, 0x0, 0x0,
    0x0, 0x2f, 0xff, 0xf5, 0x2, 0x0, 0x0, 0x0,
    0xaf, 0xff, 0x50, 0xcb, 0x0, 0x0, 0x0, 0xdf,
    0xf5, 0xc, 0xfe, 0x0, 0x0, 0x0, 0xaf, 0x50,
    0xcf, 0xfd, 0x0, 0x0, 0x0, 0x45, 0xc, 0xff,
    0xf7, 0x3, 0xcf, 0xf8, 0x0, 0xbf, 0xff, 0xb0,
    0x3f, 0xff, 0xff, 0x60, 0x37, 0x84, 0x0, 0xbf,
    0xff, 0xff, 0xf8, 0x0, 0x0, 0x0, 0x12, 0x22,
    0x22, 0x21, 0x0, 0x0, 0x0, 0x35, 0x55, 0x55,
    0x52, 0x0, 0x0, 0x0, 0xaf, 0xff, 0xff, 0xf8,
    0x0, 0x0, 0x0, 0x2e, 0xff, 0xff, 0xd1, 0x0,
    0x0, 0x0, 0x2, 0xae, 0xd9, 0x10, 0x0, 0x0,
    0x0,

    /* U+F491 "" */
    0x0, 0x0, 0x0, 0x0, 0x0, 0x2, 0x40, 0x0,
    0x0, 0x0, 0x0, 0x0, 0xa, 0xff, 0xe2, 0x0,
    0x0, 0x0, 0x0, 0x1, 0x4f, 0xff, 0xc0, 0x0,
    0x0, 0x0, 0xc, 0xd2, 0xdf, 0xff, 0x0, 0x0,
    0x0, 0x0, 0x9f, 0xff, 0xff, 0xc0, 0x0, 0x0,
    0xc, 0x80, 0xff, 0xff, 0xf2, 0x0, 0x0, 0x1,
    0xdf, 0xff, 0xff, 0xf3, 0x0, 0x0, 0xb, 0x33,
    0xff, 0xff, 0xf3, 0x0, 0x0, 0x4, 0xff, 0xdf,
    0xff, 0xf3, 0x0, 0x0, 0x0, 0x6f, 0xff, 0xff,
    0xf3, 0x0, 0x0, 0x0, 0x6, 0xff, 0xff, 0xf3,
    0x0, 0x0, 0x0, 0x0, 0xbf, 0xff, 0xd3, 0x0,
    0x0, 0x0, 0x0, 0xbe, 0x30, 0x0, 0x0, 0x0,
    0x0, 0x0, 0xbe, 0x20, 0x0, 0x0, 0x0, 0x0,
    0x0, 0x8, 0x20, 0x0, 0x0, 0x0, 0x0, 0x0,
    0x0,

    /* U+F492 "" */
    0x0, 0x0, 0x0, 0x0, 0x20, 0x0, 0x0, 0x0,
    0x0, 0x0, 0x0, 0xf, 0xc1, 0x0, 0x0, 0x0,
    0x0, 0x0, 0x0, 0xdf, 0xc1, 0x0, 0x0, 0x0,
    0x0, 0x0, 0x9f, 0xef, 0xc1, 0x0, 0x0, 0x0,
    0x0, 0x9f, 0xc1, 0x9f, 0xc1, 0x0, 0x0, 0x0,
    0x9f, 0xc1, 0x6, 0xff, 0xc0, 0x0, 0x0, 0x9f,
    0xc1, 0x5, 0xfe, 0x9a, 0x0, 0x0, 0x9f, 0xe5,
    0x36, 0xfe, 0x20, 0x0, 0x0, 0x9f, 0xff, 0xff,
    0xfe, 0x20, 0x0, 0x0, 0x9f, 0xff, 0xff, 0xfe,
    0x20, 0x0, 0x0, 0x7f, 0xff, 0xff, 0xfe, 0x20,
    0x0, 0x0, 0xe, 0xff, 0xff, 0xfe, 0x20, 0x0,
    0x0, 0x0, 0xef, 0xff, 0xfe, 0x20, 0x0, 0x0,
    0x0, 0x8, 0xff, 0xfe, 0x20, 0x0, 0x0, 0x0,
    0x0, 0x7, 0xb9, 0x10, 0x0, 0x0, 0x0, 0x0,
    0x0,

    /* U+F493 "" */
    0x0, 0x0, 0x0, 0x0, 0x0, 0x0, 0x0, 0xcf,
    0xff, 0xff, 0xff, 0xff, 0xff, 0xfd, 0x8f, 0xeb,
    0xef, 0xbb, 0xfe, 0xbe, 0xf8, 0x1f, 0x90, 0x9f,
    0x11, 0xf9, 0x9, 0xf1, 0x1f, 0x90, 0x9f, 0x11,
    0xf9, 0x9, 0xf1, 0x1f, 0x90, 0x9f, 0x11, 0xf9,
    0x9, 0xf1, 0x1f, 0xff, 0xff, 0x11, 0xff, 0xff,
    0xf1, 0x1f, 0xff, 0xff, 0x11, 0xff, 0xff, 0xf1,
    0x1f, 0xff, 0xff, 0x11, 0xff, 0xff, 0xf1, 0x1f,
    0xff, 0xff, 0x11, 0xff, 0xff, 0xf1, 0x1f, 0xff,
    0xff, 0x11, 0xff, 0xff, 0xf1, 0x1f, 0xff, 0xff,
    0x11, 0xff, 0xff, 0xf1, 0xf, 0xff, 0xff, 0x0,
    0xff, 0xff, 0xf0, 0xb, 0xff, 0xfb, 0x0, 0xbf,
    0xff, 0xb0, 0x0, 0x8b, 0x80, 0x0, 0x8, 0xb8,
    0x0,

    /* U+F494 "" */
    0x0, 0x0, 0x0, 0x0, 0x0, 0x0, 0x0, 0x0,
    0x0, 0x0, 0x4, 0xae, 0xd8, 0x30, 0x0, 0x0,
    0x0, 0x5a, 0xff, 0xff, 0xff, 0xfe, 0x93, 0x0,
    0x5f, 0xff, 0xff, 0xff, 0xff, 0xff, 0xff, 0xd2,
    0xef, 0xff, 0xff, 0xff, 0xff, 0xff, 0xff, 0xfa,
    0xff, 0xff, 0xff, 0xff, 0xff, 0xff, 0xff, 0xfb,
    0xff, 0xa9, 0x99, 0x99, 0x99, 0x99, 0x9c, 0xfb,
    0xfc, 0x0, 0x0, 0x0, 0x0, 0x0, 0x0, 0xfb,
    0xfb, 0xe, 0xff, 0xff, 0xff, 0xff, 0xa0, 0xfb,
    0xfb, 0xa, 0xbb, 0xbb, 0xbb, 0xbb, 0x70, 0xfb,
    0xfb, 0x7, 0x77, 0x77, 0x77, 0x77, 0x50, 0xfb,
    0xfb, 0xe, 0xff, 0xff, 0xff, 0xff, 0xa0, 0xfb,
    0xfb, 0x2, 0x22, 0x22, 0x22, 0x22, 0x10, 0xfb,
    0xfb, 0xe, 0xff, 0xff, 0xff, 0xff, 0xa0, 0xfb,
    0x85, 0xb, 0xbb, 0xbb, 0xbb, 0xbb, 0x80, 0x85,

    /* U+F496 "" */
    0x0, 0x0, 0x2, 0x20, 0x0, 0x0, 0x0, 0x55,
    0x7e, 0xff, 0xe7, 0x55, 0x0, 0xbf, 0xff, 0x92,
    0x27, 0xff, 0xfd, 0xf, 0xff, 0x90, 0x0, 0x17,
    0xff, 0xf2, 0xff, 0xf2, 0x0, 0x9b, 0xf, 0xff,
    0x2f, 0xff, 0x20, 0x2f, 0x50, 0xff, 0xf2, 0xff,
    0xff, 0xff, 0xff, 0xff, 0xff, 0x2f, 0xff, 0xff,
    0xff, 0xff, 0xff, 0xf2, 0xff, 0xff, 0xff, 0xff,
    0xff, 0xff, 0x2f, 0xff, 0xff, 0xff, 0xff, 0xff,
    0xf2, 0xff, 0xff, 0xff, 0xff, 0xff, 0xff, 0x2f,
    0xff, 0xff, 0xff, 0xff, 0xff, 0xf2, 0xef, 0xff,
    0xff, 0xff, 0xff, 0xff, 0x14, 0xdd, 0xdd, 0xdd,
    0xdd, 0xdd, 0x60,

    /* U+F497 "" */
    0x69, 0x99, 0x99, 0x99, 0x99, 0x99, 0x96, 0xdf,
    0xff, 0xff, 0xff, 0xff, 0xff, 0xfd, 0x2f, 0xff,
    0xff, 0x99, 0xff, 0xff, 0xf2, 0x2f, 0xff, 0x54,
    0x11, 0x45, 0xff, 0xf2, 0x2f, 0xff, 0x53, 0x11,
    0x35, 0xff, 0xf2, 0x2f, 0xff, 0xff, 0x55, 0xff,
    0xff, 0xf2, 0x2f, 0xfb, 0x11, 0x0, 0x11, 0xbf,
    0xf2, 0x2f, 0xfd, 0x66, 0x22, 0x66, 0xdf, 0xf2,
    0x2f, 0xff, 0xff, 0x55, 0xff, 0xff, 0xf2, 0x2f,
    0xff, 0x10, 0x0, 0x1, 0xff, 0xf2, 0x2f, 0xff,
    0xfe, 0x55, 0xef, 0xff, 0xf2, 0x9f, 0xff, 0xff,
    0xff, 0xff, 0xff, 0xf9, 0xbf, 0xff, 0xff, 0xff,
    0xff, 0xff, 0xfb,

    /* U+F49E "" */
    0x0, 0x0, 0x0, 0x0, 0x41, 0x0, 0x0, 0x0,
    0x0, 0x0, 0x0, 0x6, 0xef, 0xf8, 0x10, 0x0,
    0x0, 0x0, 0x0, 0x4d, 0xff, 0x8d, 0xfe, 0x70,
    0x0, 0x0, 0x2, 0xbf, 0xf9, 0x10, 0x7, 0xef,
    0xd5, 0x0, 0x2, 0xff, 0xe2, 0x0, 0x0, 0x1,
    0xbf, 0xf7, 0x0, 0xaf, 0xff, 0xc3, 0x0, 0x1,
    0x9f, 0xff, 0xf2, 0x3f, 0xc2, 0xaf, 0xfa, 0x38,
    0xff, 0xff, 0xff, 0xa6, 0xfc, 0x30, 0x3c, 0xff,
    0xff, 0xff, 0xff, 0x83, 0xa, 0xff, 0xb2, 0xa,
    0xff, 0xff, 0xff, 0xf3, 0x0, 0xe, 0xff, 0xfa,
    0xff, 0xff, 0xff, 0xff, 0x30, 0x0, 0xef, 0xff,
    0xff, 0xff, 0xff, 0xff, 0xf2, 0x0, 0x7, 0xff,
    0xff, 0xff, 0xff, 0xff, 0xfc, 0x0, 0x0, 0x4,
    0xdf, 0xff, 0xff, 0xff, 0xf7, 0x0, 0x0, 0x0,
    0x0, 0x6e, 0xff, 0xff, 0x91, 0x0, 0x0, 0x0,
    0x0, 0x0, 0x8, 0xda, 0x20, 0x0, 0x0, 0x0,

    /* U+F4A1 "" */
    0x0, 0x0, 0x13, 0x0, 0x31, 0x0, 0x0, 0x0,
    0x2, 0xef, 0x22, 0xfe, 0x20, 0x0, 0x0, 0x7,
    0xff, 0x44, 0xff, 0x70, 0x0, 0x0, 0x8, 0xff,
    0xff, 0xff, 0x80, 0x0, 0x0, 0x8, 0xff, 0xff,
    0xff, 0x80, 0x0, 0x0, 0x8, 0xff, 0xff, 0xff,
    0x80, 0x0, 0x0, 0x3, 0x77, 0x77, 0x77, 0x30,
    0x0, 0x2, 0x20, 0x22, 0x0, 0x22, 0x2, 0x20,
    0x9f, 0xa0, 0xaf, 0x90, 0xfa, 0xa, 0xf9, 0xff,
    0xb0, 0xbf, 0xf0, 0xbb, 0xb, 0xff, 0xff, 0xff,
    0xff, 0xf0, 0xbf, 0xff, 0xff, 0xff, 0xff, 0xff,
    0xf0, 0xbf, 0xff, 0xff, 0xff, 0xff, 0xff, 0xf0,
    0xbf, 0xff, 0xff, 0xef, 0xff, 0xff, 0xe0, 0xdf,
    0xff, 0xfe, 0x3b, 0xcc, 0xcb, 0x30, 0xbc, 0xcc,
    0xb3,

    /* U+F4AD "" */
    0x0, 0x0, 0x0, 0x1, 0x10, 0x0, 0x0, 0x0,
    0x0, 0x2, 0xaf, 0xff, 0xfa, 0x20, 0x0, 0x0,
    0x8, 0xff, 0xff, 0xff, 0xff, 0x80, 0x0, 0x7,
    0xff, 0xff, 0xff, 0xff, 0xff, 0x70, 0x3, 0xff,
    0xff, 0xff, 0xff, 0xff, 0xff, 0x30, 0xaf, 0xff,
    0xff, 0xff, 0xff, 0xff, 0xfa, 0xe, 0xff, 0xaf,
    0xfc, 0xcf, 0xfa, 0xff, 0xe0, 0xff, 0xb0, 0xbf,
    0x33, 0xfb, 0xb, 0xff, 0xc, 0xff, 0xef, 0xff,
    0xff, 0xfe, 0xff, 0xd0, 0x8f, 0xff, 0xff, 0xff,
    0xff, 0xff, 0xf9, 0x1, 0xff, 0xff, 0xff, 0xff,
    0xff, 0xfe, 0x10, 0xb, 0xff, 0xff, 0xff, 0xff,
    0xff, 0x40, 0x3, 0xff, 0xff, 0xff, 0xff, 0xfd,
    0x40, 0x0, 0xcf, 0xf9, 0x6b, 0xdd, 0xb6, 0x0,
    0x0, 0x9, 0x71, 0x0, 0x0, 0x0, 0x0, 0x0,
    0x0,

    /* U+F4B3 "" */
    0x0, 0x0, 0x0, 0x0, 0x0, 0x0, 0x0, 0x0,
    0x0, 0xe8, 0x0, 0x0, 0x2, 0x20, 0x0, 0x0,
    0x0, 0x5, 0xf8, 0x5, 0xdf, 0xff, 0xfb, 0x20,
    0x0, 0x0, 0x5, 0xfd, 0xff, 0xff, 0xff, 0xff,
    0x80, 0x0, 0x0, 0x5, 0xff, 0xff, 0xff, 0xff,
    0xff, 0x60, 0x0, 0x4, 0x5, 0xff, 0xff, 0xff,
    0xff, 0xff, 0x20, 0x0, 0xdc, 0x5, 0xff, 0xff,
    0xff, 0xff, 0xf9, 0x0, 0xf, 0xfc, 0x5, 0xff,
    0xff, 0xff, 0xff, 0xc0, 0x1, 0xff, 0xfc, 0x5,
    0xff, 0xff, 0xff, 0xfd, 0x0, 0xe, 0xff, 0xfc,
    0x5, 0xff, 0xff, 0xff, 0xb0, 0x0, 0xaf, 0xff,
    0xfc, 0x5, 0xff, 0xff, 0xf7, 0x0, 0x2, 0xff,
    0xff, 0xfc, 0x5, 0xff, 0xfd, 0x0, 0x0, 0xd,
    0xff, 0xff, 0xfc, 0x5, 0xff, 0x30, 0x0, 0x5,
    0xff, 0xff, 0xff, 0xfc, 0x5, 0xf8, 0x0, 0x0,
    0xdf, 0xe8, 0x7b, 0xdd, 0xa3, 0x5, 0xf8, 0x0,
    0x9, 0x60, 0x0, 0x0, 0x0, 0x0, 0x5, 0xf7,
    0x0, 0x0, 0x0, 0x0, 0x0, 0x0, 0x0, 0x4,
    0x50,

    /* U+F4B8 "" */
    0x0, 0x1, 0x58, 0x88, 0x88, 0x88, 0x73, 0x0,
    0x0, 0x0, 0x3e, 0xff, 0xff, 0xff, 0xff, 0xff,
    0xa0, 0x0, 0x0, 0xdf, 0xff, 0xff, 0xff, 0xff,
    0xff, 0xf6, 0x0, 0x1, 0xdf, 0xff, 0xff, 0xff,
    0xff, 0xff, 0xf8, 0x0, 0x0, 0xb, 0xff, 0xff,
    0xff, 0xff, 0xff, 0x40, 0x0, 0xaf, 0x43, 0xff,
    0xff, 0xff, 0xff, 0xfb, 0xb, 0xf3, 0xff, 0x91,
    0xff, 0xff, 0xff, 0xff, 0xf9, 0x1f, 0xf8, 0xff,
    0xa0, 0x0, 0x0, 0x0, 0x0, 0x0, 0x1f, 0xf8,
    0xff, 0xda, 0xaa, 0xaa, 0xaa, 0xaa, 0xaa, 0xaf,
    0xf8, 0xff, 0xff, 0xff, 0xff, 0xff, 0xff, 0xff,
    0xff, 0xf7, 0x6f, 0xff, 0xff, 0xff, 0xff, 0xff,
    0xff, 0xff, 0xc1,

    /* U+F4B9 "" */
    0x0, 0x0, 0x0, 0x3, 0x30, 0x0, 0x0, 0x0,
    0x0, 0x0, 0x1b, 0xff, 0xff, 0x80, 0x0, 0x0,
    0x0, 0x1, 0xef, 0xff, 0xff, 0xfc, 0x0, 0x0,
    0x0, 0xb, 0xff, 0xe4, 0x4e, 0xff, 0x70, 0x0,
    0x0, 0x1f, 0xff, 0x26, 0x9f, 0xff, 0xd0, 0x0,
    0x0, 0x4f, 0xff, 0x41, 0x5e, 0xff, 0xf0, 0x0,
    0x0, 0x4f, 0xff, 0xfb, 0x56, 0xff, 0xf0, 0x0,
    0x0, 0xf, 0xff, 0x60, 0x8, 0xff, 0xc0, 0x0,
    0x20, 0x9, 0xff, 0xd6, 0x8f, 0xff, 0x50, 0x2,
    0xf4, 0x0, 0xcf, 0xff, 0xff, 0xf9, 0x0, 0x5e,
    0xf5, 0x0, 0x7, 0xdf, 0xfc, 0x50, 0x0, 0x6e,
    0xf5, 0x0, 0x0, 0x0, 0x0, 0x0, 0x0, 0x6e,
    0xea, 0x55, 0x55, 0x55, 0x55, 0x55, 0x55, 0xbd,
    0x5e, 0xff, 0xff, 0xff, 0xff, 0xff, 0xff, 0xd4,

    /* U+F4BA "" */
    0x0, 0x0, 0x9, 0x20, 0x0, 0x0, 0x0, 0x0,
    0x0, 0x6, 0xfc, 0x0, 0x0, 0x0, 0x0, 0x1,
    0x0, 0xcf, 0xf5, 0x0, 0x57, 0x87, 0x12, 0xfb,
    0x20, 0x7f, 0xc0, 0xaf, 0xff, 0xe1, 0x4f, 0xff,
    0x91, 0x15, 0xf, 0xa4, 0xf7, 0x3, 0xff, 0xff,
    0xf7, 0x1, 0xfe, 0xcf, 0x70, 0xf, 0xff, 0xff,
    0xfe, 0x6f, 0xff, 0xf7, 0x0, 0xaf, 0xff, 0xff,
    0xff, 0xff, 0xff, 0x70, 0x1, 0xff, 0xff, 0xff,
    0xff, 0xff, 0xf7, 0x0, 0x3, 0xef, 0xff, 0xff,
    0xff, 0xff, 0x50, 0x0, 0x3, 0xef, 0xff, 0xff,
    0xff, 0xf2, 0x0, 0x5c, 0xff, 0xff, 0xff, 0xff,
    0xf8, 0x0, 0xc, 0xff, 0xff, 0xff, 0xff, 0xc5,
    0x0, 0x0, 0x8, 0xff, 0xc0, 0x0, 0x0, 0x0,
    0x0, 0x0, 0x2, 0x60, 0x0, 0x0, 0x0, 0x0,
    0x0,

    /* U+F4BD "" */
    0x0, 0x4, 0xce, 0xff, 0xfe, 0x40, 0x1, 0x72,
    0x0, 0x7f, 0xff, 0xfe, 0xcc, 0x30, 0x4e, 0xfa,
    0x9d, 0xff, 0xff, 0xf2, 0x0, 0x8, 0xff, 0xe3,
    0xff, 0xff, 0xff, 0xff, 0xff, 0xff, 0xfb, 0x10,
    0xff, 0xff, 0xff, 0xff, 0xff, 0xff, 0x70, 0x0,
    0x7a, 0xaa, 0xaa, 0xaa, 0xaa, 0x82, 0x0, 0x0,

    /* U+F4BE "" */
    0x0, 0x0, 0x2, 0x20, 0x2, 0x10, 0x0, 0x0,
    0x0, 0x0, 0x8f, 0xf8, 0xbf, 0xf4, 0x0, 0x0,
    0x0, 0x0, 0xff, 0xff, 0xff, 0xfb, 0x0, 0x0,
    0x0, 0x0, 0xef, 0xff, 0xff, 0xfa, 0x0, 0x0,
    0x0, 0x0, 0x7f, 0xff, 0xff, 0xf3, 0x0, 0x0,
    0x0, 0x0, 0xb, 0xff, 0xff, 0x70, 0x0, 0x0,
    0x0, 0x0, 0x0, 0xaf, 0xf7, 0x0, 0x0, 0x0,
    0x0, 0x0, 0x0, 0x5, 0x40, 0x0, 0x0, 0x0,
    0x0, 0x0, 0x0, 0x0, 0x0, 0x0, 0x0, 0x0,
    0x0, 0x4, 0xce, 0xff, 0xfe, 0x40, 0x1, 0x72,
    0x0, 0x7f, 0xff, 0xfe, 0xcc, 0x30, 0x4e, 0xfa,
    0x9d, 0xff, 0xff, 0xf2, 0x0, 0x8, 0xff, 0xe3,
    0xff, 0xff, 0xff, 0xff, 0xff, 0xff, 0xfb, 0x10,
    0xff, 0xff, 0xff, 0xff, 0xff, 0xff, 0x70, 0x0,
    0x7a, 0xaa, 0xaa, 0xaa, 0xaa, 0x82, 0x0, 0x0,

    /* U+F4C0 "" */
    0x0, 0x0, 0x0, 0x4, 0x20, 0x0, 0x0, 0x0,
    0x0, 0x0, 0x0, 0x6e, 0xc4, 0x0, 0x0, 0x0,
    0x0, 0x0, 0x6, 0xff, 0xf8, 0x0, 0x0, 0x0,
    0x0, 0x0, 0x8, 0xf7, 0x50, 0x0, 0x0, 0x0,
    0x0, 0x0, 0x2, 0xcf, 0xfe, 0x10, 0x0, 0x0,
    0x0, 0x0, 0x0, 0x69, 0xcf, 0x50, 0x0, 0x0,
    0x0, 0x0, 0x1, 0xff, 0xfc, 0x0, 0x0, 0x0,
    0x0, 0x0, 0x0, 0xa, 0x60, 0x0, 0x0, 0x0,
    0x0, 0x0, 0x0, 0x0, 0x0, 0x0, 0x0, 0x0,
    0x0, 0x4, 0xce, 0xff, 0xfe, 0x40, 0x1, 0x72,
    0x0, 0x7f, 0xff, 0xfe, 0xcc, 0x30, 0x4e, 0xfa,
    0x9d, 0xff, 0xff, 0xf2, 0x0, 0x8, 0xff, 0xe3,
    0xff, 0xff, 0xff, 0xff, 0xff, 0xff, 0xfb, 0x10,
    0xff, 0xff, 0xff, 0xff, 0xff, 0xff, 0x70, 0x0,
    0x7a, 0xaa, 0xaa, 0xaa, 0xaa, 0x82, 0x0, 0x0,

    /* U+F4C1 "" */
    0x0, 0x0, 0x0, 0x0, 0x0, 0x0, 0x0, 0x0,
    0x0, 0x0, 0x0, 0xc, 0x80, 0x0, 0x0, 0x0,
    0x0, 0x0, 0x0, 0x7f, 0xf3, 0x0, 0x0, 0x0,
    0x0, 0x0, 0x2, 0xff, 0xfd, 0x0, 0x0, 0x0,
    0x0, 0x0, 0x8, 0xff, 0xff, 0x40, 0x0, 0x0,
    0x0, 0x0, 0xb, 0xff, 0xff, 0x60, 0x0, 0x0,
    0x0, 0x0, 0x5, 0xff, 0xff, 0x20, 0x0, 0x0,
    0x0, 0x0, 0x0, 0x6c, 0xb4, 0x0, 0x0, 0x0,
    0x0, 0x0, 0x0, 0x0, 0x0, 0x0, 0x0, 0x0,
    0x0, 0x4, 0xce, 0xff, 0xfe, 0x40, 0x1, 0x72,
    0x0, 0x7f, 0xff, 0xfe, 0xcc, 0x30, 0x4e, 0xfa,
    0x9d, 0xff, 0xff, 0xf2, 0x0, 0x8, 0xff, 0xe3,
    0xff, 0xff, 0xff, 0xff, 0xff, 0xff, 0xfb, 0x10,
    0xff, 0xff, 0xff, 0xff, 0xff, 0xff, 0x70, 0x0,
    0x7a, 0xaa, 0xaa, 0xaa, 0xaa, 0x82, 0x0, 0x0,

    /* U+F4C2 "" */
    0x12, 0x0, 0x0, 0x0, 0x0, 0x0, 0x0, 0x1,
    0x30, 0xef, 0x10, 0x0, 0x0, 0x0, 0x0, 0x0,
    0xc, 0xf2, 0xff, 0x20, 0x0, 0x0, 0x0, 0x0,
    0x0, 0xe, 0xf4, 0xff, 0x20, 0x0, 0x0, 0x0,
    0x0, 0x0, 0xe, 0xf4, 0xff, 0x20, 0x0, 0x0,
    0x0, 0x0, 0x0, 0xe, 0xf4, 0xff, 0x24, 0xd4,
    0x0, 0x0, 0x0, 0xab, 0xe, 0xf4, 0xff, 0x43,
    0xff, 0x30, 0x0, 0xa, 0xfb, 0x1f, 0xf4, 0xff,
    0xc0, 0x4f, 0xf2, 0x0, 0x9f, 0xc0, 0x8f, 0xf4,
    0xdf, 0xfc, 0x2e, 0xfa, 0x2, 0xff, 0x67, 0xff,
    0xf2, 0x5f, 0xff, 0xff, 0xfd, 0x5, 0xff, 0xff,
    0xff, 0x90, 0x6, 0xff, 0xff, 0xfd, 0x5, 0xff,
    0xff, 0xfb, 0x0, 0x0, 0x6f, 0xff, 0xfd, 0x5,
    0xff, 0xff, 0xb0, 0x0, 0x0, 0x5, 0xde, 0xd5,
    0x0, 0xbe, 0xea, 0x0, 0x0,

    /* U+F4C4 "" */
    0x0, 0x0, 0x0, 0x0, 0x0, 0x0, 0x0, 0x0,
    0x0, 0x0, 0x45, 0x0, 0x45, 0x51, 0x0, 0x8b,
    0x0, 0x1c, 0xf5, 0x1d, 0xff, 0xff, 0xae, 0xfb,
    0x0, 0xcf, 0x60, 0xcf, 0xff, 0xff, 0xff, 0xfb,
    0xa, 0xf8, 0xb, 0xff, 0xff, 0xff, 0xff, 0xfb,
    0x8f, 0xe0, 0x9f, 0xfd, 0x4c, 0xff, 0xff, 0xfb,
    0xff, 0xe0, 0x6c, 0xa1, 0x1, 0xcf, 0xff, 0xfb,
    0xff, 0xfa, 0x10, 0x6, 0xe4, 0xc, 0xff, 0xfb,
    0xff, 0xff, 0xfd, 0xff, 0xff, 0x40, 0xcf, 0xfa,
    0xff, 0xff, 0xff, 0xff, 0xff, 0xf5, 0xc, 0xa0,
    0xff, 0xff, 0xff, 0xff, 0xff, 0xef, 0x30, 0x0,
    0xff, 0xff, 0xff, 0xfd, 0xfb, 0x9, 0x10, 0x0,
    0xff, 0xf5, 0x4c, 0xa0, 0xae, 0x30, 0x0, 0x0,
    0xff, 0x40, 0x0, 0x0, 0x0, 0x0, 0x0, 0x0,
    0xf3, 0x0, 0x0, 0x0, 0x0, 0x0, 0x0, 0x0,
    0x30, 0x0, 0x0, 0x0, 0x0, 0x0, 0x0, 0x0,

    /* U+F4C6 "" */
    0x10, 0x0, 0x0, 0x0, 0x0, 0x0, 0x0, 0x1,
    0xf7, 0x0, 0x66, 0x0, 0x67, 0x73, 0x1, 0xab,
    0xff, 0xee, 0xf4, 0x1e, 0xff, 0xff, 0xcf, 0xfb,
    0xff, 0xff, 0x51, 0xdf, 0xff, 0xff, 0xff, 0xfb,
    0xff, 0xf7, 0xc, 0xff, 0xff, 0xff, 0xff, 0xfb,
    0xff, 0xe0, 0xaf, 0xfc, 0x2b, 0xff, 0xff, 0xfb,
    0xff, 0xf0, 0x5b, 0x80, 0x10, 0xbf, 0xff, 0xfb,
    0xff, 0xfc, 0x30, 0x18, 0xf6, 0xb, 0xff, 0xfb,
    0xdf, 0xff, 0xff, 0xff, 0xff, 0x60, 0xbf, 0xf9,
    0x1b, 0xff, 0xff, 0xff, 0xff, 0xf6, 0xa, 0x80,
    0x0, 0x9f, 0xff, 0xff, 0xff, 0xdf, 0x30, 0x0,
    0x0, 0x6, 0xff, 0xeb, 0xfb, 0x7, 0x0, 0x0,
    0x0, 0x0, 0x3b, 0x90, 0x8c, 0x30, 0x0, 0x0,

    /* U+F4CD "" */
    0x0, 0x2, 0x5, 0xda, 0x10, 0x20, 0x0, 0x0,
    0xb4, 0x4f, 0xff, 0xc0, 0x88, 0x0, 0xa, 0xe0,
    0xcf, 0xff, 0xf6, 0x2f, 0x80, 0x4f, 0x93, 0xff,
    0xff, 0xfc, 0xb, 0xf2, 0xaf, 0x67, 0xff, 0xff,
    0xff, 0x7, 0xfa, 0xdf, 0x59, 0xff, 0xff, 0xff,
    0x25, 0xfd, 0xef, 0x38, 0xdd, 0xfe, 0xdd, 0x33,
    0xfe, 0x5f, 0xc1, 0x0, 0xe7, 0x0, 0x1d, 0xe4,
    0x4, 0xfc, 0x10, 0xe7, 0x2, 0xed, 0x20, 0x0,
    0x3e, 0xc3, 0xe9, 0x4e, 0xb1, 0x0, 0x0, 0x2,
    0xef, 0xff, 0xfa, 0x0, 0x0, 0x0, 0x0, 0xdf,
    0xff, 0xf6, 0x0, 0x0, 0x0, 0x0, 0xdf, 0xff,
    0xf6, 0x0, 0x0, 0x0, 0x0, 0xcf, 0xff, 0xf5,
    0x0, 0x0, 0x0, 0x0, 0x3d, 0xff, 0xa0, 0x0,
    0x0,

    /* U+F4CE "" */
    0x0, 0x0, 0x0, 0x0, 0x0, 0x0, 0x0, 0x0,
    0x5f, 0xc0, 0x0, 0x0, 0x0, 0x0, 0x5f, 0xc0,
    0xaf, 0xf2, 0x0, 0x0, 0x0, 0x0, 0xaf, 0xf3,
    0x3c, 0x90, 0x0, 0x0, 0x0, 0x0, 0x3c, 0x90,
    0x0, 0x0, 0x5, 0xaa, 0xa9, 0x0, 0x0, 0x0,
    0x8f, 0xd1, 0xe, 0xff, 0xff, 0x50, 0x7f, 0xe2,
    0xff, 0xfa, 0xe, 0xff, 0xff, 0x53, 0xff, 0xf7,
    0xff, 0xff, 0x7e, 0xff, 0xff, 0x7e, 0xff, 0xf8,
    0xff, 0xfd, 0xff, 0xff, 0xff, 0xff, 0xdf, 0xf8,
    0xef, 0xf2, 0x7a, 0xaa, 0xaa, 0x94, 0x8f, 0xf7,
    0x9f, 0xf2, 0x0, 0x0, 0x0, 0x0, 0x9f, 0xf2,
    0xb, 0xfe, 0x20, 0x0, 0x0, 0x9, 0xff, 0x40,
    0x70, 0x7f, 0xc0, 0x0, 0x0, 0x5f, 0xc2, 0x15,
    0xf9, 0xa, 0xf0, 0x0, 0x0, 0xaf, 0x12, 0xe8,
    0xfc, 0x8, 0xf1, 0x0, 0x0, 0xaf, 0x3, 0xf8,
    0xfb, 0x8, 0xf1, 0x0, 0x0, 0xaf, 0x3, 0xf8,
    0x74, 0x2, 0x80, 0x0, 0x0, 0x47, 0x0, 0x82,

    /* U+F4D3 "" */
    0x0, 0x0, 0x0, 0x0, 0x0, 0x0, 0x0, 0x0,
    0x0, 0x0, 0xaf, 0xf7, 0x0, 0x0, 0x0, 0x0,
    0x0, 0x7f, 0xff, 0xf3, 0x0, 0x0, 0x0, 0x0,
    0xb, 0xff, 0xff, 0x70, 0x0, 0x0, 0x0, 0x0,
    0x7f, 0xff, 0xf3, 0x1, 0x10, 0x0, 0x0, 0x30,
    0xaf, 0xf7, 0x1c, 0xfa, 0x0, 0x1, 0xcf, 0x70,
    0x0, 0xc, 0xff, 0x60, 0x0, 0xcf, 0xff, 0xc9,
    0xae, 0xff, 0xf6, 0x0, 0x5f, 0xff, 0xff, 0xff,
    0xff, 0xff, 0xe9, 0x9, 0xff, 0xff, 0xff, 0xff,
    0xf6, 0xff, 0xf2, 0xaf, 0xff, 0xff, 0xff, 0xff,
    0x8f, 0xff, 0x26, 0xff, 0xff, 0xff, 0xff, 0xff,
    0xff, 0xf2, 0xe, 0xff, 0xff, 0xff, 0xff, 0xff,
    0xdb, 0x0, 0x2d, 0xff, 0xff, 0xff, 0xff, 0x80,
    0x0, 0x0, 0x1f, 0xfd, 0x88, 0xff, 0xb0, 0x0,
    0x0, 0x0, 0xbd, 0x50, 0x8, 0xd6, 0x0, 0x0,

    /* U+F4D6 "" */
    0x0, 0x4, 0x77, 0x62, 0x0, 0x0, 0xc, 0xff,
    0xff, 0xf5, 0x0, 0x9, 0xff, 0xff, 0xff, 0xf2,
    0x2, 0xff, 0xff, 0xff, 0xff, 0xa0, 0x6f, 0xff,
    0x51, 0xcf, 0xfe, 0x4, 0xff, 0xfe, 0xaf, 0xff,
    0xc0, 0xc, 0xff, 0xff, 0xff, 0xf5, 0x0, 0x2e,
    0xff, 0xff, 0xf8, 0x0, 0x0, 0x4f, 0xff, 0xfd,
    0x0, 0x0, 0x0, 0x7f, 0xff, 0xf4, 0x0, 0x9,
    0xa0, 0xaf, 0xff, 0xe2, 0x5, 0xff, 0x70, 0xdf,
    0xff, 0xc0, 0x3e, 0xff, 0x32, 0xef, 0xf9, 0x0,
    0x1c, 0xb0, 0x4, 0xf6, 0x0, 0x0, 0x0, 0x0,
    0x0, 0x0, 0x0,

    /* U+F4D7 "" */
    0x0, 0x0, 0x0, 0x0, 0x0, 0x1, 0x0, 0x0,
    0x0, 0x0, 0x0, 0x4, 0xef, 0xd2, 0x0, 0x0,
    0x0, 0x0, 0xf, 0xfb, 0xfc, 0x0, 0x0, 0x0,
    0x0, 0x2f, 0xa0, 0xdf, 0x0, 0x0, 0x0, 0x0,
    0xe, 0xfd, 0xfb, 0x0, 0x0, 0x0, 0x0, 0x6,
    0xff, 0xf3, 0x0, 0x0, 0x0, 0xa, 0xff, 0xff,
    0x80, 0x0, 0x31, 0x0, 0x9f, 0xdc, 0xc9, 0x0,
    0x3e, 0xff, 0x60, 0xdf, 0x0, 0x0, 0x0, 0xcf,
    0x6d, 0xf0, 0x9f, 0xdb, 0xba, 0x60, 0xfe, 0x1b,
    0xf2, 0x1b, 0xff, 0xff, 0xf7, 0xbf, 0xff, 0xe0,
    0x0, 0x0, 0x2, 0xee, 0x2f, 0xff, 0x60, 0x0,
    0x0, 0x1, 0xee, 0x7, 0xfb, 0x3f, 0xff, 0xff,
    0xff, 0xf8, 0x0, 0x51, 0xac, 0xcc, 0xcc, 0xcb,
    0x60,

    /* U+F4D8 "" */
    0x0, 0x0, 0x0, 0x0, 0x0, 0x0, 0x0, 0x0,
    0x0, 0x0, 0x0, 0x0, 0x5, 0xcf, 0xfc, 0x2,
    0x41, 0x0, 0x0, 0xb, 0xff, 0xff, 0xd0, 0xff,
    0xfe, 0x80, 0xa, 0xff, 0xff, 0xfa, 0xd, 0xff,
    0xff, 0xd1, 0x5f, 0xff, 0xff, 0x40, 0xaf, 0xff,
    0xff, 0xb0, 0xbf, 0xff, 0xa0, 0x3, 0xff, 0xff,
    0xff, 0x45, 0xff, 0xa0, 0x0, 0x8, 0xff, 0xff,
    0xf8, 0xa, 0x40, 0x0, 0x0, 0x7, 0xff, 0xff,
    0xc0, 0x0, 0x0, 0x0, 0x0, 0x2, 0x69, 0xfd,
    0x0, 0x0, 0x0, 0x0, 0x0, 0x0, 0xe, 0xd0,
    0x0, 0x0, 0x0, 0x0, 0x0, 0x0, 0xed, 0x0,
    0x0, 0x0, 0x0, 0x0, 0x0, 0xe, 0xd0, 0x0,
    0x0, 0x0, 0x0, 0x0, 0x0, 0xed, 0x0, 0x0,
    0x0, 0x0, 0x0, 0x0, 0xa, 0x90, 0x0, 0x0,
    0x0,

    /* U+F4D9 "" */
    0x0, 0x0, 0x0, 0x0, 0x0, 0x0, 0x0, 0x2,
    0xf6, 0x0, 0x0, 0x0, 0x0, 0x0, 0x38, 0xfb,
    0x66, 0x66, 0x66, 0x66, 0x63, 0xef, 0xff, 0xff,
    0xff, 0xff, 0xff, 0xfe, 0x38, 0xfa, 0x55, 0x55,
    0x55, 0x55, 0x53, 0x4, 0xf8, 0x3, 0x55, 0x55,
    0x55, 0x30, 0x4, 0xf8, 0x2f, 0xff, 0xff, 0xff,
    0xf1, 0x4, 0xf8, 0x3f, 0xff, 0xff, 0xff, 0xf2,
    0x4, 0xf8, 0x3f, 0xff, 0xff, 0xff, 0xf2, 0x4,
    0xf8, 0x3f, 0xff, 0xff, 0xff, 0xf2, 0x4, 0xf8,
    0x2f, 0xff, 0xff, 0xff, 0xf1, 0x4, 0xf8, 0x4,
    0x55, 0x55, 0x55, 0x30, 0x4, 0xf8, 0x0, 0x0,
    0x0, 0x0, 0x0, 0x3, 0xf7, 0x0, 0x0, 0x0,
    0x0, 0x0, 0x1, 0xc3, 0x0, 0x0, 0x0, 0x0,
    0x0,

    /* U+F4DA "" */
    0x0, 0x0, 0x1, 0x33, 0x10, 0x0, 0x0, 0x0,
    0x3, 0xbf, 0xff, 0xfb, 0x30, 0x0, 0x0, 0x7f,
    0xff, 0xff, 0xff, 0xf7, 0x0, 0x6, 0xff, 0xff,
    0xff, 0xff, 0xff, 0x60, 0x2f, 0xff, 0xff, 0xff,
    0xff, 0xff, 0xf2, 0x9f, 0xff, 0xbd, 0xfe, 0x31,
    0x9f, 0xf9, 0xdf, 0xff, 0x5, 0xf8, 0x7c, 0x1f,
    0xfd, 0xff, 0xff, 0xde, 0xfe, 0xff, 0xdf, 0xff,
    0xef, 0xff, 0xff, 0xff, 0xff, 0xff, 0xfe, 0xcf,
    0xfa, 0x9f, 0xff, 0xf9, 0xbf, 0xfb, 0x6f, 0xfa,
    0x6, 0xbb, 0x60, 0xaf, 0xf6, 0xc, 0xff, 0xb3,
    0x0, 0x3b, 0xff, 0xb0, 0x2, 0xef, 0xff, 0xff,
    0xff, 0xfe, 0x20, 0x0, 0x1a, 0xff, 0xff, 0xff,
    0xa1, 0x0, 0x0, 0x0, 0x49, 0xbb, 0x94, 0x0,
    0x0,

    /* U+F4DB "" */
    0x0, 0x0, 0x1, 0x44, 0x10, 0x0, 0x0, 0x0,
    0x0, 0x2, 0xcf, 0xff, 0xfc, 0x20, 0x0, 0x0,
    0x0, 0x5f, 0xff, 0xff, 0xff, 0xf5, 0x0, 0x0,
    0x1, 0xff, 0xff, 0xff, 0xff, 0xff, 0x10, 0x0,
    0xa, 0xff, 0xfa, 0x33, 0xaf, 0xff, 0xa0, 0x0,
    0xd, 0xff, 0xc0, 0x46, 0xc, 0xff, 0xd0, 0x0,
    0xf, 0xff, 0x71, 0xff, 0x47, 0xff, 0xf0, 0x0,
    0xf, 0xff, 0x80, 0xce, 0x18, 0xff, 0xf0, 0x0,
    0xc, 0xff, 0xe2, 0x0, 0x2e, 0xff, 0xc0, 0x0,
    0x6, 0xff, 0xff, 0xaa, 0xff, 0xff, 0x60, 0x0,
    0x0, 0xcf, 0xff, 0xff, 0xff, 0xfc, 0x0, 0x0,
    0x0, 0x1b, 0xff, 0xff, 0xff, 0xfd, 0xcc, 0xc6,
    0x0, 0x0, 0x5a, 0xdf, 0xff, 0xff, 0xff, 0xf7,

    /* U+F4DE "" */
    0x0, 0x0, 0x0, 0x0, 0x0, 0x6, 0x99, 0x99,
    0x80, 0x0, 0x0, 0x0, 0x0, 0xb, 0xff, 0xff,
    0xfe, 0x0, 0x0, 0x0, 0x0, 0x0, 0xff, 0xff,
    0xff, 0xe0, 0x2, 0x7c, 0xf7, 0x0, 0x1f, 0xff,
    0xff, 0xfe, 0x5, 0xff, 0xff, 0xf3, 0x1, 0xff,
    0xff, 0xff, 0xe0, 0xcf, 0xff, 0xff, 0x80, 0x1f,
    0xff, 0xff, 0xfe, 0x9, 0xff, 0xff, 0xfc, 0x1,
    0xff, 0xff, 0xff, 0xe0, 0x4f, 0xff, 0xff, 0xe0,
    0x1f, 0xff, 0xff, 0xfe, 0x0, 0xef, 0xff, 0xf4,
    0x1, 0xff, 0xff, 0xff, 0xe0, 0x3, 0xb9, 0x40,
    0x2, 0x8f, 0xff, 0xff, 0xfe, 0x0, 0x0, 0x4,
    0x9e, 0xff, 0xfe, 0xfa, 0x2c, 0xe0, 0x6, 0xaf,
    0xff, 0xea, 0x50, 0xf, 0x50, 0x8e, 0xb, 0xff,
    0xd8, 0x30, 0x0, 0x0, 0xbe, 0x9e, 0x90, 0x46,
    0x20, 0x0, 0x0, 0x0, 0x1, 0x9c, 0x90,

    /* U+F4DF "" */
    0x18, 0x99, 0x99, 0x99, 0x99, 0x98, 0x20, 0x0,
    0x0, 0xcf, 0xff, 0xff, 0xff, 0xff, 0xff, 0xe0,
    0x0, 0x0, 0xff, 0xff, 0xff, 0xff, 0xff, 0xff,
    0xf1, 0x0, 0x0, 0xff, 0xff, 0xff, 0xff, 0xff,
    0xff, 0xff, 0xea, 0x0, 0xff, 0xff, 0xff, 0xff,
    0xff, 0xff, 0xfd, 0xdf, 0xb0, 0xff, 0xff, 0xff,
    0xff, 0xff, 0xff, 0xf1, 0xa, 0xf8, 0xff, 0xff,
    0xff, 0xff, 0xff, 0xff, 0xf1, 0x1, 0xfa, 0xff,
    0xff, 0xff, 0xff, 0xff, 0xff, 0xfa, 0x99, 0xfa,
    0xff, 0xff, 0xff, 0xff, 0xff, 0xff, 0xff, 0xff,
    0xfa, 0xff, 0xff, 0xff, 0xff, 0xff, 0xff, 0xff,
    0xff, 0xfa, 0xfb, 0x2d, 0xf4, 0x6f, 0xff, 0xff,
    0xf8, 0x2d, 0xf9, 0xf6, 0x9, 0xe0, 0x1f, 0xdc,
    0xcc, 0xf3, 0xa, 0xe2, 0xbe, 0x9f, 0xfa, 0xcc,
    0x0, 0x0, 0xad, 0x9f, 0x70, 0x19, 0xc8, 0x5c,
    0xb2, 0x0, 0x0, 0x1a, 0xc7, 0x0,

    /* U+F4E2 "" */
    0x0, 0x0, 0x0, 0x0, 0x0, 0x0, 0x0, 0x0,
    0x0, 0xd9, 0x0, 0x0, 0x0, 0x0, 0x0, 0x0,
    0x0, 0x4, 0xf9, 0x0, 0x0, 0x0, 0x0, 0x0,
    0x0, 0x0, 0x4, 0xfa, 0x77, 0x77, 0x77, 0x30,
    0x0, 0x0, 0x0, 0x14, 0xff, 0xff, 0xff, 0xff,
    0x30, 0x0, 0x10, 0x1c, 0x14, 0xff, 0xff, 0xff,
    0xf6, 0x1, 0xbe, 0x1, 0xfc, 0x14, 0xff, 0xff,
    0xff, 0x61, 0xdf, 0xe0, 0x1f, 0xfc, 0x14, 0xff,
    0xff, 0xf6, 0x2f, 0xfe, 0x1, 0xff, 0xfc, 0x14,
    0xff, 0xff, 0x62, 0xff, 0xe0, 0x1f, 0xff, 0xfc,
    0x14, 0xff, 0xf6, 0x2f, 0xfe, 0x1, 0xff, 0xff,
    0xfc, 0x13, 0xff, 0x62, 0xff, 0xe0, 0x1f, 0xff,
    0xff, 0xfc, 0x13, 0xfa, 0x7, 0xfe, 0x0, 0xff,
    0xff, 0xff, 0xfc, 0x13, 0xfa, 0x4, 0x70, 0x7,
    0xff, 0xff, 0xff, 0xfc, 0x3, 0xfa, 0x0, 0x0,
    0x0, 0x0, 0x0, 0x0, 0x0, 0x3, 0xfa, 0x0,
    0x0, 0x0, 0x0, 0x0, 0x0, 0x0, 0x3, 0xfa,
    0x0, 0x0, 0x0, 0x0, 0x0, 0x0, 0x0, 0x3,
    0x70,

    /* U+F4E3 "" */
    0x0, 0x0, 0x0, 0x0, 0x0, 0xef, 0xff, 0xff,
    0xb0, 0x4f, 0xdb, 0xbb, 0xef, 0x7, 0xf4, 0x0,
    0x8, 0xf3, 0xbf, 0xba, 0xaa, 0xcf, 0x6e, 0xff,
    0xff, 0xff, 0xfa, 0xff, 0xff, 0xff, 0xff, 0xbd,
    0xff, 0xff, 0xff, 0xf9, 0x7f, 0xff, 0xff, 0xff,
    0x30, 0xbf, 0xff, 0xff, 0x80, 0x0, 0x6d, 0xfb,
    0x40, 0x0, 0x0, 0x8f, 0x40, 0x0, 0x0, 0x8,
    0xf4, 0x0, 0x0, 0x0, 0x8f, 0x40, 0x0, 0xe,
    0xff, 0xff, 0xfa, 0x0, 0x9b, 0xbb, 0xbb, 0x60,

    /* U+F4E6 "" */
    0x2, 0x0, 0x0, 0x0, 0x0, 0x0, 0x0, 0x6f,
    0xd0, 0x0, 0x0, 0x0, 0x0, 0x0, 0x9f, 0xf1,
    0x0, 0x0, 0x0, 0x0, 0x0, 0x2f, 0xe9, 0x99,
    0x99, 0x99, 0x99, 0x93, 0x1f, 0xff, 0xff, 0xff,
    0xff, 0xff, 0xf7, 0x1f, 0xff, 0xff, 0xff, 0xff,
    0xff, 0xf1, 0x1f, 0xff, 0xff, 0xff, 0xff, 0xff,
    0x90, 0x1f, 0xff, 0xff, 0xff, 0xff, 0xff, 0x20,
    0x1f, 0xff, 0xff, 0xff, 0xff, 0xfe, 0x0, 0x1f,
    0xff, 0xff, 0xff, 0xff, 0xff, 0x60, 0x1f, 0xff,
    0xff, 0xff, 0xff, 0xff, 0xd0, 0x1f, 0xff, 0xff,
    0xff, 0xff, 0xff, 0xf4, 0x1f, 0xff, 0xff, 0xff,
    0xff, 0xff, 0xf6, 0x1f, 0x90, 0x0, 0x0, 0x0,
    0x0, 0x0, 0x1b, 0x70, 0x0, 0x0, 0x0, 0x0,
    0x0,

    /* U+F4FA "" */
    0x0, 0x0, 0x0, 0x0, 0x0, 0x0, 0x0, 0x0,
    0x0, 0xe8, 0x0, 0x0, 0x0, 0x0, 0x0, 0x0,
    0x0, 0x5, 0xf8, 0x0, 0x1a, 0xfe, 0x80, 0x0,
    0x0, 0x0, 0x5, 0xf8, 0xd, 0xff, 0xff, 0x90,
    0x0, 0x0, 0x0, 0x5, 0xfb, 0xff, 0xff, 0xff,
    0x0, 0x0, 0x0, 0x0, 0x5, 0xff, 0xff, 0xff,
    0xf1, 0x0, 0x0, 0x0, 0x0, 0x5, 0xff, 0xff,
    0xfd, 0x0, 0x0, 0x0, 0x0, 0x0, 0x5, 0xff,
    0xff, 0x30, 0x0, 0x0, 0x0, 0x0, 0x0, 0x5,
    0xfd, 0x10, 0x0, 0x0, 0x0, 0x0, 0x0, 0x0,
    0x5, 0xf8, 0x0, 0x0, 0x0, 0x0, 0x0, 0x2,
    0x9b, 0x15, 0xf8, 0x0, 0x0, 0x0, 0x0, 0x5,
    0xff, 0xfc, 0x5, 0xf8, 0x0, 0x0, 0x0, 0x1,
    0xff, 0xff, 0xfc, 0x5, 0xf8, 0x0, 0x0, 0x0,
    0x8f, 0xff, 0xff, 0xfc, 0x5, 0xf8, 0x0, 0x0,
    0xb, 0xff, 0xff, 0xff, 0xfc, 0x5, 0xf8, 0x0,
    0x0, 0x6b, 0xbb, 0xbb, 0xbb, 0xb8, 0x5, 0xf7,
    0x0, 0x0, 0x0, 0x0, 0x0, 0x0, 0x0, 0x4,
    0x50,

    /* U+F4FB "" */
    0x0, 0x0, 0x48, 0xa8, 0x20, 0x0, 0x0, 0x0,
    0xbf, 0xff, 0xff, 0x70, 0x0, 0x0, 0xaf, 0xff,
    0xff, 0xff, 0x50, 0x0, 0x7f, 0xf6, 0x0, 0x1a,
    0xfe, 0x30, 0xe, 0xf9, 0x2, 0x0, 0xd, 0xf9,
    0x0, 0xef, 0x59, 0xc0, 0x0, 0xaf, 0x90, 0xa,
    0xf8, 0x13, 0x0, 0xd, 0xf6, 0x0, 0xc, 0xf4,
    0x0, 0x8, 0xf7, 0x0, 0x0, 0x2e, 0xfe, 0xdf,
    0xfa, 0x0, 0x0, 0x0, 0x18, 0xce, 0xc5, 0x0,
    0x0, 0x0, 0x79, 0x30, 0x1, 0x5b, 0x30, 0x0,
    0x7f, 0xff, 0xff, 0xff, 0xff, 0x30, 0xf, 0xf7,
    0x55, 0x55, 0x5b, 0xfb, 0x4, 0xfd, 0x1, 0x20,
    0x30, 0x2f, 0xf0, 0x3e, 0xc0, 0x8b, 0xe, 0x42,
    0xfc, 0x0,

    /* U+F4FC "" */
    0x0, 0x0, 0x0, 0x0, 0x0, 0x0, 0x0, 0x0,
    0x0, 0x0, 0x1a, 0xfe, 0x90, 0x0, 0x0, 0x0,
    0x0, 0x0, 0xc, 0xff, 0xff, 0xa0, 0x0, 0x0,
    0x0, 0x0, 0x3, 0xff, 0xff, 0xff, 0x0, 0x0,
    0x1, 0x80, 0x0, 0x4f, 0xff, 0xff, 0xf2, 0x0,
    0x0, 0xae, 0x0, 0x1, 0xff, 0xff, 0xfe, 0x0,
    0x0, 0x6f, 0x30, 0x0, 0x6, 0xff, 0xff, 0x40,
    0x2f, 0x6f, 0x70, 0x0, 0x0, 0x2, 0x76, 0x10,
    0x0, 0x9f, 0xb0, 0x0, 0x0, 0x0, 0x0, 0x0,
    0x0, 0x0, 0x61, 0x0, 0x0, 0x2, 0x9d, 0xff,
    0xc9, 0x10, 0x0, 0x0, 0x0, 0x4, 0xff, 0xff,
    0xff, 0xfe, 0x30, 0x0, 0x0, 0x1, 0xef, 0xff,
    0xff, 0xff, 0xfd, 0x0, 0x0, 0x0, 0x7f, 0xff,
    0xff, 0xff, 0xff, 0xf5, 0x0, 0x0, 0xa, 0xff,
    0xff, 0xff, 0xff, 0xff, 0x80, 0x0, 0x0, 0x5b,
    0xbb, 0xbb, 0xbb, 0xbb, 0xb4, 0x0, 0x0, 0x0,

    /* U+F4FD "" */
    0x0, 0x0, 0x8d, 0xc6, 0x0, 0x0, 0x0, 0x0,
    0x0, 0xb, 0xff, 0xff, 0x70, 0x0, 0x0, 0x0,
    0x0, 0x2f, 0xff, 0xff, 0xe0, 0x0, 0x0, 0x0,
    0x0, 0x4f, 0xff, 0xff, 0xf0, 0x0, 0x0, 0x0,
    0x0, 0x1f, 0xff, 0xff, 0xd0, 0x0, 0x0, 0x0,
    0x0, 0x7, 0xff, 0xff, 0x40, 0x0, 0x0, 0x0,
    0x0, 0x0, 0x48, 0x82, 0x0, 0x1, 0x0, 0x0,
    0x0, 0x0, 0x0, 0x0, 0x8, 0xff, 0xf8, 0x0,
    0x0, 0x18, 0xbd, 0xb0, 0xaf, 0xfd, 0xff, 0xa0,
    0x4, 0xef, 0xff, 0x82, 0xff, 0xf2, 0xff, 0xf2,
    0x1e, 0xff, 0xff, 0x65, 0xff, 0xf2, 0x6f, 0xf5,
    0x7f, 0xff, 0xff, 0x74, 0xff, 0xff, 0xff, 0xf4,
    0xaf, 0xff, 0xff, 0xb0, 0xdf, 0xff, 0xff, 0xd0,
    0x5a, 0xaa, 0xaa, 0xa1, 0x3e, 0xff, 0xfe, 0x30,
    0x0, 0x0, 0x0, 0x0, 0x0, 0x58, 0x50, 0x0,

    /* U+F4FE "" */
    0x0, 0x0, 0x8d, 0xd8, 0x0, 0x0, 0x0, 0x0,
    0x0, 0x0, 0x9f, 0xff, 0xfb, 0x0, 0x0, 0x0,
    0x0, 0x0, 0x1f, 0xff, 0xff, 0xf2, 0x0, 0x0,
    0x0, 0x0, 0x2, 0xff, 0xff, 0xff, 0x40, 0x0,
    0x0, 0x0, 0x0, 0xf, 0xff, 0xff, 0xf1, 0x0,
    0x0, 0x0, 0x0, 0x0, 0x5f, 0xff, 0xf6, 0x0,
    0x0, 0x0, 0x0, 0x0, 0x0, 0x28, 0x83, 0x0,
    0x1f, 0xf6, 0x0, 0x0, 0x0, 0x0, 0x0, 0x3,
    0xac, 0xff, 0xe9, 0x60, 0x0, 0x7, 0xbd, 0xb0,
    0xcf, 0xff, 0xff, 0xff, 0x20, 0x2d, 0xff, 0xfd,
    0xb, 0xff, 0x31, 0xcf, 0xe1, 0xd, 0xff, 0xff,
    0xf1, 0x5f, 0xd0, 0x8, 0xfa, 0x5, 0xff, 0xff,
    0xfc, 0xd, 0xff, 0x64, 0xef, 0xf2, 0x9f, 0xff,
    0xff, 0xe0, 0xaf, 0xff, 0xff, 0xfe, 0x7, 0xff,
    0xff, 0xff, 0x51, 0x69, 0xff, 0xc6, 0x30, 0x0,
    0x0, 0x0, 0x0, 0x0, 0xc, 0xd4, 0x0, 0x0,

    /* U+F4FF "" */
    0x0, 0x0, 0x0, 0x0, 0x0, 0x0, 0x0, 0x0,
    0x0, 0x0, 0x9, 0xee, 0xa1, 0x0, 0x0, 0x0,
    0x0, 0x0, 0xa, 0xff, 0xff, 0xb0, 0x0, 0x0,
    0x0, 0x0, 0x1, 0xff, 0xff, 0xff, 0x20, 0x0,
    0x0, 0x0, 0x0, 0x2f, 0xff, 0xff, 0xf4, 0x0,
    0x0, 0x0, 0x0, 0x0, 0xef, 0xff, 0xff, 0x10,
    0x0, 0x0, 0x0, 0x0, 0x4, 0xff, 0xff, 0x50,
    0x0, 0x0, 0x0, 0x0, 0x0, 0x1, 0x67, 0x20,
    0x0, 0x0, 0x25, 0x0, 0x0, 0x0, 0x0, 0x0,
    0x0, 0x0, 0x3f, 0xfa, 0x0, 0x1, 0x9c, 0xff,
    0xd9, 0x20, 0x42, 0xbf, 0xb0, 0x3, 0xef, 0xff,
    0xff, 0xc1, 0x4f, 0xe2, 0xa2, 0x0, 0xdf, 0xff,
    0xff, 0xd1, 0x4f, 0xff, 0xc0, 0x0, 0x5f, 0xff,
    0xff, 0xf3, 0x4f, 0xff, 0xe2, 0x0, 0x8, 0xff,
    0xff, 0xfc, 0xd, 0xff, 0xe2, 0x0, 0x0, 0x4b,
    0xbb, 0xbb, 0x71, 0xff, 0xe2, 0x0, 0x0, 0x0,
    0x0, 0x0, 0x0, 0x8, 0x50, 0x0, 0x0, 0x0,

    /* U+F500 "" */
    0x0, 0x5, 0xa9, 0x20, 0x0, 0x0, 0x0, 0x0,
    0x0, 0x8f, 0xff, 0xf3, 0x0, 0x15, 0x30, 0x0,
    0x1, 0xff, 0xff, 0xfb, 0x2, 0xef, 0xfa, 0x0,
    0x3, 0xff, 0xff, 0xfd, 0xa, 0xff, 0xff, 0x40,
    0x0, 0xef, 0xff, 0xf9, 0xc, 0xff, 0xff, 0x50,
    0x0, 0x5f, 0xff, 0xd1, 0x6, 0xff, 0xff, 0x10,
    0x0, 0x1, 0x54, 0x0, 0x0, 0x7c, 0xb3, 0x0,
    0x0, 0x0, 0x10, 0x0, 0x0, 0x0, 0x0, 0x0,
    0x0, 0x7e, 0xff, 0xc3, 0x0, 0x7a, 0x94, 0x0,
    0xb, 0xff, 0xff, 0xff, 0x51, 0xef, 0xff, 0x90,
    0x6f, 0xff, 0xff, 0xff, 0xf1, 0x7f, 0xff, 0xf4,
    0xcf, 0xff, 0xff, 0xff, 0xf6, 0x4f, 0xff, 0xf9,
    0xff, 0xff, 0xff, 0xff, 0xf9, 0x1f, 0xff, 0xfb,
    0x9f, 0xff, 0xff, 0xff, 0xe4, 0x3f, 0xff, 0xe5,

    /* U+F501 "" */
    0x0, 0x0, 0x25, 0x53, 0x0, 0x0, 0x4, 0x8b,
    0xff, 0xff, 0xff, 0xc9, 0x60, 0xcf, 0xff, 0xff,
    0xff, 0xff, 0xff, 0x28, 0x68, 0xff, 0xff, 0xff,
    0xb2, 0x0, 0x95, 0x5f, 0xee, 0xee, 0xf9, 0x0,
    0xb, 0x73, 0xf1, 0x0, 0xd, 0x70, 0x0, 0xea,
    0xd, 0xc4, 0x3a, 0xf2, 0x0, 0x3, 0x20, 0x2b,
    0xff, 0xd4, 0x0, 0x0, 0x0, 0x0, 0x1, 0x10,
    0x0, 0x0, 0x0, 0x1, 0x71, 0x0, 0x6, 0x20,
    0x0, 0x2, 0xef, 0xe3, 0x1c, 0xff, 0x50, 0x0,
    0xdf, 0xff, 0x73, 0xff, 0xff, 0x20, 0x4f, 0xff,
    0xf7, 0x3f, 0xff, 0xf8, 0x7, 0xff, 0xff, 0x73,
    0xff, 0xff, 0xb0, 0x3b, 0xbb, 0xb5, 0x2b, 0xbb,
    0xb6, 0x0,

    /* U+F502 "" */
    0x0, 0x0, 0x0, 0x0, 0x0, 0x0, 0x0, 0x0,
    0x0, 0x0, 0x8e, 0xfb, 0x20, 0x0, 0x0, 0x0,
    0x0, 0xa, 0xff, 0xff, 0xd0, 0x0, 0x0, 0x0,
    0x0, 0x1f, 0xff, 0xff, 0xf5, 0x0, 0x0, 0x0,
    0x0, 0x2f, 0xff, 0xff, 0xf7, 0x0, 0x0, 0x0,
    0x0, 0xe, 0xff, 0xff, 0xf3, 0x0, 0x0, 0x0,
    0x0, 0x4, 0xff, 0xff, 0x70, 0x0, 0x0, 0x0,
    0x0, 0x0, 0x16, 0x73, 0x0, 0x9, 0xfe, 0x40,
    0x0, 0x0, 0x0, 0x0, 0x0, 0x3f, 0x6a, 0xd0,
    0x0, 0x6, 0xad, 0xdc, 0x81, 0x5f, 0x4, 0xf0,
    0x2, 0xdf, 0xff, 0xff, 0xb0, 0x6f, 0x69, 0xf1,
    0xc, 0xff, 0xff, 0xff, 0x51, 0xff, 0xff, 0xfb,
    0x4f, 0xff, 0xff, 0xff, 0x33, 0xff, 0xff, 0xfe,
    0x8f, 0xff, 0xff, 0xff, 0x33, 0xff, 0xff, 0xfe,
    0x6f, 0xff, 0xff, 0xff, 0x33, 0xff, 0xff, 0xfd,
    0x0, 0x0, 0x0, 0x0, 0x0, 0x9d, 0xdd, 0xc5,

    /* U+F503 "" */
    0x0, 0x0, 0x0, 0x0, 0x0, 0x0, 0x0, 0x0,
    0x0, 0x1, 0xaf, 0xe8, 0x0, 0x0, 0x0, 0x0,
    0x0, 0xc, 0xff, 0xff, 0xa0, 0x0, 0x0, 0x0,
    0x0, 0x3f, 0xff, 0xff, 0xf0, 0x0, 0x0, 0x0,
    0x0, 0x4f, 0xff, 0xff, 0xf2, 0x1, 0x11, 0x10,
    0x0, 0x1f, 0xff, 0xff, 0xe0, 0x2f, 0xff, 0xfd,
    0x0, 0x6, 0xff, 0xff, 0x40, 0x2, 0x33, 0x32,
    0x0, 0x0, 0x27, 0x61, 0x0, 0x0, 0x0, 0x0,
    0x0, 0x0, 0x0, 0x0, 0x0, 0x0, 0x0, 0x0,
    0x0, 0x29, 0xdf, 0xfc, 0x81, 0x0, 0x0, 0x0,
    0x4, 0xff, 0xff, 0xff, 0xfe, 0x30, 0x0, 0x0,
    0x1e, 0xff, 0xff, 0xff, 0xff, 0xd0, 0x0, 0x0,
    0x7f, 0xff, 0xff, 0xff, 0xff, 0xf5, 0x0, 0x0,
    0xaf, 0xff, 0xff, 0xff, 0xff, 0xf8, 0x0, 0x0,
    0x5b, 0xbb, 0xbb, 0xbb, 0xbb, 0xb4, 0x0, 0x0,

    /* U+F504 "" */
    0x0, 0x0, 0x0, 0x0, 0x0, 0x0, 0x6, 0x0,
    0x9e, 0xfb, 0x20, 0x0, 0xf, 0xdb, 0xff, 0xff,
    0xe0, 0x0, 0x8, 0xff, 0xa9, 0x99, 0xf6, 0x0,
    0x8, 0xff, 0x98, 0x88, 0xf9, 0x0, 0x1f, 0xcf,
    0xff, 0xff, 0xf6, 0x0, 0x2, 0xa, 0xff, 0xff,
    0xd0, 0x0, 0x0, 0x0, 0x8d, 0xe9, 0x10, 0x0,
    0x0, 0x0, 0x0, 0x0, 0x0, 0x0, 0x0, 0x28,
    0x20, 0x0, 0x74, 0x0, 0x3, 0xff, 0xf5, 0x2d,
    0xff, 0x60, 0xe, 0xff, 0xff, 0xff, 0xff, 0xf2,
    0x5f, 0xff, 0xff, 0xff, 0xff, 0xf9, 0x8f, 0xff,
    0xff, 0xff, 0xff, 0xfc, 0x3a, 0xaa, 0xaa, 0xaa,
    0xaa, 0xa5,

    /* U+F505 "" */
    0x0, 0x0, 0x8d, 0xd9, 0x0, 0x0, 0x0, 0x0,
    0x0, 0xb, 0xff, 0xff, 0xc0, 0x0, 0x0, 0x0,
    0x0, 0x2f, 0xff, 0xff, 0xf3, 0x0, 0x0, 0x0,
    0x0, 0x4f, 0xff, 0xff, 0xf5, 0x0, 0x0, 0x0,
    0x0, 0x1f, 0xff, 0xff, 0xf2, 0x0, 0x0, 0x0,
    0x0, 0x6, 0xff, 0xff, 0x70, 0x0, 0x0, 0x0,
    0x0, 0x0, 0x38, 0x83, 0x0, 0x0, 0x0, 0x0,
    0x0, 0x0, 0x0, 0x0, 0x16, 0xbf, 0xe8, 0x30,
    0x0, 0x18, 0xbd, 0x50, 0xef, 0xfd, 0x7d, 0xf6,
    0x3, 0xef, 0xff, 0x61, 0xff, 0xfd, 0x0, 0xc8,
    0x1e, 0xff, 0xff, 0x80, 0xff, 0xfd, 0x0, 0xe6,
    0x7f, 0xff, 0xff, 0xc0, 0xbf, 0xfd, 0x4, 0xf2,
    0xaf, 0xff, 0xff, 0xf4, 0x3f, 0xfd, 0x3e, 0xa0,
    0x6d, 0xdd, 0xdd, 0xdb, 0x6, 0xff, 0xfc, 0x0,
    0x0, 0x0, 0x0, 0x0, 0x0, 0x2a, 0x60, 0x0,

    /* U+F506 "" */
    0x0, 0x0, 0x0, 0x0, 0x0, 0x0, 0x0, 0x0,
    0x0, 0xe8, 0x0, 0x0, 0x0, 0x0, 0x0, 0x0,
    0x0, 0x5, 0xf8, 0x0, 0x1a, 0xfe, 0x80, 0x0,
    0x0, 0x0, 0x5, 0xf8, 0xd, 0xff, 0xff, 0x90,
    0x0, 0x0, 0x0, 0x5, 0xfb, 0xff, 0xff, 0xff,
    0x0, 0x0, 0x0, 0x0, 0x5, 0xff, 0xff, 0xff,
    0xf1, 0x0, 0x0, 0x0, 0x0, 0x5, 0xff, 0xff,
    0xfd, 0x0, 0x0, 0x0, 0x0, 0x0, 0x5, 0xff,
    0xff, 0x30, 0x0, 0x0, 0x0, 0x0, 0x0, 0x5,
    0xfd, 0x10, 0x0, 0x0, 0x0, 0x0, 0x0, 0x0,
    0x5, 0xf8, 0x0, 0x0, 0x0, 0x0, 0x0, 0x2,
    0x9b, 0x15, 0xf8, 0x0, 0x0, 0x0, 0x0, 0x5,
    0xff, 0xfc, 0x5, 0xf8, 0x0, 0x0, 0x0, 0x1,
    0xff, 0xff, 0xfc, 0x5, 0xf8, 0x0, 0x0, 0x0,
    0x8f, 0xff, 0xff, 0xfc, 0x5, 0xf8, 0x0, 0x0,
    0xb, 0xff, 0xff, 0xff, 0xfc, 0x5, 0xf8, 0x0,
    0x0, 0x6b, 0xbb, 0xbb, 0xbb, 0xb8, 0x5, 0xf7,
    0x0, 0x0, 0x0, 0x0, 0x0, 0x0, 0x0, 0x4,
    0x50,

    /* U+F507 "" */
    0x0, 0x0, 0x0, 0x0, 0x0, 0x0, 0x0, 0x0,
    0x0, 0x2, 0xbf, 0xe7, 0x0, 0x0, 0x0, 0x0,
    0x0, 0xd, 0xff, 0xff, 0x70, 0x0, 0x0, 0x0,
    0x0, 0x5f, 0xff, 0xff, 0xe0, 0x0, 0x0, 0x0,
    0x0, 0x7f, 0xff, 0xff, 0xf0, 0x0, 0x0, 0x0,
    0x0, 0x3f, 0xff, 0xff, 0xc0, 0x0, 0x0, 0x0,
    0x0, 0x8, 0xff, 0xfe, 0x20, 0x0, 0x0, 0x0,
    0x0, 0x0, 0x37, 0x61, 0x0, 0x0, 0x0, 0x0,
    0x0, 0x0, 0x0, 0x0, 0x15, 0x66, 0x10, 0x0,
    0x0, 0x3a, 0xdf, 0xf1, 0x8f, 0xff, 0xf4, 0x0,
    0x6, 0xff, 0xff, 0xf1, 0x9f, 0x4e, 0xff, 0x40,
    0x3f, 0xff, 0xff, 0xf1, 0x9f, 0xaf, 0xff, 0xf3,
    0x9f, 0xff, 0xff, 0xf3, 0x6f, 0xff, 0xff, 0xfa,
    0xdf, 0xff, 0xff, 0xf9, 0xa, 0xff, 0xff, 0xf4,
    0x7b, 0xbb, 0xbb, 0xbb, 0x40, 0xaf, 0xff, 0x50,
    0x0, 0x0, 0x0, 0x0, 0x0, 0x8, 0xd5, 0x0,
    0x0, 0x0, 0x0, 0x0, 0x0, 0x0, 0x0, 0x0,

    /* U+F508 "" */
    0x0, 0x0, 0x0, 0x0, 0x0, 0x0, 0x0, 0x0,
    0x8e, 0xfa, 0x10, 0x0, 0x0, 0x9, 0xff, 0xff,
    0xc0, 0x0, 0x0, 0xf, 0xff, 0xff, 0xf4, 0x0,
    0x0, 0x1f, 0xff, 0xff, 0xf5, 0x0, 0x0, 0xd,
    0xff, 0xff, 0xf1, 0x0, 0x0, 0x3, 0xef, 0xff,
    0x60, 0x0, 0x0, 0x0, 0x16, 0x72, 0x0, 0x0,
    0x0, 0x0, 0x0, 0x0, 0x0, 0x0, 0x0, 0x1,
    0xe, 0xf4, 0x10, 0x0, 0x1, 0xbf, 0x8, 0xc0,
    0xbd, 0x30, 0xc, 0xff, 0x38, 0xc0, 0xff, 0xe1,
    0x4f, 0xff, 0x7c, 0xf4, 0xff, 0xf8, 0x7f, 0xff,
    0xcf, 0xfc, 0xff, 0xfb, 0x4b, 0xbb, 0xbb, 0xbb,
    0xbb, 0xb7,

    /* U+F509 "" */
    0x0, 0x0, 0x0, 0x8, 0xca, 0x20, 0x0, 0x0,
    0x0, 0x0, 0x0, 0x0, 0xbf, 0xff, 0xf1, 0x0,
    0x0, 0x0, 0x7, 0xc8, 0x1, 0xff, 0xff, 0xf7,
    0x4, 0xca, 0x10, 0x3f, 0xff, 0x51, 0xff, 0xff,
    0xf7, 0xe, 0xff, 0xa0, 0x4f, 0xff, 0x60, 0xbf,
    0xff, 0xf2, 0xf, 0xff, 0xc0, 0xb, 0xfc, 0x0,
    0x9, 0xdb, 0x30, 0x7, 0xfe, 0x40, 0x0, 0x0,
    0x0, 0x0, 0x0, 0x0, 0x0, 0x0, 0x0, 0x0,
    0x35, 0x10, 0x39, 0xca, 0x30, 0x3, 0x30, 0x0,
    0xb, 0xfe, 0x6, 0xff, 0xfe, 0x1, 0x4f, 0xf4,
    0x10, 0x9f, 0xf7, 0x3f, 0xff, 0xf7, 0x1f, 0xff,
    0xff, 0xf1, 0xef, 0xf3, 0x8f, 0xff, 0xf7, 0xe,
    0xf3, 0x3f, 0xe0, 0xff, 0xf1, 0xbf, 0xff, 0xf8,
    0xd, 0xf2, 0x2f, 0xd0, 0x9c, 0xc1, 0x6c, 0xcc,
    0xc4, 0x1f, 0xff, 0xff, 0xf1, 0x0, 0x0, 0x0,
    0x0, 0x0, 0x3, 0x6f, 0xf6, 0x30, 0x0, 0x0,
    0x0, 0x0, 0x0, 0x0, 0x5, 0x50, 0x0,

    /* U+F515 "" */
    0x0, 0x0, 0x0, 0x0, 0x2, 0x10, 0x0, 0x11,
    0x0, 0x0, 0x0, 0x0, 0x0, 0xb, 0xff, 0x67,
    0xcf, 0xc0, 0x0, 0x0, 0x0, 0x0, 0x4, 0xff,
    0xff, 0xff, 0xb4, 0x0, 0x0, 0x0, 0x0, 0x27,
    0xdf, 0xff, 0xe6, 0x15, 0x40, 0x0, 0x0, 0x1,
    0xcf, 0xff, 0xcf, 0xe4, 0x2, 0xff, 0x10, 0x0,
    0x0, 0x2e, 0xa5, 0x1, 0xfa, 0x0, 0xbd, 0xca,
    0x0, 0x0, 0x0, 0x10, 0x0, 0x1f, 0xa0, 0x5f,
    0x43, 0xf3, 0x0, 0x0, 0x5f, 0x40, 0x1, 0xfa,
    0xe, 0xa0, 0x9, 0xc0, 0x0, 0xe, 0xed, 0x0,
    0x1f, 0xa6, 0xf9, 0x77, 0x8f, 0x40, 0x8, 0xf2,
    0xe7, 0x1, 0xfa, 0x4f, 0xff, 0xff, 0xf2, 0x2,
    0xf7, 0x5, 0xf1, 0x1f, 0xa0, 0x5e, 0xff, 0xd4,
    0x0, 0xad, 0x0, 0xc, 0xa1, 0xfa, 0x0, 0x1,
    0x10, 0x0, 0xe, 0xff, 0xff, 0xfd, 0x1f, 0xb1,
    0x11, 0x10, 0x0, 0x0, 0x6f, 0xff, 0xff, 0x51,
    0xff, 0xff, 0xff, 0xb0, 0x0, 0x0, 0x28, 0xa8,
    0x20, 0x8, 0xaa, 0xaa, 0xa6, 0x0, 0x0,

    /* U+F516 "" */
    0x0, 0x2, 0x0, 0x0, 0x21, 0x0, 0x0, 0x0,
    0x0, 0x0, 0x3f, 0xfa, 0x5b, 0xff, 0x60, 0x0,
    0x0, 0x0, 0x0, 0x7, 0xdf, 0xff, 0xff, 0xe0,
    0x0, 0x0, 0x0, 0x0, 0x17, 0x12, 0x8f, 0xff,
    0xfa, 0x50, 0x0, 0x0, 0x0, 0x9f, 0xa0, 0x9,
    0xff, 0xdf, 0xff, 0x80, 0x0, 0x3, 0xf9, 0xf3,
    0x1, 0xfa, 0x2, 0x7c, 0xa0, 0x0, 0xc, 0xc0,
    0xac, 0x1, 0xfa, 0x0, 0x0, 0x0, 0x0, 0x5f,
    0x30, 0x1f, 0x61, 0xfa, 0x0, 0xd, 0xc0, 0x0,
    0xdd, 0x77, 0x7c, 0xd1, 0xfa, 0x0, 0x7f, 0xf6,
    0x0, 0xbf, 0xff, 0xff, 0xb1, 0xfa, 0x1, 0xf8,
    0x7e, 0x10, 0x1a, 0xff, 0xfa, 0x11, 0xfa, 0x9,
    0xe0, 0xd, 0x90, 0x0, 0x2, 0x0, 0x1, 0xfa,
    0x2f, 0x50, 0x4, 0xf2, 0x0, 0x0, 0x11, 0x12,
    0xfa, 0x6f, 0xff, 0xff, 0xf5, 0x0, 0x2f, 0xff,
    0xff, 0xfa, 0xd, 0xff, 0xff, 0xc0, 0x0, 0x19,
    0xaa, 0xaa, 0xa3, 0x0, 0x69, 0x95, 0x0,

    /* U+F517 "" */
    0x2, 0x44, 0x44, 0x44, 0x44, 0x44, 0x10, 0xaf,
    0xff, 0xff, 0xff, 0xff, 0xff, 0xf0, 0xf6, 0x7f,
    0xff, 0xff, 0xff, 0xff, 0xc0, 0xf5, 0x5f, 0xff,
    0xff, 0xd0, 0x0, 0x0, 0xf5, 0x3f, 0xff, 0xff,
    0xfc, 0xcc, 0x20, 0xf5, 0x2f, 0xff, 0xff, 0xff,
    0xff, 0x0, 0xbf, 0xff, 0xff, 0xff, 0xd0, 0x0,
    0x0, 0x4, 0x5f, 0xff, 0xff, 0xfb, 0xa3, 0x0,
    0x0, 0xd, 0xff, 0xff, 0xff, 0xf1, 0x0, 0x0,
    0xb, 0xff, 0xff, 0xff, 0xc0, 0x0, 0x0, 0x0,
    0x0, 0x0, 0x0, 0x0, 0x0, 0x0, 0x3e, 0xff,
    0xff, 0xff, 0xe3, 0x0, 0x0, 0x9f, 0xff, 0x77,
    0xff, 0xf9, 0x0, 0x0, 0x9f, 0xff, 0x77, 0xff,
    0xf9, 0x0, 0x0, 0x3e, 0xff, 0xff, 0xff, 0xe3,
    0x0,

    /* U+F518 "" */
    0x39, 0x97, 0x50, 0x0, 0x5, 0x79, 0x93, 0xef,
    0xff, 0xff, 0xbb, 0xff, 0xff, 0xfe, 0xff, 0xff,
    0xff, 0xff, 0xd7, 0x42, 0xcf, 0xff, 0xff, 0xff,
    0xf3, 0x0, 0x0, 0xcf, 0xff, 0xff, 0xff, 0xf0,
    0x0, 0x0, 0xcf, 0xff, 0xff, 0xff, 0xf0, 0x0,
    0x0, 0xcf, 0xff, 0xff, 0xff, 0xf0, 0x0, 0x0,
    0xcf, 0xff, 0xff, 0xff, 0xf0, 0x0, 0x0, 0xcf,
    0xff, 0xff, 0xff, 0xf0, 0x0, 0x0, 0xcf, 0xff,
    0xff, 0xff, 0xf0, 0x0, 0x0, 0xcf, 0xff, 0xff,
    0xff, 0xf0, 0x0, 0x0, 0xcf, 0xff, 0xff, 0xff,
    0xf1, 0x6a, 0xcd, 0xff, 0x6d, 0xef, 0xff, 0xff,
    0xff, 0xfe, 0xd6, 0x0, 0x0, 0x27, 0xcc, 0x72,
    0x0, 0x0,

    /* U+F519 "" */
    0x0, 0x0, 0x0, 0x0, 0x0, 0x0, 0x0, 0x0,
    0x8, 0x90, 0x0, 0x0, 0x0, 0x0, 0xc, 0x50,
    0xf, 0x62, 0xa0, 0x0, 0x0, 0x1a, 0xa, 0xc0,
    0x5f, 0x9, 0xc0, 0x6, 0x50, 0xe, 0x73, 0xf1,
    0x7d, 0xd, 0x70, 0xaf, 0xf6, 0xa, 0xa1, 0xf3,
    0x7d, 0xd, 0x70, 0xcf, 0xf8, 0x9, 0xb0, 0xf4,
    0x5f, 0xa, 0xb0, 0x4f, 0xe2, 0xd, 0x82, 0xf2,
    0x1f, 0x43, 0xd0, 0xf, 0xc0, 0x1e, 0x18, 0xe0,
    0xa, 0xa0, 0x0, 0xf, 0xc0, 0x0, 0xd, 0x70,
    0x1, 0x10, 0x0, 0xf, 0xc0, 0x0, 0x2, 0x0,
    0x0, 0x0, 0x0, 0xf, 0xc0, 0x0, 0x0, 0x0,
    0x0, 0x0, 0x0, 0xf, 0xc0, 0x0, 0x0, 0x0,
    0x0, 0x0, 0x0, 0xf, 0xc0, 0x0, 0x0, 0x0,
    0x0, 0x0, 0x0, 0xf, 0xc0, 0x0, 0x0, 0x0,
    0x0, 0x0, 0x0, 0x9, 0x70, 0x0, 0x0, 0x0,

    /* U+F51A "" */
    0x0, 0x0, 0x0, 0x0, 0x0, 0x0, 0x0, 0x10,
    0x0, 0x0, 0x0, 0x0, 0x0, 0x0, 0x4, 0xfa,
    0x0, 0x0, 0x0, 0x0, 0x0, 0x0, 0x4f, 0xf4,
    0x0, 0x0, 0x0, 0x0, 0x0, 0x4, 0xff, 0x40,
    0x0, 0x0, 0x0, 0x0, 0x0, 0x4f, 0xf4, 0x0,
    0x0, 0x0, 0x0, 0xb, 0x44, 0xff, 0x40, 0x0,
    0x0, 0x0, 0x0, 0xe, 0xff, 0xf4, 0x0, 0x0,
    0x0, 0x1, 0x9b, 0x62, 0xef, 0x70, 0x0, 0x0,
    0x0, 0x3f, 0xff, 0xf6, 0x2e, 0xf2, 0x0, 0x0,
    0x0, 0xef, 0xff, 0xff, 0x62, 0x71, 0x0, 0x0,
    0x2, 0xdc, 0xff, 0xff, 0xf3, 0x0, 0x0, 0x0,
    0x0, 0x6f, 0xff, 0xff, 0xf2, 0x0, 0x0, 0x0,
    0x7, 0xff, 0xff, 0xff, 0xd0, 0x0, 0x0, 0x0,
    0x9f, 0xff, 0xff, 0xfe, 0x30, 0x0, 0x0, 0x0,
    0xab, 0xbb, 0xbb, 0x81, 0x0, 0x0, 0x0, 0x0,

    /* U+F51B "" */
    0x3, 0xab, 0xbb, 0xbb, 0xbb, 0xbb, 0xb9, 0x10,
    0xf, 0xff, 0xff, 0xff, 0xff, 0xff, 0xff, 0xb0,
    0x1f, 0xa0, 0x0, 0x0, 0x0, 0x0, 0xe, 0xd0,
    0x1f, 0x90, 0x0, 0x0, 0x0, 0x0, 0xd, 0xd0,
    0x1f, 0x90, 0x0, 0x0, 0x0, 0x0, 0xd, 0xd0,
    0x1f, 0x90, 0x0, 0x0, 0x0, 0x0, 0xd, 0xd0,
    0x1f, 0x90, 0x0, 0x0, 0x0, 0x0, 0xd, 0xd0,
    0x1f, 0x90, 0x0, 0x4, 0x77, 0x70, 0xd, 0xd0,
    0x1f, 0x90, 0x0, 0xf, 0xff, 0xf5, 0xd, 0xd0,
    0x9f, 0xeb, 0xbb, 0xbf, 0xff, 0xfd, 0xbf, 0xf5,
    0xcf, 0xff, 0xff, 0xff, 0xff, 0xff, 0xff, 0xf8,

    /* U+F51C "" */
    0x0, 0x0, 0x59, 0x99, 0x99, 0x99, 0x99, 0x96,
    0x0, 0x0, 0x4f, 0xff, 0xff, 0xff, 0xff, 0xff,
    0xf6, 0x0, 0x7, 0xf5, 0x22, 0x22, 0x22, 0x22,
    0x4f, 0x90, 0x0, 0x39, 0x20, 0x0, 0x0, 0x0,
    0x2, 0xfa, 0x0, 0x0, 0x0, 0x0, 0x0, 0x0,
    0x0, 0x2f, 0xa0, 0x6, 0xed, 0x40, 0x0, 0x0,
    0x0, 0x2, 0xfa, 0x1, 0xff, 0xfe, 0x0, 0x0,
    0x0, 0x0, 0x2f, 0xa0, 0x2f, 0xff, 0xf0, 0x0,
    0x0, 0x0, 0x2, 0xfa, 0x0, 0xbf, 0xf9, 0x0,
    0x0, 0x78, 0x84, 0x2f, 0xa0, 0x0, 0x44, 0x0,
    0x0, 0x5f, 0xff, 0xf2, 0xfa, 0x3, 0x88, 0x87,
    0x20, 0x5b, 0xff, 0xff, 0x9f, 0x86, 0xff, 0xff,
    0xff, 0x43, 0xff, 0xff, 0xff, 0xe2, 0xef, 0xff,
    0xff, 0xfc, 0x3, 0x33, 0x33, 0x30, 0xb, 0xff,
    0xff, 0xff, 0x90, 0x0, 0x0, 0x0, 0x0,

    /* U+F51D "" */
    0x0, 0x0, 0x0, 0x0, 0x0, 0x0, 0x0, 0x0,
    0x0, 0x0, 0x99, 0x0, 0x0, 0x0, 0x0, 0x0,
    0x1d, 0xff, 0xd1, 0x0, 0x0, 0x0, 0x0, 0x6,
    0xcc, 0x60, 0x0, 0x0, 0x0, 0x0, 0x0, 0xbb,
    0x0, 0x0, 0x0, 0x0, 0x0, 0x1a, 0xff, 0xa1,
    0x0, 0x0, 0x0, 0x4, 0xef, 0xff, 0xfe, 0x40,
    0x0, 0x0, 0xe, 0xff, 0xff, 0xff, 0xe0, 0x0,
    0x0, 0xf, 0xff, 0xff, 0xff, 0xf0, 0x0, 0x5,
    0xef, 0xff, 0xff, 0xff, 0xfe, 0x50, 0x9f, 0xff,
    0xff, 0x99, 0xff, 0xff, 0xf9, 0xff, 0xff, 0xf7,
    0x0, 0x7f, 0xff, 0xff, 0xff, 0xff, 0xf4, 0x0,
    0x4f, 0xff, 0xff, 0xff, 0xff, 0xf3, 0x0, 0x3f,
    0xff, 0xff, 0xef, 0xff, 0xf8, 0x55, 0x8f, 0xff,
    0xfe, 0x5e, 0xff, 0xff, 0xff, 0xff, 0xff, 0xe5,

    /* U+F51E "" */
    0x0, 0x0, 0x0, 0x0, 0x11, 0x0, 0x0, 0x0,
    0x0, 0x2a, 0xef, 0xff, 0xfc, 0x60, 0x0, 0x3,
    0xff, 0xff, 0xff, 0xff, 0xfb, 0x0, 0x4, 0x88,
    0x9b, 0xff, 0xff, 0xff, 0x0, 0x0, 0x11, 0x0,
    0x4, 0xef, 0xf6, 0x6, 0xcf, 0xff, 0xfe, 0xa2,
    0x5, 0x10, 0xbf, 0xff, 0xff, 0xff, 0xff, 0x31,
    0x8c, 0xef, 0xff, 0xff, 0xff, 0xff, 0x62, 0x92,
    0x5e, 0xff, 0xff, 0xff, 0xfb, 0x0, 0x5, 0x10,
    0x48, 0x9a, 0x96, 0x20, 0x12, 0xe9, 0xbb, 0x75,
    0x33, 0x46, 0x9d, 0x41, 0x20, 0x7, 0xcf, 0xff,
    0xfe, 0xa3, 0x0, 0x0, 0x81, 0x0, 0x11, 0x0,
    0x4, 0x40, 0x0, 0x6f, 0xc9, 0x87, 0x9a, 0xed,
    0x10, 0x0, 0x2, 0x7b, 0xcd, 0xc9, 0x50, 0x0,
    0x0,

    /* U+F51F "" */
    0x0, 0x0, 0x0, 0x11, 0x0, 0x0, 0x0, 0x0,
    0x1, 0xaf, 0xff, 0xfa, 0x10, 0x0, 0x0, 0x6f,
    0xea, 0x7f, 0xff, 0xf6, 0x0, 0x5, 0xfa, 0x12,
    0x6f, 0xff, 0xff, 0x50, 0x1e, 0xa0, 0x9f, 0xff,
    0xff, 0xff, 0xe1, 0x8f, 0x18, 0xfa, 0x33, 0xaf,
    0xff, 0xf8, 0xdb, 0xf, 0xc0, 0x0, 0xc, 0xff,
    0xfd, 0xfa, 0x4f, 0x70, 0xbb, 0x7, 0xff, 0xff,
    0xff, 0xff, 0x80, 0x55, 0x8, 0xff, 0xfe, 0xcf,
    0xff, 0xe1, 0x0, 0x2e, 0xff, 0xfc, 0x7f, 0xff,
    0xff, 0x99, 0xff, 0xff, 0xf7, 0xc, 0xff, 0xff,
    0xff, 0xff, 0xff, 0xc0, 0x2, 0xff, 0xff, 0xff,
    0xff, 0xff, 0x20, 0x0, 0x2c, 0xff, 0xff, 0xff,
    0xc2, 0x0, 0x0, 0x0, 0x5a, 0xdc, 0xa5, 0x0,
    0x0,

    /* U+F520 "" */
    0x0, 0x0, 0x0, 0x0, 0x0, 0x0, 0x1, 0x0,
    0x0, 0x0, 0x0, 0x0, 0x0, 0x0, 0x0, 0x2d,
    0xfd, 0x43, 0x0, 0x0, 0x0, 0x0, 0x0, 0x0,
    0xb, 0xfb, 0xff, 0xfe, 0x10, 0x0, 0x0, 0x0,
    0x0, 0x0, 0xee, 0x2f, 0xff, 0xb2, 0x0, 0x0,
    0x0, 0x0, 0x0, 0x5f, 0xff, 0xfe, 0x0, 0x0,
    0x0, 0x0, 0x0, 0x0, 0x9f, 0xff, 0xff, 0xe0,
    0x0, 0x0, 0x0, 0x0, 0x2, 0xcf, 0xff, 0xff,
    0xfd, 0x0, 0x0, 0x0, 0x0, 0x5, 0xff, 0xff,
    0xff, 0xff, 0xa0, 0x0, 0x0, 0x0, 0x9, 0xff,
    0xff, 0xff, 0xff, 0xf3, 0x0, 0x0, 0x0, 0x2c,
    0xff, 0xff, 0xff, 0xff, 0xf9, 0x0, 0x0, 0x0,
    0x5f, 0xff, 0xff, 0xff, 0xff, 0xe7, 0x0, 0x0,
    0x0, 0x8f, 0xf7, 0x55, 0x5d, 0xc7, 0xf3, 0x0,
    0x0, 0x0, 0xd, 0xd2, 0x0, 0x0, 0x7f, 0xd,
    0x90, 0x0, 0x0, 0x0, 0x0, 0x0, 0x0, 0x1,
    0xf6, 0x6f, 0x0, 0x0, 0x0, 0x0, 0x0, 0x0,
    0x0, 0x8, 0x60, 0xb1, 0x0, 0x0, 0x0,

    /* U+F521 "" */
    0x0, 0x0, 0x0, 0x8, 0x90, 0x0, 0x0, 0x0,
    0x0, 0x0, 0x0, 0xe, 0xf0, 0x0, 0x0, 0x0,
    0x8, 0x30, 0x0, 0xe, 0xe0, 0x0, 0x2, 0x81,
    0x5f, 0xa0, 0x0, 0x8f, 0xf9, 0x0, 0xa, 0xf5,
    0x9, 0xe3, 0x2, 0xff, 0xff, 0x30, 0x3e, 0xa0,
    0x3, 0xff, 0xae, 0xff, 0xff, 0xea, 0xff, 0x30,
    0x1, 0xff, 0xff, 0xff, 0xff, 0xff, 0xff, 0x10,
    0x0, 0xef, 0xff, 0xff, 0xff, 0xff, 0xff, 0x0,
    0x0, 0xcf, 0xff, 0xff, 0xff, 0xff, 0xfc, 0x0,
    0x0, 0x9f, 0xff, 0xff, 0xff, 0xff, 0xfa, 0x0,
    0x0, 0x6f, 0xff, 0xff, 0xff, 0xff, 0xf7, 0x0,
    0x0, 0xb, 0xff, 0xff, 0xff, 0xff, 0xb0, 0x0,

    /* U+F522 "" */
    0x0, 0x1, 0x30, 0x0, 0x0, 0x0, 0x0, 0x0,
    0x1, 0xef, 0xfc, 0x73, 0x0, 0x0, 0x0, 0x0,
    0x9f, 0xdf, 0xff, 0xfe, 0x80, 0x0, 0x0, 0xe,
    0xf0, 0x8f, 0xfe, 0xff, 0x50, 0x0, 0x2, 0xff,
    0xbe, 0xff, 0x25, 0xf7, 0x0, 0x0, 0x6f, 0xff,
    0xc7, 0xfb, 0xcf, 0x30, 0x0, 0xa, 0xfe, 0xf9,
    0x1f, 0xff, 0xe0, 0x8b, 0x30, 0xed, 0xa, 0xff,
    0xff, 0xfa, 0xe, 0xfe, 0xd, 0xf8, 0xef, 0xf2,
    0x8f, 0x63, 0xff, 0xf0, 0x3c, 0xff, 0xff, 0x7b,
    0xf2, 0x7f, 0xff, 0x0, 0x1, 0x59, 0xef, 0xf9,
    0xc, 0xff, 0xf0, 0x0, 0x0, 0x0, 0x22, 0x5,
    0xff, 0xff, 0x0, 0x0, 0x0, 0x65, 0x49, 0xff,
    0xff, 0xf0, 0x0, 0x0, 0xa, 0xff, 0xff, 0xff,
    0xfe, 0x0, 0x0, 0x0, 0x2d, 0xff, 0xff, 0xfe,
    0x50,

    /* U+F523 "" */
    0x18, 0x99, 0x99, 0x99, 0x99, 0x82, 0xc, 0xff,
    0xff, 0xff, 0xff, 0xff, 0xd0, 0xff, 0xff, 0xff,
    0xff, 0xff, 0xff, 0x1f, 0xfd, 0x2d, 0xff, 0xf3,
    0xcf, 0xf1, 0xff, 0xd1, 0xdf, 0xff, 0x2b, 0xff,
    0x1f, 0xff, 0xff, 0xee, 0xff, 0xff, 0xf1, 0xff,
    0xff, 0xf5, 0x4f, 0xff, 0xff, 0x1f, 0xff, 0xff,
    0xba, 0xff, 0xff, 0xf1, 0xff, 0xf9, 0xff, 0xff,
    0xae, 0xff, 0x1f, 0xfb, 0xb, 0xff, 0xf0, 0xaf,
    0xf1, 0xff, 0xfc, 0xff, 0xff, 0xcf, 0xff, 0x1e,
    0xff, 0xff, 0xff, 0xff, 0xff, 0xf0, 0x5e, 0xff,
    0xff, 0xff, 0xff, 0xe6, 0x0,

    /* U+F524 "" */
    0x18, 0x99, 0x99, 0x99, 0x99, 0x82, 0xc, 0xff,
    0xff, 0xff, 0xff, 0xff, 0xd0, 0xff, 0xff, 0xff,
    0xff, 0xff, 0xff, 0x1f, 0xfd, 0x2d, 0xff, 0xf3,
    0xcf, 0xf1, 0xff, 0xd1, 0xdf, 0xff, 0x2b, 0xff,
    0x1f, 0xff, 0xff, 0xff, 0xff, 0xff, 0xf1, 0xff,
    0xff, 0xff, 0xff, 0xff, 0xff, 0x1f, 0xff, 0xff,
    0xff, 0xff, 0xff, 0xf1, 0xff, 0xf9, 0xff, 0xff,
    0xae, 0xff, 0x1f, 0xfb, 0xb, 0xff, 0xf0, 0xaf,
    0xf1, 0xff, 0xfc, 0xff, 0xff, 0xcf, 0xff, 0x1e,
    0xff, 0xff, 0xff, 0xff, 0xff, 0xf0, 0x5e, 0xff,
    0xff, 0xff, 0xff, 0xe6, 0x0,

    /* U+F525 "" */
    0x3, 0x44, 0x44, 0x44, 0x44, 0x40, 0xa, 0xff,
    0xff, 0xff, 0xff, 0xff, 0xd0, 0xff, 0xff, 0xff,
    0xff, 0xff, 0xff, 0x3f, 0xff, 0xff, 0xff, 0xff,
    0xff, 0xf3, 0xff, 0xff, 0xff, 0xff, 0xff, 0xff,
    0x3f, 0xff, 0xff, 0xff, 0xff, 0xff, 0xf3, 0xff,
    0xff, 0xf7, 0x2f, 0xff, 0xff, 0x3f, 0xff, 0xff,
    0xa8, 0xff, 0xff, 0xf3, 0xff, 0xff, 0xff, 0xff,
    0xff, 0xff, 0x3f, 0xff, 0xff, 0xff, 0xff, 0xff,
    0xf3, 0xff, 0xff, 0xff, 0xff, 0xff, 0xff, 0x3e,
    0xff, 0xff, 0xff, 0xff, 0xff, 0xf2, 0x5e, 0xff,
    0xff, 0xff, 0xff, 0xe8, 0x0,

    /* U+F526 "" */
    0x18, 0x99, 0x99, 0x99, 0x99, 0x82, 0xc, 0xff,
    0xff, 0xff, 0xff, 0xff, 0xd0, 0xff, 0xff, 0xff,
    0xff, 0xff, 0xff, 0x1f, 0xfd, 0x2d, 0xff, 0xf3,
    0xcf, 0xf1, 0xff, 0xd1, 0xdf, 0xff, 0x2b, 0xff,
    0x1f, 0xff, 0xff, 0xff, 0xff, 0xff, 0xf1, 0xff,
    0xc0, 0xcf, 0xff, 0xb, 0xff, 0x1f, 0xfd, 0x4d,
    0xff, 0xf4, 0xcf, 0xf1, 0xff, 0xfd, 0xff, 0xff,
    0xdf, 0xff, 0x1f, 0xfb, 0xb, 0xff, 0xf0, 0xaf,
    0xf1, 0xff, 0xfc, 0xff, 0xff, 0xcf, 0xff, 0x1e,
    0xff, 0xff, 0xff, 0xff, 0xff, 0xf0, 0x5e, 0xff,
    0xff, 0xff, 0xff, 0xe6, 0x0,

    /* U+F527 "" */
    0x18, 0x99, 0x99, 0x99, 0x99, 0x82, 0xc, 0xff,
    0xff, 0xff, 0xff, 0xff, 0xd0, 0xff, 0xff, 0xff,
    0xff, 0xff, 0xff, 0x1f, 0xfd, 0x2f, 0xff, 0xff,
    0xff, 0xf1, 0xff, 0xc1, 0xef, 0xff, 0xff, 0xff,
    0x1f, 0xff, 0xff, 0xee, 0xff, 0xff, 0xf1, 0xff,
    0xff, 0xf5, 0x4f, 0xff, 0xff, 0x1f, 0xff, 0xff,
    0xba, 0xff, 0xff, 0xf1, 0xff, 0xff, 0xff, 0xff,
    0x7d, 0xff, 0x1f, 0xff, 0xff, 0xff, 0xf0, 0xaf,
    0xf1, 0xff, 0xff, 0xff, 0xff, 0xdf, 0xff, 0x1e,
    0xff, 0xff, 0xff, 0xff, 0xff, 0xf0, 0x5e, 0xff,
    0xff, 0xff, 0xff, 0xe6, 0x0,

    /* U+F528 "" */
    0x18, 0x99, 0x99, 0x99, 0x99, 0x82, 0xc, 0xff,
    0xff, 0xff, 0xff, 0xff, 0xd0, 0xff, 0xff, 0xff,
    0xff, 0xff, 0xff, 0x1f, 0xfd, 0x2f, 0xff, 0xff,
    0xff, 0xf1, 0xff, 0xc1, 0xef, 0xff, 0xff, 0xff,
    0x1f, 0xff, 0xff, 0xff, 0xff, 0xff, 0xf1, 0xff,
    0xff, 0xff, 0xff, 0xff, 0xff, 0x1f, 0xff, 0xff,
    0xff, 0xff, 0xff, 0xf1, 0xff, 0xff, 0xff, 0xff,
    0x7d, 0xff, 0x1f, 0xff, 0xff, 0xff, 0xf0, 0xaf,
    0xf1, 0xff, 0xff, 0xff, 0xff, 0xdf, 0xff, 0x1e,
    0xff, 0xff, 0xff, 0xff, 0xff, 0xf0, 0x5e, 0xff,
    0xff, 0xff, 0xff, 0xe6, 0x0,

    /* U+F529 "" */
    0x0, 0x0, 0xb, 0xd2, 0x0, 0x0, 0x0, 0x0,
    0x4, 0xff, 0x80, 0x0, 0x0, 0x0, 0x0, 0x1e,
    0xf4, 0x0, 0x0, 0x0, 0x0, 0x0, 0x0, 0x0,
    0x0, 0x0, 0x0, 0x0, 0x0, 0x0, 0x0, 0x0,
    0x9, 0xdd, 0xdd, 0xdd, 0xdd, 0xdd, 0xb0, 0xcf,
    0xff, 0xff, 0xff, 0xff, 0xfe, 0x10, 0x0, 0x0,
    0x0, 0x0, 0x0, 0x0, 0x0, 0x0, 0x0, 0x10,
    0x0, 0x0, 0x0, 0x0, 0x1, 0xef, 0x40, 0x0,
    0x0, 0x0, 0x0, 0x4f, 0xf8, 0x0, 0x0, 0x0,
    0x0, 0x0, 0xbd, 0x20, 0x0, 0x0,

    /* U+F52A "" */
    0x0, 0x22, 0x22, 0x22, 0x22, 0x0, 0x0, 0xaf,
    0xff, 0xff, 0xff, 0xfd, 0x10, 0x1f, 0xff, 0xff,
    0xff, 0xff, 0xf5, 0x2, 0xff, 0xff, 0xff, 0xff,
    0xff, 0x60, 0x2f, 0xff, 0xff, 0xff, 0xff, 0xf6,
    0x2, 0xff, 0xff, 0xff, 0xff, 0xff, 0x60, 0x2f,
    0xff, 0xff, 0xff, 0xff, 0xf6, 0x2, 0xff, 0xff,
    0xff, 0xf1, 0x8f, 0x60, 0x2f, 0xff, 0xff, 0xff,
    0x8c, 0xf6, 0x2, 0xff, 0xff, 0xff, 0xff, 0xff,
    0x60, 0x2f, 0xff, 0xff, 0xff, 0xff, 0xf6, 0x2,
    0xff, 0xff, 0xff, 0xff, 0xff, 0x60, 0x2f, 0xff,
    0xff, 0xff, 0xff, 0xf6, 0xc, 0xff, 0xff, 0xff,
    0xff, 0xff, 0xe1, 0x8c, 0xcc, 0xcc, 0xcc, 0xcc,
    0xca, 0x0,

    /* U+F52B "" */
    0x0, 0x0, 0x0, 0x0, 0x0, 0x0, 0x0, 0x7f,
    0xff, 0xff, 0xff, 0xfd, 0x20, 0xf, 0xff, 0xff,
    0xff, 0xbb, 0xf9, 0x1, 0xff, 0xff, 0xff, 0xe0,
    0x1f, 0xa0, 0x1f, 0xff, 0xff, 0xfe, 0x1, 0xfa,
    0x1, 0xff, 0xff, 0xff, 0xe0, 0x1f, 0xa0, 0x1f,
    0xff, 0xff, 0xfe, 0x1, 0xfa, 0x1, 0xff, 0xfa,
    0x3f, 0xe0, 0x1f, 0xa0, 0x1f, 0xff, 0xc7, 0xfe,
    0x1, 0xfa, 0x1, 0xff, 0xff, 0xff, 0xe0, 0x1f,
    0xa0, 0x1f, 0xff, 0xff, 0xfe, 0x1, 0xfa, 0x1,
    0xff, 0xff, 0xff, 0xe0, 0x1f, 0xa0, 0x1f, 0xff,
    0xff, 0xfe, 0x1, 0xfa, 0xb, 0xff, 0xff, 0xff,
    0xe0, 0x1f, 0xf5, 0x7b, 0xbb, 0xbb, 0xb7, 0x0,
    0x9b, 0x30,

    /* U+F52C "" */
    0xcf, 0xff, 0xff, 0xff, 0xff, 0xfe, 0x19, 0xdd,
    0xdd, 0xdd, 0xdd, 0xdd, 0xb0, 0x0, 0x0, 0x0,
    0x0, 0x0, 0x0, 0x0, 0x0, 0x0, 0x0, 0x0,
    0x0, 0x0, 0x0, 0x0, 0x0, 0x0, 0x0, 0x0,
    0x9, 0xdd, 0xdd, 0xdd, 0xdd, 0xdd, 0xb0, 0xcf,
    0xff, 0xff, 0xff, 0xff, 0xfe, 0x10,

    /* U+F52D "" */
    0x0, 0x0, 0x0, 0x0, 0x3, 0x10, 0x0, 0x0,
    0x0, 0x0, 0x9, 0xff, 0xfb, 0x20, 0x0, 0x0,
    0x1, 0xcf, 0xff, 0xff, 0xe1, 0x0, 0x0, 0x1c,
    0xff, 0xff, 0xff, 0xf9, 0x0, 0x1, 0xcf, 0xff,
    0xff, 0xff, 0xfd, 0x0, 0xa, 0xff, 0xef, 0xff,
    0xff, 0xfe, 0x0, 0x5f, 0xf9, 0xe, 0xff, 0xff,
    0xfa, 0x0, 0xdf, 0xa0, 0x9f, 0xff, 0xfc, 0x71,
    0x1, 0xfa, 0x9, 0xff, 0xff, 0x82, 0x0, 0x3,
    0xa0, 0x9f, 0xff, 0xff, 0xf5, 0x0, 0x0, 0x9,
    0xff, 0xff, 0xd7, 0x20, 0x0, 0x0, 0x9f, 0xff,
    0xff, 0xb0, 0x0, 0x0, 0x9, 0xff, 0xfe, 0xc7,
    0x0, 0x0, 0x0, 0x8e, 0x30, 0x0, 0x0, 0x0,
    0x0, 0x0, 0x42, 0x0, 0x0, 0x0, 0x0, 0x0,
    0x0,

    /* U+F52E "" */
    0x0, 0x0, 0x0, 0x0, 0x4, 0x40, 0x0, 0x0,
    0x0, 0x0, 0x0, 0x0, 0x8f, 0xfb, 0x0, 0x0,
    0x0, 0x0, 0x0, 0x48, 0xfa, 0x8f, 0x60, 0x0,
    0x0, 0x0, 0x6e, 0xff, 0xfc, 0xbf, 0xff, 0xa1,
    0x0, 0xa, 0xff, 0xff, 0xff, 0xff, 0xff, 0xf9,
    0x0, 0xdf, 0xff, 0xff, 0xff, 0xff, 0xff, 0xf9,
    0x7, 0xff, 0xe5, 0x11, 0x9f, 0xff, 0xff, 0xa0,
    0x2f, 0xfd, 0x2a, 0xfe, 0x3c, 0xff, 0xc3, 0x0,
    0x8f, 0xe2, 0xbf, 0xff, 0xa7, 0xf6, 0x0, 0x0,
    0xdf, 0xed, 0xff, 0xff, 0x87, 0xfb, 0x0, 0x0,
    0xff, 0xff, 0xff, 0xfc, 0x0, 0xaf, 0xb0, 0x0,
    0xef, 0xff, 0xff, 0xfd, 0xcc, 0x3a, 0xfd, 0xc6,
    0x5e, 0xff, 0xff, 0xff, 0xfe, 0x40, 0x9f, 0xf7,

    /* U+F52F "" */
    0x0, 0x0, 0x0, 0x0, 0x0, 0x0, 0x0, 0x8,
    0xff, 0xff, 0xfe, 0x30, 0x13, 0x0, 0x1f, 0xfb,
    0xbb, 0xcf, 0xb0, 0x6f, 0x40, 0x2f, 0xa0, 0x0,
    0xf, 0xc0, 0xc, 0xf3, 0x2f, 0xa0, 0x0, 0xf,
    0xc0, 0xa, 0xfc, 0x2f, 0xb0, 0x0, 0x1f, 0xc0,
    0x8, 0xff, 0x2f, 0xff, 0xff, 0xff, 0xc0, 0x1,
    0xcf, 0x2f, 0xff, 0xff, 0xff, 0xc2, 0x0, 0x5f,
    0x2f, 0xff, 0xff, 0xff, 0xff, 0x90, 0x5f, 0x2f,
    0xff, 0xff, 0xff, 0xc5, 0xf3, 0x5f, 0x2f, 0xff,
    0xff, 0xff, 0xc0, 0xf5, 0x5f, 0x2f, 0xff, 0xff,
    0xff, 0xc0, 0xdb, 0xae, 0x2f, 0xff, 0xff, 0xff,
    0xc0, 0x4e, 0xe4, 0x3f, 0xff, 0xff, 0xff, 0xd0,
    0x0, 0x0, 0x4b, 0xcc, 0xcc, 0xcc, 0xb0, 0x0,
    0x0,

    /* U+F530 "" */
    0x0, 0x28, 0x93, 0x0, 0x0, 0x49, 0x71, 0x0,
    0x1, 0xef, 0xf8, 0x0, 0x0, 0xaf, 0xfd, 0x0,
    0x9, 0xf6, 0x20, 0x0, 0x0, 0x2, 0x8f, 0x70,
    0xe, 0xd0, 0x0, 0x0, 0x0, 0x0, 0x1f, 0xb0,
    0x3f, 0x80, 0x0, 0x0, 0x0, 0x0, 0xc, 0xf0,
    0x8f, 0x30, 0x0, 0x0, 0x0, 0x0, 0x7, 0xf5,
    0xdf, 0x77, 0x77, 0x40, 0x5, 0x77, 0x79, 0xf9,
    0xff, 0xff, 0xff, 0xf9, 0x9f, 0xff, 0xff, 0xfb,
    0xfd, 0x44, 0x4d, 0xff, 0xff, 0xc4, 0x44, 0xfc,
    0xfc, 0x0, 0xc, 0xf2, 0x3f, 0xa0, 0x0, 0xfc,
    0xfd, 0x0, 0xd, 0xe0, 0xf, 0xc0, 0x1, 0xfb,
    0xaf, 0xec, 0xef, 0x90, 0xb, 0xfd, 0xce, 0xf6,
    0x1a, 0xef, 0xe9, 0x0, 0x1, 0xae, 0xfe, 0x80,

    /* U+F531 "" */
    0xb, 0x92, 0x0, 0x0, 0x0, 0x0, 0x0, 0xd,
    0xff, 0xa2, 0x0, 0x0, 0x0, 0x0, 0x0, 0x6d,
    0xff, 0xa3, 0x0, 0x0, 0x0, 0x0, 0x0, 0x5d,
    0xff, 0xb3, 0x0, 0x0, 0x0, 0x0, 0x0, 0x5c,
    0xff, 0xc4, 0x0, 0x0, 0x0, 0x0, 0x0, 0x4c,
    0xff, 0xc4, 0x0, 0x0, 0x0, 0x0, 0x0, 0x7f,
    0xfd, 0x0, 0x0, 0x0, 0x0, 0x4b, 0xff, 0xd4,
    0x0, 0x0, 0x0, 0x4c, 0xff, 0xc5, 0x0, 0x0,
    0x0, 0x5c, 0xff, 0xc4, 0x0, 0x0, 0x0, 0x5d,
    0xff, 0xb3, 0x0, 0x0, 0x0, 0xd, 0xff, 0xb3,
    0x0, 0x0, 0x0, 0x0, 0xc, 0xa2, 0x0, 0x0,
    0x0, 0x0, 0x0, 0x0, 0x0, 0x0, 0x0, 0x0,
    0x0, 0x0,

    /* U+F532 "" */
    0x2, 0x20, 0x0, 0x0, 0x0, 0x0, 0x0, 0xe,
    0xfc, 0x72, 0x0, 0x0, 0x0, 0x0, 0x4, 0xbf,
    0xff, 0xc7, 0x20, 0x0, 0x0, 0x0, 0x0, 0x5b,
    0xff, 0xfc, 0x72, 0x0, 0x0, 0x0, 0x0, 0x5,
    0xbf, 0xff, 0xc1, 0x0, 0x0, 0x0, 0x3, 0x8e,
    0xff, 0xe1, 0x0, 0x0, 0x38, 0xef, 0xfe, 0x94,
    0x0, 0x2, 0x8e, 0xff, 0xe9, 0x40, 0x0, 0x0,
    0xe, 0xfe, 0x94, 0x0, 0x0, 0x0, 0x0, 0x3,
    0x40, 0x0, 0x0, 0x0, 0x0, 0x0, 0x0, 0x0,
    0x0, 0x0, 0x0, 0x0, 0x0, 0x9, 0xcc, 0xcc,
    0xcc, 0xcc, 0xcc, 0xb0, 0xb, 0xff, 0xff, 0xff,
    0xff, 0xff, 0xe1,

    /* U+F533 "" */
    0x0, 0x0, 0x3, 0x55, 0x55, 0x55, 0x55, 0x54,
    0x0, 0x0, 0x0, 0xaf, 0xff, 0xff, 0xff, 0xff,
    0xe0, 0xd, 0xf4, 0x0, 0x0, 0x0, 0xf4, 0x0,
    0x0, 0x0, 0xaf, 0xea, 0xaa, 0xaa, 0xaf, 0xca,
    0x71, 0x0, 0x2, 0xff, 0xff, 0xff, 0xff, 0xff,
    0xff, 0xf4, 0x0, 0x9, 0xff, 0xff, 0xff, 0xff,
    0x51, 0x5f, 0xe0, 0x0, 0x0, 0x0, 0xaf, 0xff,
    0xf4, 0x0, 0x8f, 0x30, 0x0, 0x0, 0x1, 0xdf,
    0xff, 0x40, 0x8, 0xf3, 0x0, 0x0, 0x0, 0x3,
    0xff, 0xf5, 0x15, 0xfe, 0x0, 0x0, 0x0, 0x0,
    0x7, 0xff, 0xff, 0xff, 0x40, 0x0, 0x0, 0x0,
    0x0, 0x5, 0xab, 0xa8, 0x20, 0x0, 0x0, 0x0,
    0x0, 0x0, 0x0, 0x0, 0x0, 0x68, 0x0, 0x0,
    0x0, 0xb, 0xff, 0xff, 0xff, 0xff, 0x60, 0x0,
    0x0, 0x0, 0x24, 0x44, 0x44, 0x44, 0x20,

    /* U+F534 "" */
    0x0, 0x27, 0x95, 0x10, 0x0, 0x3, 0x78, 0x50,
    0x0, 0x7, 0xff, 0xff, 0xe3, 0x0, 0x9f, 0xff,
    0xfc, 0x20, 0x4f, 0xd5, 0x27, 0xff, 0x3a, 0xfc,
    0x43, 0x9f, 0xc0, 0xbf, 0x20, 0x0, 0x4f, 0xef,
    0xc0, 0x0, 0x9, 0xf4, 0xfc, 0x0, 0x0, 0x9,
    0xff, 0x10, 0x0, 0x4, 0xf7, 0xde, 0x0, 0x0,
    0xd, 0xff, 0x60, 0x0, 0x6, 0xf5, 0x9f, 0x80,
    0x0, 0xbf, 0x9e, 0xf4, 0x0, 0x1e, 0xf1, 0xe,
    0xfd, 0xae, 0xfb, 0x3, 0xef, 0xcb, 0xff, 0x70,
    0x1, 0xaf, 0xfd, 0x70, 0x0, 0x2b, 0xff, 0xd5,
    0x0, 0x0, 0x0, 0x10, 0x0, 0x0, 0x0, 0x0,
    0x0, 0x0,

    /* U+F535 "" */
    0x0, 0x0, 0x35, 0x20, 0x0, 0x0, 0x0, 0x0,
    0x0, 0x7f, 0xff, 0xfd, 0x50, 0x0, 0x0, 0x0,
    0xa, 0xff, 0xff, 0xff, 0xfe, 0xa9, 0x95, 0x0,
    0x5f, 0xff, 0xff, 0xff, 0xff, 0xff, 0xff, 0xb0,
    0xbf, 0xff, 0xff, 0xff, 0xff, 0xff, 0xff, 0xf6,
    0xef, 0xff, 0xff, 0xff, 0xff, 0xfc, 0x6f, 0xfa,
    0xef, 0xff, 0xff, 0xff, 0xff, 0xfe, 0xaf, 0xfc,
    0xbf, 0xff, 0xff, 0xff, 0xff, 0xff, 0xff, 0xfc,
    0x4f, 0xff, 0xff, 0xff, 0xff, 0xff, 0xff, 0xfc,
    0x7, 0xff, 0xff, 0xff, 0xfa, 0x65, 0x7f, 0xfc,
    0x0, 0x7f, 0xff, 0xf9, 0x10, 0x0, 0x8, 0xfc,
    0x0, 0x5e, 0x6, 0xf0, 0x0, 0x0, 0x0, 0xdc,
    0x0, 0x3a, 0x2, 0xb0, 0x0, 0x0, 0x0, 0x28,

    /* U+F536 "" */
    0x0, 0x0, 0x0, 0x0, 0x0, 0x29, 0xb0, 0x0,
    0x0, 0x0, 0x0, 0x2a, 0xff, 0xd0, 0x0, 0x0,
    0x0, 0x3a, 0xff, 0xd6, 0x0, 0x0, 0x0, 0x3b,
    0xff, 0xd5, 0x0, 0x0, 0x0, 0x4c, 0xff, 0xc5,
    0x0, 0x0, 0x0, 0x4c, 0xff, 0xc4, 0x0, 0x0,
    0x0, 0x0, 0xef, 0xf7, 0x0, 0x0, 0x0, 0x0,
    0x0, 0x4d, 0xff, 0xb4, 0x0, 0x0, 0x0, 0x0,
    0x0, 0x4c, 0xff, 0xc4, 0x0, 0x0, 0x0, 0x0,
    0x0, 0x4b, 0xff, 0xc5, 0x0, 0x0, 0x0, 0x0,
    0x0, 0x3b, 0xff, 0xd5, 0x0, 0x0, 0x0, 0x0,
    0x0, 0x3a, 0xff, 0xd0, 0x0, 0x0, 0x0, 0x0,
    0x0, 0x2a, 0xc0, 0x0, 0x0, 0x0, 0x0, 0x0,
    0x0, 0x0,

    /* U+F537 "" */
    0x0, 0x0, 0x0, 0x0, 0x0, 0x13, 0x0, 0x0,
    0x0, 0x0, 0x16, 0xbf, 0xf2, 0x0, 0x0, 0x16,
    0xbf, 0xff, 0xc6, 0x0, 0x16, 0xbf, 0xff, 0xc7,
    0x10, 0x0, 0x9f, 0xff, 0xc7, 0x10, 0x0, 0x0,
    0xc, 0xff, 0xfa, 0x40, 0x0, 0x0, 0x0, 0x3,
    0x8d, 0xff, 0xfa, 0x40, 0x0, 0x0, 0x0, 0x3,
    0x8d, 0xff, 0xfa, 0x40, 0x0, 0x0, 0x0, 0x3,
    0x8d, 0xff, 0x20, 0x0, 0x0, 0x0, 0x0, 0x3,
    0x50, 0x0, 0x0, 0x0, 0x0, 0x0, 0x0, 0x9,
    0xcc, 0xcc, 0xcc, 0xcc, 0xcc, 0xb0, 0xbf, 0xff,
    0xff, 0xff, 0xff, 0xfe, 0x10,

    /* U+F538 "" */
    0x2a, 0xbb, 0xbb, 0xbb, 0xbb, 0xbb, 0xa2, 0xdf,
    0xff, 0xff, 0xff, 0xff, 0xff, 0xfd, 0xdf, 0xd2,
    0xdf, 0x66, 0xfd, 0x2d, 0xfd, 0x4f, 0x90, 0x9f,
    0x11, 0xf9, 0x9, 0xf4, 0x5f, 0xa0, 0xaf, 0x22,
    0xfa, 0xa, 0xf5, 0xef, 0xe5, 0xef, 0x99, 0xfe,
    0x5e, 0xfe, 0xff, 0xff, 0xff, 0xff, 0xff, 0xff,
    0xff, 0x0, 0x0, 0x0, 0x0, 0x0, 0x0, 0x0,
    0x66, 0x66, 0x66, 0x66, 0x66, 0x66, 0x66, 0xff,
    0xff, 0xff, 0xff, 0xff, 0xff, 0xff, 0xef, 0xb2,
    0xff, 0x66, 0xff, 0x2b, 0xfe, 0x13, 0x20, 0x33,
    0x11, 0x33, 0x2, 0x31,

    /* U+F539 "" */
    0x0, 0x0, 0x0, 0x0, 0x0, 0x0, 0x0, 0x0,
    0x0, 0xe8, 0x0, 0x0, 0x2, 0x10, 0x0, 0x0,
    0x0, 0x5, 0xf7, 0x0, 0x1c, 0xff, 0x90, 0x0,
    0x0, 0x0, 0x5, 0xf7, 0x8, 0xff, 0xff, 0x40,
    0x0, 0x0, 0x0, 0x5, 0xf6, 0xbf, 0xf8, 0x21,
    0x0, 0x0, 0x0, 0x0, 0x6, 0xff, 0xff, 0xb5,
    0x20, 0x0, 0x0, 0x0, 0x1, 0x6, 0xff, 0xff,
    0xf7, 0x9, 0x0, 0x0, 0x0, 0x6a, 0x6, 0xff,
    0x60, 0x3, 0xf2, 0x0, 0x0, 0x4, 0xf0, 0x6,
    0xfe, 0xb4, 0x4f, 0x0, 0x0, 0x0, 0x1f, 0x40,
    0x6, 0xfe, 0x18, 0xd0, 0x0, 0x0, 0x0, 0xbd,
    0x0, 0x7, 0xf7, 0xf7, 0x0, 0x0, 0x0, 0x2,
    0xed, 0x40, 0x7, 0xfd, 0x0, 0x0, 0x0, 0x0,
    0x1, 0xbf, 0xf9, 0x7, 0xf5, 0x0, 0x0, 0x0,
    0x0, 0x0, 0x1d, 0xa0, 0x7, 0xf5, 0x0, 0x0,
    0x0, 0x0, 0x25, 0xdb, 0x51, 0x7, 0xf5, 0x0,
    0x0, 0x0, 0x9, 0xff, 0xff, 0x50, 0x8, 0xf5,
    0x0, 0x0, 0x0, 0x0, 0x0, 0x0, 0x0, 0x7,
    0x70,

    /* U+F53A "" */
    0x0, 0x0, 0x0, 0x0, 0x2, 0x43, 0x0, 0x1,
    0x0, 0x2, 0x6a, 0xef, 0xff, 0xf9, 0xdf, 0xed,
    0xef, 0xff, 0xff, 0xc8, 0xef, 0xff, 0xef, 0xff,
    0xff, 0xff, 0xe2, 0xcf, 0xfc, 0xc, 0xfd, 0x44,
    0xdf, 0xff, 0xff, 0xfe, 0xcf, 0xf2, 0x0, 0x2f,
    0xff, 0xff, 0xff, 0xff, 0xd0, 0x0, 0xd, 0xff,
    0xff, 0xff, 0xff, 0xe0, 0x0, 0xf, 0xff, 0xff,
    0xff, 0xff, 0xf7, 0x0, 0x7f, 0xf5, 0xcf, 0xfd,
    0xaf, 0xff, 0xbc, 0xff, 0xd6, 0xdf, 0xfc, 0xb,
    0xff, 0xff, 0xff, 0xff, 0xff, 0xef, 0xff, 0xff,
    0xfe, 0xa6, 0x56, 0x96, 0x28, 0xbc, 0xa6, 0x20,
    0x0, 0x0, 0x0, 0x0, 0x0, 0x0, 0x0, 0x0,
    0x0, 0x0,

    /* U+F53B "" */
    0x0, 0x0, 0x0, 0x0, 0x2, 0x43, 0x0, 0x1,
    0x0, 0x2, 0x6a, 0xef, 0xff, 0xf9, 0xdf, 0xed,
    0xef, 0xff, 0xff, 0xb5, 0xdf, 0xfe, 0xae, 0xff,
    0x99, 0xff, 0xf5, 0xcf, 0xfb, 0x1d, 0xf2, 0x31,
    0x2f, 0xff, 0xff, 0xff, 0xff, 0x90, 0xc8, 0x9,
    0xff, 0xff, 0xff, 0xff, 0x60, 0x88, 0x6, 0xff,
    0xff, 0xff, 0xff, 0x81, 0xff, 0x18, 0xff, 0xff,
    0xff, 0xff, 0xf1, 0x22, 0x1f, 0xe1, 0xcf, 0xfd,
    0x6f, 0xfe, 0x88, 0xef, 0xe9, 0xef, 0xfd, 0x3b,
    0xff, 0xff, 0xff, 0xff, 0xff, 0xef, 0xff, 0xff,
    0xfe, 0xa6, 0x56, 0x96, 0x28, 0xbc, 0xa6, 0x20,
    0x0, 0x0, 0x0, 0x0, 0x0, 0x0, 0x0, 0x0,
    0x0, 0x0,

    /* U+F53C "" */
    0x3, 0x44, 0x44, 0x44, 0x44, 0x44, 0x30, 0xaf,
    0xff, 0xff, 0xff, 0xff, 0xff, 0xfa, 0xff, 0xff,
    0xff, 0xff, 0xff, 0xff, 0xff, 0xff, 0xfc, 0xcc,
    0xcc, 0xcc, 0xcf, 0xff, 0xff, 0xc0, 0x0, 0x0,
    0x0, 0xc, 0xff, 0xff, 0xff, 0xff, 0xff, 0xff,
    0xff, 0xff, 0xff, 0xfb, 0xbb, 0xbd, 0xff, 0xff,
    0xff, 0xff, 0xc1, 0x11, 0x15, 0xff, 0xff, 0xff,
    0xff, 0xff, 0xff, 0xff, 0xff, 0xff, 0xff, 0xff,
    0xff, 0xff, 0xff, 0xff, 0xff, 0xff, 0x6f, 0xff,
    0xff, 0xff, 0xff, 0xff, 0xf6,

    /* U+F53D "" */
    0x3, 0x44, 0x44, 0x44, 0x44, 0x44, 0x30, 0xaf,
    0xff, 0xff, 0xff, 0xff, 0xff, 0xfa, 0xff, 0xff,
    0xff, 0xff, 0xff, 0xff, 0xff, 0xff, 0xe6, 0x4f,
    0xfe, 0xcc, 0xcd, 0xff, 0xff, 0x45, 0x7e, 0xf7,
    0x0, 0x1, 0xef, 0xff, 0x42, 0x6e, 0xff, 0xff,
    0xff, 0xff, 0xff, 0xfa, 0x57, 0xfe, 0xbb, 0xbb,
    0xff, 0xff, 0x82, 0x1a, 0xf7, 0x0, 0x1, 0xef,
    0xff, 0xf9, 0x9f, 0xff, 0xff, 0xff, 0xff, 0xff,
    0xff, 0xff, 0xff, 0xff, 0xff, 0xff, 0x6f, 0xff,
    0xff, 0xff, 0xff, 0xff, 0xf6,

    /* U+F53E "" */
    0x0, 0x0, 0x0, 0x0, 0x4, 0x0, 0x0, 0x0,
    0x0, 0x0, 0x7, 0xf6, 0x0, 0x0, 0x0, 0x0,
    0x2, 0xfe, 0x10, 0x8, 0xbb, 0xbb, 0xbb, 0xef,
    0xeb, 0xa0, 0xcf, 0xff, 0xff, 0xff, 0xff, 0xfe,
    0x10, 0x0, 0x0, 0x2f, 0xe1, 0x0, 0x0, 0x0,
    0x0, 0xc, 0xf4, 0x0, 0x0, 0x0, 0x0, 0x8,
    0xf9, 0x0, 0x0, 0x0, 0x7b, 0xbb, 0xff, 0xbb,
    0xbb, 0xb9, 0xc, 0xff, 0xff, 0xff, 0xff, 0xff,
    0xf1, 0x0, 0x9f, 0x80, 0x0, 0x0, 0x0, 0x0,
    0x2f, 0xd0, 0x0, 0x0, 0x0, 0x0, 0x0, 0x92,
    0x0, 0x0, 0x0, 0x0, 0x0,

    /* U+F53F "" */
    0x0, 0x0, 0x0, 0x11, 0x0, 0x0, 0x0, 0x0,
    0x1, 0xaf, 0xff, 0xfa, 0x20, 0x0, 0x0, 0x6f,
    0xff, 0xcd, 0xff, 0xf6, 0x0, 0x5, 0xff, 0xff,
    0x23, 0xff, 0xff, 0x50, 0x1e, 0xe7, 0xff, 0xdd,
    0xfd, 0x7e, 0xe1, 0x9f, 0xc1, 0xef, 0xff, 0xfa,
    0x1c, 0xf9, 0xdf, 0xff, 0xff, 0xff, 0xff, 0xff,
    0xfd, 0xff, 0xdf, 0xff, 0xff, 0xff, 0xff, 0xff,
    0xed, 0x9, 0xff, 0xff, 0xff, 0xff, 0xfc, 0xcf,
    0x9e, 0xff, 0xff, 0xe8, 0x88, 0x50, 0x6f, 0xff,
    0xff, 0xff, 0x30, 0x0, 0x0, 0xc, 0xff, 0xff,
    0xff, 0x40, 0x0, 0x0, 0x2, 0xef, 0xff, 0xff,
    0x80, 0x0, 0x0, 0x0, 0x1b, 0xff, 0xff, 0x80,
    0x0, 0x0, 0x0, 0x0, 0x49, 0xb9, 0x10, 0x0,
    0x0,

    /* U+F540 "" */
    0x18, 0x99, 0x99, 0x99, 0x99, 0x82, 0xc, 0xff,
    0xff, 0xff, 0xff, 0xff, 0xe0, 0xff, 0xff, 0xff,
    0xff, 0xff, 0xff, 0x2f, 0xff, 0xc1, 0x1, 0x5e,
    0xff, 0xf2, 0xff, 0xf8, 0x0, 0x0, 0x4f, 0xff,
    0x2f, 0xff, 0x70, 0xcf, 0x30, 0xff, 0xf2, 0xff,
    0xf7, 0x9, 0xb2, 0xf, 0xff, 0x2f, 0xff, 0x70,
    0x0, 0x8, 0xff, 0xf2, 0xff, 0xf7, 0x5, 0x7b,
    0xff, 0xff, 0x2f, 0xff, 0x90, 0xdf, 0xff, 0xff,
    0xf2, 0xff, 0xff, 0xcf, 0xff, 0xff, 0xff, 0x2e,
    0xff, 0xff, 0xff, 0xff, 0xff, 0xf1, 0x5e, 0xff,
    0xff, 0xff, 0xff, 0xe7, 0x0,

    /* U+F541 "" */
    0x1, 0xaf, 0xc2, 0x0, 0x0, 0x6, 0xc1, 0xa,
    0xff, 0xfe, 0x0, 0x0, 0x5f, 0xf1, 0xf, 0xff,
    0xff, 0x30, 0x5, 0xff, 0x30, 0xd, 0xff, 0xff,
    0x10, 0x4f, 0xf4, 0x0, 0x5, 0xff, 0xf9, 0x4,
    0xff, 0x40, 0x0, 0x0, 0x26, 0x40, 0x3f, 0xf5,
    0x0, 0x0, 0x0, 0x0, 0x3, 0xef, 0x60, 0x0,
    0x0, 0x0, 0x0, 0x2e, 0xf6, 0x2, 0x74, 0x0,
    0x0, 0x2, 0xef, 0x70, 0x5f, 0xff, 0x90, 0x0,
    0x1e, 0xf8, 0x0, 0xdf, 0xff, 0xf1, 0x1, 0xdf,
    0x80, 0x0, 0xff, 0xff, 0xf3, 0xc, 0xf9, 0x0,
    0x0, 0xaf, 0xff, 0xe0, 0xa, 0x90, 0x0, 0x0,
    0x1a, 0xfc, 0x30,

    /* U+F542 "" */
    0x4, 0x44, 0x10, 0x0, 0x1, 0x44, 0x40, 0xcf,
    0xff, 0xf1, 0x0, 0x1f, 0xff, 0xfc, 0xff, 0xff,
    0xfa, 0x88, 0xaf, 0xff, 0xff, 0xff, 0xff, 0xff,
    0xff, 0xff, 0xff, 0xff, 0xff, 0xff, 0xf6, 0x33,
    0x6f, 0xff, 0xff, 0x7e, 0xff, 0xf5, 0x0, 0xb,
    0xff, 0xe8, 0x0, 0x2, 0xff, 0x20, 0x0, 0x0,
    0x0, 0x0, 0x0, 0x5f, 0xc4, 0x42, 0x0, 0x0,
    0x0, 0x0, 0xb, 0xff, 0xff, 0x40, 0x0, 0x0,
    0x0, 0xb, 0xff, 0xff, 0x70, 0x0, 0x0, 0x0,
    0xc, 0xff, 0xff, 0x80, 0x0, 0x0, 0x0, 0xb,
    0xff, 0xff, 0x70, 0x0, 0x0, 0x0, 0x4, 0xef,
    0xfd, 0x20, 0x0,

    /* U+F543 "" */
    0x0, 0x0, 0x0, 0x0, 0x0, 0xd, 0x84, 0xe7,
    0x4e, 0x74, 0xe2, 0xff, 0xff, 0xff, 0xff, 0xff,
    0x4f, 0xff, 0xff, 0xff, 0xff, 0xf4, 0xff, 0xdb,
    0xbb, 0xbb, 0xff, 0x4f, 0xf7, 0x33, 0x33, 0x4f,
    0xf4, 0xff, 0xff, 0xff, 0xff, 0xff, 0x4f, 0xf6,
    0x11, 0x11, 0x2f, 0xf4, 0xff, 0xa6, 0x66, 0x67,
    0xff, 0x4f, 0xff, 0xff, 0xff, 0xff, 0xf4, 0xff,
    0x50, 0x0, 0x1, 0xff, 0x4f, 0xff, 0xff, 0xff,
    0xff, 0xf4, 0xff, 0xff, 0xff, 0xff, 0xff, 0x4f,
    0xfe, 0xff, 0xef, 0xfe, 0xf4, 0x84, 0x1a, 0x31,
    0xa3, 0x19, 0x10,

    /* U+F544 "" */
    0x0, 0x0, 0x0, 0x0, 0x0, 0x0, 0x0, 0x0,
    0x0, 0x0, 0x0, 0x0, 0x0, 0xe8, 0x0, 0x0,
    0x0, 0x0, 0x0, 0x0, 0x0, 0x0, 0xfa, 0x0,
    0x0, 0x0, 0x0, 0x0, 0x0, 0x57, 0x78, 0xfd,
    0x77, 0x72, 0x0, 0x0, 0x0, 0xb, 0xff, 0xff,
    0xff, 0xff, 0xff, 0x30, 0x0, 0x0, 0x3f, 0xff,
    0xff, 0xff, 0xff, 0xff, 0xb0, 0x0, 0x0, 0x5f,
    0xfd, 0xbf, 0xff, 0xea, 0xff, 0xd0, 0x0, 0xc8,
    0x5f, 0xf0, 0x9, 0xff, 0x30, 0x8f, 0xd2, 0xe4,
    0xfb, 0x5f, 0xf2, 0xb, 0xff, 0x50, 0xaf, 0xd4,
    0xf7, 0xfb, 0x5f, 0xff, 0xef, 0xff, 0xfe, 0xff,
    0xd4, 0xf7, 0xfb, 0x5f, 0xff, 0xff, 0xff, 0xff,
    0xff, 0xd3, 0xf6, 0x31, 0x5f, 0x92, 0x9e, 0x36,
    0xf3, 0x3f, 0xd0, 0x40, 0x0, 0x5f, 0xc7, 0xcf,
    0x7a, 0xf8, 0x8f, 0xc0, 0x0, 0x0, 0x1f, 0xff,
    0xff, 0xff, 0xff, 0xff, 0x70, 0x0, 0x0, 0x3,
    0xcf, 0xff, 0xff, 0xff, 0xe8, 0x0, 0x0,

    /* U+F545 "" */
    0x0, 0x0, 0x0, 0x0, 0x2, 0xb8, 0x0, 0x0,
    0x0, 0x0, 0x0, 0x0, 0x2, 0xef, 0xb0, 0x0,
    0x0, 0x0, 0x0, 0x2, 0xd2, 0x2e, 0xfb, 0x0,
    0x0, 0x0, 0x0, 0x0, 0xbe, 0x27, 0xff, 0xb0,
    0x0, 0x0, 0x1, 0xe6, 0xf, 0xff, 0xff, 0xf2,
    0x0, 0x0, 0x10, 0x7f, 0xbf, 0xff, 0xff, 0xc0,
    0x0, 0x0, 0xda, 0x7, 0xff, 0xff, 0xfc, 0x10,
    0x0, 0x21, 0x3f, 0xa5, 0xff, 0xff, 0xc0, 0x0,
    0x0, 0xbd, 0x1a, 0xff, 0xff, 0xfc, 0x0, 0x0,
    0x24, 0x1c, 0xff, 0xff, 0xff, 0xc0, 0x0, 0x0,
    0xaf, 0x41, 0xef, 0xff, 0xfc, 0x0, 0x0, 0x0,
    0x6f, 0xf9, 0xff, 0xff, 0xc0, 0x0, 0x0, 0x0,
    0x8, 0xff, 0xff, 0xfc, 0x0, 0x0, 0x0, 0x0,
    0x0, 0x8f, 0xff, 0xc0, 0x0, 0x0, 0x0, 0x0,
    0x0, 0x8, 0xfb, 0x0, 0x0, 0x0, 0x0, 0x0,
    0x0, 0x0, 0x0, 0x0, 0x0, 0x0, 0x0, 0x0,

    /* U+F546 "" */
    0x38, 0x99, 0x50, 0x0, 0x0, 0x0, 0xe, 0xff,
    0xff, 0x20, 0x0, 0x0, 0x0, 0xff, 0xff, 0xf3,
    0x0, 0x0, 0x0, 0xf, 0xfc, 0x10, 0x0, 0x0,
    0x0, 0x0, 0xff, 0xfa, 0xa2, 0x0, 0x0, 0x0,
    0xf, 0xff, 0xff, 0x30, 0x0, 0x0, 0x0, 0xff,
    0xc1, 0x10, 0x0, 0x0, 0x0, 0xf, 0xfd, 0x54,
    0x13, 0x40, 0x24, 0x0, 0xff, 0xff, 0xf3, 0xaf,
    0x18, 0xfd, 0xf, 0xff, 0xff, 0x4a, 0xf1, 0x9f,
    0xf1, 0xff, 0xff, 0xfd, 0xff, 0xdf, 0xff, 0x1f,
    0xff, 0xff, 0xff, 0xff, 0xff, 0xf0, 0x8e, 0xff,
    0xff, 0xff, 0xff, 0xf9, 0x0,

    /* U+F547 "" */
    0x7e, 0xe, 0x51, 0xf3, 0x5e, 0xe, 0x51, 0xe6,
    0xff, 0xe, 0x61, 0xf3, 0x6e, 0xe, 0x61, 0xfd,
    0xff, 0xe, 0xb8, 0xf3, 0x6f, 0x7f, 0x61, 0xfe,
    0xff, 0x9f, 0xff, 0xfb, 0xcf, 0xff, 0xca, 0xfe,
    0xff, 0xff, 0xff, 0xff, 0xff, 0xff, 0xff, 0xfe,
    0xff, 0xff, 0xff, 0xff, 0xff, 0xff, 0xff, 0xfe,
    0x9f, 0xff, 0xff, 0xff, 0xff, 0xff, 0xff, 0xf7,
    0x0, 0x0, 0x0, 0x0, 0x0, 0x0, 0x0, 0x0,

    /* U+F548 "" */
    0x0, 0x0, 0x0, 0x9, 0xff, 0xff, 0xf9, 0xff,
    0xff, 0xee, 0xef, 0xff, 0xa0, 0x0, 0xff, 0xff,
    0xff, 0xff, 0xff, 0xfb, 0x55, 0xff, 0xff, 0xa3,
    0x3f, 0xff, 0xff, 0xff, 0xff, 0xfb, 0x11, 0x1f,
    0xff, 0xd6, 0x66, 0xff, 0xff, 0xff, 0xff, 0xff,
    0xf8, 0x0, 0xff, 0xff, 0xff, 0xff, 0xff, 0xc5,
    0x55, 0xff, 0xfb, 0x22, 0x2f, 0xff, 0xff, 0xff,
    0x6d, 0xdd, 0xdd, 0x60,

    /* U+F549 "" */
    0x0, 0x0, 0x0, 0x1, 0x0, 0x0, 0x0, 0x0,
    0x0, 0x0, 0x0, 0x7f, 0xe3, 0x0, 0x0, 0x0,
    0x0, 0x0, 0x8, 0xff, 0xff, 0x50, 0x0, 0x0,
    0x0, 0x0, 0xaf, 0xff, 0xff, 0xf6, 0x0, 0x0,
    0x3b, 0xcd, 0xff, 0xd5, 0x6f, 0xff, 0xcc, 0x91,
    0xdf, 0xff, 0xff, 0x40, 0x8, 0xff, 0xff, 0xf9,
    0xfd, 0x9, 0xff, 0x30, 0x8, 0xff, 0x51, 0xfb,
    0xfe, 0x4b, 0xff, 0xd5, 0x6f, 0xff, 0x85, 0xfc,
    0xff, 0xff, 0xff, 0xff, 0xff, 0xff, 0xff, 0xfc,
    0xff, 0x8d, 0xff, 0xff, 0xff, 0xff, 0xb9, 0xfc,
    0xfc, 0x8, 0xff, 0x70, 0xa, 0xff, 0x30, 0xfc,
    0xff, 0x9e, 0xff, 0x20, 0x6, 0xff, 0xca, 0xfc,
    0xff, 0xff, 0xff, 0x20, 0x6, 0xff, 0xff, 0xfc,
    0xef, 0xff, 0xff, 0x75, 0x59, 0xff, 0xff, 0xfa,
    0x5e, 0xff, 0xff, 0xff, 0xff, 0xff, 0xff, 0xd2,

    /* U+F54A "" */
    0x0, 0x0, 0x0, 0x0, 0x0, 0x0, 0x16, 0x0,
    0x0, 0x0, 0x0, 0x0, 0x0, 0x4, 0xef, 0xb0,
    0x0, 0x0, 0x0, 0x0, 0x0, 0xaf, 0xff, 0xe0,
    0x0, 0x0, 0x0, 0x0, 0x5, 0xff, 0xff, 0x50,
    0x0, 0x0, 0x0, 0x0, 0x6, 0xff, 0xfb, 0x0,
    0x0, 0x0, 0x0, 0x0, 0x2e, 0xff, 0xd1, 0x0,
    0x0, 0x0, 0x0, 0x2, 0xef, 0x50, 0x0, 0x0,
    0x0, 0x0, 0x4c, 0xde, 0xf6, 0x0, 0x0, 0x0,
    0x0, 0x5, 0xff, 0xff, 0x80, 0x0, 0x0, 0x0,
    0x0, 0x5f, 0xff, 0xff, 0x80, 0x0, 0x0, 0x0,
    0x5, 0xff, 0xff, 0xff, 0x40, 0x0, 0x0, 0x0,
    0x3f, 0xff, 0xff, 0xf9, 0x0, 0x0, 0x0, 0x0,
    0x4f, 0xff, 0xff, 0x90, 0x0, 0x0, 0x0, 0x0,
    0x9, 0xff, 0xfa, 0x0, 0x0, 0x0, 0x0, 0x0,
    0x0, 0x9f, 0x90, 0x0, 0x0, 0x0, 0x0, 0x0,
    0x0, 0x0, 0x0, 0x0, 0x0, 0x0, 0x0, 0x0,

    /* U+F54B "" */
    0x0, 0x0, 0x0, 0x0, 0x13, 0x20, 0x0, 0x0,
    0x0, 0x15, 0x40, 0xaf, 0xff, 0xff, 0xb5, 0x0,
    0x0, 0xef, 0xd0, 0xef, 0xff, 0xff, 0xff, 0xb0,
    0x3, 0xff, 0xd0, 0xef, 0xff, 0xff, 0xff, 0xf8,
    0x0, 0xbf, 0xd0, 0xef, 0xff, 0xff, 0xff, 0xfa,
    0x0, 0x1, 0x10, 0x4b, 0xff, 0xff, 0xff, 0xe3,
    0x0, 0x0, 0x0, 0x0, 0x39, 0xcd, 0xb7, 0x10,
    0x0, 0x0, 0x0, 0x0, 0x0, 0x0, 0x0, 0x0,
    0x0, 0x0, 0x0, 0x0, 0x23, 0x20, 0x0, 0x0,
    0x0, 0x0, 0x0, 0x7e, 0xff, 0xfe, 0x80, 0x0,
    0x17, 0x80, 0x6e, 0xff, 0xff, 0xff, 0xfb, 0x0,
    0xcf, 0xf1, 0xaf, 0xff, 0xff, 0xff, 0xff, 0x0,
    0xef, 0xf1, 0xaf, 0xff, 0xff, 0xff, 0xf9, 0x0,
    0x6e, 0xf0, 0xaf, 0xff, 0xff, 0xff, 0x80, 0x0,
    0x0, 0x0, 0x38, 0xbd, 0xca, 0x61, 0x0, 0x0,

    /* U+F54C "" */
    0x0, 0x0, 0x1, 0x33, 0x10, 0x0, 0x0, 0x0,
    0x4, 0xcf, 0xff, 0xfc, 0x30, 0x0, 0x0, 0x9f,
    0xff, 0xff, 0xff, 0xf8, 0x0, 0x8, 0xff, 0xff,
    0xff, 0xff, 0xff, 0x70, 0x4f, 0xff, 0xff, 0xff,
    0xff, 0xff, 0xf2, 0xbf, 0xff, 0xff, 0xff, 0xff,
    0xff, 0xf9, 0xef, 0xf4, 0x8, 0xff, 0x80, 0x6f,
    0xfc, 0xff, 0xb0, 0x0, 0xff, 0x0, 0xd, 0xfd,
    0xdf, 0xd0, 0x1, 0xff, 0x20, 0x1f, 0xfb, 0x8f,
    0xfc, 0x8e, 0xff, 0xd8, 0xdf, 0xf7, 0x1f, 0xff,
    0xff, 0xff, 0xff, 0xff, 0xe1, 0x5, 0xff, 0xff,
    0xff, 0xff, 0xff, 0x40, 0x0, 0x7f, 0xff, 0xff,
    0xff, 0xf5, 0x0, 0x0, 0x4f, 0xe1, 0xfe, 0x2f,
    0xf3, 0x0, 0x0, 0x9, 0x90, 0xaa, 0xb, 0x80,
    0x0,

    /* U+F54D "" */
    0x0, 0x0, 0x0, 0x11, 0x0, 0x0, 0x0, 0x0,
    0x1, 0xaf, 0xff, 0xfa, 0x10, 0x0, 0x0, 0x6f,
    0xfd, 0xab, 0xef, 0xf6, 0x0, 0x5, 0xff, 0x50,
    0x5, 0x5, 0xef, 0x50, 0x1e, 0xff, 0xd1, 0xa,
    0xca, 0x3e, 0xe1, 0x9f, 0x59, 0xfd, 0x10, 0x15,
    0x75, 0xf9, 0xdf, 0x0, 0x9f, 0xd1, 0x0, 0x0,
    0xfd, 0xfc, 0x3f, 0xff, 0xff, 0xed, 0xd4, 0xdf,
    0xee, 0x5f, 0xff, 0xff, 0xd5, 0x86, 0xde, 0xcf,
    0x28, 0x99, 0x9b, 0xff, 0xb2, 0xfc, 0x6f, 0xa0,
    0x0, 0x0, 0x7f, 0xe9, 0xf6, 0xc, 0xf7, 0x0,
    0x0, 0x6, 0xff, 0xc0, 0x2, 0xef, 0xb4, 0x11,
    0x39, 0xfe, 0x20, 0x0, 0x1a, 0xff, 0xff, 0xff,
    0xa1, 0x0, 0x0, 0x0, 0x49, 0xbb, 0x94, 0x0,
    0x0,

    /* U+F54E "" */
    0x0, 0x49, 0x99, 0x99, 0x99, 0x99, 0x94, 0x0,
    0x1, 0xff, 0xff, 0xff, 0xff, 0xff, 0xff, 0x20,
    0x6, 0xff, 0xff, 0xff, 0xff, 0xff, 0xff, 0x70,
    0xb, 0xff, 0xff, 0xff, 0xff, 0xff, 0xff, 0xb0,
    0xc, 0xff, 0xff, 0xff, 0xff, 0xff, 0xff, 0xc0,
    0x4, 0xff, 0x6c, 0xf9, 0x9f, 0xd6, 0xef, 0x40,
    0x0, 0x0, 0x0, 0x0, 0x0, 0x0, 0x0, 0x0,
    0x0, 0x63, 0x0, 0x0, 0x0, 0x0, 0x36, 0x0,
    0x1, 0xfa, 0x0, 0x0, 0x0, 0x0, 0xaf, 0x10,
    0x1, 0xfd, 0x88, 0x88, 0x88, 0x88, 0xdf, 0x10,
    0x1, 0xff, 0xff, 0xff, 0xff, 0xff, 0xff, 0x10,
    0x0, 0xff, 0xff, 0xff, 0xff, 0xff, 0xff, 0x0,
    0x0, 0x8f, 0xff, 0xff, 0xff, 0xff, 0xf9, 0x0,

    /* U+F54F "" */
    0x0, 0x1, 0x22, 0x22, 0x22, 0x22, 0x0, 0x0,
    0x0, 0xaf, 0xff, 0xff, 0xff, 0xff, 0xf4, 0x0,
    0x4, 0xff, 0xff, 0xff, 0xff, 0xff, 0xfe, 0x0,
    0xc, 0xff, 0xff, 0xff, 0xff, 0xff, 0xff, 0x60,
    0x4f, 0xff, 0xff, 0xff, 0xff, 0xff, 0xff, 0xd0,
    0x8f, 0xff, 0xff, 0xff, 0xff, 0xff, 0xff, 0xf2,
    0x3d, 0xff, 0xff, 0xff, 0xff, 0xff, 0xff, 0xa0,
    0x5, 0xf6, 0x0, 0x3, 0xf8, 0x0, 0xde, 0x0,
    0x5, 0xf6, 0x0, 0x3, 0xf8, 0x0, 0xde, 0x0,
    0x5, 0xf6, 0x0, 0x3, 0xf8, 0x0, 0xde, 0x0,
    0x5, 0xfe, 0xaa, 0xad, 0xf8, 0x0, 0xde, 0x0,
    0x4, 0xff, 0xff, 0xff, 0xf8, 0x0, 0xde, 0x0,
    0x0, 0xcf, 0xff, 0xff, 0xd2, 0x0, 0x9a, 0x0,

    /* U+F550 "" */
    0x7b, 0xbb, 0xbb, 0xbb, 0xbb, 0xb9, 0x0, 0xcf,
    0xff, 0xff, 0xff, 0xff, 0xff, 0x10, 0x0, 0x0,
    0x0, 0x0, 0x0, 0x0, 0x0, 0x0, 0x0, 0x0,
    0x0, 0x0, 0x0, 0x0, 0x0, 0x0, 0x0, 0x0,
    0x0, 0x0, 0x0, 0x1, 0xff, 0xff, 0xff, 0xff,
    0xff, 0xfd, 0x0, 0x9b, 0xbb, 0xbb, 0xbb, 0xbb,
    0xb7, 0x0, 0x0, 0x0, 0x0, 0x0, 0x0, 0x0,
    0x0, 0x0, 0x0, 0x0, 0x0, 0x0, 0x0, 0x8c,
    0xcc, 0xcc, 0xcc, 0xcc, 0xca, 0x0, 0xcf, 0xff,
    0xff, 0xff, 0xff, 0xfe, 0x10,

    /* U+F551 "" */
    0x0, 0x0, 0x0, 0x11, 0x0, 0x0, 0x0, 0x0,
    0x2, 0xaf, 0xff, 0xfa, 0x10, 0x0, 0x0, 0x6f,
    0xfb, 0xee, 0xbf, 0xf6, 0x0, 0x5, 0xfd, 0xfb,
    0x22, 0xbf, 0xdf, 0x50, 0x1e, 0xf2, 0xbe, 0x22,
    0xeb, 0x2f, 0xe1, 0x9f, 0xfe, 0x32, 0xbb, 0x22,
    0xef, 0xf9, 0xdd, 0x7d, 0x22, 0xaa, 0x22, 0xd7,
    0xcd, 0xff, 0x50, 0xbe, 0x22, 0xeb, 0x5, 0xff,
    0xee, 0x25, 0x59, 0x33, 0x95, 0x52, 0xde, 0xce,
    0xdf, 0x40, 0xee, 0x4, 0xfd, 0xeb, 0x6f, 0xfa,
    0x36, 0x55, 0x63, 0x9f, 0xf6, 0xb, 0xf5, 0xff,
    0x22, 0xff, 0x5f, 0xb0, 0x1, 0xef, 0xf7, 0x77,
    0x8f, 0xfe, 0x10, 0x0, 0x1a, 0xff, 0xff, 0xff,
    0xa1, 0x0, 0x0, 0x0, 0x38, 0xaa, 0x83, 0x0,
    0x0,

    /* U+F552 "" */
    0x0, 0x0, 0x13, 0x44, 0x31, 0x0, 0x0, 0x0,
    0x3, 0xff, 0xff, 0xff, 0x30, 0x0, 0x0, 0x7,
    0xd1, 0x11, 0x1d, 0x70, 0x0, 0x2, 0xae, 0xfc,
    0xcc, 0xcf, 0xea, 0x20, 0x2e, 0xff, 0xff, 0xff,
    0xff, 0xff, 0xe2, 0xcf, 0xff, 0xff, 0xff, 0xff,
    0xff, 0xfc, 0xff, 0xff, 0xff, 0xff, 0xff, 0xff,
    0xff, 0xff, 0xfd, 0x3f, 0xff, 0xf3, 0xdf, 0xff,
    0x0, 0x0, 0x0, 0x0, 0x0, 0x0, 0x0, 0x66,
    0x64, 0x6, 0x66, 0x60, 0x46, 0x66, 0xff, 0xfe,
    0x7f, 0xff, 0xf7, 0xef, 0xff, 0xff, 0xff, 0xff,
    0xff, 0xff, 0xff, 0xff, 0xef, 0xff, 0xff, 0xff,
    0xff, 0xff, 0xfe, 0x5e, 0xff, 0xff, 0xff, 0xff,
    0xff, 0xe5,

    /* U+F553 "" */
    0x0, 0x0, 0x13, 0x20, 0x0, 0x3, 0x30, 0x0,
    0x0, 0x0, 0x5, 0xff, 0xc0, 0x0, 0x3f, 0xfc,
    0x10, 0x0, 0x0, 0x5f, 0xff, 0xf8, 0x13, 0xdf,
    0xff, 0xc1, 0x0, 0x5, 0xff, 0xff, 0xff, 0xff,
    0xff, 0xff, 0xfc, 0x10, 0x4f, 0xff, 0xff, 0xff,
    0xff, 0xff, 0xff, 0xff, 0xc0, 0x7f, 0xff, 0xff,
    0xff, 0xff, 0xff, 0xff, 0xff, 0xf0, 0x9, 0xfd,
    0xbf, 0xff, 0xff, 0xff, 0xf8, 0xff, 0x30, 0x0,
    0x40, 0x9f, 0xff, 0xff, 0xff, 0xf2, 0x32, 0x0,
    0x0, 0x0, 0x9f, 0xff, 0xff, 0xff, 0xf2, 0x0,
    0x0, 0x0, 0x0, 0x9f, 0xff, 0xff, 0xff, 0xf2,
    0x0, 0x0, 0x0, 0x0, 0x9f, 0xff, 0xff, 0xff,
    0xf2, 0x0, 0x0, 0x0, 0x0, 0x9f, 0xff, 0xff,
    0xff, 0xf2, 0x0, 0x0, 0x0, 0x0, 0x8f, 0xff,
    0xff, 0xff, 0xf1, 0x0, 0x0, 0x0, 0x0, 0x1b,
    0xee, 0xee, 0xed, 0x60, 0x0, 0x0,

    /* U+F554 "" */
    0x0, 0x0, 0x0, 0x0, 0x0, 0x0, 0x0, 0xb,
    0xf6, 0x0, 0x0, 0x0, 0x2, 0xff, 0xb0, 0x0,
    0x0, 0x0, 0x8, 0xd4, 0x0, 0x0, 0x0, 0x0,
    0x11, 0x0, 0x0, 0x0, 0x2, 0xcf, 0xfb, 0x10,
    0x0, 0x2, 0xef, 0xff, 0xfd, 0x20, 0x0, 0xcf,
    0xcf, 0xfe, 0xff, 0xf4, 0xf, 0xb7, 0xff, 0x95,
    0xbb, 0x20, 0xfa, 0x6f, 0xf9, 0x0, 0x0, 0x5,
    0x21, 0xff, 0xa0, 0x0, 0x0, 0x0, 0x4, 0xff,
    0x60, 0x0, 0x0, 0x9, 0x43, 0xef, 0x20, 0x0,
    0x3, 0xfd, 0x5, 0xf7, 0x0, 0x3, 0xff, 0x40,
    0x2f, 0x90, 0x0, 0xef, 0x40, 0x0, 0xfb, 0x0,
    0x7, 0x40, 0x0, 0x6, 0x40, 0x0,

    /* U+F555 "" */
    0x4, 0x55, 0x55, 0x55, 0x55, 0x55, 0x40, 0xaf,
    0xff, 0xff, 0xff, 0xff, 0xff, 0xe0, 0xf7, 0x0,
    0x0, 0x0, 0x0, 0x0, 0x0, 0xfd, 0x88, 0x88,
    0x88, 0x88, 0x88, 0x71, 0xff, 0xff, 0xff, 0xff,
    0xff, 0xff, 0xfc, 0xff, 0xff, 0xff, 0xff, 0xff,
    0xff, 0xff, 0xff, 0xff, 0xff, 0xff, 0xff, 0xff,
    0xff, 0xff, 0xff, 0xff, 0xff, 0xff, 0xa0, 0xef,
    0xff, 0xff, 0xff, 0xff, 0xff, 0xe9, 0xff, 0xff,
    0xff, 0xff, 0xff, 0xff, 0xff, 0xff, 0xff, 0xff,
    0xff, 0xff, 0xff, 0xff, 0xff, 0x6f, 0xff, 0xff,
    0xff, 0xff, 0xff, 0xf6,

    /* U+F556 "" */
    0x0, 0x0, 0x0, 0x11, 0x0, 0x0, 0x0, 0x0,
    0x1, 0xaf, 0xff, 0xfa, 0x10, 0x0, 0x0, 0x6f,
    0xff, 0xff, 0xff, 0xf6, 0x0, 0x5, 0xff, 0xff,
    0xff, 0xff, 0xff, 0x50, 0x1e, 0xff, 0xff, 0xff,
    0xff, 0xff, 0xe1, 0x9f, 0xf9, 0xdf, 0xff, 0xfd,
    0x9f, 0xf8, 0xdf, 0xf6, 0x2, 0x9b, 0x20, 0x6f,
    0xfd, 0xff, 0xff, 0x3, 0xbc, 0x40, 0xff, 0xff,
    0xef, 0xff, 0xef, 0xff, 0xfe, 0xff, 0xfe, 0xcf,
    0xff, 0xff, 0xbb, 0xff, 0xff, 0xfc, 0x6f, 0xff,
    0xc1, 0x0, 0x1b, 0xff, 0xf6, 0xc, 0xff, 0x66,
    0xff, 0x66, 0xff, 0xc0, 0x2, 0xff, 0xff, 0xff,
    0xff, 0xff, 0x20, 0x0, 0x1b, 0xff, 0xff, 0xff,
    0xb1, 0x0, 0x0, 0x0, 0x49, 0xcb, 0x94, 0x0,
    0x0,

    /* U+F557 "" */
    0x69, 0x99, 0x99, 0x99, 0x99, 0x99, 0x96, 0xdf,
    0xff, 0xff, 0xff, 0xff, 0xff, 0xfd, 0x2, 0x22,
    0x22, 0x22, 0x22, 0x22, 0x20, 0x1, 0x11, 0x11,
    0x11, 0x11, 0x11, 0x10, 0x1f, 0xff, 0xff, 0xff,
    0xff, 0xff, 0xf1, 0x1f, 0xff, 0xff, 0xff, 0xff,
    0xff, 0xf1, 0x1f, 0xff, 0xff, 0xff, 0xff, 0xff,
    0xf1, 0x1f, 0xff, 0xf7, 0x0, 0x7f, 0xff, 0xf1,
    0x1f, 0xff, 0xa0, 0x0, 0xa, 0xff, 0xf1, 0x1f,
    0xff, 0x60, 0x0, 0x6, 0xff, 0xf1, 0x1f, 0xff,
    0x50, 0x0, 0x5, 0xff, 0xf1, 0x9f, 0xff, 0x50,
    0x0, 0x5, 0xff, 0xf9, 0xbf, 0xff, 0x50, 0x0,
    0x5, 0xff, 0xfb,

    /* U+F558 "" */
    0x0, 0x0, 0x0, 0x0, 0x0, 0x0, 0x1, 0xbf,
    0xff, 0xff, 0xff, 0xff, 0xc0, 0xbf, 0xff, 0xfd,
    0xcf, 0xff, 0xff, 0x3f, 0xff, 0xc2, 0x0, 0x1a,
    0xff, 0xf3, 0xff, 0xf1, 0x52, 0x75, 0xd, 0xff,
    0x3f, 0xfb, 0x18, 0x58, 0x54, 0x7f, 0xf3, 0xff,
    0xb0, 0x85, 0x85, 0x48, 0xff, 0x3f, 0xff, 0x15,
    0x27, 0x50, 0xdf, 0xf3, 0xff, 0xfc, 0x20, 0x1,
    0xaf, 0xff, 0x3f, 0xff, 0xff, 0xdc, 0xff, 0xff,
    0xf3, 0xff, 0xff, 0xff, 0xff, 0xff, 0xfd, 0xf,
    0xe2, 0x0, 0x0, 0x0, 0x6f, 0x50, 0xee, 0x10,
    0x0, 0x0, 0x6, 0xf5, 0x9, 0xff, 0xff, 0xff,
    0xff, 0xff, 0xe1, 0x7, 0xbb, 0xbb, 0xbb, 0xbb,
    0xba, 0x0,

    /* U+F559 "" */
    0x0, 0x0, 0x0, 0x0, 0x0, 0x0, 0x0, 0x0,
    0x0, 0x68, 0xef, 0x96, 0x10, 0x0, 0x0, 0x9,
    0xff, 0xff, 0xff, 0xd0, 0x0, 0x0, 0x9f, 0xff,
    0xff, 0xff, 0xfd, 0x10, 0x4, 0xff, 0xfe, 0x88,
    0xdf, 0xff, 0x90, 0x7, 0xff, 0xf2, 0x0, 0xc,
    0xff, 0xb0, 0xd, 0xff, 0x90, 0x0, 0x5, 0xff,
    0xf1, 0xd, 0xff, 0x90, 0x0, 0x5, 0xff, 0xf2,
    0x7, 0xff, 0xe1, 0x0, 0xb, 0xff, 0xc0, 0x5,
    0xff, 0xfe, 0x76, 0xcf, 0xff, 0x90, 0x0, 0xbf,
    0xff, 0xff, 0xff, 0xfd, 0x20, 0x0, 0xb, 0xff,
    0xff, 0xff, 0xe0, 0x0, 0x0, 0xe, 0xff, 0xff,
    0xff, 0xf3, 0x0, 0x0, 0x6f, 0xff, 0xfe, 0xff,
    0xfa, 0x0, 0x0, 0xcf, 0xff, 0x95, 0xff, 0xff,
    0x10, 0x0, 0x3c, 0xff, 0x10, 0xcf, 0xd5, 0x0,
    0x0, 0x0, 0x33, 0x0, 0x25, 0x0, 0x0,

    /* U+F55A "" */
    0x0, 0x0, 0x2, 0x44, 0x44, 0x44, 0x44, 0x30,
    0x0, 0x0, 0xaf, 0xff, 0xff, 0xff, 0xff, 0xf8,
    0x0, 0xb, 0xff, 0xff, 0xff, 0xff, 0xff, 0xfe,
    0x0, 0xbf, 0xff, 0xff, 0xff, 0xff, 0xff, 0xfe,
    0xc, 0xff, 0xff, 0xfd, 0xa, 0x54, 0xff, 0xfe,
    0xaf, 0xff, 0xff, 0xff, 0x70, 0xc, 0xff, 0xfe,
    0x7f, 0xff, 0xff, 0xff, 0x31, 0x9, 0xff, 0xfe,
    0x8, 0xff, 0xff, 0xfe, 0x4d, 0x97, 0xff, 0xfe,
    0x0, 0x8f, 0xff, 0xff, 0xff, 0xff, 0xff, 0xfe,
    0x0, 0x7, 0xff, 0xff, 0xff, 0xff, 0xff, 0xfd,
    0x0, 0x0, 0x6e, 0xff, 0xff, 0xff, 0xff, 0xe5,

    /* U+F55B "" */
    0x0, 0x0, 0x0, 0x5, 0x76, 0x10, 0x0, 0x0,
    0x0, 0x6f, 0xc2, 0x0, 0x5f, 0xff, 0x90, 0x1,
    0x9f, 0xa0, 0xef, 0xff, 0xff, 0xff, 0x2d, 0xff,
    0xff, 0xff, 0xf3, 0xcf, 0xfa, 0x9f, 0xff, 0x9e,
    0xff, 0xb9, 0xff, 0xf1, 0x17, 0x40, 0xaf, 0xae,
    0xff, 0x9f, 0xe1, 0x27, 0x30, 0x0, 0x9, 0xf5,
    0x0, 0x0, 0x2, 0xed, 0x0, 0x0, 0x0, 0x2f,
    0x80, 0x0, 0x0, 0x0, 0x4f, 0x70, 0x0, 0x0,
    0x7f, 0x10, 0x0, 0x0, 0x0, 0xd, 0xc0, 0x0,
    0x2, 0xcf, 0x20, 0x0, 0x0, 0x0, 0x1c, 0xf4,
    0x0, 0xe, 0xff, 0xf1, 0x0, 0x0, 0x0, 0xcf,
    0xff, 0x30, 0x1f, 0x75, 0xf3, 0x0, 0x0, 0x0,
    0xf9, 0x3f, 0x60, 0x1f, 0xbb, 0xf3, 0x0, 0x0,
    0x0, 0xfd, 0xaf, 0x60, 0x9, 0xff, 0xb0, 0x0,
    0x0, 0x0, 0x7e, 0xfc, 0x10,

    /* U+F55C "" */
    0x0, 0x0, 0x0, 0x0, 0x0, 0x0, 0x0, 0x0,
    0x4f, 0xff, 0xff, 0xf5, 0x0, 0x0, 0x0, 0x2d,
    0xfb, 0xbf, 0xd2, 0x0, 0x0, 0x0, 0x9, 0xf2,
    0x1f, 0xa0, 0x0, 0x0, 0x0, 0x9, 0xf2, 0x1f,
    0xa0, 0x0, 0x0, 0x0, 0x9, 0xf2, 0x1f, 0xa0,
    0x46, 0x0, 0x0, 0x9, 0xf2, 0x1f, 0xa0, 0x6f,
    0x80, 0x0, 0x6f, 0xf2, 0x1f, 0xf8, 0xed, 0xc0,
    0x4, 0xff, 0x50, 0x4, 0xff, 0xc0, 0x0, 0xc,
    0xf8, 0x44, 0x44, 0x8f, 0xd0, 0x0, 0x1f, 0xff,
    0xff, 0xff, 0xff, 0xf2, 0x0, 0x2f, 0xff, 0xff,
    0xff, 0xff, 0xf3, 0x0, 0xf, 0xff, 0xff, 0xff,
    0xff, 0xf1, 0x0, 0xc, 0xff, 0xff, 0xff, 0xff,
    0xc0, 0x0, 0x3, 0xdf, 0xff, 0xff, 0xfd, 0x30,
    0x0,

    /* U+F55D "" */
    0x0, 0x0, 0x0, 0x0, 0x0, 0x9, 0xe0, 0xb9,
    0x1f, 0xff, 0xe2, 0xff, 0x9f, 0xfa, 0xff, 0xff,
    0x7f, 0xff, 0xff, 0xff, 0xff, 0xf7, 0xff, 0xff,
    0xff, 0xff, 0xff, 0x7f, 0xff, 0xff, 0xff, 0xff,
    0xf7, 0xff, 0xff, 0xff, 0xff, 0xff, 0x7f, 0xff,
    0xff, 0xff, 0xff, 0xf7, 0x0, 0x0, 0x0, 0x0,
    0x0, 0xe, 0xff, 0xff, 0xff, 0xff, 0xf7, 0x9f,
    0xff, 0xff, 0xff, 0xfe, 0x20, 0x23, 0x9f, 0xff,
    0x33, 0x10, 0x0, 0x7, 0xfd, 0xf0, 0x0, 0x0,
    0x0, 0x6f, 0xce, 0x0, 0x0, 0x0, 0x0, 0x9c,
    0x40, 0x0, 0x0,

    /* U+F55E "" */
    0x0, 0x0, 0x0, 0x0, 0x0, 0x0, 0x1, 0xbf,
    0xff, 0xff, 0xff, 0xfc, 0x20, 0xbf, 0xff, 0xff,
    0xff, 0xff, 0xfc, 0xf, 0xfa, 0x99, 0x99, 0x99,
    0xaf, 0xf0, 0xfc, 0x0, 0x0, 0x0, 0x0, 0xbf,
    0x1f, 0xb0, 0x0, 0x0, 0x0, 0xa, 0xf1, 0xfb,
    0x0, 0x0, 0x0, 0x0, 0xaf, 0x1f, 0xe1, 0x0,
    0x0, 0x0, 0x1d, 0xf1, 0xff, 0xff, 0xff, 0xff,
    0xff, 0xff, 0x1f, 0xfc, 0xff, 0xff, 0xff, 0xdf,
    0xf1, 0xfd, 0x9, 0xff, 0xff, 0xd0, 0xcf, 0x1f,
    0xfb, 0xff, 0xff, 0xff, 0xcf, 0xf0, 0x8f, 0xff,
    0xff, 0xff, 0xff, 0xf9, 0x0, 0xbf, 0x93, 0x33,
    0x36, 0xfc, 0x0, 0x6, 0xd4, 0x0, 0x0, 0x1c,
    0x70, 0x0,

    /* U+F55F "" */
    0x0, 0x0, 0x0, 0x0, 0x0, 0x0, 0x0, 0x0,
    0x0, 0x0, 0xc6, 0x0, 0x0, 0x0, 0x0, 0x0,
    0x5, 0xfe, 0x0, 0x0, 0x0, 0x0, 0x0, 0xb,
    0xff, 0x50, 0x0, 0x0, 0x44, 0x0, 0xf, 0xff,
    0x90, 0x1, 0x61, 0xaf, 0xe7, 0x2f, 0xff, 0xb2,
    0xaf, 0xf3, 0x4f, 0xff, 0xef, 0xff, 0xff, 0xff,
    0xe0, 0xd, 0xff, 0xff, 0xff, 0xff, 0xff, 0x70,
    0x5, 0xff, 0xff, 0xff, 0xff, 0xfd, 0x0, 0x5,
    0xef, 0xff, 0xff, 0xff, 0xfb, 0x30, 0x9f, 0xff,
    0xff, 0xff, 0xff, 0xff, 0xf3, 0x4, 0x89, 0xff,
    0xff, 0xfd, 0x96, 0x10, 0x0, 0x0, 0xf9, 0xea,
    0xc9, 0x0, 0x0, 0x0, 0x0, 0x0, 0xd7, 0x0,
    0x0, 0x0, 0x0, 0x0, 0x0, 0x94, 0x0, 0x0,
    0x0,

    /* U+F560 "" */
    0x0, 0x0, 0x0, 0x69, 0x0, 0x0, 0x0, 0x0,
    0x4, 0xfd, 0x0, 0x0, 0x0, 0x0, 0x1e, 0xf3,
    0x0, 0x0, 0x8, 0x60, 0xbf, 0x70, 0x0, 0x0,
    0xd, 0xfc, 0xfb, 0x0, 0x4, 0xf5, 0x2, 0xef,
    0xe1, 0x0, 0x1e, 0xf3, 0x0, 0x2a, 0x30, 0x0,
    0xbf, 0x70, 0x0, 0x0, 0x0, 0x6, 0xfb, 0x0,
    0x0, 0x52, 0x0, 0x3f, 0xe1, 0x0, 0x0, 0xfe,
    0x30, 0xdf, 0x40, 0x0, 0x0, 0x6f, 0xeb, 0xf8,
    0x0, 0x0, 0x0, 0x6, 0xff, 0xc0, 0x0, 0x0,
    0x0, 0x0, 0x5c, 0x20, 0x0, 0x0,

    /* U+F561 "" */
    0x0, 0x0, 0x0, 0x0, 0x0, 0x7d, 0xfc, 0x40,
    0x0, 0x0, 0x0, 0x0, 0x0, 0x7f, 0xfd, 0xff,
    0x50, 0x0, 0x0, 0x0, 0x0, 0x2, 0x31, 0x2,
    0xfe, 0x1, 0xab, 0xbb, 0xbb, 0xbb, 0xbb, 0xb6,
    0x9, 0xf2, 0x4f, 0xff, 0xff, 0xff, 0xff, 0xff,
    0xb0, 0xbf, 0x10, 0x8f, 0xc1, 0x0, 0x0, 0x5f,
    0xe1, 0x5f, 0xc0, 0x0, 0xbf, 0xa0, 0x0, 0x3f,
    0xf3, 0x3f, 0xe2, 0x0, 0x0, 0xdf, 0x70, 0x1e,
    0xf5, 0x8, 0x60, 0x0, 0x0, 0x1, 0xef, 0x5c,
    0xf7, 0x0, 0x0, 0x0, 0x0, 0x0, 0x3, 0xff,
    0xfa, 0x0, 0x0, 0x0, 0x0, 0x0, 0x0, 0x5,
    0xfc, 0x0, 0x0, 0x0, 0x0, 0x0, 0x0, 0x0,
    0x2f, 0x90, 0x0, 0x0, 0x0, 0x0, 0x0, 0x0,
    0x2, 0xf9, 0x0, 0x0, 0x0, 0x0, 0x0, 0x0,
    0x0, 0x2f, 0x90, 0x0, 0x0, 0x0, 0x0, 0x0,
    0x8, 0xff, 0xff, 0xfe, 0x10, 0x0, 0x0, 0x0,
    0x0, 0x5b, 0xcc, 0xcc, 0xa0, 0x0, 0x0, 0x0,

    /* U+F562 "" */
    0x0, 0x0, 0x2, 0x55, 0x20, 0x0, 0x0, 0x0,
    0x0, 0x9, 0xff, 0x90, 0x0, 0x0, 0x0, 0x0,
    0x0, 0xaa, 0x0, 0x0, 0x0, 0x0, 0x1, 0x9e,
    0xff, 0xe9, 0x10, 0x0, 0x0, 0x3e, 0xff, 0xff,
    0xff, 0xe3, 0x0, 0x0, 0xef, 0xff, 0xff, 0xff,
    0xfe, 0x0, 0x8, 0xff, 0xff, 0xff, 0xff, 0xff,
    0x90, 0xd, 0xff, 0xff, 0xff, 0xff, 0xff, 0xd0,
    0x8, 0x88, 0x88, 0x88, 0x88, 0x88, 0x80, 0x34,
    0x44, 0x44, 0x44, 0x44, 0x44, 0x43, 0xdf, 0xff,
    0xff, 0xff, 0xff, 0xff, 0xfd,

    /* U+F563 "" */
    0x0, 0x0, 0x3a, 0xca, 0x84, 0x0, 0x0, 0x0,
    0x1a, 0xff, 0xff, 0xff, 0xb0, 0x0, 0x1, 0xdf,
    0xff, 0xff, 0xff, 0xfc, 0x0, 0x9, 0xff, 0xfc,
    0xff, 0xff, 0xff, 0xb0, 0x1f, 0xff, 0xe0, 0x8f,
    0xff, 0xff, 0xf1, 0x6f, 0xff, 0xfa, 0xef, 0xff,
    0xff, 0xf4, 0x8f, 0xff, 0xff, 0xff, 0xff, 0xff,
    0xf7, 0x6f, 0xff, 0xff, 0xff, 0xf8, 0x7f, 0xf8,
    0x3f, 0xff, 0x39, 0xff, 0xf7, 0x5f, 0xf4, 0xe,
    0xff, 0x5a, 0xff, 0xff, 0xff, 0xc0, 0x5, 0xff,
    0xff, 0xff, 0xff, 0xff, 0x40, 0x0, 0x5f, 0xff,
    0xff, 0xff, 0xf6, 0x0, 0x0, 0x4, 0xcf, 0xff,
    0xfb, 0x20, 0x0, 0x0, 0x0, 0x0, 0x24, 0x20,
    0x0, 0x0,

    /* U+F564 "" */
    0x0, 0x0, 0x3a, 0xb0, 0x0, 0x0, 0x0, 0x0,
    0x1a, 0xff, 0xf6, 0x0, 0x0, 0x0, 0x1, 0xdf,
    0xff, 0xff, 0x30, 0x0, 0x0, 0x9, 0xff, 0xfc,
    0xff, 0xfb, 0x20, 0x0, 0x1f, 0xff, 0xe0, 0x8f,
    0xff, 0xa0, 0x0, 0x6f, 0xff, 0xfa, 0xef, 0xff,
    0xf6, 0x0, 0x8f, 0xff, 0xff, 0xff, 0xff, 0xff,
    0xc3, 0x6f, 0xff, 0xff, 0xff, 0xf8, 0x7f, 0xf8,
    0x3f, 0xff, 0x39, 0xff, 0xf7, 0x5f, 0xf4, 0xe,
    0xff, 0x5a, 0xff, 0xff, 0xff, 0xc0, 0x5, 0xff,
    0xff, 0xff, 0xff, 0xff, 0x40, 0x0, 0x5f, 0xff,
    0xff, 0xff, 0xf6, 0x0, 0x0, 0x4, 0xcf, 0xff,
    0xfb, 0x20, 0x0, 0x0, 0x0, 0x0, 0x24, 0x20,
    0x0, 0x0,

    /* U+F565 "" */
    0x0, 0x20, 0x0, 0x0, 0x0, 0x0, 0x0, 0x0,
    0xf, 0x90, 0x0, 0x0, 0x0, 0x0, 0x0, 0x4a,
    0xfa, 0x7, 0x99, 0x99, 0x96, 0x0, 0xb, 0xff,
    0xa0, 0xcf, 0xff, 0xff, 0xf7, 0x0, 0x3, 0xfa,
    0x1, 0x22, 0x22, 0x3f, 0xa0, 0x0, 0x1f, 0xa0,
    0x0, 0x0, 0x1, 0xfa, 0x0, 0x1, 0xfa, 0x0,
    0x0, 0x0, 0x1f, 0xa0, 0x0, 0x1f, 0xa0, 0x0,
    0x0, 0x1, 0xfa, 0x0, 0x1, 0xfa, 0x0, 0x0,
    0x0, 0x1f, 0xa0, 0x0, 0x1f, 0xa0, 0x0, 0x0,
    0x1, 0xfa, 0x0, 0x1, 0xfa, 0x0, 0x0, 0x0,
    0x1f, 0xa0, 0x0, 0xf, 0xeb, 0xbb, 0xbb, 0x41,
    0xfe, 0xb1, 0x0, 0x7f, 0xff, 0xff, 0xf5, 0x1f,
    0xff, 0x30, 0x0, 0x0, 0x0, 0x0, 0x1, 0xfa,
    0x0, 0x0, 0x0, 0x0, 0x0, 0x0, 0x7, 0x30,
    0x0,

    /* U+F566 "" */
    0x2a, 0xbb, 0xbb, 0xbb, 0xbb, 0xbb, 0xbb, 0x91,
    0xdf, 0xff, 0xff, 0xff, 0xff, 0xff, 0xff, 0xf9,
    0xfe, 0x20, 0x0, 0x6, 0xff, 0xb2, 0x4f, 0xfb,
    0xfc, 0x0, 0x0, 0x2, 0xff, 0x20, 0x8, 0xfc,
    0xfe, 0x10, 0x0, 0x6, 0xff, 0x20, 0x8, 0xfc,
    0xff, 0xff, 0xff, 0xff, 0xff, 0xb2, 0x4f, 0xfc,
    0xfe, 0x4f, 0x4e, 0x6c, 0xff, 0xff, 0xff, 0xfc,
    0xff, 0xaf, 0xaf, 0xbe, 0xff, 0xff, 0xff, 0xfc,
    0xff, 0x99, 0x99, 0xcf, 0xf9, 0x99, 0x9a, 0xfc,
    0xee, 0x55, 0x55, 0x9f, 0xe5, 0x55, 0x56, 0xfa,
    0x6f, 0xff, 0xff, 0xff, 0xff, 0xff, 0xff, 0xd3,

    /* U+F567 "" */
    0x0, 0x0, 0x0, 0x11, 0x0, 0x0, 0x0, 0x0,
    0x1, 0xaf, 0xff, 0xfa, 0x10, 0x0, 0x0, 0x6f,
    0xff, 0xff, 0xff, 0xf6, 0x0, 0x5, 0xff, 0xff,
    0xff, 0xff, 0xff, 0x50, 0x1e, 0xff, 0xff, 0xff,
    0xff, 0xff, 0xe1, 0x8f, 0xd1, 0x81, 0xff, 0x28,
    0x1d, 0xf8, 0xdf, 0xf5, 0x9, 0xff, 0x90, 0x5f,
    0xfd, 0xff, 0xd0, 0x61, 0xff, 0x16, 0xd, 0xff,
    0xef, 0xfe, 0xfe, 0xff, 0xef, 0xef, 0xfe, 0xcf,
    0xff, 0xfe, 0x44, 0xef, 0xff, 0xfc, 0x7f, 0xff,
    0xf5, 0x0, 0x5f, 0xff, 0xf7, 0xc, 0xff, 0xf6,
    0x0, 0x6f, 0xff, 0xc0, 0x2, 0xff, 0xfe, 0x77,
    0xef, 0xff, 0x20, 0x0, 0x2c, 0xff, 0xff, 0xff,
    0xc2, 0x0, 0x0, 0x0, 0x5a, 0xcc, 0xa5, 0x0,
    0x0,

    /* U+F568 "" */
    0x0, 0x0, 0x0, 0x0, 0x0, 0x0, 0x0, 0x0,
    0x0, 0x9, 0xff, 0x90, 0x0, 0x0, 0x0, 0x0,
    0x6f, 0xdd, 0xf6, 0x0, 0x0, 0x0, 0x0, 0x9f,
    0x44, 0xf9, 0x0, 0x0, 0x0, 0x0, 0x7f, 0xff,
    0xf7, 0x0, 0x0, 0x0, 0x1, 0xef, 0xff, 0xfe,
    0x10, 0x0, 0x1, 0x9, 0xff, 0xaa, 0xff, 0x50,
    0x20, 0x3f, 0xaf, 0xff, 0x11, 0xc5, 0xa, 0xf3,
    0xc, 0xff, 0xf7, 0x0, 0x2, 0xdf, 0xc0, 0x6,
    0xff, 0xfd, 0xaa, 0xdf, 0xfa, 0x0, 0xe, 0xff,
    0xbd, 0xff, 0xfb, 0x40, 0x60, 0x8f, 0xfb, 0x0,
    0x1, 0x0, 0x3d, 0xf8, 0xef, 0xf2, 0x0, 0x0,
    0x0, 0x3f, 0xff, 0xff, 0x70, 0x0, 0x0, 0x0,
    0x7, 0xff, 0x82, 0x0, 0x0, 0x0, 0x0, 0x0,
    0x28,

    /* U+F569 "" */
    0x0, 0x0, 0x0, 0x0, 0x0, 0x0, 0x0, 0x0,
    0x0, 0x0, 0x0, 0x0, 0x0, 0x1b, 0xe0, 0x0,
    0x0, 0x34, 0x55, 0x43, 0x6f, 0xd3, 0x0, 0x5d,
    0xff, 0xff, 0xef, 0xff, 0xf6, 0x0, 0x9f, 0x84,
    0x10, 0x5, 0xed, 0x57, 0xe9, 0xf, 0x70, 0x0,
    0x5, 0xf9, 0x0, 0x7, 0xf0, 0xff, 0x95, 0x10,
    0x2, 0x1, 0x49, 0xff, 0xf, 0xff, 0xff, 0xfe,
    0xef, 0xff, 0xff, 0xf0, 0xff, 0x9f, 0xff, 0xff,
    0xff, 0xf9, 0xff, 0xf, 0xf0, 0xef, 0xf9, 0x9f,
    0xfe, 0xf, 0xf0, 0xcf, 0xe, 0xff, 0x22, 0xff,
    0xe0, 0xfc, 0x1, 0x90, 0xef, 0xf2, 0x2f, 0xfe,
    0x9, 0x10, 0x0, 0x6, 0x9b, 0x11, 0xb9, 0x60,
    0x0, 0x0,

    /* U+F56A "" */
    0x0, 0x0, 0x2, 0x45, 0x54, 0x20, 0x0, 0x0,
    0x0, 0x7c, 0xff, 0xff, 0xff, 0xff, 0xb6, 0x0,
    0x3d, 0xe8, 0x6f, 0x20, 0x4, 0xe5, 0x9e, 0xd2,
    0xda, 0x0, 0x9, 0xa0, 0xb, 0x60, 0x0, 0xcc,
    0xf8, 0x0, 0x6, 0xff, 0xff, 0x10, 0x0, 0x9e,
    0xff, 0xa5, 0x1b, 0xb2, 0x3e, 0x61, 0x5b, 0xfe,
    0xff, 0xff, 0xff, 0xdb, 0xbe, 0xff, 0xff, 0xfe,
    0xff, 0xff, 0xff, 0xff, 0xff, 0xff, 0xff, 0xfe,
    0xff, 0xff, 0xff, 0xff, 0xff, 0xff, 0xff, 0xfe,
    0xff, 0xff, 0xff, 0xff, 0xff, 0xff, 0xff, 0xfe,
    0x9f, 0xff, 0xff, 0xff, 0xff, 0xff, 0xff, 0xf8,
    0x6, 0xff, 0xff, 0xff, 0xff, 0xff, 0xfe, 0x50,
    0x0, 0x4, 0x8b, 0xcd, 0xdc, 0xa8, 0x30, 0x0,

    /* U+F56B "" */
    0x0, 0x0, 0x0, 0x0, 0x0, 0x0, 0x21, 0x0,
    0x0, 0x0, 0x0, 0x4, 0x9d, 0xff, 0xe0, 0x0,
    0x0, 0x0, 0x7e, 0xff, 0xff, 0xfe, 0x0, 0x0,
    0x3, 0xdf, 0xff, 0xff, 0xff, 0xb0, 0x0, 0x5,
    0xff, 0xff, 0xff, 0xff, 0xf8, 0x0, 0x2, 0xff,
    0xfe, 0xff, 0xff, 0xff, 0x40, 0x0, 0xbf, 0xf9,
    0xe, 0xff, 0xff, 0xf0, 0x0, 0xf, 0xf9, 0x9,
    0xff, 0xff, 0xc5, 0x0, 0x3, 0xf9, 0x9, 0xff,
    0xff, 0x83, 0x0, 0x0, 0x28, 0x9, 0xff, 0xff,
    0xff, 0x80, 0x0, 0x0, 0x9, 0xff, 0xff, 0xd7,
    0x20, 0x0, 0x0, 0x9, 0xff, 0xff, 0xfd, 0x30,
    0x0, 0x0, 0x9, 0xe7, 0xde, 0xeb, 0x50, 0x0,
    0x0, 0x8, 0xe3, 0x0, 0x0, 0x0, 0x0, 0x0,
    0x0, 0x42, 0x0, 0x0, 0x0, 0x0, 0x0, 0x0,
    0x0,

    /* U+F56C "" */
    0x0, 0x0, 0x0, 0x0, 0x0, 0x6, 0xff, 0xff,
    0xff, 0x60, 0x0, 0xff, 0xbb, 0xef, 0xef, 0x70,
    0xf, 0xd0, 0x9, 0xe2, 0xef, 0x80, 0xff, 0xff,
    0xfe, 0x2, 0xdf, 0x8f, 0xe6, 0x5b, 0xf4, 0x35,
    0xfe, 0xfe, 0x65, 0xbf, 0xff, 0xff, 0xff, 0xff,
    0xff, 0xff, 0xff, 0xff, 0xff, 0xff, 0xff, 0xff,
    0xff, 0xff, 0xff, 0xfd, 0xff, 0xff, 0xff, 0xff,
    0xf6, 0x7, 0xff, 0xff, 0xff, 0xf9, 0x3, 0x2e,
    0xef, 0xff, 0xff, 0x17, 0xd1, 0x0, 0xe, 0xfd,
    0xfe, 0xff, 0xff, 0xff, 0xfc, 0x3a, 0xcc, 0xcc,
    0xcc, 0xca, 0x20,

    /* U+F56D "" */
    0x1, 0x22, 0x22, 0x10, 0x0, 0x8, 0xff, 0xff,
    0xff, 0x60, 0x0, 0xff, 0xff, 0xfd, 0xff, 0x60,
    0xf, 0xff, 0xff, 0xb3, 0xff, 0x60, 0xff, 0xff,
    0xfb, 0x3, 0xef, 0x5f, 0xff, 0xff, 0xe6, 0x58,
    0xfa, 0xff, 0xff, 0xff, 0xff, 0xff, 0xbf, 0xff,
    0xff, 0xef, 0xff, 0xfb, 0xff, 0xff, 0xa0, 0xef,
    0xff, 0xbf, 0xff, 0xf9, 0xe, 0xff, 0xfb, 0xff,
    0xf1, 0x40, 0x54, 0xff, 0xbf, 0xff, 0x70, 0x0,
    0xbf, 0xfb, 0xff, 0xff, 0x82, 0xcf, 0xff, 0xbd,
    0xff, 0xff, 0xff, 0xff, 0xf9, 0x3a, 0xbb, 0xbb,
    0xbb, 0xb9, 0x10,

    /* U+F56E "" */
    0x0, 0x34, 0x44, 0x41, 0x0, 0x0, 0x0, 0x0,
    0xb, 0xff, 0xff, 0xff, 0x40, 0x0, 0x0, 0x0,
    0xf, 0xff, 0xff, 0xdf, 0xf4, 0x0, 0x0, 0x0,
    0x1f, 0xff, 0xff, 0x94, 0xff, 0x40, 0x0, 0x0,
    0x1f, 0xff, 0xff, 0x90, 0x3f, 0xf2, 0x0, 0x0,
    0x1f, 0xff, 0xff, 0xe7, 0x7a, 0xf6, 0x0, 0x0,
    0x1f, 0xff, 0xff, 0xff, 0xff, 0xf6, 0x0, 0x0,
    0x1f, 0xff, 0xff, 0xff, 0xff, 0xf6, 0x4b, 0x10,
    0x1f, 0xff, 0xff, 0xff, 0xff, 0xf6, 0x1d, 0xd1,
    0x1f, 0xff, 0xff, 0x50, 0x4, 0xff, 0xff, 0xfb,
    0x1f, 0xff, 0xff, 0xa6, 0x69, 0xfc, 0x9d, 0xf5,
    0x1f, 0xff, 0xff, 0xff, 0xff, 0xf6, 0x4f, 0x50,
    0x1f, 0xff, 0xff, 0xff, 0xff, 0xf6, 0x13, 0x0,
    0xf, 0xff, 0xff, 0xff, 0xff, 0xf5, 0x0, 0x0,
    0x6, 0xef, 0xff, 0xff, 0xff, 0xa0, 0x0, 0x0,

    /* U+F56F "" */
    0x3, 0x33, 0x33, 0x10, 0x0, 0x9, 0xff, 0xff,
    0xfe, 0x30, 0x0, 0xff, 0xff, 0xfe, 0xfe, 0x30,
    0xf, 0xff, 0xff, 0xa5, 0xfe, 0x20, 0xff, 0xff,
    0xfa, 0x6, 0xfe, 0xf, 0xff, 0xff, 0xd4, 0x3b,
    0xf4, 0xff, 0xff, 0xff, 0xff, 0xff, 0x4f, 0xff,
    0xf3, 0xcf, 0xff, 0xf4, 0xff, 0xff, 0x61, 0xdf,
    0xff, 0x40, 0x0, 0x0, 0x2, 0xff, 0xf4, 0x66,
    0x66, 0x50, 0x5f, 0xff, 0x4f, 0xff, 0xf2, 0x4f,
    0xff, 0xf4, 0xff, 0xff, 0x9f, 0xff, 0xff, 0x4e,
    0xff, 0xff, 0xff, 0xff, 0xf3, 0x5e, 0xff, 0xff,
    0xff, 0xe9, 0x0,

    /* U+F570 "" */
    0x0, 0x0, 0x0, 0x0, 0x0, 0x6, 0xff, 0xff,
    0xfe, 0x60, 0x0, 0xff, 0xbb, 0xef, 0xef, 0x70,
    0xf, 0xe3, 0x3a, 0xe2, 0xef, 0x80, 0xff, 0xff,
    0xfe, 0x2, 0xdf, 0x8f, 0xe2, 0x2a, 0xf4, 0x35,
    0xfe, 0xff, 0x65, 0xcf, 0xff, 0xff, 0xef, 0xff,
    0xff, 0xff, 0xff, 0xfe, 0xff, 0xed, 0xdd, 0xdd,
    0xef, 0xef, 0xd0, 0x0, 0x0, 0x0, 0xee, 0xfb,
    0x0, 0x0, 0x0, 0xc, 0xef, 0xd0, 0x0, 0x0,
    0x1, 0xee, 0xff, 0xff, 0xff, 0xff, 0xff, 0xed,
    0xff, 0xff, 0xff, 0xff, 0xfc, 0x29, 0xaa, 0xaa,
    0xaa, 0xa9, 0x20,

    /* U+F571 "" */
    0x0, 0x0, 0x0, 0x0, 0x0, 0x6, 0xff, 0xff,
    0xfd, 0x20, 0x0, 0xff, 0xbb, 0xef, 0xfe, 0x20,
    0xf, 0xe1, 0x19, 0xe3, 0xfe, 0x20, 0xff, 0xff,
    0xfe, 0x3, 0xfe, 0x1f, 0xe3, 0x2a, 0xf8, 0x7a,
    0xf6, 0xff, 0x99, 0xdf, 0xff, 0xff, 0x7f, 0xff,
    0xff, 0xaf, 0xff, 0xf7, 0xff, 0xfc, 0x20, 0x7f,
    0xff, 0x7f, 0xff, 0x74, 0xdf, 0xff, 0xf7, 0xff,
    0xfd, 0x40, 0x6f, 0xff, 0x7f, 0xff, 0xfa, 0x90,
    0xff, 0xf7, 0xff, 0xfb, 0x0, 0x7f, 0xff, 0x7e,
    0xff, 0xff, 0x8f, 0xff, 0xf6, 0x5e, 0xff, 0xff,
    0xff, 0xfb, 0x0,

    /* U+F572 "" */
    0x3, 0x44, 0x43, 0x10, 0x0, 0x9, 0xff, 0xff,
    0xfe, 0x30, 0x0, 0xff, 0xff, 0xfd, 0xff, 0x30,
    0xf, 0xff, 0xff, 0xb4, 0xfe, 0x30, 0xff, 0xff,
    0xfb, 0x5, 0xfe, 0xf, 0xff, 0xff, 0xe7, 0x7c,
    0xf3, 0xfd, 0x0, 0x3f, 0xff, 0xff, 0x4f, 0xc0,
    0xa2, 0xaf, 0xff, 0xf4, 0xfc, 0x2, 0xb, 0xff,
    0xff, 0x4f, 0xc0, 0x70, 0x79, 0x1f, 0xf4, 0xfc,
    0xf, 0xb0, 0x8, 0xff, 0x4f, 0xfe, 0xfb, 0x0,
    0x7f, 0xf4, 0xff, 0xff, 0x59, 0xa2, 0xff, 0x4d,
    0xff, 0xff, 0xff, 0xff, 0xf2, 0x3a, 0xbb, 0xbb,
    0xbb, 0xb5, 0x0,

    /* U+F573 "" */
    0x0, 0x0, 0x0, 0x0, 0x0, 0x0, 0x0, 0x0,
    0x0, 0x7f, 0xff, 0xff, 0xc2, 0x0, 0x0, 0x0,
    0x0, 0xf, 0xff, 0xff, 0xef, 0xe2, 0x0, 0x0,
    0x0, 0x1, 0xff, 0xff, 0xf9, 0x7f, 0xe2, 0x0,
    0x0, 0x0, 0x1f, 0xff, 0xff, 0x90, 0x7f, 0xe1,
    0x0, 0x0, 0x1, 0xff, 0xff, 0xfc, 0x33, 0xaf,
    0x60, 0x0, 0x0, 0x1f, 0xff, 0xff, 0xff, 0xff,
    0xf6, 0x0, 0x0, 0x1, 0xff, 0xff, 0xff, 0xff,
    0xff, 0x60, 0x2, 0x0, 0x1f, 0xff, 0xff, 0xff,
    0xff, 0xf3, 0x1c, 0xfa, 0x1, 0xff, 0xff, 0xdf,
    0xff, 0xf4, 0x12, 0xdf, 0xe0, 0x1f, 0xff, 0x20,
    0xcf, 0xf4, 0x1d, 0xd2, 0xc6, 0x1, 0xff, 0x51,
    0x26, 0xe4, 0x1d, 0xff, 0xd1, 0x0, 0x1f, 0xc0,
    0xc9, 0x0, 0x1d, 0xff, 0xf7, 0x0, 0x0, 0xff,
    0xef, 0xfe, 0xa, 0xff, 0xf7, 0x0, 0x0, 0x4,
    0xbc, 0xcc, 0x80, 0xef, 0xf7, 0x0, 0x0, 0x0,
    0x0, 0x0, 0x0, 0xc, 0xa4, 0x0, 0x0, 0x0,

    /* U+F574 "" */
    0x0, 0x0, 0x0, 0x0, 0x0, 0x6, 0xff, 0xff,
    0xfe, 0x40, 0x0, 0xff, 0xff, 0xfe, 0xff, 0x40,
    0xf, 0xff, 0xff, 0xb4, 0xff, 0x50, 0xff, 0xff,
    0xfb, 0x2, 0xef, 0x4f, 0xff, 0xff, 0xe7, 0x78,
    0xfa, 0xff, 0xff, 0xff, 0xff, 0xff, 0xbf, 0xff,
    0xff, 0xff, 0xff, 0xfb, 0xff, 0xff, 0x70, 0xbf,
    0xff, 0xbf, 0xff, 0x50, 0x0, 0xaf, 0xfb, 0xff,
    0xf4, 0x60, 0x76, 0xff, 0xbf, 0xff, 0xf9, 0xe,
    0xff, 0xfb, 0xff, 0xff, 0xb1, 0xff, 0xff, 0xbe,
    0xff, 0xff, 0xff, 0xff, 0xf9, 0x3a, 0xcc, 0xcc,
    0xcc, 0xb9, 0x10,

    /* U+F575 "" */
    0x0, 0x0, 0x0, 0x0, 0x0, 0x0, 0x0, 0x0,
    0x20, 0x0, 0x8f, 0xfa, 0x0, 0x0, 0x2, 0xfb,
    0x9, 0xfe, 0xcf, 0xb0, 0x0, 0x0, 0xbf, 0xdf,
    0xd1, 0xb, 0xfb, 0x0, 0x0, 0xd, 0xff, 0x10,
    0x0, 0xbf, 0xb0, 0x0, 0x8f, 0xff, 0xa0, 0x0,
    0xb, 0xf9, 0x8, 0xfd, 0x2b, 0xd0, 0x0, 0x0,
    0xee, 0x6f, 0xd1, 0x0, 0x0, 0x0, 0x3, 0xfd,
    0xef, 0x42, 0x22, 0x22, 0x22, 0x4e, 0xf5, 0xef,
    0xff, 0xff, 0xff, 0xff, 0xff, 0x50, 0x7f, 0xff,
    0xff, 0xff, 0xff, 0xf6, 0x0, 0x8, 0xff, 0xff,
    0xff, 0xff, 0x60, 0x0, 0x0, 0x9f, 0xff, 0xff,
    0xf6, 0x0, 0x0, 0x0, 0x9, 0xff, 0xff, 0x60,
    0x0, 0x0, 0x0, 0x0, 0x7d, 0xd5, 0x0, 0x0,
    0x0,

    /* U+F576 "" */
    0x0, 0x0, 0x0, 0x0, 0x0, 0x0, 0x0, 0x0,
    0x0, 0x2, 0x0, 0x9, 0xff, 0x80, 0x0, 0x0,
    0x0, 0x4f, 0x90, 0xbf, 0xdd, 0xf9, 0x0, 0x0,
    0x0, 0xc, 0xfd, 0xfb, 0x1, 0xcf, 0x90, 0x0,
    0x0, 0x1, 0xff, 0xe0, 0x0, 0x1c, 0xf9, 0x0,
    0x0, 0xa, 0xff, 0xf8, 0x0, 0x1, 0xcf, 0x70,
    0x0, 0xaf, 0xc2, 0xca, 0x0, 0x0, 0x1f, 0xc0,
    0x9, 0xfc, 0x0, 0x0, 0x0, 0x0, 0x4f, 0xb0,
    0xf, 0xe4, 0x33, 0x33, 0x33, 0x35, 0xff, 0x30,
    0xf, 0xff, 0xff, 0xff, 0xff, 0xff, 0xf4, 0x0,
    0x9, 0xff, 0xff, 0xff, 0xff, 0xff, 0x40, 0x0,
    0x0, 0xaf, 0xff, 0xff, 0xff, 0xf4, 0x9, 0x90,
    0x0, 0xb, 0xff, 0xff, 0xff, 0x40, 0x2f, 0xf2,
    0x0, 0x0, 0xbf, 0xff, 0xf4, 0x0, 0x9f, 0xf9,
    0x0, 0x0, 0x8, 0xec, 0x30, 0x0, 0xaf, 0xfa,
    0x0, 0x0, 0x0, 0x0, 0x0, 0x0, 0x2b, 0xb1,

    /* U+F577 "" */
    0x0, 0x0, 0x1, 0x33, 0x10, 0x0, 0x0, 0x0,
    0x3, 0xbf, 0xff, 0xfb, 0x40, 0x0, 0x0, 0x7f,
    0xb5, 0x22, 0x4b, 0xf8, 0x0, 0x6, 0xf6, 0x8,
    0xff, 0xc5, 0x6f, 0x50, 0x2f, 0x74, 0x2, 0x55,
    0x9f, 0x82, 0x0, 0x9d, 0x4f, 0x16, 0xcc, 0x64,
    0xf3, 0x1, 0xd8, 0xaa, 0x5f, 0x88, 0xf5, 0xa9,
    0x6d, 0xf5, 0xd7, 0xb9, 0x88, 0x9b, 0x7c, 0x5f,
    0xf4, 0xe6, 0xc6, 0xbb, 0x7b, 0x6d, 0x4f, 0x51,
    0xf4, 0xe4, 0xd9, 0x8a, 0x7c, 0x5, 0x0, 0xf3,
    0xf2, 0xe8, 0x98, 0x7b, 0x0, 0x0, 0x11, 0xe2,
    0xf5, 0xa6, 0x1, 0x0, 0x0, 0x0, 0x6, 0xf0,
    0x0, 0x0, 0x0, 0x0, 0x0, 0xa, 0xb0, 0x0,
    0x0, 0x0, 0x0, 0x0, 0x4, 0x20, 0x0, 0x0,
    0x0,

    /* U+F578 "" */
    0x0, 0x0, 0x0, 0x2, 0x8c, 0xca, 0x50, 0x0,
    0x0, 0x54, 0x0, 0x7, 0xff, 0xff, 0xff, 0xb2,
    0x0, 0xe, 0xfb, 0x2a, 0xff, 0xff, 0xff, 0xff,
    0xe2, 0x0, 0x7f, 0xff, 0xff, 0xff, 0xff, 0xff,
    0xff, 0xe1, 0x0, 0xdf, 0xff, 0xff, 0xff, 0xfb,
    0x3e, 0xff, 0x90, 0xe, 0xff, 0xff, 0xff, 0xff,
    0xc4, 0xef, 0xf8, 0x8, 0xff, 0xff, 0xff, 0xff,
    0xff, 0xff, 0xfd, 0x0, 0xef, 0xa1, 0x9f, 0xff,
    0xff, 0xff, 0xfe, 0x10, 0x4, 0x30, 0x0, 0x6f,
    0xff, 0xff, 0xfa, 0x10, 0x0, 0x0, 0x0, 0x0,
    0x17, 0xbb, 0x84, 0x0, 0x0,

    /* U+F579 "" */
    0x0, 0x0, 0x1, 0x33, 0x10, 0x0, 0x0, 0x0,
    0x3, 0xcf, 0xff, 0xfc, 0x30, 0x0, 0x0, 0x8f,
    0xff, 0xff, 0xff, 0xf8, 0x0, 0x6, 0xff, 0xff,
    0xff, 0xff, 0xff, 0x60, 0x2f, 0xff, 0xff, 0xff,
    0xff, 0xff, 0xf2, 0x9f, 0xe2, 0x6, 0xff, 0x40,
    0x3e, 0xf9, 0xdf, 0x72, 0xb0, 0xda, 0xb, 0x28,
    0xfd, 0xff, 0x80, 0x50, 0xea, 0x5, 0x8, 0xff,
    0xef, 0xf4, 0x18, 0xff, 0x61, 0x5f, 0xfe, 0xbf,
    0xff, 0xff, 0xff, 0xff, 0xff, 0xfb, 0x5f, 0xff,
    0xfe, 0xee, 0xef, 0xff, 0xf5, 0xb, 0xff, 0xb0,
    0x0, 0xb, 0xff, 0xb0, 0x1, 0xef, 0xff, 0xff,
    0xff, 0xfe, 0x10, 0x0, 0x9, 0xff, 0xff, 0xff,
    0x90, 0x0, 0x0, 0x0, 0x27, 0xa9, 0x72, 0x0,
    0x0,

    /* U+F57A "" */
    0x0, 0x0, 0x0, 0x11, 0x0, 0x0, 0x0, 0x0,
    0x1, 0xaf, 0xff, 0xfa, 0x10, 0x0, 0x0, 0x6f,
    0xff, 0xff, 0xff, 0xf6, 0x0, 0x5, 0xff, 0xff,
    0xff, 0xff, 0xff, 0x50, 0x1e, 0xff, 0xff, 0xff,
    0xff, 0xff, 0xe1, 0x9f, 0xff, 0xde, 0xff, 0xfd,
    0xff, 0xf8, 0xdf, 0xff, 0x5, 0xff, 0x70, 0xff,
    0xfd, 0xff, 0xff, 0xce, 0xff, 0xec, 0xff, 0xff,
    0xef, 0xff, 0xff, 0xff, 0xff, 0xff, 0xfe, 0xcf,
    0xff, 0xfa, 0x55, 0xaf, 0xff, 0xfc, 0x6f, 0xff,
    0xa0, 0x0, 0xa, 0xff, 0xf6, 0xc, 0xff, 0xed,
    0xff, 0xde, 0xff, 0xc0, 0x2, 0xff, 0xff, 0xff,
    0xff, 0xff, 0x20, 0x0, 0x1b, 0xff, 0xff, 0xff,
    0xb1, 0x0, 0x0, 0x0, 0x49, 0xbb, 0x94, 0x0,
    0x0,

    /* U+F57B "" */
    0x8, 0x99, 0x99, 0x99, 0x99, 0x99, 0x99, 0x42,
    0xff, 0xff, 0xff, 0xff, 0xff, 0xff, 0xfb, 0x7,
    0xff, 0x42, 0x22, 0x22, 0x2a, 0xfe, 0x10, 0x7,
    0xfd, 0x55, 0x55, 0x57, 0xfe, 0x20, 0x0, 0x7,
    0xff, 0xff, 0xff, 0xfe, 0x20, 0x0, 0x0, 0x8,
    0xff, 0xff, 0xfe, 0x20, 0x0, 0x0, 0x0, 0x8,
    0xff, 0xfe, 0x20, 0x0, 0x0, 0x0, 0x0, 0x9,
    0xfe, 0x30, 0x0, 0x0, 0x0, 0x0, 0x0, 0x1f,
    0xa0, 0x0, 0x0, 0x0, 0x0, 0x0, 0x1, 0xfa,
    0x0, 0x0, 0x0, 0x0, 0x0, 0x0, 0x1f, 0xa0,
    0x0, 0x0, 0x0, 0x0, 0x0, 0x1, 0xfa, 0x0,
    0x0, 0x0, 0x0, 0x0, 0x7f, 0xff, 0xff, 0xe2,
    0x0, 0x0, 0x0, 0x5, 0xbc, 0xcc, 0xca, 0x10,
    0x0,

    /* U+F57C "" */
    0x0, 0x0, 0x1, 0x33, 0x10, 0x0, 0x0, 0x0,
    0x3, 0xbf, 0xff, 0xfb, 0x30, 0x0, 0x0, 0x7f,
    0xf7, 0x22, 0x4b, 0xf7, 0x0, 0x6, 0xff, 0xf4,
    0x0, 0x0, 0x5f, 0x60, 0x2f, 0xff, 0xf4, 0x4a,
    0x20, 0x6, 0xf2, 0x9f, 0xff, 0xff, 0xff, 0x30,
    0x1, 0xe9, 0xdf, 0xff, 0xd2, 0x0, 0x3, 0xff,
    0xfd, 0xff, 0xff, 0x60, 0x0, 0x0, 0xcf, 0xff,
    0xef, 0xff, 0x60, 0x0, 0x0, 0x8f, 0xfe, 0xcf,
    0xff, 0xd8, 0x40, 0x1, 0xdf, 0xfb, 0x6f, 0xff,
    0xff, 0xf0, 0x6, 0xff, 0xf6, 0xc, 0xff, 0xff,
    0xf2, 0x2e, 0xff, 0xb0, 0x2, 0xef, 0xff, 0xff,
    0xff, 0xfe, 0x20, 0x0, 0x1a, 0xff, 0xff, 0xff,
    0xa1, 0x0, 0x0, 0x0, 0x49, 0xbb, 0x94, 0x0,
    0x0,

    /* U+F57D "" */
    0x0, 0x0, 0x1, 0x33, 0x10, 0x0, 0x0, 0x0,
    0x3, 0xbf, 0xff, 0xfb, 0x30, 0x0, 0x0, 0x7f,
    0xb5, 0x2a, 0xff, 0xf7, 0x0, 0x6, 0xf5, 0x0,
    0x2f, 0xff, 0xff, 0x60, 0x2f, 0x60, 0x0, 0x2f,
    0xff, 0xff, 0xf2, 0x9d, 0x0, 0x0, 0xb, 0xff,
    0xf8, 0xc9, 0xdc, 0x0, 0x9, 0xff, 0xff, 0xf0,
    0x7d, 0xff, 0xea, 0x23, 0xbc, 0xcf, 0xf1, 0x5f,
    0xef, 0xff, 0xe1, 0x0, 0x7, 0xfe, 0xee, 0xcf,
    0xff, 0xf4, 0x0, 0x6, 0xff, 0xfb, 0x6f, 0xff,
    0xf7, 0x0, 0x1d, 0xff, 0xf6, 0xc, 0xff, 0xff,
    0x10, 0xcf, 0xff, 0xb0, 0x2, 0xef, 0xff, 0x55,
    0xff, 0xfe, 0x20, 0x0, 0x1a, 0xff, 0xff, 0xff,
    0xa1, 0x0, 0x0, 0x0, 0x49, 0xbb, 0x94, 0x0,
    0x0,

    /* U+F57E "" */
    0x0, 0x0, 0x1, 0x33, 0x10, 0x0, 0x0, 0x0,
    0x3, 0xbf, 0xff, 0xfb, 0x30, 0x0, 0x0, 0x7f,
    0xb5, 0x21, 0xcf, 0xf7, 0x0, 0x6, 0xf6, 0x0,
    0x0, 0xbf, 0xff, 0x60, 0x2f, 0x70, 0x0, 0x4,
    0xea, 0xff, 0xf2, 0x9d, 0x0, 0x0, 0x8, 0xd7,
    0xff, 0xf9, 0xd9, 0x0, 0x0, 0xb, 0xff, 0xff,
    0xfd, 0xf5, 0x0, 0x0, 0xde, 0xff, 0xff, 0xff,
    0xe9, 0x63, 0x0, 0xe2, 0xfd, 0xae, 0xfe, 0xcf,
    0xff, 0xcd, 0xfe, 0xb0, 0x1, 0xdb, 0x6f, 0xfa,
    0x2d, 0xff, 0x0, 0x3, 0xf6, 0xc, 0xfe, 0xcf,
    0xff, 0x0, 0x1c, 0xb0, 0x2, 0xef, 0xff, 0xff,
    0xfc, 0xce, 0x20, 0x0, 0x1a, 0xff, 0xff, 0xff,
    0xa1, 0x0, 0x0, 0x0, 0x49, 0xbb, 0x94, 0x0,
    0x0,

    /* U+F57F "" */
    0x0, 0x0, 0x0, 0x11, 0x0, 0x0, 0x0, 0x0,
    0x1, 0xaf, 0xff, 0xfa, 0x10, 0x0, 0x0, 0x6f,
    0xff, 0xff, 0xff, 0xf5, 0x0, 0x5, 0xff, 0xff,
    0xff, 0xff, 0xff, 0x50, 0x1e, 0xff, 0xff, 0xff,
    0xff, 0xff, 0xe1, 0x8f, 0xff, 0xdf, 0xff, 0xfd,
    0xff, 0xf8, 0xdf, 0xff, 0x8, 0xff, 0x80, 0xff,
    0xfd, 0xff, 0xff, 0xae, 0xff, 0xea, 0xff, 0xff,
    0xff, 0xff, 0xff, 0xff, 0xff, 0xff, 0xfe, 0xcf,
    0xf9, 0xe5, 0xaa, 0x5e, 0x9f, 0xfc, 0x7f, 0xf2,
    0xe2, 0x99, 0x2e, 0x2f, 0xf7, 0xd, 0xf8, 0xe4,
    0xaa, 0x4e, 0x8f, 0xd0, 0x3, 0xff, 0xff, 0xff,
    0xff, 0xff, 0x30, 0x0, 0x3d, 0xff, 0xff, 0xff,
    0xd3, 0x0, 0x0, 0x0, 0x7c, 0xee, 0xc7, 0x0,
    0x0,

    /* U+F580 "" */
    0x0, 0x0, 0x0, 0x11, 0x0, 0x0, 0x0, 0x0,
    0x1, 0xaf, 0xff, 0xfa, 0x10, 0x0, 0x0, 0x6f,
    0xff, 0xff, 0xff, 0xf6, 0x0, 0x5, 0xff, 0xff,
    0xff, 0xff, 0xff, 0x50, 0x1e, 0xff, 0xff, 0xff,
    0xff, 0xff, 0xe1, 0x8f, 0xff, 0xde, 0xff, 0xfd,
    0xff, 0xf8, 0xdf, 0xff, 0x5, 0xff, 0x70, 0xff,
    0xfd, 0xff, 0xff, 0xbd, 0xff, 0xeb, 0xff, 0xff,
    0xef, 0xff, 0xff, 0xff, 0xff, 0xff, 0xfe, 0xcf,
    0xf5, 0x8b, 0xcc, 0xb8, 0x5f, 0xfc, 0x7f, 0xf4,
    0x0, 0x0, 0x0, 0x4f, 0xf7, 0xc, 0xfe, 0x20,
    0x0, 0x2, 0xef, 0xc0, 0x2, 0xff, 0xfa, 0x66,
    0xaf, 0xff, 0x20, 0x0, 0x2c, 0xff, 0xff, 0xff,
    0xc2, 0x0, 0x0, 0x0, 0x5a, 0xcc, 0xa5, 0x0,
    0x0,

    /* U+F581 "" */
    0x0, 0x0, 0x2, 0x44, 0x20, 0x0, 0x0, 0x0,
    0x4, 0xdf, 0xff, 0xfd, 0x40, 0x0, 0x0, 0x9f,
    0xff, 0xff, 0xff, 0xf9, 0x0, 0x7, 0xff, 0xff,
    0xff, 0xff, 0xff, 0x70, 0x2f, 0xff, 0x7a, 0xff,
    0xc6, 0xff, 0xf2, 0x9f, 0xff, 0x5, 0xff, 0x70,
    0xff, 0xf9, 0xdf, 0xff, 0x5, 0xff, 0x70, 0xff,
    0xfd, 0xff, 0xff, 0x6a, 0xff, 0xc6, 0xff, 0xff,
    0xef, 0xff, 0xff, 0xff, 0xff, 0xff, 0xfe, 0xcf,
    0xf2, 0x58, 0x99, 0x85, 0x2f, 0xfc, 0x6f, 0xf5,
    0x0, 0x0, 0x0, 0x5f, 0xf6, 0xc, 0xff, 0x30,
    0x0, 0x3, 0xff, 0xc0, 0x2, 0xff, 0xfa, 0x66,
    0xaf, 0xff, 0x20, 0x0, 0x2c, 0xff, 0xff, 0xff,
    0xc2, 0x0, 0x0, 0x0, 0x5a, 0xcc, 0xa5, 0x0,
    0x0,

    /* U+F582 "" */
    0x0, 0x0, 0x0, 0x11, 0x0, 0x0, 0x0, 0x0,
    0x1, 0xaf, 0xff, 0xfa, 0x10, 0x0, 0x0, 0x6f,
    0xff, 0xff, 0xff, 0xf6, 0x0, 0x5, 0xff, 0xff,
    0xff, 0xff, 0xff, 0x50, 0x1e, 0xff, 0xcc, 0xff,
    0xeb, 0xff, 0xe1, 0x8f, 0xf5, 0x10, 0x7d, 0x1,
    0x4f, 0xf8, 0xdf, 0xf0, 0xe8, 0x29, 0x6f, 0xf,
    0xfd, 0xff, 0xff, 0xff, 0xff, 0xff, 0xff, 0xff,
    0xef, 0xff, 0xff, 0xff, 0xff, 0xff, 0xfe, 0xcf,
    0xf3, 0x68, 0x99, 0x86, 0x3f, 0xfc, 0x7f, 0xf5,
    0x0, 0x0, 0x0, 0x5f, 0xf7, 0xc, 0xff, 0x30,
    0x0, 0x3, 0xff, 0xc0, 0x2, 0xff, 0xfa, 0x66,
    0xaf, 0xff, 0x20, 0x0, 0x2c, 0xff, 0xff, 0xff,
    0xc2, 0x0, 0x0, 0x0, 0x5a, 0xcc, 0xa5, 0x0,
    0x0,

    /* U+F583 "" */
    0x0, 0x0, 0x0, 0x0, 0x0, 0x0, 0x0, 0x0,
    0x0, 0x0, 0x0, 0x1, 0x10, 0x0, 0x9, 0x90,
    0x0, 0x0, 0x2b, 0xff, 0xfe, 0x90, 0x5f, 0xf5,
    0x0, 0x7, 0xff, 0xff, 0xff, 0xf0, 0xbf, 0xfa,
    0x0, 0x7f, 0xff, 0xff, 0xff, 0xf1, 0x7f, 0xf6,
    0x2, 0xff, 0xfb, 0xef, 0xfc, 0xca, 0x3, 0x30,
    0xa, 0xff, 0x21, 0x1e, 0x50, 0x17, 0xc6, 0x20,
    0xf, 0xfe, 0x1f, 0x7b, 0xa, 0xc2, 0xff, 0xa0,
    0x1f, 0xff, 0xff, 0xff, 0xff, 0xff, 0xff, 0xd0,
    0x1f, 0xff, 0xff, 0xff, 0xff, 0xff, 0xff, 0xc0,
    0xe, 0xfe, 0x36, 0x8a, 0x98, 0x54, 0xff, 0xa0,
    0x9, 0xff, 0x30, 0x0, 0x0, 0x7, 0xff, 0x50,
    0x1, 0xef, 0xe2, 0x0, 0x0, 0x5f, 0xfb, 0x0,
    0x0, 0x4f, 0xff, 0x96, 0x6b, 0xff, 0xe1, 0x0,
    0x0, 0x3, 0xdf, 0xff, 0xff, 0xfb, 0x10, 0x0,
    0x0, 0x0, 0x6, 0xbd, 0xca, 0x40, 0x0, 0x0,

    /* U+F584 "" */
    0x0, 0x0, 0x0, 0x1, 0x0, 0x0, 0x0, 0x0,
    0x2, 0x9e, 0xff, 0xea, 0x20, 0x0, 0x8, 0xcf,
    0xff, 0xff, 0xff, 0xfc, 0x80, 0x9f, 0x9c, 0xc9,
    0xef, 0xab, 0xd9, 0xe9, 0xe7, 0x0, 0x0, 0x5c,
    0x0, 0x0, 0x7e, 0xd8, 0x0, 0x0, 0x7d, 0x0,
    0x0, 0x8d, 0xdf, 0x40, 0x3, 0xff, 0x80, 0x3,
    0xfd, 0xff, 0xf9, 0x8f, 0xff, 0xfa, 0x7f, 0xff,
    0xef, 0xff, 0xff, 0xff, 0xff, 0xff, 0xfe, 0xcf,
    0xfc, 0xff, 0xff, 0xff, 0xcf, 0xfc, 0x6f, 0xf1,
    0x2, 0x33, 0x20, 0x1f, 0xf6, 0xc, 0xfb, 0x0,
    0x0, 0x0, 0xbf, 0xc0, 0x2, 0xef, 0xc4, 0x11,
    0x4c, 0xfe, 0x20, 0x0, 0x1a, 0xff, 0xff, 0xff,
    0xa1, 0x0, 0x0, 0x0, 0x49, 0xbb, 0x94, 0x0,
    0x0,

    /* U+F585 "" */
    0x0, 0x0, 0x0, 0x1, 0x10, 0x0, 0x0, 0x0,
    0x0, 0x2, 0xaf, 0xff, 0xe9, 0x10, 0x0, 0x0,
    0x7, 0xff, 0xff, 0xff, 0xfe, 0x40, 0x0, 0x7,
    0xff, 0xff, 0xff, 0xff, 0xff, 0x30, 0x2, 0xff,
    0xce, 0xff, 0xff, 0xdd, 0xfd, 0x0, 0xaf, 0xf9,
    0x7, 0xfe, 0x50, 0xbf, 0xf7, 0xf, 0xff, 0xb0,
    0x4e, 0xd2, 0x2d, 0xff, 0xb1, 0xff, 0xfa, 0xcf,
    0xff, 0xfa, 0xbf, 0xfd, 0xf, 0xff, 0xff, 0xff,
    0xff, 0xff, 0xff, 0xd0, 0xef, 0xf5, 0x8b, 0xcc,
    0xb8, 0x5f, 0xfa, 0x8, 0xff, 0x40, 0x0, 0x0,
    0x4, 0xff, 0x50, 0xe, 0xfe, 0x20, 0x0, 0x2,
    0xef, 0xb0, 0x0, 0x4f, 0xff, 0xa6, 0x6a, 0xff,
    0xe1, 0x0, 0x0, 0x3d, 0xff, 0xff, 0xff, 0xb1,
    0x0, 0x0, 0x0, 0x6, 0xbd, 0xca, 0x50, 0x0,
    0x0,

    /* U+F586 "" */
    0x0, 0x0, 0x0, 0x12, 0x20, 0x0, 0x8, 0x60,
    0x0, 0x0, 0x5c, 0xff, 0xff, 0xa1, 0x6f, 0xf3,
    0x0, 0x9, 0xff, 0xff, 0xff, 0xf1, 0x9f, 0xd0,
    0x0, 0x9f, 0xff, 0xfb, 0x7f, 0xf3, 0x23, 0x0,
    0x4, 0xff, 0xff, 0xf5, 0x49, 0xfe, 0x77, 0x10,
    0xa, 0xff, 0xff, 0xf1, 0x28, 0xff, 0xff, 0x60,
    0xf, 0xff, 0xff, 0xfe, 0xff, 0xf5, 0xcf, 0xb0,
    0xf, 0xfb, 0x40, 0xdf, 0xff, 0xa0, 0x8f, 0xc0,
    0xf, 0xfa, 0x61, 0xff, 0xfc, 0x0, 0x8f, 0xc0,
    0xd, 0xff, 0xb7, 0xff, 0xc1, 0x0, 0xbf, 0x90,
    0x7, 0xff, 0xff, 0xf9, 0x0, 0x4, 0xff, 0x40,
    0x0, 0x0, 0xbf, 0x50, 0x0, 0x4e, 0xfa, 0x0,
    0x8, 0xb4, 0x4f, 0xea, 0x9c, 0xff, 0xd1, 0x0,
    0x7f, 0xf4, 0x5f, 0xff, 0xff, 0xfa, 0x0, 0x0,
    0x4f, 0xe0, 0x3, 0x9a, 0xa7, 0x20, 0x0, 0x0,
    0x1, 0x0, 0x0, 0x0, 0x0, 0x0, 0x0, 0x0,

    /* U+F587 "" */
    0x0, 0x0, 0x0, 0x13, 0x31, 0x0, 0x0, 0x0,
    0x0, 0x0, 0x4b, 0xff, 0xff, 0xb4, 0x0, 0x0,
    0x0, 0x8, 0xff, 0xff, 0xff, 0xff, 0x90, 0x0,
    0x1, 0xaf, 0x8a, 0xff, 0xff, 0xa8, 0xfa, 0x20,
    0xc, 0xd8, 0x1, 0x8e, 0xe9, 0x10, 0x8d, 0xc0,
    0xc, 0xb0, 0x0, 0xc, 0xc0, 0x0, 0xb, 0xd0,
    0xd, 0xf5, 0x0, 0x7f, 0xf7, 0x0, 0x5f, 0xd0,
    0xf, 0xf5, 0x76, 0x7f, 0xf7, 0x67, 0x5f, 0xf0,
    0xe, 0xff, 0xff, 0xff, 0xff, 0xff, 0xff, 0xe0,
    0xc, 0xff, 0xbe, 0xff, 0xff, 0xeb, 0xff, 0xb0,
    0x6, 0xff, 0x20, 0x1, 0x10, 0x2, 0xff, 0x60,
    0x0, 0xcf, 0xb0, 0x0, 0x0, 0xb, 0xfb, 0x0,
    0x0, 0x2e, 0xfc, 0x41, 0x14, 0xcf, 0xe2, 0x0,
    0x0, 0x1, 0xaf, 0xff, 0xff, 0xfa, 0x10, 0x0,
    0x0, 0x0, 0x4, 0x9b, 0xb9, 0x40, 0x0, 0x0,

    /* U+F588 "" */
    0x0, 0x0, 0x0, 0x0, 0x10, 0x0, 0x0, 0x0,
    0x0, 0x0, 0x0, 0x3, 0xbe, 0xff, 0xd8, 0x0,
    0x0, 0x0, 0x0, 0x0, 0xaf, 0xff, 0xff, 0xff,
    0xe4, 0x0, 0x0, 0x0, 0xa, 0xff, 0xff, 0xff,
    0xff, 0xff, 0x20, 0x0, 0x0, 0x5f, 0xff, 0xbe,
    0xff, 0xcd, 0xff, 0xd0, 0x0, 0x0, 0xcf, 0xe1,
    0x11, 0xd6, 0x10, 0x8f, 0xf4, 0x0, 0x0, 0x5b,
    0xc2, 0xf4, 0xa2, 0xca, 0x4f, 0x72, 0x0, 0x17,
    0x80, 0xff, 0xff, 0xff, 0xff, 0xf8, 0x38, 0x40,
    0xdf, 0xe0, 0xff, 0xff, 0xff, 0xff, 0xf7, 0x6f,
    0xf5, 0xcf, 0x92, 0xc3, 0x69, 0xa9, 0x85, 0x5b,
    0x1f, 0xf4, 0x4, 0xa, 0xf2, 0x0, 0x0, 0x0,
    0x9f, 0x32, 0x30, 0x0, 0x2f, 0xfd, 0x10, 0x0,
    0x6, 0xff, 0x90, 0x0, 0x0, 0x6, 0xff, 0xf9,
    0x67, 0xcf, 0xfd, 0x0, 0x0, 0x0, 0x0, 0x5f,
    0xff, 0xff, 0xff, 0xb0, 0x0, 0x0, 0x0, 0x0,
    0x0, 0x6a, 0xdc, 0x93, 0x0, 0x0, 0x0,

    /* U+F589 "" */
    0x0, 0x0, 0x0, 0x11, 0x0, 0x0, 0x0, 0x0,
    0x1, 0xaf, 0xff, 0xfa, 0x10, 0x0, 0x0, 0x6f,
    0xff, 0xff, 0xff, 0xf6, 0x0, 0x5, 0xff, 0xff,
    0xff, 0xff, 0xff, 0x50, 0x1e, 0xff, 0xff, 0xff,
    0xff, 0xff, 0xe1, 0x9f, 0xff, 0xcf, 0xff, 0xed,
    0xff, 0xf9, 0xdf, 0xff, 0x9, 0xff, 0x40, 0xff,
    0xfd, 0xff, 0xff, 0xbe, 0xff, 0xdb, 0xff, 0xff,
    0xef, 0xff, 0xff, 0xff, 0xff, 0xff, 0xfe, 0xbf,
    0xf5, 0x8b, 0xcc, 0xb8, 0x5f, 0xfb, 0x6f, 0xf6,
    0x0, 0x0, 0x0, 0x6f, 0xf5, 0xd, 0xfe, 0xb,
    0x8c, 0x60, 0xef, 0xd0, 0x2, 0xee, 0xe, 0xff,
    0x90, 0xfe, 0x20, 0x0, 0x2b, 0xc, 0xff, 0x70,
    0xb2, 0x0, 0x0, 0x0, 0x2, 0xa8, 0x0, 0x0,
    0x0,

    /* U+F58A "" */
    0x0, 0x0, 0x0, 0x1, 0x10, 0x0, 0x0, 0x0,
    0x0, 0x3, 0xbf, 0xff, 0xe9, 0x10, 0x0, 0x0,
    0x8, 0xff, 0xff, 0xff, 0xfe, 0x40, 0x0, 0x8,
    0xff, 0xff, 0xff, 0xff, 0xff, 0x30, 0x3, 0xff,
    0xcf, 0xff, 0xff, 0xdd, 0xfd, 0x0, 0xbf, 0xf8,
    0x18, 0xfe, 0x51, 0xcf, 0xf6, 0xf, 0xff, 0xa0,
    0x4f, 0xc2, 0x2e, 0xff, 0xa2, 0xff, 0xf9, 0xcf,
    0xff, 0xfa, 0xcf, 0xfc, 0x1f, 0xff, 0xff, 0xff,
    0xff, 0xff, 0xff, 0xb0, 0xef, 0xd6, 0x9b, 0xcc,
    0xb8, 0x6f, 0xf9, 0x8, 0xff, 0x30, 0x0, 0x0,
    0x8, 0xff, 0x30, 0x1f, 0xfb, 0xb, 0x8c, 0x61,
    0xff, 0xb0, 0x0, 0x4f, 0xc0, 0xef, 0xf9, 0x1f,
    0xd1, 0x0, 0x0, 0x3a, 0xc, 0xff, 0x73, 0xa1,
    0x0, 0x0, 0x0, 0x0, 0x2a, 0x80, 0x0, 0x0,
    0x0,

    /* U+F58B "" */
    0x0, 0x0, 0x0, 0x11, 0x0, 0x0, 0x0, 0x0,
    0x2, 0xaf, 0xff, 0xfa, 0x10, 0x0, 0x0, 0x6f,
    0xff, 0xff, 0xff, 0xf6, 0x0, 0x5, 0xff, 0xff,
    0xff, 0xff, 0xff, 0x50, 0x1e, 0xff, 0xff, 0xff,
    0xfe, 0xff, 0xe1, 0x9f, 0xfd, 0x9e, 0xfc, 0x11,
    0x7f, 0xf9, 0xdf, 0xc1, 0x61, 0xf7, 0x5b, 0x1f,
    0xfd, 0xff, 0xcb, 0xf9, 0xed, 0x21, 0x8f, 0xff,
    0xef, 0xff, 0xff, 0xff, 0xff, 0xff, 0xfe, 0xbf,
    0xf3, 0x69, 0xaa, 0x96, 0x3f, 0xfb, 0x5f, 0xf7,
    0x0, 0x0, 0x0, 0x6f, 0xf6, 0xd, 0xfe, 0x9,
    0xaa, 0x90, 0xef, 0xd0, 0x2, 0xef, 0xc, 0xff,
    0xc0, 0xfe, 0x20, 0x0, 0x2b, 0xa, 0xff, 0x90,
    0xb2, 0x0, 0x0, 0x0, 0x1, 0xa9, 0x10, 0x0,
    0x0,

    /* U+F58C "" */
    0x0, 0x0, 0x1, 0x33, 0x10, 0x0, 0x0, 0x0,
    0x2, 0xbf, 0xff, 0xfb, 0x20, 0x0, 0x0, 0x7f,
    0xff, 0xff, 0xff, 0xf7, 0x0, 0x6, 0xff, 0xff,
    0xff, 0xff, 0xff, 0x60, 0x1f, 0xff, 0xff, 0xff,
    0xff, 0xff, 0xf1, 0x9f, 0xff, 0xbd, 0xfe, 0x31,
    0x9f, 0xf9, 0xdf, 0xff, 0x5, 0xf8, 0x6a, 0x1f,
    0xfd, 0xff, 0xff, 0xcd, 0xff, 0xff, 0xff, 0xff,
    0xef, 0xff, 0xff, 0xff, 0xff, 0xff, 0xfe, 0xcf,
    0xf3, 0x68, 0x99, 0x86, 0x3f, 0xfc, 0x6f, 0xf5,
    0x0, 0x0, 0x0, 0x5f, 0xf6, 0xc, 0xff, 0x30,
    0x0, 0x3, 0xff, 0xc0, 0x2, 0xff, 0xfa, 0x66,
    0xaf, 0xff, 0x20, 0x0, 0x2c, 0xff, 0xff, 0xff,
    0xc2, 0x0, 0x0, 0x0, 0x5a, 0xcc, 0xa5, 0x0,
    0x0,

    /* U+F58D "" */
    0x48, 0x70, 0x3, 0x87, 0x10, 0x28, 0x81, 0xff,
    0xf7, 0xd, 0xff, 0x80, 0xcf, 0xf9, 0xff, 0xf7,
    0xe, 0xff, 0x90, 0xdf, 0xfa, 0x9f, 0xe3, 0x8,
    0xfe, 0x40, 0x7f, 0xe5, 0x0, 0x0, 0x0, 0x0,
    0x0, 0x0, 0x0, 0x37, 0x60, 0x2, 0x76, 0x0,
    0x27, 0x61, 0xef, 0xf6, 0xd, 0xff, 0x70, 0xcf,
    0xf9, 0xff, 0xf7, 0xe, 0xff, 0x90, 0xdf, 0xfa,
    0xbf, 0xf3, 0x9, 0xff, 0x40, 0x8f, 0xf6, 0x0,
    0x0, 0x0, 0x0, 0x0, 0x0, 0x0,

    /* U+F58E "" */
    0x37, 0x60, 0x2, 0x76, 0xe, 0xff, 0x60, 0xdf,
    0xf7, 0xff, 0xf7, 0xe, 0xff, 0x9b, 0xff, 0x30,
    0x9f, 0xf4, 0x0, 0x0, 0x0, 0x0, 0x0, 0x0,
    0x0, 0x0, 0x0, 0xaf, 0xe3, 0x9, 0xff, 0x4f,
    0xff, 0x70, 0xef, 0xf9, 0xef, 0xf6, 0xd, 0xff,
    0x83, 0x76, 0x0, 0x27, 0x71, 0x0, 0x0, 0x0,
    0x0, 0x4, 0x87, 0x0, 0x38, 0x71, 0xff, 0xf7,
    0xd, 0xff, 0x8f, 0xff, 0x70, 0xef, 0xf9, 0x9f,
    0xe3, 0x8, 0xfe, 0x40,

    /* U+F58F "" */
    0x0, 0x0, 0x0, 0x0, 0x0, 0x0, 0x0, 0x0,
    0x8d, 0xff, 0xd8, 0x0, 0x0, 0x2, 0xdf, 0xeb,
    0xbe, 0xfd, 0x20, 0x0, 0xcf, 0x80, 0x0, 0x7,
    0xfd, 0x0, 0x6f, 0x90, 0x0, 0x0, 0x8, 0xf8,
    0xb, 0xf0, 0x0, 0x0, 0x0, 0xf, 0xc0, 0xed,
    0x0, 0x0, 0x0, 0x0, 0xcf, 0xf, 0xc3, 0x10,
    0x0, 0x1, 0x3b, 0xf1, 0xff, 0xff, 0x20, 0x1,
    0xff, 0xff, 0x1f, 0xff, 0xf5, 0x0, 0x4f, 0xff,
    0xf1, 0xff, 0xff, 0x50, 0x4, 0xff, 0xff, 0x1f,
    0xff, 0xf5, 0x0, 0x4f, 0xff, 0xf0, 0xaf, 0xff,
    0x50, 0x4, 0xff, 0xfb, 0x0, 0x9d, 0xb0, 0x0,
    0xa, 0xd9, 0x10,

    /* U+F590 "" */
    0x0, 0x0, 0x0, 0x10, 0x0, 0x0, 0x0, 0x0,
    0x7d, 0xff, 0xd9, 0x10, 0x0, 0x2, 0xdf, 0xeb,
    0xad, 0xfe, 0x40, 0x0, 0xcf, 0x80, 0x0, 0x5,
    0xfe, 0x10, 0x6f, 0x80, 0x0, 0x0, 0x4, 0xfa,
    0xb, 0xf1, 0x0, 0x0, 0x0, 0xc, 0xf0, 0xef,
    0xfd, 0x10, 0x0, 0xaf, 0xff, 0x2f, 0xff, 0xf5,
    0x0, 0x1f, 0xff, 0xf3, 0xff, 0xff, 0x60, 0x2,
    0xff, 0xff, 0x4c, 0xff, 0xf5, 0x0, 0x1f, 0xff,
    0xf4, 0x3e, 0xff, 0x20, 0x0, 0xdf, 0xff, 0x40,
    0x3, 0x10, 0x0, 0x0, 0x31, 0xf3, 0x0, 0x0,
    0x19, 0xa3, 0x0, 0x5f, 0x10, 0x0, 0x8, 0xff,
    0xd5, 0x7f, 0x90, 0x0, 0x0, 0x3d, 0xff, 0xfd,
    0x80, 0x0,

    /* U+F591 "" */
    0x0, 0x0, 0x0, 0x0, 0x0, 0x0, 0x10, 0x0,
    0x0, 0x0, 0x0, 0x0, 0x4, 0xef, 0x60, 0x0,
    0x0, 0x0, 0x0, 0x8, 0xff, 0xef, 0x60, 0x0,
    0x0, 0x0, 0x2c, 0xfd, 0x34, 0xfc, 0x0, 0x0,
    0x0, 0x5f, 0xfa, 0x0, 0xcf, 0x60, 0x0, 0x0,
    0x9f, 0xf5, 0x0, 0x8f, 0xa0, 0x0, 0x1, 0xdf,
    0xd2, 0x0, 0x4f, 0xd0, 0x0, 0x0, 0x7f, 0xfb,
    0x0, 0x1e, 0xf3, 0x0, 0x0, 0x8, 0xff, 0xfb,
    0xb, 0xf6, 0x0, 0x0, 0x0, 0xaf, 0xff, 0xfe,
    0xfb, 0x0, 0x0, 0x0, 0x4f, 0xff, 0xff, 0xfe,
    0x10, 0x0, 0x0, 0x2, 0xef, 0xff, 0xff, 0x30,
    0x0, 0x0, 0xa, 0x23, 0xeb, 0x22, 0x0, 0x0,
    0x0, 0xb, 0xfe, 0x20, 0x0, 0x0, 0x0, 0x0,
    0x0, 0x9c, 0xb2, 0x0, 0x0, 0x0, 0x0, 0x0,
    0x0,

    /* U+F593 "" */
    0x0, 0x0, 0x9, 0x40, 0x65, 0x0, 0x6, 0xfa,
    0x0, 0xcd, 0x8, 0xd0, 0x0, 0xaf, 0xf0, 0x3,
    0xfa, 0x2f, 0xa0, 0x3, 0xc6, 0x0, 0x3, 0xf6,
    0x3f, 0x50, 0x0, 0x0, 0x0, 0xa, 0xa0, 0xb9,
    0x6, 0xff, 0x93, 0x0, 0x23, 0x2, 0x20, 0xff,
    0xff, 0xfd, 0x74, 0x44, 0x30, 0xf, 0xff, 0xff,
    0xff, 0xff, 0xff, 0xb0, 0xff, 0xaf, 0xfc, 0xcf,
    0xfa, 0xff, 0xf, 0xf0, 0xef, 0x43, 0xff, 0xe,
    0xf1, 0xff, 0xe, 0xf4, 0x3f, 0xf0, 0xef, 0x1f,
    0xf2, 0xff, 0x65, 0xff, 0x2f, 0xf1, 0xdf, 0xff,
    0xff, 0xff, 0xff, 0xfe, 0x3, 0xbc, 0xcc, 0xcc,
    0xcc, 0xcb, 0x40,

    /* U+F594 "" */
    0x14, 0x44, 0x44, 0x44, 0x44, 0x44, 0x30, 0xaf,
    0xff, 0xff, 0xff, 0xff, 0xff, 0xf3, 0xe, 0xff,
    0xff, 0xff, 0xff, 0xff, 0x80, 0xe, 0xf6, 0xbf,
    0x7a, 0xf7, 0xaf, 0x70, 0xe, 0xe0, 0x7f, 0x6,
    0xf0, 0x5f, 0x70, 0xe, 0xfe, 0xff, 0xef, 0xfe,
    0xff, 0x70, 0xe, 0xe0, 0x7f, 0x16, 0xf1, 0x5f,
    0x70, 0xe, 0xf4, 0xaf, 0x59, 0xf5, 0x8f, 0x70,
    0xe, 0xff, 0xff, 0xff, 0xff, 0xff, 0x70, 0xe,
    0xff, 0xf8, 0x13, 0xcf, 0xff, 0x70, 0xe, 0xff,
    0xa0, 0x0, 0x1e, 0xff, 0x70, 0xe, 0xff, 0xb8,
    0x2, 0x8e, 0xff, 0x70, 0xe, 0xff, 0xfe, 0x5,
    0xff, 0xff, 0x70, 0x2e, 0xff, 0xff, 0x59, 0xff,
    0xff, 0xa0, 0x9f, 0xff, 0xff, 0xff, 0xff, 0xff,
    0xe3,

    /* U+F595 "" */
    0x0, 0x0, 0x0, 0x0, 0x0, 0x0, 0x10, 0x0,
    0x0, 0x0, 0x0, 0x0, 0xc, 0x72, 0xf1, 0x0,
    0x0, 0x0, 0x0, 0x0, 0xb, 0x91, 0xf5, 0x0,
    0x0, 0x0, 0x0, 0x0, 0x8, 0xd0, 0xbd, 0x10,
    0x0, 0x0, 0x0, 0x0, 0x2, 0xf6, 0x1d, 0xb0,
    0x0, 0x0, 0x0, 0x0, 0x0, 0x7f, 0x43, 0xf4,
    0x0, 0x0, 0x0, 0x0, 0x0, 0xa, 0xe0, 0xc8,
    0x0, 0x0, 0x0, 0x0, 0x0, 0x3, 0xf1, 0x9b,
    0x0, 0x0, 0x0, 0x0, 0x0, 0x0, 0x90, 0x46,
    0x0, 0x0, 0x0, 0x66, 0x20, 0x44, 0x10, 0x0,
    0x28, 0xcf, 0x71, 0xef, 0xc0, 0x9f, 0xff, 0xb2,
    0xef, 0xff, 0xf2, 0x6f, 0xf6, 0x1e, 0xff, 0xfa,
    0x7e, 0xff, 0xfb, 0xc, 0xff, 0x16, 0xff, 0xf6,
    0x0, 0x26, 0x9c, 0x12, 0xef, 0x80, 0x65, 0x20,

    /* U+F596 "" */
    0x0, 0x0, 0x0, 0x11, 0x0, 0x0, 0x0, 0x0,
    0x1, 0xaf, 0xff, 0xfa, 0x10, 0x0, 0x0, 0x6f,
    0xff, 0xff, 0xff, 0xf6, 0x0, 0x5, 0xff, 0xff,
    0xff, 0xff, 0xff, 0x50, 0x1e, 0xff, 0xff, 0xff,
    0xff, 0xff, 0xe1, 0x9f, 0xff, 0xde, 0xff, 0xec,
    0xff, 0xf9, 0xdf, 0xff, 0x5, 0xff, 0x70, 0xff,
    0xfd, 0xff, 0xff, 0xde, 0xff, 0xfd, 0xff, 0xff,
    0xef, 0xff, 0xff, 0xdc, 0xff, 0xff, 0xfe, 0xcf,
    0xff, 0xff, 0xd2, 0x7f, 0xff, 0xfc, 0x6f, 0xff,
    0xff, 0x60, 0x6f, 0xff, 0xf6, 0xc, 0xff, 0xff,
    0xf3, 0x5f, 0xff, 0xc0, 0x2, 0xef, 0xff, 0x51,
    0xbf, 0xfe, 0x20, 0x0, 0x1a, 0xff, 0xff, 0xff,
    0xa1, 0x0, 0x0, 0x0, 0x49, 0xbb, 0x94, 0x0,
    0x0,

    /* U+F597 "" */
    0x0, 0x0, 0x0, 0x11, 0x0, 0x0, 0x0, 0x0,
    0x1, 0xaf, 0xff, 0xfa, 0x10, 0x0, 0x0, 0x6f,
    0xff, 0xff, 0xff, 0xf6, 0x0, 0x5, 0xff, 0xff,
    0xff, 0xff, 0xff, 0x50, 0x1e, 0xff, 0xde, 0xff,
    0xfc, 0xff, 0xe1, 0x9f, 0xf5, 0x21, 0x7d, 0x12,
    0x4f, 0xf9, 0xdf, 0xf0, 0xe9, 0x2a, 0x9e, 0xf,
    0xfd, 0xff, 0xff, 0xff, 0xff, 0xff, 0xff, 0xff,
    0xef, 0xff, 0xff, 0x98, 0xef, 0xff, 0xfe, 0xcf,
    0xff, 0xff, 0xd2, 0x6f, 0xff, 0xfc, 0x6f, 0xff,
    0xff, 0x60, 0x7f, 0xff, 0xf6, 0xc, 0xff, 0xff,
    0xf3, 0x5f, 0xff, 0xc0, 0x2, 0xef, 0xff, 0x51,
    0xbf, 0xfe, 0x20, 0x0, 0x1a, 0xff, 0xff, 0xff,
    0xa1, 0x0, 0x0, 0x0, 0x49, 0xbb, 0x94, 0x0,
    0x0,

    /* U+F598 "" */
    0x0, 0x0, 0x0, 0x13, 0x20, 0x0, 0x0, 0x0,
    0x0, 0x0, 0x0, 0x4c, 0xff, 0xff, 0xb2, 0x0,
    0x0, 0x0, 0x0, 0x9, 0xff, 0xff, 0xff, 0xff,
    0x60, 0x0, 0x0, 0x0, 0x8f, 0xff, 0xff, 0xff,
    0xff, 0xf4, 0x0, 0x0, 0x3, 0xff, 0xff, 0xff,
    0xff, 0xff, 0xfe, 0x10, 0x0, 0xb, 0xff, 0xfa,
    0xef, 0xc2, 0x1a, 0xff, 0x70, 0x0, 0xf, 0xff,
    0xe0, 0x8f, 0x59, 0xa3, 0xff, 0xb0, 0x0, 0x1f,
    0xff, 0xfc, 0xff, 0xef, 0xfe, 0xca, 0xc0, 0x0,
    0xf, 0xff, 0xff, 0xd8, 0xcf, 0xf4, 0x13, 0x0,
    0x0, 0xe, 0xff, 0xff, 0xf7, 0xe, 0x81, 0xef,
    0x90, 0x0, 0x8, 0xff, 0xff, 0xc1, 0xf, 0x46,
    0xff, 0xfb, 0x80, 0x0, 0xdf, 0xff, 0xf9, 0xe,
    0x55, 0xff, 0xff, 0xf4, 0x0, 0x3f, 0xff, 0xc0,
    0x5f, 0x71, 0xff, 0xff, 0xf3, 0x0, 0x2, 0xcf,
    0xff, 0xff, 0xd0, 0xbf, 0xfe, 0x60, 0x0, 0x0,
    0x4, 0x9b, 0xa8, 0x30, 0x5, 0x30, 0x0,

    /* U+F599 "" */
    0x0, 0x0, 0x1, 0x33, 0x10, 0x0, 0x0, 0x0,
    0x2, 0xbf, 0xff, 0xfb, 0x20, 0x0, 0x0, 0x7f,
    0xff, 0xff, 0xff, 0xf7, 0x0, 0x6, 0xff, 0xff,
    0xff, 0xff, 0xff, 0x60, 0x1f, 0xff, 0xff, 0xff,
    0xff, 0xff, 0xf1, 0x9f, 0xff, 0x59, 0xff, 0xa4,
    0xff, 0xf9, 0xdf, 0xff, 0x38, 0xff, 0xa3, 0xff,
    0xfd, 0xff, 0xff, 0xff, 0xff, 0xff, 0xff, 0xff,
    0xef, 0xfb, 0xbb, 0xbb, 0xbb, 0xbf, 0xfe, 0xcf,
    0xe0, 0x0, 0x0, 0x0, 0xe, 0xfc, 0x6f, 0xf4,
    0x0, 0x0, 0x0, 0x4f, 0xf6, 0xc, 0xfe, 0x30,
    0x0, 0x3, 0xef, 0xc0, 0x2, 0xff, 0xfa, 0x66,
    0xaf, 0xff, 0x20, 0x0, 0x2c, 0xff, 0xff, 0xff,
    0xc2, 0x0, 0x0, 0x0, 0x5a, 0xcc, 0xa5, 0x0,
    0x0,

    /* U+F59A "" */
    0x0, 0x0, 0x1, 0x33, 0x10, 0x0, 0x0, 0x0,
    0x2, 0xbf, 0xff, 0xfb, 0x20, 0x0, 0x0, 0x7f,
    0xff, 0xff, 0xff, 0xf7, 0x0, 0x6, 0xff, 0xff,
    0xff, 0xff, 0xff, 0x60, 0x1f, 0xfc, 0x34, 0xdf,
    0x63, 0xbf, 0xf1, 0x9f, 0xf1, 0x52, 0x4a, 0x16,
    0x1f, 0xf9, 0xdf, 0xf2, 0xfa, 0x4a, 0x8f, 0x3f,
    0xfd, 0xff, 0xff, 0xff, 0xff, 0xff, 0xff, 0xff,
    0xef, 0xfd, 0xcc, 0xcc, 0xcc, 0xdf, 0xfe, 0xcf,
    0xe0, 0x0, 0x0, 0x0, 0xd, 0xfc, 0x6f, 0xf4,
    0x0, 0x0, 0x0, 0x4f, 0xf6, 0xc, 0xfe, 0x20,
    0x0, 0x2, 0xef, 0xc0, 0x2, 0xff, 0xfa, 0x66,
    0xaf, 0xff, 0x20, 0x0, 0x2c, 0xff, 0xff, 0xff,
    0xc2, 0x0, 0x0, 0x0, 0x5a, 0xcc, 0xa5, 0x0,
    0x0,

    /* U+F59B "" */
    0x0, 0x0, 0x0, 0x13, 0x20, 0x0, 0x0, 0x0,
    0x0, 0x3, 0xcf, 0xff, 0xfb, 0x20, 0x0, 0x0,
    0x8, 0xff, 0xff, 0xff, 0xff, 0x60, 0x0, 0x8,
    0xff, 0xff, 0xff, 0xff, 0xff, 0x40, 0x3, 0xff,
    0xbd, 0xff, 0xff, 0xcc, 0xfe, 0x10, 0xbf, 0xfa,
    0x5, 0xfd, 0x41, 0xcf, 0xf7, 0xf, 0xff, 0xa0,
    0x6f, 0xd4, 0x1c, 0xff, 0xb1, 0xff, 0xfb, 0xdf,
    0xff, 0xfc, 0xcf, 0xfd, 0xf, 0xff, 0xff, 0xff,
    0xff, 0xff, 0xff, 0xd0, 0xef, 0xf2, 0x0, 0x0,
    0x0, 0x2f, 0xfa, 0x8, 0xff, 0x50, 0x0, 0x0,
    0x5, 0xff, 0x40, 0xd, 0xfe, 0x30, 0x0, 0x3,
    0xef, 0xb0, 0x0, 0x4f, 0xff, 0xa6, 0x6a, 0xff,
    0xe1, 0x0, 0x0, 0x3d, 0xff, 0xff, 0xff, 0xb1,
    0x0, 0x0, 0x0, 0x6, 0xbd, 0xca, 0x40, 0x0,
    0x0,

    /* U+F59C "" */
    0x0, 0x0, 0x0, 0x11, 0x0, 0x0, 0x0, 0x0,
    0x1, 0xaf, 0xff, 0xfa, 0x10, 0x0, 0x0, 0x6f,
    0xff, 0xff, 0xff, 0xf6, 0x0, 0x5, 0xff, 0xff,
    0xff, 0xff, 0xff, 0x50, 0x1e, 0xff, 0xff, 0xff,
    0xec, 0xff, 0xe1, 0x8f, 0xff, 0x6a, 0xfb, 0x12,
    0x4f, 0xf8, 0xdf, 0xff, 0x37, 0xf9, 0xbf, 0x4f,
    0xfd, 0xff, 0xff, 0xff, 0xff, 0xff, 0xff, 0xff,
    0xef, 0xfb, 0xbb, 0xbb, 0xbb, 0xbf, 0xfe, 0xcf,
    0xe0, 0x0, 0x0, 0x0, 0xe, 0xfc, 0x7f, 0xf4,
    0x0, 0x0, 0x0, 0x4f, 0xf7, 0xc, 0xfe, 0x30,
    0x0, 0x3, 0xef, 0xc0, 0x2, 0xff, 0xfa, 0x66,
    0xaf, 0xff, 0x20, 0x0, 0x2c, 0xff, 0xff, 0xff,
    0xc2, 0x0, 0x0, 0x0, 0x5a, 0xcc, 0xa5, 0x0,
    0x0,

    /* U+F59D "" */
    0x3, 0x0, 0x0, 0x0, 0x0, 0x0, 0x0, 0x0,
    0xbf, 0xe2, 0x0, 0x2, 0xbc, 0xb4, 0x0, 0x0,
    0x3a, 0xf9, 0x0, 0xb, 0xc8, 0xbd, 0x0, 0x0,
    0x1, 0xfa, 0x3, 0x9e, 0xc9, 0xbf, 0x95, 0x0,
    0x1, 0xfa, 0xe, 0xff, 0xff, 0xff, 0xff, 0x10,
    0x1, 0xfa, 0xf, 0xff, 0xff, 0xff, 0xff, 0x20,
    0x1, 0xfa, 0xf, 0xff, 0xff, 0xff, 0xff, 0x20,
    0x1, 0xfa, 0xf, 0xff, 0xff, 0xff, 0xff, 0x20,
    0x1, 0xfa, 0xf, 0xff, 0xff, 0xff, 0xff, 0x20,
    0x1, 0xfa, 0x8, 0xef, 0xff, 0xff, 0xfa, 0x0,
    0x1, 0xfb, 0x0, 0x0, 0x0, 0x0, 0x0, 0x0,
    0x0, 0xef, 0xcc, 0xcc, 0xcc, 0xcc, 0xcc, 0xc7,
    0x0, 0x3d, 0xff, 0xff, 0xff, 0xff, 0xff, 0xfb,
    0x0, 0x3, 0xff, 0x30, 0x0, 0x5, 0xff, 0x10,
    0x0, 0x0, 0x88, 0x0, 0x0, 0x0, 0x97, 0x0,

    /* U+F59F "" */
    0x0, 0x1, 0x9b, 0x61, 0x0, 0x0, 0x29, 0x70,
    0x0, 0x19, 0xff, 0xff, 0xfc, 0x73, 0xaf, 0xfe,
    0x0, 0x2f, 0xff, 0xff, 0x6b, 0xff, 0xff, 0xff,
    0xe0, 0x3, 0xff, 0xff, 0xf0, 0x1, 0x8f, 0xff,
    0xfe, 0x0, 0x3f, 0xff, 0xff, 0x0, 0x5, 0xfe,
    0xba, 0xc0, 0x3, 0xff, 0xff, 0xf0, 0x0, 0x58,
    0x0, 0x0, 0x0, 0x3f, 0xff, 0xff, 0x0, 0x0,
    0x9, 0xff, 0xc2, 0x3, 0xff, 0xff, 0xf0, 0x0,
    0x9, 0xff, 0xff, 0xe0, 0x3f, 0xff, 0xff, 0x0,
    0x0, 0xff, 0xff, 0xff, 0x53, 0xff, 0xff, 0xf0,
    0x0, 0xf, 0xff, 0xff, 0xf5, 0x3f, 0xff, 0xff,
    0xc7, 0x20, 0xcf, 0xff, 0xff, 0x23, 0xff, 0xfe,
    0xcf, 0xff, 0x25, 0xff, 0xff, 0xb0, 0x2f, 0xe7,
    0x0, 0x16, 0xba, 0xc, 0xff, 0xf2, 0x0, 0x20,
    0x0, 0x0, 0x0, 0x0, 0x1e, 0xf6, 0x0, 0x0,
    0x0, 0x0, 0x0, 0x0, 0x0, 0x25, 0x0, 0x0,

    /* U+F5A0 "" */
    0x0, 0x1, 0x9b, 0x61, 0x0, 0x0, 0x29, 0x70,
    0x0, 0x19, 0xff, 0xff, 0xfc, 0x73, 0xaf, 0xfe,
    0x0, 0x2f, 0xff, 0xff, 0x6b, 0xff, 0xff, 0xff,
    0xe0, 0x3, 0xff, 0xff, 0xf0, 0x1, 0x8f, 0xff,
    0xfe, 0x0, 0x3f, 0xff, 0xff, 0x0, 0x5, 0xfe,
    0xba, 0xc0, 0x3, 0xff, 0xff, 0xf0, 0x0, 0x58,
    0x0, 0x0, 0x0, 0x3f, 0xff, 0xff, 0x0, 0x0,
    0x9, 0xff, 0xc2, 0x3, 0xff, 0xff, 0xf0, 0x0,
    0x9, 0xff, 0xff, 0xe1, 0x3f, 0xff, 0xff, 0x0,
    0x0, 0xff, 0x73, 0xff, 0x53, 0xff, 0xff, 0xf0,
    0x0, 0xf, 0xf4, 0xe, 0xf5, 0x3f, 0xff, 0xff,
    0xe9, 0x30, 0xcf, 0xff, 0xff, 0x23, 0xff, 0xfd,
    0xae, 0xff, 0x35, 0xff, 0xff, 0xa0, 0x2f, 0xd6,
    0x0, 0x4, 0x99, 0xb, 0xff, 0xf1, 0x0, 0x10,
    0x0, 0x0, 0x0, 0x0, 0x1e, 0xf5, 0x0, 0x0,
    0x0, 0x0, 0x0, 0x0, 0x0, 0x14, 0x0, 0x0,

    /* U+F5A1 "" */
    0x0, 0x0, 0x0, 0x0, 0x0, 0x1, 0x20, 0x0,
    0x0, 0x0, 0x3, 0xcb, 0x3a, 0xff, 0xd2, 0x0,
    0x0, 0x4, 0xfb, 0xcf, 0xff, 0xff, 0xb0, 0x0,
    0x4, 0xf9, 0xb, 0xff, 0xff, 0xff, 0x0, 0x2,
    0xf9, 0xb, 0xff, 0xff, 0xff, 0xc0, 0x0, 0x16,
    0xa, 0xff, 0xff, 0xff, 0xf3, 0x0, 0x0, 0x1,
    0x3f, 0xff, 0xff, 0xf4, 0x0, 0x0, 0xb, 0xd1,
    0x3f, 0xff, 0xf4, 0x0, 0x0, 0x9, 0xff, 0xd1,
    0x3f, 0xf4, 0x0, 0x0, 0x5, 0xff, 0xff, 0xd1,
    0x34, 0x0, 0x0, 0x0, 0xef, 0xff, 0xff, 0xd0,
    0x0, 0x0, 0x0, 0x4f, 0xff, 0xff, 0xf4, 0x0,
    0x0, 0x0, 0xa, 0xff, 0xff, 0xd3, 0x0, 0x0,
    0x0, 0x0, 0xef, 0xff, 0x90, 0x0, 0x0, 0x0,
    0x0, 0x9, 0x95, 0x0, 0x0, 0x0, 0x0, 0x0,
    0x0,

    /* U+F5A2 "" */
    0x0, 0x0, 0x0, 0x0, 0x0, 0x0, 0x0, 0x2a,
    0xc0, 0x0, 0x8, 0xb4, 0x0, 0x7f, 0xff, 0x70,
    0x3, 0xff, 0xfb, 0x8, 0xff, 0xff, 0x10, 0xcf,
    0xff, 0xd0, 0x1f, 0xff, 0xfa, 0x6f, 0xff, 0xf5,
    0x0, 0x8f, 0xff, 0xff, 0xff, 0xfd, 0x0, 0x1,
    0xff, 0xff, 0xff, 0xff, 0x50, 0x0, 0x1f, 0xff,
    0xfe, 0xff, 0xf5, 0x0, 0xa, 0xff, 0xf9, 0x5f,
    0xff, 0xe0, 0x0, 0xef, 0xc6, 0x10, 0x5a, 0xff,
    0x30, 0x1f, 0xff, 0x30, 0x1, 0xdf, 0xf5, 0x0,
    0xef, 0xf9, 0x0, 0x5f, 0xff, 0x20, 0xa, 0xff,
    0xaa, 0xb7, 0xff, 0xe0, 0x0, 0x1f, 0xff, 0xff,
    0xff, 0xf5, 0x0, 0x0, 0x4e, 0xff, 0xff, 0xf6,
    0x0, 0x0, 0x0, 0x6, 0xaa, 0x72, 0x0, 0x0,

    /* U+F5A4 "" */
    0x0, 0x0, 0x0, 0x11, 0x0, 0x0, 0x0, 0x0,
    0x1, 0xaf, 0xff, 0xfa, 0x10, 0x0, 0x0, 0x6f,
    0xff, 0xff, 0xff, 0xf6, 0x0, 0x5, 0xff, 0xff,
    0xff, 0xff, 0xff, 0x50, 0x1e, 0xff, 0xff, 0xff,
    0xff, 0xff, 0xe1, 0x8f, 0xff, 0xde, 0xff, 0xfd,
    0xff, 0xf8, 0xdf, 0xff, 0x5, 0xff, 0x70, 0xff,
    0xfd, 0xff, 0xff, 0xbd, 0xff, 0xeb, 0xff, 0xff,
    0xff, 0xff, 0xff, 0xff, 0xff, 0xff, 0xfe, 0xcf,
    0xff, 0xff, 0xff, 0xff, 0xff, 0xfc, 0x7f, 0xff,
    0xff, 0xff, 0xff, 0xff, 0xf7, 0xc, 0xff, 0xff,
    0xff, 0xff, 0xff, 0xc0, 0x2, 0xff, 0xff, 0xff,
    0xff, 0xff, 0x20, 0x0, 0x2c, 0xff, 0xff, 0xff,
    0xc2, 0x0, 0x0, 0x0, 0x5a, 0xdc, 0xa5, 0x0,
    0x0,

    /* U+F5A5 "" */
    0x0, 0x0, 0x0, 0x11, 0x0, 0x0, 0x0, 0x0,
    0x1, 0xaf, 0xff, 0xfa, 0x10, 0x0, 0x0, 0x6f,
    0xff, 0xff, 0xff, 0xf5, 0x0, 0x5, 0xff, 0xff,
    0xff, 0xff, 0xff, 0x50, 0x1e, 0xff, 0xff, 0xff,
    0xff, 0xff, 0xe1, 0x8f, 0xfd, 0xfc, 0xff, 0xdf,
    0xdf, 0xf8, 0xdf, 0xb3, 0xa1, 0xff, 0x1a, 0x3b,
    0xfd, 0xff, 0xd0, 0x2, 0xff, 0x20, 0xd, 0xff,
    0xff, 0xfe, 0xbf, 0xff, 0xfb, 0xef, 0xfe, 0xcf,
    0xff, 0xff, 0xff, 0xff, 0xff, 0xfc, 0x7f, 0xff,
    0xc2, 0x22, 0x2c, 0xff, 0xf7, 0xd, 0xff, 0xc2,
    0x11, 0x2c, 0xff, 0xd0, 0x3, 0xff, 0xff, 0xff,
    0xff, 0xff, 0x30, 0x0, 0x3d, 0xff, 0xff, 0xff,
    0xd3, 0x0, 0x0, 0x0, 0x7c, 0xee, 0xc7, 0x0,
    0x0,

    /* U+F5A6 "" */
    0x0, 0x0, 0x15, 0x0, 0x0, 0x0, 0x0, 0x2e,
    0xf8, 0x0, 0x0, 0x0, 0x1d, 0xff, 0xf8, 0x0,
    0x0, 0x9, 0xff, 0xff, 0xf1, 0x0, 0x0, 0xaf,
    0xff, 0xff, 0x20, 0x0, 0xc, 0xff, 0xff, 0xf4,
    0x0, 0x0, 0xdf, 0xff, 0xff, 0x50, 0x0, 0xe,
    0xff, 0xff, 0xf6, 0x0, 0x0, 0xff, 0xff, 0xff,
    0x70, 0x0, 0x1f, 0xa0, 0x3, 0xf9, 0x0, 0x2,
    0xfd, 0x87, 0xaf, 0xa0, 0x0, 0x3f, 0xff, 0xff,
    0xfb, 0x0, 0x4, 0xff, 0xff, 0xff, 0xc0, 0x0,
    0x5f, 0xff, 0xff, 0xfe, 0x0, 0x5f, 0xff, 0xff,
    0xff, 0xfd, 0x3, 0xbb, 0xbb, 0xbb, 0xbb, 0x90,

    /* U+F5A7 "" */
    0x0, 0x0, 0x0, 0x0, 0x0, 0x0, 0x1, 0x0,
    0x0, 0x0, 0x0, 0x0, 0x0, 0x4e, 0xe0, 0x0,
    0x0, 0x0, 0x0, 0x0, 0x8f, 0xf7, 0x0, 0x0,
    0x0, 0x0, 0x2, 0xcf, 0xf7, 0x0, 0x0, 0x0,
    0x0, 0x5, 0xef, 0xf7, 0x0, 0x0, 0x0, 0x0,
    0x0, 0x11, 0x11, 0x0, 0x0, 0xcf, 0xff, 0xff,
    0xff, 0xff, 0xff, 0xfc, 0x8, 0xff, 0xff, 0xff,
    0xff, 0xff, 0xff, 0x80, 0xf, 0xff, 0xff, 0xff,
    0xff, 0xff, 0xf0, 0x0, 0xdf, 0xff, 0xff, 0xff,
    0xff, 0xfd, 0x0, 0x5, 0xff, 0xff, 0xff, 0xff,
    0xff, 0x50, 0x0, 0x7, 0xff, 0xff, 0xff, 0xff,
    0x70, 0x0, 0x0, 0x2, 0xef, 0xff, 0xfe, 0x20,
    0x0, 0x0, 0x0, 0x3f, 0xff, 0xff, 0xf3, 0x0,
    0x0, 0x0, 0x2, 0xbb, 0xbb, 0xbb, 0x20, 0x0,
    0x0,

    /* U+F5AA "" */
    0x3, 0x44, 0x44, 0x44, 0x43, 0x0, 0x0, 0x9f,
    0xff, 0xff, 0xff, 0xff, 0xe1, 0x0, 0xff, 0xff,
    0xff, 0xff, 0xff, 0xfa, 0x50, 0xff, 0xff, 0xff,
    0xff, 0xff, 0xff, 0xf8, 0xff, 0xff, 0xff, 0xff,
    0xff, 0xf7, 0xef, 0x6f, 0xff, 0xff, 0xff, 0xff,
    0xb0, 0xcf, 0x0, 0x0, 0x0, 0x0, 0x0, 0x0,
    0xcf, 0x0, 0x0, 0x0, 0x0, 0x0, 0x1, 0xdf,
    0x0, 0x0, 0x1, 0xcf, 0xff, 0xff, 0xfa, 0x0,
    0x0, 0x9, 0xfc, 0xbb, 0xbb, 0x80, 0x0, 0x0,
    0xc, 0xf1, 0x0, 0x0, 0x0, 0x0, 0x0, 0x7f,
    0xfb, 0x0, 0x0, 0x0, 0x0, 0x0, 0xaf, 0xfe,
    0x0, 0x0, 0x0, 0x0, 0x0, 0xaf, 0xfe, 0x0,
    0x0, 0x0, 0x0, 0x0, 0x9f, 0xfd, 0x0, 0x0,
    0x0, 0x0, 0x0, 0x2b, 0xc4, 0x0, 0x0, 0x0,

    /* U+F5AB "" */
    0x0, 0x0, 0x0, 0x0, 0x0, 0x6, 0xff, 0xff,
    0xff, 0xff, 0xe2, 0xff, 0xff, 0xdc, 0xef, 0xff,
    0x9f, 0xfe, 0x30, 0x0, 0x7f, 0xfa, 0xff, 0x35,
    0xa, 0x32, 0x8f, 0xaf, 0xd0, 0x92, 0xb1, 0x73,
    0xfa, 0xfd, 0x9, 0x2b, 0x17, 0x3f, 0xaf, 0xf3,
    0x50, 0xa3, 0x28, 0xfa, 0xff, 0xe3, 0x0, 0x7,
    0xff, 0xaf, 0xff, 0xfd, 0xce, 0xff, 0xfa, 0xff,
    0xff, 0xff, 0xff, 0xff, 0xaf, 0xfc, 0x10, 0x0,
    0x2f, 0xfa, 0xff, 0xd4, 0x33, 0x35, 0xff, 0xae,
    0xff, 0xff, 0xff, 0xff, 0xf9, 0x5e, 0xff, 0xff,
    0xff, 0xfc, 0x20,

    /* U+F5AC "" */
    0x0, 0x0, 0x0, 0x0, 0x0, 0x2, 0x10, 0x0,
    0x0, 0x0, 0x0, 0x0, 0xbf, 0xf6, 0x0, 0x0,
    0x0, 0x0, 0xa, 0xff, 0xfe, 0x0, 0x0, 0x0,
    0x0, 0x8f, 0xff, 0xfd, 0x0, 0x0, 0x0, 0x6,
    0xff, 0xff, 0xf4, 0x0, 0x0, 0x0, 0x4f, 0xff,
    0xfe, 0x30, 0x0, 0x0, 0x3, 0xff, 0xff, 0xd2,
    0x0, 0x0, 0x0, 0x12, 0xef, 0xfc, 0x10, 0x0,
    0x2, 0xbf, 0xe2, 0x2e, 0xa0, 0x0, 0x0, 0xa,
    0xff, 0xfe, 0x21, 0x0, 0x0, 0x0, 0xe, 0xe7,
    0xef, 0xc0, 0x0, 0x0, 0x0, 0x3f, 0x60, 0xcf,
    0xa0, 0x0, 0x0, 0x0, 0x87, 0x1d, 0xff, 0x50,
    0x0, 0x0, 0x0, 0x41, 0xde, 0xa5, 0x0, 0x0,
    0x0, 0x0, 0x5, 0x30, 0x0, 0x0, 0x0, 0x0,
    0x0,

    /* U+F5AD "" */
    0x0, 0x0, 0x0, 0x0, 0x0, 0x1, 0x0, 0x0,
    0x0, 0x0, 0x0, 0x0, 0x3e, 0xf7, 0x0, 0x0,
    0x0, 0x0, 0x0, 0x1f, 0xff, 0xf7, 0x0, 0x0,
    0x0, 0x3, 0x70, 0x6f, 0xff, 0xd0, 0x0, 0x4,
    0xae, 0xff, 0xb0, 0x6f, 0xf8, 0x0, 0x5, 0xff,
    0xff, 0xff, 0xb0, 0x6a, 0x0, 0x0, 0xbf, 0xff,
    0xff, 0xff, 0xb0, 0x0, 0x0, 0x1f, 0xff, 0xdf,
    0xff, 0xff, 0x30, 0x0, 0x6, 0xff, 0xa0, 0x4f,
    0xff, 0xe0, 0x0, 0x0, 0xbf, 0xf4, 0x2, 0xff,
    0xfa, 0x0, 0x0, 0x1f, 0xf5, 0x9, 0xef, 0xff,
    0x50, 0x0, 0x6, 0xf5, 0xc, 0xff, 0xff, 0xd0,
    0x0, 0x0, 0xb5, 0xc, 0xff, 0xfc, 0x60, 0x0,
    0x0, 0x3, 0xc, 0xfb, 0x61, 0x0, 0x0, 0x0,
    0x0, 0x6, 0x61, 0x0, 0x0, 0x0, 0x0, 0x0,
    0x0,

    /* U+F5AE "" */
    0x0, 0x0, 0x20, 0x0, 0x0, 0x1, 0x20, 0x0,
    0x0, 0xa, 0xf2, 0x0, 0x0, 0x7f, 0xf9, 0x0,
    0x0, 0xaf, 0x34, 0xa0, 0x4, 0xff, 0xff, 0x80,
    0x9, 0xfe, 0x7f, 0xa0, 0x40, 0x9f, 0xff, 0xf0,
    0xd, 0xff, 0xf9, 0x8, 0xf8, 0x9, 0xff, 0xc0,
    0x3, 0xff, 0x90, 0x8f, 0xff, 0x80, 0x9e, 0x20,
    0x0, 0x39, 0x8, 0xff, 0xff, 0xf8, 0x1, 0x0,
    0x0, 0x0, 0x8f, 0xff, 0xff, 0xfe, 0x10, 0x0,
    0x0, 0x8, 0xff, 0xff, 0xff, 0xe2, 0x20, 0x0,
    0x0, 0x7f, 0xff, 0xff, 0xfe, 0x23, 0xe7, 0x0,
    0x0, 0xff, 0xff, 0xff, 0xe2, 0x3e, 0xc0, 0x50,
    0x4, 0xff, 0xff, 0xfe, 0x23, 0xef, 0x3a, 0xd0,
    0x9, 0xff, 0xff, 0xe2, 0xd, 0xff, 0xff, 0x30,
    0xd, 0xff, 0xfa, 0x10, 0x3, 0xff, 0xf3, 0x0,
    0x9, 0x84, 0x0, 0x0, 0x0, 0x3a, 0x30, 0x0,

    /* U+F5AF "" */
    0x0, 0x0, 0xa, 0x81, 0x0, 0x0, 0x0, 0x0,
    0x0, 0x0, 0xe, 0xfa, 0x0, 0x0, 0x0, 0x0,
    0x33, 0x0, 0xb, 0xff, 0x50, 0x0, 0x0, 0x0,
    0x9f, 0x20, 0x9, 0xff, 0xe0, 0x0, 0x0, 0x0,
    0x9f, 0xb3, 0x7, 0xff, 0xf9, 0x0, 0x0, 0x0,
    0x9f, 0xff, 0xfe, 0xff, 0xff, 0x30, 0x0, 0x0,
    0x5f, 0xff, 0xff, 0xff, 0xff, 0xfc, 0x96, 0x20,
    0x6, 0xbe, 0xff, 0xff, 0xff, 0xff, 0xff, 0xf3,
    0x0, 0x0, 0x13, 0x69, 0xcf, 0xff, 0xff, 0xf5,
    0x0, 0x0, 0x2, 0x40, 0x0, 0x24, 0x7a, 0x70,
    0x0, 0x0, 0xa, 0xe0, 0xd8, 0x0, 0x0, 0x0,
    0x0, 0x0, 0x0, 0x10, 0x84, 0x0, 0x0, 0x0,
    0x0, 0x0, 0x0, 0x0, 0x0, 0x0, 0x0, 0x0,
    0xcf, 0xff, 0xff, 0xff, 0xff, 0xff, 0xff, 0xf8,
    0x8b, 0xbb, 0xbb, 0xbb, 0xbb, 0xbb, 0xbb, 0xb5,

    /* U+F5B0 "" */
    0x0, 0x0, 0x2, 0x0, 0x0, 0x0, 0x0, 0x0,
    0x0, 0x0, 0x3f, 0xfc, 0x30, 0x0, 0x0, 0x0,
    0x0, 0x0, 0x0, 0xcf, 0xff, 0xb3, 0x0, 0x2,
    0x88, 0x0, 0x0, 0x1, 0xef, 0xff, 0xfa, 0x7c,
    0xff, 0xf8, 0x0, 0x0, 0x3, 0xff, 0xff, 0xff,
    0xff, 0xff, 0x60, 0x95, 0x0, 0x4d, 0xff, 0xff,
    0xff, 0xfb, 0x50, 0xe, 0xfc, 0xef, 0xff, 0xff,
    0xfd, 0x71, 0x0, 0x0, 0x5f, 0xff, 0xff, 0xfe,
    0x82, 0x0, 0x0, 0x0, 0x0, 0xbf, 0xff, 0xa4,
    0x0, 0x0, 0x0, 0x0, 0x0, 0x0, 0x65, 0x0,
    0x0, 0x0, 0x0, 0x0, 0x0, 0x0, 0x0, 0x0,
    0x0, 0x0, 0x0, 0x0, 0x0, 0x0, 0x0, 0x0,
    0x0, 0x0, 0x0, 0x0, 0x0, 0x0, 0xc, 0xff,
    0xff, 0xff, 0xff, 0xff, 0xff, 0xff, 0x80, 0x8b,
    0xbb, 0xbb, 0xbb, 0xbb, 0xbb, 0xbb, 0xb5,

    /* U+F5B1 "" */
    0x0, 0x0, 0x0, 0x0, 0x0, 0x0, 0xd, 0xff,
    0xff, 0xe6, 0x0, 0x0, 0x0, 0xfe, 0xbb, 0xbf,
    0xf5, 0x0, 0x0, 0xf, 0xb0, 0x0, 0x2f, 0xb0,
    0x0, 0x0, 0xfb, 0x0, 0x3, 0xfa, 0x0, 0x0,
    0xf, 0xfd, 0xdd, 0xff, 0x40, 0x0, 0x0, 0xff,
    0xef, 0xfd, 0x50, 0x0, 0x8d, 0xf, 0xb0, 0x6f,
    0xe2, 0x0, 0x8f, 0xd0, 0xfb, 0x0, 0x6f, 0xe1,
    0x7f, 0xe1, 0x7, 0x40, 0x0, 0x7f, 0xef, 0xe2,
    0x0, 0x0, 0x0, 0x0, 0xbf, 0xf4, 0x0, 0x0,
    0x0, 0x0, 0x7f, 0xef, 0xd2, 0x0, 0x0, 0x0,
    0x7f, 0xd1, 0x6f, 0xe2, 0x0, 0x0, 0x6f, 0xd1,
    0x0, 0x6f, 0xe0, 0x0, 0x4, 0xa1, 0x0, 0x0,
    0x5a, 0x0,

    /* U+F5B3 "" */
    0x0, 0x0, 0x1, 0x33, 0x10, 0x0, 0x0, 0x0,
    0x3, 0xbf, 0xff, 0xfb, 0x30, 0x0, 0x0, 0x7f,
    0xff, 0xff, 0xff, 0xf7, 0x0, 0x6, 0xff, 0xff,
    0xff, 0xff, 0xff, 0x60, 0x2f, 0xff, 0xff, 0xff,
    0xff, 0xff, 0xf2, 0x9f, 0xf4, 0x7, 0xff, 0x70,
    0x4f, 0xf9, 0xdf, 0xa4, 0xd1, 0xee, 0x1d, 0x4a,
    0xfd, 0xff, 0xff, 0xfe, 0xff, 0xef, 0xff, 0xff,
    0xef, 0xf6, 0xcf, 0xdd, 0xfc, 0x6f, 0xfe, 0xcf,
    0xf1, 0xad, 0x0, 0xda, 0x1f, 0xfb, 0x6f, 0xf1,
    0xab, 0x0, 0xba, 0x1f, 0xf6, 0xd, 0xf1, 0xae,
    0x11, 0xea, 0x1f, 0xd0, 0x2, 0xe1, 0xaf, 0xff,
    0xfa, 0x1e, 0x20, 0x0, 0x20, 0xaf, 0xff, 0xfa,
    0x2, 0x0, 0x0, 0x0, 0x38, 0xbb, 0x83, 0x0,
    0x0,

    /* U+F5B4 "" */
    0x0, 0x0, 0x0, 0x11, 0x0, 0x0, 0x0, 0x0,
    0x1, 0xaf, 0xff, 0xfa, 0x10, 0x0, 0x0, 0x6f,
    0xff, 0xff, 0xff, 0xf6, 0x0, 0x5, 0xff, 0xff,
    0xff, 0xff, 0xff, 0x50, 0x1e, 0xff, 0xff, 0xff,
    0xff, 0xff, 0xe1, 0x9f, 0xff, 0xde, 0xff, 0xec,
    0xff, 0xf9, 0xdf, 0xff, 0x5, 0xff, 0x70, 0xff,
    0xfd, 0xff, 0xff, 0xde, 0xff, 0xfd, 0xff, 0xff,
    0xef, 0xff, 0xdf, 0xff, 0xff, 0xff, 0xfe, 0xcf,
    0xfe, 0x16, 0xf3, 0x38, 0xff, 0xfc, 0x6f, 0xf9,
    0x0, 0xfb, 0x70, 0x7f, 0xf6, 0xc, 0xfd, 0x3,
    0xff, 0xfd, 0xcf, 0xc0, 0x2, 0xef, 0xff, 0xff,
    0xff, 0xfe, 0x20, 0x0, 0x1a, 0xff, 0xff, 0xff,
    0xa1, 0x0, 0x0, 0x0, 0x49, 0xbb, 0x94, 0x0,
    0x0,

    /* U+F5B6 "" */
    0x2a, 0xbb, 0xbb, 0xbb, 0xbb, 0xbb, 0x70, 0x0,
    0xdf, 0xff, 0xff, 0xff, 0xff, 0xff, 0xf8, 0x0,
    0xfc, 0x0, 0xaf, 0x10, 0x5f, 0x71, 0xef, 0x40,
    0xfb, 0x0, 0xaf, 0x10, 0x4f, 0x70, 0x4f, 0xe1,
    0xfc, 0x0, 0xaf, 0x10, 0x5f, 0x70, 0x9, 0xf8,
    0xff, 0xff, 0xff, 0xff, 0xff, 0xff, 0xff, 0xfb,
    0xff, 0xff, 0xff, 0xff, 0xff, 0xff, 0xff, 0xfb,
    0xff, 0xff, 0xff, 0xff, 0xff, 0xff, 0xff, 0xfb,
    0xdf, 0xfc, 0x9f, 0xff, 0xff, 0xf9, 0xcf, 0xf7,
    0x2b, 0xf2, 0xe, 0xdb, 0xbe, 0xc0, 0x4f, 0x80,
    0x0, 0xeb, 0x9f, 0x40, 0x5, 0xf9, 0xcd, 0x0,
    0x0, 0x3b, 0xc6, 0x0, 0x0, 0x7d, 0xb2, 0x0,

    /* U+F5B7 "" */
    0x0, 0x0, 0x6, 0x84, 0x0, 0x0, 0x0, 0x0,
    0x0, 0x0, 0x0, 0xbf, 0xff, 0x60, 0x0, 0x0,
    0x0, 0x0, 0x0, 0x2, 0xfb, 0x4f, 0xd0, 0x0,
    0x0, 0x0, 0x0, 0x0, 0x4, 0xf7, 0xc, 0xf0,
    0x0, 0x0, 0x0, 0x0, 0x0, 0x1, 0xa2, 0xe,
    0xe3, 0x8c, 0xf3, 0x0, 0x0, 0x0, 0x0, 0x0,
    0x3f, 0xff, 0xff, 0xf3, 0x0, 0x0, 0x0, 0x0,
    0x7d, 0xff, 0xfe, 0x9f, 0xe0, 0x0, 0x0, 0x0,
    0xa, 0xff, 0xff, 0x70, 0x2f, 0xff, 0xfc, 0x0,
    0x0, 0x1f, 0xd3, 0xbf, 0x10, 0x9, 0xbb, 0xb7,
    0x0, 0x1, 0x3f, 0x92, 0xfb, 0x1, 0x11, 0x11,
    0x11, 0x10, 0xaf, 0xff, 0x9a, 0xf4, 0x3f, 0xff,
    0xff, 0xff, 0xf9, 0x1, 0x2e, 0xff, 0xc0, 0x11,
    0x11, 0x11, 0x11, 0x10, 0x0, 0x4, 0xcb, 0x10,
    0x0, 0x0, 0x0, 0x0, 0x0,

    /* U+F5B8 "" */
    0x0, 0x0, 0x0, 0x11, 0x0, 0x0, 0x0, 0x0,
    0x1, 0xaf, 0xff, 0xfa, 0x10, 0x0, 0x0, 0x6f,
    0xff, 0xff, 0xff, 0xf6, 0x0, 0x5, 0xff, 0xff,
    0xff, 0xff, 0xff, 0x50, 0x1e, 0xff, 0xcd, 0xff,
    0xeb, 0xff, 0xe1, 0x9f, 0xf5, 0x20, 0x8d, 0x12,
    0x4f, 0xf9, 0xdf, 0xf0, 0xe8, 0x29, 0x6f, 0xf,
    0xfd, 0xff, 0xfd, 0xff, 0xdf, 0xef, 0xdf, 0xff,
    0xef, 0xff, 0xff, 0xff, 0xff, 0xff, 0xfe, 0xcf,
    0xfa, 0x9f, 0xff, 0xf9, 0xbf, 0xfc, 0x6f, 0xfa,
    0x6, 0xbb, 0x60, 0xaf, 0xf6, 0xc, 0xff, 0xb3,
    0x0, 0x3b, 0xff, 0xc0, 0x2, 0xef, 0xff, 0xff,
    0xff, 0xfe, 0x20, 0x0, 0x1a, 0xff, 0xff, 0xff,
    0xa1, 0x0, 0x0, 0x0, 0x49, 0xbb, 0x94, 0x0,
    0x0,

    /* U+F5BA "" */
    0x0, 0x5, 0x99, 0x99, 0x99, 0x99, 0x98, 0x10,
    0x0, 0x5, 0xff, 0xff, 0xff, 0xff, 0xff, 0xfd,
    0x0, 0x0, 0xbf, 0x42, 0xca, 0x23, 0xf5, 0x2a,
    0xf2, 0x0, 0xe, 0xe0, 0xd, 0x70, 0xf, 0x50,
    0x6f, 0x60, 0x1, 0xfc, 0x33, 0xe8, 0x33, 0xf8,
    0x36, 0xf9, 0x0, 0x5f, 0xff, 0xff, 0xff, 0xff,
    0xff, 0xff, 0xd0, 0x8, 0xf5, 0x12, 0xf4, 0x11,
    0xc9, 0x11, 0xcf, 0x0, 0xcf, 0x0, 0x2f, 0x20,
    0xa, 0xa0, 0x8, 0xf4, 0xd, 0xfb, 0xbc, 0xfb,
    0xbb, 0xee, 0xbb, 0xdf, 0x50, 0x5f, 0xff, 0xff,
    0xff, 0xff, 0xff, 0xff, 0xc0, 0x0, 0x0, 0x0,
    0x2, 0xfa, 0x0, 0x0, 0x0, 0x0, 0x0, 0x0,
    0x0, 0x2f, 0x90, 0x0, 0x0, 0x0, 0x0, 0x0,
    0x8, 0xff, 0xff, 0xfe, 0x10, 0x0, 0x0, 0x0,
    0x0, 0x5b, 0xbb, 0xbb, 0xa0, 0x0, 0x0,

    /* U+F5BB "" */
    0x0, 0x0, 0x0, 0x2, 0x10, 0x0, 0x0, 0x0,
    0x0, 0x0, 0x0, 0x3f, 0xd0, 0x0, 0x0, 0x0,
    0x0, 0x0, 0x0, 0xdf, 0xf9, 0x0, 0x0, 0x0,
    0x0, 0x0, 0x7, 0xff, 0xff, 0x30, 0x0, 0x0,
    0x0, 0x0, 0xd, 0xff, 0xff, 0x90, 0x0, 0x0,
    0xdd, 0xb6, 0x2, 0xdf, 0xfb, 0x11, 0x7b, 0xd9,
    0xef, 0xff, 0xe5, 0xa, 0x80, 0x8f, 0xff, 0xfa,
    0xbf, 0xff, 0xff, 0x80, 0xb, 0xff, 0xff, 0xf7,
    0x5f, 0xff, 0xff, 0xf5, 0x9f, 0xff, 0xff, 0xf2,
    0xb, 0xff, 0xff, 0xff, 0xff, 0xff, 0xff, 0x70,
    0x1, 0xef, 0xff, 0xff, 0xff, 0xff, 0xfc, 0x0,
    0x0, 0x1b, 0xff, 0xff, 0xff, 0xff, 0x80, 0x0,
    0x0, 0x0, 0x5b, 0xdf, 0xed, 0x93, 0x0, 0x0,

    /* U+F5BC "" */
    0x0, 0x0, 0x0, 0x0, 0x0, 0x0, 0x0, 0x0,
    0x0, 0x0, 0x6f, 0xe2, 0x0, 0x0, 0x0, 0x0,
    0x5, 0xff, 0xfb, 0x0, 0x0, 0x4a, 0x87, 0xaf,
    0xff, 0xff, 0x0, 0x0, 0xef, 0xff, 0xff, 0xff,
    0xff, 0x70, 0x0, 0xcf, 0xff, 0xff, 0xff, 0xff,
    0xf8, 0x0, 0x3f, 0xff, 0xff, 0xff, 0xff, 0xff,
    0xf6, 0xa, 0xff, 0xff, 0xff, 0xff, 0xff, 0xfe,
    0x5, 0xff, 0xff, 0xff, 0xff, 0xff, 0xf9, 0x7,
    0xff, 0xff, 0xff, 0xff, 0xff, 0x60, 0x1e, 0xff,
    0xff, 0xff, 0xff, 0xf4, 0x0, 0x7f, 0xff, 0xff,
    0xff, 0xff, 0xc0, 0x0, 0x4f, 0xff, 0xdf, 0xff,
    0xff, 0xa0, 0x0, 0x1, 0x20, 0x0, 0x6f, 0xff,
    0x90, 0x0, 0x0, 0x0, 0x0, 0x3, 0xbb, 0x10,
    0x0,

    /* U+F5BD "" */
    0x0, 0x0, 0x11, 0x0, 0x0, 0x0, 0x0, 0x0,
    0x0, 0x7f, 0xfa, 0x2, 0x0, 0x10, 0x10, 0x0,
    0xa, 0xff, 0xd3, 0xf5, 0x9f, 0xe, 0xa0, 0x0,
    0x9f, 0xfc, 0x6, 0x12, 0x50, 0x53, 0x0, 0x0,
    0x0, 0x0, 0x0, 0x37, 0x6, 0x40, 0x19, 0xcc,
    0xcc, 0xa2, 0x8, 0xe0, 0xd9, 0xd, 0xff, 0xff,
    0xff, 0xe1, 0x0, 0x0, 0x3, 0xff, 0xfe, 0xdf,
    0xff, 0x50, 0x0, 0xd9, 0x4f, 0xf8, 0x0, 0x6f,
    0xf6, 0x0, 0x6, 0x44, 0xff, 0x0, 0x0, 0xdf,
    0x60, 0x0, 0x0, 0x4f, 0xf1, 0x0, 0xe, 0xf6,
    0x0, 0x0, 0x4, 0xff, 0xb1, 0x9, 0xff, 0x60,
    0x0, 0x0, 0x4f, 0xff, 0xff, 0xff, 0xf6, 0x0,
    0x0, 0x2, 0xff, 0xff, 0xff, 0xff, 0x50, 0x0,
    0x0, 0x6, 0xaa, 0xaa, 0xaa, 0x80, 0x0, 0x0,
    0x0,

    /* U+F5BF "" */
    0x0, 0x0, 0x0, 0x22, 0x0, 0x0, 0x0, 0x0,
    0x0, 0xb, 0xff, 0xb0, 0x0, 0x0, 0x0, 0x0,
    0x6f, 0xff, 0xf6, 0x0, 0x0, 0x0, 0x0, 0x9f,
    0xff, 0xf9, 0x0, 0x0, 0x0, 0x0, 0x5f, 0xff,
    0xf5, 0x0, 0x0, 0x0, 0x0, 0xc, 0xff, 0xc0,
    0x0, 0x0, 0x0, 0x0, 0xa, 0xff, 0xa0, 0x0,
    0x0, 0x0, 0x23, 0x7f, 0xff, 0xf7, 0x32, 0x0,
    0x1c, 0xff, 0xff, 0xff, 0xff, 0xff, 0xc1, 0xaf,
    0xff, 0xff, 0xff, 0xff, 0xff, 0xfa, 0xef, 0xff,
    0xff, 0xff, 0xff, 0xff, 0xfe, 0xaf, 0xff, 0xff,
    0xff, 0xff, 0xff, 0xfa, 0x1, 0x11, 0x11, 0x11,
    0x11, 0x11, 0x10, 0x4, 0x55, 0x55, 0x55, 0x55,
    0x55, 0x40, 0xe, 0xff, 0xff, 0xff, 0xff, 0xff,
    0xe0,

    /* U+F5C0 "" */
    0x0, 0x0, 0x0, 0x0, 0x0, 0x0, 0x0, 0x0,
    0x0, 0x0, 0x0, 0xc, 0x90, 0x0, 0x0, 0x0,
    0x0, 0x0, 0x0, 0x5f, 0xf2, 0x0, 0x0, 0x0,
    0x0, 0x0, 0x0, 0xdf, 0xf9, 0x0, 0x0, 0x0,
    0x0, 0x0, 0x6, 0xfe, 0xdf, 0x20, 0x0, 0x0,
    0x3, 0x68, 0xbf, 0xfe, 0x5f, 0xea, 0x75, 0x20,
    0x7f, 0xff, 0xff, 0xfe, 0x8, 0xff, 0xff, 0xf4,
    0x1d, 0xff, 0xff, 0xfe, 0x0, 0x2, 0xef, 0xa0,
    0x1, 0xdf, 0xff, 0xfe, 0x0, 0xb, 0xfa, 0x0,
    0x0, 0x1d, 0xff, 0xfe, 0x0, 0x7f, 0xa0, 0x0,
    0x0, 0x6, 0xff, 0xfe, 0x0, 0x9f, 0x20, 0x0,
    0x0, 0x8, 0xff, 0xff, 0x60, 0x7f, 0x40, 0x0,
    0x0, 0xb, 0xff, 0xff, 0xfe, 0xbf, 0x70, 0x0,
    0x0, 0xd, 0xff, 0xd5, 0x7e, 0xff, 0x90, 0x0,
    0x0, 0xf, 0xd6, 0x0, 0x1, 0x8f, 0xb0, 0x0,
    0x0, 0x1, 0x0, 0x0, 0x0, 0x0, 0x10, 0x0,

    /* U+F5C1 "" */
    0x0, 0x0, 0x11, 0x10, 0x0, 0x0, 0x0, 0xdf,
    0xff, 0x70, 0x0, 0x0, 0x5f, 0x32, 0x8e, 0x0,
    0x0, 0x5, 0xf0, 0x6, 0xe0, 0x0, 0x17, 0xbf,
    0x88, 0xbf, 0x84, 0xc, 0xff, 0xff, 0xff, 0xff,
    0xf5, 0xff, 0xff, 0xff, 0xff, 0xff, 0x8f, 0xfe,
    0x98, 0x88, 0xbf, 0xf8, 0xff, 0xc2, 0x22, 0x25,
    0xff, 0x8f, 0xff, 0xff, 0xff, 0xff, 0xf8, 0xff,
    0xff, 0xff, 0xff, 0xff, 0x8f, 0xfc, 0x10, 0x0,
    0x4f, 0xf8, 0xff, 0xfa, 0xaa, 0xac, 0xff, 0x8f,
    0xff, 0xff, 0xff, 0xff, 0xf8, 0xef, 0xff, 0xff,
    0xff, 0xff, 0x74, 0xdf, 0xed, 0xdd, 0xff, 0xa0,
    0x0, 0x82, 0x0, 0x6, 0x50, 0x0,

    /* U+F5C2 "" */
    0x0, 0x0, 0x0, 0x11, 0x0, 0x0, 0x0, 0x0,
    0x1, 0xaf, 0xff, 0xfa, 0x10, 0x0, 0x0, 0x6f,
    0xff, 0xff, 0xff, 0xf6, 0x0, 0x5, 0xff, 0xff,
    0xff, 0xff, 0xff, 0x50, 0x1e, 0xff, 0xff, 0xff,
    0xff, 0xff, 0xe1, 0x9f, 0xff, 0xde, 0xff, 0xec,
    0xff, 0xf9, 0xdf, 0xff, 0x5, 0xff, 0x70, 0xff,
    0xfd, 0xff, 0xff, 0xde, 0xff, 0xfd, 0xff, 0xff,
    0xef, 0xff, 0xff, 0xee, 0xff, 0xff, 0xfe, 0xcf,
    0xff, 0xf9, 0x0, 0x9f, 0xff, 0xfc, 0x6f, 0xff,
    0xf4, 0x0, 0x4f, 0xff, 0xf6, 0xc, 0xff, 0xfb,
    0x11, 0xbf, 0xff, 0xc0, 0x2, 0xef, 0xff, 0xff,
    0xff, 0xfe, 0x20, 0x0, 0x1a, 0xff, 0xff, 0xff,
    0xa1, 0x0, 0x0, 0x0, 0x49, 0xbb, 0x94, 0x0,
    0x0,

    /* U+F5C3 "" */
    0x0, 0x0, 0x0, 0x0, 0x0, 0x0, 0x0, 0x9f,
    0xff, 0xa0, 0x0, 0x0, 0x0, 0x0, 0xff, 0xbf,
    0xf1, 0x0, 0x0, 0x0, 0x0, 0xfc, 0xa, 0xf1,
    0x5, 0xda, 0x0, 0x0, 0xff, 0xcf, 0xf1, 0x5f,
    0xff, 0xc0, 0x0, 0xff, 0xff, 0xf1, 0x7f, 0xff,
    0xfa, 0x0, 0xfd, 0xc, 0xf1, 0x7f, 0xff, 0xfc,
    0x0, 0xfd, 0x2c, 0xf1, 0x7f, 0xff, 0xf3, 0x0,
    0xff, 0xff, 0xf1, 0x7f, 0xff, 0x30, 0x0, 0xff,
    0xff, 0xf1, 0x7f, 0xf3, 0x14, 0x40, 0xff, 0xff,
    0xf1, 0x7f, 0x31, 0xdf, 0xfb, 0xff, 0xcf, 0xf1,
    0x63, 0x1d, 0xff, 0xff, 0xff, 0x2f, 0xf0, 0x2,
    0xdf, 0xff, 0xff, 0xaf, 0xff, 0xb0, 0x2e, 0xff,
    0xff, 0xff, 0x1a, 0xeb, 0x11, 0xdf, 0xff, 0xff,
    0xe7,

    /* U+F5C4 "" */
    0x0, 0x0, 0x0, 0x0, 0x0, 0x0, 0x28, 0x30,
    0x0, 0x0, 0x0, 0x1a, 0xed, 0x82, 0x0, 0xcf,
    0xe0, 0x0, 0x0, 0x3, 0xff, 0xdf, 0xff, 0x80,
    0xbf, 0xd0, 0x0, 0x0, 0x3, 0xc5, 0x7, 0xff,
    0xfb, 0x5, 0x10, 0x0, 0x0, 0x0, 0x0, 0x8f,
    0xff, 0xff, 0x40, 0x0, 0x0, 0x0, 0x0, 0x0,
    0x5a, 0xff, 0x94, 0x10, 0x0, 0x0, 0x0, 0x0,
    0x47, 0x40, 0x22, 0x16, 0x61, 0x0, 0x0, 0x56,
    0x4c, 0xfe, 0xfc, 0x47, 0xff, 0xff, 0x84, 0x81,
    0x6f, 0xfb, 0x30, 0x2b, 0xfe, 0x70, 0x6, 0xdf,
    0xc1, 0x0, 0x0, 0x0, 0x0, 0x0, 0x0, 0x0,
    0x0, 0x0,

    /* U+F5C5 "" */
    0x0, 0x0, 0x2, 0x87, 0x10, 0x0, 0x27, 0x71,
    0x0, 0x0, 0x0, 0x2f, 0xff, 0xe1, 0x2, 0xff,
    0xfe, 0x10, 0x0, 0x0, 0x9f, 0x78, 0xf7, 0x8,
    0xf7, 0x8f, 0x70, 0x0, 0x0, 0xaf, 0x10, 0xc5,
    0xa, 0xf1, 0xc, 0x50, 0x0, 0x0, 0xaf, 0x10,
    0x0, 0xa, 0xf1, 0x0, 0x0, 0x0, 0x0, 0xaf,
    0x10, 0x0, 0xa, 0xf1, 0x0, 0x0, 0x0, 0x0,
    0xaf, 0xff, 0xff, 0xff, 0xf1, 0x0, 0x0, 0x0,
    0x0, 0xaf, 0xbb, 0xbb, 0xbe, 0xf1, 0x0, 0x0,
    0x0, 0x0, 0x9c, 0x0, 0x0, 0x8, 0xd1, 0x0,
    0x0, 0x0, 0x0, 0x0, 0x0, 0x0, 0x0, 0x0,
    0x0, 0x0, 0x0, 0x2, 0xac, 0x91, 0x0, 0x6c,
    0xc5, 0x0, 0x0, 0x9a, 0x8f, 0xda, 0xee, 0x8b,
    0xfb, 0xbf, 0xc8, 0xd1, 0x4b, 0xc7, 0x0, 0x8,
    0xca, 0x30, 0x2, 0xac, 0x70,

    /* U+F5C7 "" */
    0x0, 0x0, 0x0, 0x0, 0x0, 0x0, 0x0, 0x0,
    0x0, 0xd7, 0x0, 0x0, 0x6, 0x30, 0x0, 0x0,
    0x0, 0x6, 0xf7, 0x0, 0x5, 0xff, 0x20, 0x0,
    0x0, 0x0, 0x6, 0xf7, 0x1, 0xef, 0xfc, 0x0,
    0x0, 0x0, 0x0, 0x6, 0xf7, 0xaf, 0xff, 0xf6,
    0x0, 0x0, 0x0, 0x0, 0x6, 0xff, 0xff, 0xff,
    0xf1, 0x0, 0x0, 0x0, 0x0, 0x6, 0xff, 0xff,
    0xff, 0x90, 0x0, 0x0, 0x0, 0x3, 0x6, 0xff,
    0xff, 0xff, 0x20, 0x0, 0x0, 0x0, 0xdb, 0x6,
    0xff, 0xff, 0xf9, 0x0, 0x0, 0x0, 0x2f, 0xfb,
    0x6, 0xff, 0xff, 0xe0, 0x0, 0x0, 0x5, 0xff,
    0xfb, 0x6, 0xff, 0xff, 0x10, 0x0, 0x0, 0x3f,
    0xff, 0xfb, 0x6, 0xff, 0xe0, 0x0, 0x0, 0x0,
    0xff, 0xff, 0xfb, 0x6, 0xfc, 0x0, 0x0, 0x0,
    0x6, 0xff, 0xff, 0xfb, 0x6, 0xf7, 0x0, 0x0,
    0x0, 0x8, 0xff, 0xff, 0xfa, 0x6, 0xf7, 0x0,
    0x0, 0x0, 0x3, 0x9c, 0xc8, 0x10, 0x6, 0xf6,
    0x0, 0x0, 0x0, 0x0, 0x0, 0x0, 0x0, 0x6,
    0x60,

    /* U+F5C8 "" */
    0x0, 0x0, 0x0, 0x11, 0x0, 0x0, 0x0, 0x0,
    0x1, 0xaf, 0xff, 0xfa, 0x10, 0x0, 0x0, 0x6f,
    0xff, 0xff, 0xff, 0xf6, 0x0, 0x5, 0xff, 0xff,
    0xff, 0xff, 0xff, 0x50, 0x1e, 0xff, 0xff, 0xff,
    0xff, 0xff, 0xe1, 0x8f, 0xf7, 0x6e, 0xff, 0xd5,
    0x8f, 0xf8, 0xdf, 0xfe, 0x10, 0xeb, 0x1, 0xff,
    0xfd, 0xff, 0xf7, 0x4d, 0xff, 0xb4, 0x8f, 0xff,
    0xef, 0xff, 0xff, 0xdd, 0xff, 0xff, 0xfe, 0xcf,
    0xff, 0xd2, 0x0, 0x2d, 0xff, 0xfc, 0x7f, 0xfe,
    0x10, 0x0, 0x1, 0xef, 0xf7, 0xc, 0xf9, 0x2,
    0x55, 0x20, 0x9f, 0xc0, 0x2, 0xff, 0xef, 0xff,
    0xfe, 0xff, 0x20, 0x0, 0x2c, 0xff, 0xff, 0xff,
    0xc2, 0x0, 0x0, 0x0, 0x5a, 0xcc, 0xa5, 0x0,
    0x0,

    /* U+F5C9 "" */
    0x0, 0x0, 0x0, 0x0, 0x1, 0x0, 0x0, 0xaf,
    0xfc, 0x76, 0xbf, 0xfc, 0x20, 0x9f, 0xff, 0xff,
    0xff, 0xff, 0xfd, 0xe, 0xff, 0xff, 0xff, 0xff,
    0xff, 0xf2, 0xff, 0xff, 0xff, 0xff, 0xff, 0xff,
    0x4f, 0xff, 0xff, 0xff, 0xff, 0xff, 0xf3, 0xef,
    0xff, 0xff, 0xff, 0xff, 0xff, 0x28, 0xff, 0xff,
    0xff, 0xff, 0xff, 0xc0, 0x1f, 0xff, 0xff, 0xff,
    0xff, 0xf4, 0x0, 0xaf, 0xff, 0xdc, 0xff, 0xfd,
    0x0, 0x6, 0xff, 0xf2, 0xe, 0xff, 0xa0, 0x0,
    0x4f, 0xff, 0x0, 0xaf, 0xf8, 0x0, 0x2, 0xff,
    0xc0, 0x8, 0xff, 0x60, 0x0, 0xf, 0xf9, 0x0,
    0x5f, 0xf4, 0x0, 0x0, 0x6c, 0x20, 0x0, 0xaa,
    0x0, 0x0,

    /* U+F5CA "" */
    0x0, 0x0, 0x0, 0x23, 0x10, 0x0, 0x0, 0x0,
    0x4, 0xbf, 0xff, 0xfb, 0x30, 0x0, 0x0, 0x8f,
    0xff, 0xff, 0xff, 0xf7, 0x0, 0x8, 0xff, 0xff,
    0xff, 0xff, 0xff, 0x60, 0xc, 0xff, 0xff, 0xff,
    0xff, 0xff, 0xf2, 0x1, 0x8f, 0xff, 0xff, 0xff,
    0xff, 0xf9, 0x0, 0x1, 0x8f, 0xff, 0xff, 0xff,
    0xfd, 0x0, 0x0, 0x2, 0xff, 0xff, 0xff, 0xff,
    0x0, 0x0, 0x9, 0xf7, 0x7e, 0xff, 0xfe, 0x0,
    0x0, 0x1f, 0xd0, 0x0, 0x7f, 0xfb, 0x0, 0x0,
    0x9f, 0x60, 0x0, 0x1, 0x73, 0x0, 0x1, 0xfd,
    0x0, 0x0, 0x0, 0x0, 0x0, 0x9, 0xf6, 0x0,
    0x0, 0x0, 0x0, 0xcf, 0xff, 0xff, 0xff, 0xff,
    0xff, 0xfc, 0x8c, 0xcc, 0xcc, 0xcc, 0xcc, 0xcc,
    0xc8,

    /* U+F5CD "" */
    0x0, 0x0, 0x0, 0x0, 0x0, 0x0, 0x0, 0x0,
    0x0, 0x9, 0xff, 0x90, 0x0, 0x0, 0x0, 0x0,
    0x5f, 0xdd, 0xf5, 0x0, 0x0, 0x0, 0x0, 0x9f,
    0x33, 0xf9, 0x0, 0x0, 0x0, 0x6, 0xcf, 0xcc,
    0xfc, 0x60, 0x0, 0x0, 0x9f, 0xff, 0xff, 0xff,
    0xf9, 0x0, 0x0, 0xff, 0xff, 0xff, 0xff, 0xff,
    0x0, 0x4, 0xff, 0xff, 0xff, 0xff, 0xff, 0x40,
    0x9, 0xff, 0xff, 0xff, 0xff, 0xff, 0x90, 0xe,
    0xff, 0xff, 0xff, 0xff, 0xff, 0xe0, 0x3f, 0xff,
    0xff, 0xff, 0xff, 0xff, 0xf3, 0x7f, 0xff, 0xff,
    0xff, 0xff, 0xff, 0xf8, 0xcf, 0xff, 0xff, 0xff,
    0xff, 0xff, 0xfc, 0xef, 0xff, 0xff, 0xff, 0xff,
    0xff, 0xfe, 0x6e, 0xff, 0xff, 0xff, 0xff, 0xff,
    0xe6,

    /* U+F5CE "" */
    0x0, 0x0, 0x0, 0x0, 0x0, 0xef, 0xff, 0xff,
    0xb0, 0x4f, 0xcb, 0xbb, 0xef, 0x7, 0xf3, 0x0,
    0x9, 0xf3, 0xbf, 0x10, 0x0, 0x6f, 0x6e, 0xe0,
    0x0, 0x2, 0xfa, 0xfc, 0x0, 0x0, 0xf, 0xbd,
    0xf0, 0x0, 0x3, 0xf9, 0x8f, 0xa1, 0x2, 0xdf,
    0x30, 0xcf, 0xfe, 0xff, 0x70, 0x0, 0x7e, 0xfa,
    0x30, 0x0, 0x0, 0xaf, 0x10, 0x0, 0x0, 0xa,
    0xf1, 0x0, 0x0, 0x0, 0xaf, 0x10, 0x0, 0xe,
    0xff, 0xff, 0xfa, 0x0, 0x9b, 0xbb, 0xbb, 0x60,

    /* U+F5D0 "" */
    0x0, 0x0, 0x11, 0x0, 0x0, 0x0, 0x1, 0x0,
    0x0, 0x8f, 0xf8, 0x0, 0x87, 0x2, 0xc2, 0x0,
    0xa, 0xff, 0xa0, 0x1a, 0x80, 0x4d, 0x30, 0x0,
    0x9f, 0xfa, 0x0, 0x10, 0x40, 0x10, 0x0, 0x0,
    0x0, 0x0, 0x0, 0x4e, 0x80, 0x0, 0x3c, 0xff,
    0xff, 0xc3, 0x0, 0x80, 0x0, 0xe, 0xff, 0xff,
    0xff, 0xe0, 0x0, 0x9, 0x3, 0xff, 0xfc, 0xcf,
    0xff, 0x30, 0x6, 0xf5, 0x3f, 0xf7, 0x0, 0x7f,
    0xf4, 0x0, 0x4, 0x3, 0xff, 0x0, 0x0, 0xff,
    0x40, 0x0, 0x0, 0x3f, 0xf1, 0x0, 0xf, 0xf4,
    0x0, 0x0, 0x3, 0xff, 0xb1, 0x1a, 0xff, 0x40,
    0x0, 0x0, 0x3f, 0xff, 0xff, 0xff, 0xf4, 0x0,
    0x0, 0x2, 0xff, 0xff, 0xff, 0xff, 0x30, 0x0,
    0x0, 0x6, 0xaa, 0xaa, 0xaa, 0x70, 0x0, 0x0,
    0x0,

    /* U+F5D1 "" */
    0x0, 0x0, 0x0, 0x1, 0x0, 0x0, 0x0, 0x0,
    0x0, 0x9, 0xfb, 0x0, 0x0, 0x0, 0x0, 0x3,
    0xff, 0x80, 0x0, 0x0, 0x0, 0x0, 0x3e, 0xa0,
    0x0, 0x0, 0x1, 0x79, 0x61, 0x4, 0x88, 0x30,
    0x1, 0xef, 0xff, 0xff, 0xff, 0xff, 0x40, 0x8f,
    0xff, 0xff, 0xff, 0xff, 0xfc, 0xd, 0xff, 0xff,
    0xff, 0xff, 0xff, 0xf1, 0xff, 0xff, 0xff, 0xff,
    0xff, 0xff, 0x3e, 0xff, 0xff, 0xff, 0xff, 0xff,
    0xf2, 0xbf, 0xff, 0xff, 0xff, 0xff, 0xff, 0x7,
    0xff, 0xff, 0xff, 0xff, 0xff, 0xb0, 0xe, 0xff,
    0xff, 0xff, 0xff, 0xf3, 0x0, 0x4f, 0xff, 0xff,
    0xff, 0xf7, 0x0, 0x0, 0x29, 0xc9, 0x9c, 0xa4,
    0x0, 0x0,

    /* U+F5D2 "" */
    0x0, 0x0, 0x0, 0x1, 0x0, 0x0, 0x0, 0x0,
    0x0, 0x5, 0xff, 0x90, 0x0, 0x0, 0x0, 0x0,
    0x2f, 0xed, 0xf5, 0x0, 0x0, 0x0, 0x8b, 0xef,
    0x74, 0xff, 0xca, 0x10, 0xb, 0xff, 0xff, 0xff,
    0xff, 0xff, 0xe0, 0xf, 0xd2, 0xff, 0xdb, 0xff,
    0x69, 0xf3, 0xc, 0xfd, 0xf7, 0x0, 0x3f, 0xee,
    0xf0, 0x4, 0xff, 0xf0, 0x9d, 0xc, 0xff, 0x80,
    0x8, 0xff, 0xf1, 0x46, 0xd, 0xff, 0xb0, 0xe,
    0xe7, 0xfc, 0x32, 0x9f, 0xbb, 0xf1, 0xe, 0xe6,
    0xff, 0xff, 0xff, 0x9b, 0xf2, 0x6, 0xff, 0xff,
    0xec, 0xff, 0xff, 0xa0, 0x0, 0x25, 0x9f, 0x84,
    0xfc, 0x54, 0x0, 0x0, 0x0, 0xd, 0xff, 0xf2,
    0x0, 0x0, 0x0, 0x0, 0x1, 0x9a, 0x30, 0x0,
    0x0,

    /* U+F5D7 "" */
    0x0, 0x0, 0x0, 0x0, 0x0, 0x0, 0x0, 0x0,
    0x0, 0x1b, 0xfd, 0x30, 0x0, 0x0, 0x0, 0x9,
    0xfe, 0x60, 0xbf, 0xff, 0xd0, 0x0, 0x0, 0x0,
    0x6f, 0xff, 0xf3, 0xff, 0xff, 0xfe, 0xdd, 0xdd,
    0xdd, 0xff, 0xff, 0xf7, 0xcf, 0xff, 0xff, 0xff,
    0xff, 0xff, 0xff, 0xff, 0xf4, 0x3f, 0xff, 0xff,
    0xff, 0xff, 0xff, 0xff, 0xff, 0xb0, 0x8f, 0xff,
    0xff, 0xff, 0xff, 0xff, 0xff, 0xff, 0xe1, 0xef,
    0xff, 0xff, 0xff, 0xff, 0xff, 0xff, 0xff, 0xf6,
    0xef, 0xff, 0xf7, 0x55, 0x55, 0x55, 0xbf, 0xff,
    0xf6, 0x6f, 0xff, 0x90, 0x0, 0x0, 0x0, 0x1f,
    0xff, 0xd0, 0x4, 0x85, 0x0, 0x0, 0x0, 0x0,
    0x2, 0x76, 0x0,

    /* U+F5DA "" */
    0x0, 0x0, 0x5, 0xcc, 0x50, 0x0, 0x0, 0x0,
    0x0, 0x2f, 0xff, 0xf2, 0x0, 0x0, 0x0, 0x0,
    0x5f, 0xff, 0xf5, 0x0, 0x0, 0x0, 0x0, 0x2f,
    0xff, 0xf2, 0x0, 0x0, 0x0, 0x0, 0x5, 0xcc,
    0x50, 0x0, 0x0, 0x0, 0x0, 0x0, 0x0, 0x0,
    0x0, 0x0, 0x8f, 0xfe, 0xb6, 0x11, 0x6b, 0xef,
    0xf8, 0xff, 0xff, 0xff, 0xff, 0xff, 0xec, 0xef,
    0xff, 0xff, 0xff, 0xfc, 0x61, 0x0, 0xbf, 0xff,
    0xff, 0xff, 0xf0, 0x0, 0x0, 0xbf, 0xff, 0xff,
    0xff, 0xf0, 0x0, 0x0, 0xbf, 0xff, 0xff, 0xff,
    0xf0, 0x0, 0x0, 0xbf, 0xff, 0xff, 0xff, 0xf1,
    0x5a, 0xbd, 0xff, 0x6d, 0xef, 0xff, 0xff, 0xff,
    0xfe, 0xd6, 0x0, 0x0, 0x27, 0xcc, 0x72, 0x0,
    0x0,

    /* U+F5DC "" */
    0x0, 0x0, 0x10, 0x0, 0x20, 0x0, 0x0, 0x0,
    0x7, 0xff, 0xa, 0xfc, 0x0, 0x0, 0x0, 0xe,
    0xff, 0x2c, 0xff, 0x40, 0x0, 0x4, 0xdf, 0xff,
    0x2c, 0xff, 0xe8, 0x0, 0xe, 0xff, 0xff, 0x2c,
    0xff, 0xff, 0x40, 0xf, 0xff, 0xff, 0x2c, 0xff,
    0xff, 0x60, 0x1e, 0xff, 0xff, 0x2c, 0xff, 0xff,
    0x60, 0xbf, 0xff, 0xff, 0x2c, 0xff, 0xff, 0xf2,
    0xef, 0xff, 0xff, 0x2c, 0xff, 0xff, 0xf4, 0x8f,
    0xff, 0xff, 0x2c, 0xff, 0xff, 0xd0, 0x4f, 0xff,
    0xff, 0x2c, 0xff, 0xff, 0xa0, 0x7f, 0xff, 0xff,
    0x2c, 0xff, 0xff, 0xd0, 0x3f, 0xff, 0xff, 0x2c,
    0xff, 0xff, 0x80, 0x3, 0x9f, 0xff, 0x2c, 0xff,
    0xc5, 0x0, 0x0, 0x7, 0xdb, 0x7, 0xdb, 0x10,
    0x0,

    /* U+F5DE "" */
    0x0, 0x4, 0x89, 0x99, 0x98, 0x40, 0x0, 0x0,
    0x7f, 0xff, 0xff, 0xff, 0xf7, 0x0, 0x1, 0xfb,
    0x22, 0x22, 0x24, 0xff, 0x10, 0x6, 0xf4, 0x0,
    0x0, 0x0, 0x9f, 0x60, 0xb, 0xf0, 0x0, 0x0,
    0x0, 0x4f, 0xb0, 0x7f, 0xff, 0xff, 0xff, 0xff,
    0xff, 0xf7, 0xee, 0xcf, 0xff, 0xff, 0xff, 0xec,
    0xee, 0xf6, 0xd, 0xfc, 0x99, 0xdf, 0x60, 0x7f,
    0xff, 0xff, 0xf4, 0x0, 0x4f, 0xff, 0xff, 0xff,
    0xff, 0xfc, 0x99, 0xdf, 0xff, 0xff, 0x7f, 0xff,
    0xff, 0xff, 0xff, 0xff, 0xf7, 0x1f, 0xf5, 0x11,
    0x11, 0x11, 0xcf, 0xf1, 0xc, 0xd1, 0x0, 0x0,
    0x0, 0x6d, 0xb0,

    /* U+F5DF "" */
    0x0, 0x2, 0x20, 0x0, 0x2, 0x20, 0x0, 0x3,
    0xcf, 0xfa, 0x44, 0xaf, 0xfc, 0x30, 0xaf, 0xff,
    0xff, 0xff, 0xff, 0xff, 0xfa, 0xff, 0xff, 0xff,
    0xff, 0xff, 0xff, 0xff, 0xff, 0xff, 0xff, 0xff,
    0xfb, 0xaf, 0xff, 0xff, 0xed, 0xde, 0xff, 0xe5,
    0x3e, 0xff, 0xfe, 0x0, 0x1, 0xff, 0x10, 0x0,
    0xef, 0xff, 0xff, 0xff, 0xff, 0xf6, 0x4f, 0xff,
    0xff, 0xff, 0xff, 0xff, 0xfd, 0xcf, 0xff, 0xff,
    0xff, 0xff, 0xff, 0xff, 0xff, 0xff, 0xff, 0xff,
    0xff, 0xff, 0xff, 0xff, 0xff, 0x6f, 0xff, 0xff,
    0xff, 0xff, 0xff, 0xf6,

    /* U+F5E1 "" */
    0x0, 0x0, 0x9, 0x20, 0x0, 0x0, 0x0, 0x0,
    0x0, 0x3, 0x0, 0xf5, 0x1, 0x20, 0x0, 0x0,
    0x0, 0x3, 0xf6, 0xa, 0x31, 0xe9, 0x0, 0x0,
    0x0, 0x0, 0x6, 0x90, 0x0, 0x4a, 0x0, 0x0,
    0x0, 0x0, 0x0, 0x0, 0x0, 0x0, 0x1, 0x0,
    0x0, 0x0, 0x9, 0xfa, 0x0, 0x0, 0x2d, 0xff,
    0xc8, 0x30, 0x0, 0x25, 0x20, 0x0, 0xc, 0xfa,
    0xcf, 0xff, 0xd3, 0x0, 0x2, 0x40, 0x8, 0xfa,
    0x0, 0x5, 0x9f, 0xb0, 0x1, 0xea, 0x9, 0xff,
    0x83, 0x0, 0x0, 0xdf, 0x0, 0x29, 0x3, 0xfe,
    0xbf, 0xff, 0xb6, 0x2b, 0xf0, 0x0, 0x0, 0x8f,
    0x70, 0xff, 0xff, 0xff, 0xff, 0x20, 0x0, 0xc,
    0xff, 0xdf, 0xff, 0xff, 0xaa, 0xf8, 0x0, 0x0,
    0xff, 0x9c, 0xff, 0xff, 0xf4, 0x5f, 0x90, 0x0,
    0xb, 0xb0, 0x0, 0x49, 0xdf, 0xff, 0xf5, 0x0,
    0x0, 0x0, 0x0, 0x0, 0x0, 0x17, 0xff, 0x10,
    0x0, 0x0, 0x0, 0x0, 0x0, 0x0, 0x5f, 0xd0,
    0x0, 0x0, 0x0, 0x0, 0x0, 0x0, 0x0, 0x63,
    0x0,

    /* U+F5E4 "" */
    0x0, 0x4, 0x89, 0x99, 0x99, 0x60, 0x0, 0x0,
    0x0, 0x0, 0x5f, 0xff, 0xff, 0xff, 0xfb, 0x0,
    0x0, 0x0, 0x0, 0xdf, 0x32, 0x8e, 0x22, 0xbf,
    0x70, 0x0, 0x0, 0x2, 0xfa, 0x0, 0x7e, 0x0,
    0x1e, 0xf3, 0x0, 0x0, 0x8, 0xf5, 0x0, 0x7e,
    0x0, 0x5, 0xfe, 0x10, 0x0, 0x6f, 0xff, 0xff,
    0xff, 0xff, 0xff, 0xff, 0xfb, 0x10, 0xef, 0xff,
    0xff, 0xff, 0xff, 0xff, 0xff, 0xff, 0xd0, 0xff,
    0xff, 0xff, 0xff, 0xff, 0xff, 0xff, 0xff, 0xf4,
    0xff, 0xff, 0xff, 0xff, 0xff, 0xff, 0xff, 0xff,
    0xf7, 0xdf, 0xfb, 0x8f, 0xff, 0xff, 0xff, 0x9a,
    0xff, 0xf5, 0x2a, 0xf2, 0xd, 0xdb, 0xbb, 0xde,
    0x1, 0xfc, 0x70, 0x0, 0xec, 0x9f, 0x40, 0x0,
    0x3f, 0xab, 0xf1, 0x0, 0x0, 0x3b, 0xc6, 0x0,
    0x0, 0x5, 0xcc, 0x30, 0x0,

    /* U+F5E7 "" */
    0x0, 0x33, 0x33, 0x31, 0x0, 0x0, 0x0, 0x0,
    0xdf, 0xff, 0xff, 0xf4, 0x0, 0x0, 0x0, 0x3f,
    0xff, 0xff, 0xff, 0x90, 0x3, 0x3, 0x4, 0xff,
    0xfb, 0x4f, 0xfa, 0x0, 0xb2, 0xe0, 0x4f, 0xf9,
    0x8, 0xff, 0xa0, 0x5e, 0xcf, 0x74, 0xfd, 0x30,
    0x28, 0xfa, 0x9, 0xff, 0xfb, 0x4f, 0xfd, 0x4,
    0xff, 0xa0, 0x3f, 0xff, 0x64, 0xff, 0x96, 0xff,
    0xfa, 0x0, 0x4f, 0x60, 0x4f, 0xff, 0xff, 0xff,
    0xc4, 0x1, 0xf3, 0x4, 0xff, 0xff, 0xff, 0xff,
    0xf6, 0x1f, 0x30, 0x4f, 0xff, 0xff, 0xff, 0xa9,
    0xc1, 0xf3, 0x4, 0xff, 0xff, 0xff, 0xfa, 0x6f,
    0x9f, 0x10, 0x4f, 0xff, 0xff, 0xff, 0xa0, 0x9c,
    0x60, 0x6, 0xff, 0xff, 0xff, 0xfc, 0x0, 0x0,
    0x0, 0x49, 0x99, 0x99, 0x99, 0x80, 0x0, 0x0,
    0x0,

    /* U+F5EB "" */
    0x0, 0x0, 0x0, 0x0, 0x0, 0x0, 0x0, 0x0,
    0x0, 0x3, 0xdd, 0x30, 0x0, 0x0, 0x0, 0x0,
    0x4f, 0xff, 0xf4, 0x0, 0x0, 0x0, 0x4, 0xff,
    0xff, 0xff, 0x40, 0x0, 0x0, 0x4f, 0xff, 0xff,
    0xff, 0xf4, 0x0, 0x4, 0xff, 0xff, 0xfc, 0x1c,
    0xff, 0x40, 0x4f, 0xff, 0xff, 0xed, 0x31, 0xdf,
    0xf4, 0xdf, 0xff, 0xd1, 0x0, 0x0, 0x6f, 0xfd,
    0xbf, 0xff, 0x60, 0xff, 0x32, 0xef, 0xfb, 0x1d,
    0xff, 0x61, 0xfc, 0x3e, 0xff, 0xd1, 0x1, 0xdf,
    0xec, 0xff, 0xff, 0xfd, 0x10, 0x0, 0x1d, 0xff,
    0xff, 0xff, 0xd1, 0x0, 0x0, 0x1, 0xdf, 0xff,
    0xfd, 0x10, 0x0, 0x0, 0x0, 0x1d, 0xff, 0xd1,
    0x0, 0x0, 0x0, 0x0, 0x1, 0x88, 0x10, 0x0,
    0x0,

    /* U+F5EE "" */
    0x0, 0x0, 0x0, 0x0, 0x0, 0x0, 0x0, 0x8f,
    0xe5, 0x44, 0x44, 0x44, 0x5e, 0xf7, 0xff, 0xff,
    0xff, 0xff, 0xff, 0xff, 0xfe, 0x9f, 0xe6, 0x66,
    0x66, 0x66, 0xaf, 0xf8, 0x2f, 0xa0, 0x0, 0x0,
    0x1, 0xef, 0x40, 0x2f, 0xa0, 0x0, 0x0, 0xb,
    0xf7, 0x0, 0x2f, 0xa0, 0x0, 0x6, 0xff, 0xb0,
    0x0, 0x2f, 0xa0, 0x0, 0xe, 0xff, 0x60, 0x0,
    0x2f, 0xa0, 0x0, 0xc, 0xff, 0x70, 0x0, 0x2f,
    0xa0, 0x0, 0x1, 0x7e, 0xf2, 0x0, 0x2f, 0xa0,
    0x0, 0x0, 0x5, 0xfc, 0x0, 0x3f, 0xb0, 0x0,
    0x0, 0x0, 0xaf, 0xb2, 0xdf, 0xfd, 0xdd, 0xdd,
    0xdd, 0xef, 0xfc, 0xef, 0xff, 0xff, 0xff, 0xff,
    0xff, 0xfe, 0x4c, 0x90, 0x0, 0x0, 0x0, 0x9,
    0xc4,

    /* U+F5FC "" */
    0x0, 0x39, 0x99, 0x99, 0x99, 0x99, 0x99, 0x70,
    0x0, 0x1, 0xff, 0xff, 0xff, 0xff, 0xff, 0xff,
    0xf8, 0x0, 0x3, 0xf9, 0x22, 0x22, 0x22, 0x22,
    0x22, 0xfb, 0x0, 0x4, 0xf8, 0x0, 0x0, 0x0,
    0x0, 0x0, 0xfc, 0x0, 0x4, 0xf8, 0x0, 0x58,
    0x2, 0xa1, 0x0, 0xfc, 0x0, 0x4, 0xf8, 0x5,
    0xf7, 0x1, 0xdc, 0x0, 0xfc, 0x0, 0x4, 0xf8,
    0x9, 0xf3, 0x0, 0xaf, 0x10, 0xfc, 0x0, 0x4,
    0xf8, 0x0, 0xac, 0x4, 0xf3, 0x0, 0xfc, 0x0,
    0x2, 0xb5, 0x0, 0x0, 0x0, 0x0, 0x0, 0xb8,
    0x0, 0x0, 0x0, 0x0, 0x0, 0x0, 0x0, 0x0,
    0x0, 0x0, 0x9a, 0xaa, 0xaa, 0xaa, 0xaa, 0xaa,
    0xaa, 0xaa, 0xa4, 0xdf, 0xff, 0xff, 0xff, 0xff,
    0xff, 0xff, 0xff, 0xf5, 0x3d, 0xff, 0xff, 0xff,
    0xff, 0xff, 0xff, 0xfe, 0x90,

    /* U+F5FD "" */
    0x0, 0x0, 0x0, 0x11, 0x0, 0x0, 0x0, 0x0,
    0x0, 0x3a, 0xff, 0xa3, 0x0, 0x0, 0x0, 0x4b,
    0xff, 0xff, 0xff, 0xb4, 0x0, 0x4c, 0xff, 0xff,
    0xff, 0xff, 0xff, 0xc4, 0xcf, 0xff, 0xff, 0xff,
    0xff, 0xff, 0xfd, 0x6, 0xdf, 0xff, 0xff, 0xff,
    0xfd, 0x60, 0x2, 0x5, 0xcf, 0xff, 0xfd, 0x50,
    0x10, 0xcf, 0xb4, 0x4, 0xab, 0x40, 0x3b, 0xfc,
    0x5d, 0xff, 0xd5, 0x10, 0x5c, 0xff, 0xe6, 0x0,
    0x5c, 0xff, 0xff, 0xff, 0xd5, 0x0, 0x49, 0x30,
    0x3b, 0xff, 0xb4, 0x3, 0xa5, 0xcf, 0xfb, 0x40,
    0x22, 0x4, 0xcf, 0xfc, 0x6, 0xdf, 0xfc, 0x88,
    0xdf, 0xfd, 0x60, 0x0, 0x5, 0xcf, 0xff, 0xfc,
    0x50, 0x0, 0x0, 0x0, 0x4, 0xaa, 0x40, 0x0,
    0x0,

    /* U+F601 "" */
    0x0, 0x0, 0x0, 0xb, 0x40, 0x0, 0x0, 0x0,
    0x0, 0x0, 0x1, 0x7f, 0xb2, 0x0, 0x0, 0x0,
    0x0, 0x0, 0x9f, 0xff, 0xff, 0xc2, 0x0, 0x0,
    0x0, 0xc, 0xfd, 0x74, 0x6a, 0xff, 0x20, 0x0,
    0x0, 0x8f, 0xa0, 0x0, 0x0, 0x5f, 0xd0, 0x0,
    0x0, 0xfe, 0x0, 0x8d, 0xa2, 0x9, 0xf5, 0x0,
    0x5, 0xf8, 0x9, 0xff, 0xfe, 0x3, 0xfa, 0x0,
    0x9f, 0xf5, 0xe, 0xff, 0xff, 0x30, 0xff, 0xf0,
    0x4b, 0xf7, 0xc, 0xff, 0xff, 0x21, 0xfe, 0x70,
    0x1, 0xfb, 0x4, 0xff, 0xf8, 0x6, 0xf7, 0x0,
    0x0, 0xcf, 0x60, 0x15, 0x30, 0x1e, 0xf2, 0x0,
    0x0, 0x2f, 0xf8, 0x10, 0x5, 0xef, 0x60, 0x0,
    0x0, 0x3, 0xdf, 0xfe, 0xff, 0xf7, 0x0, 0x0,
    0x0, 0x0, 0x6, 0xbf, 0xe8, 0x20, 0x0, 0x0,
    0x0, 0x0, 0x0, 0x1f, 0x70, 0x0, 0x0, 0x0,
    0x0, 0x0, 0x0, 0x1, 0x0, 0x0, 0x0, 0x0,

    /* U+F604 "" */
    0x0, 0x0, 0x0, 0x1, 0x10, 0x0, 0x0, 0x0,
    0x0, 0x0, 0x22, 0xd, 0xc0, 0x22, 0x0, 0x0,
    0x0, 0x6, 0xff, 0xf, 0xd1, 0xff, 0x30, 0x0,
    0x0, 0x3f, 0xff, 0x1f, 0xd3, 0xff, 0xe1, 0x0,
    0x1, 0xef, 0xff, 0x1f, 0xd3, 0xff, 0xfa, 0x0,
    0x8, 0xff, 0xff, 0x5f, 0xe5, 0xff, 0xff, 0x40,
    0x1f, 0xff, 0xff, 0xff, 0xff, 0xff, 0xff, 0xb0,
    0x5f, 0xff, 0xff, 0xd4, 0x5d, 0xff, 0xff, 0xf2,
    0xaf, 0xff, 0xff, 0x20, 0x3, 0xff, 0xff, 0xf6,
    0xdf, 0xff, 0xff, 0x10, 0x3, 0xff, 0xff, 0xfa,
    0xef, 0xff, 0xff, 0x10, 0x3, 0xff, 0xff, 0xfc,
    0xff, 0xff, 0xff, 0x10, 0x2, 0xff, 0xff, 0xfe,
    0xef, 0xff, 0xfd, 0x0, 0x0, 0xef, 0xff, 0xfd,
    0x9f, 0xff, 0xf5, 0x0, 0x0, 0x6f, 0xff, 0xf7,
    0x7, 0xb8, 0x30, 0x0, 0x0, 0x3, 0x8b, 0x60,

    /* U+F610 "" */
    0x0, 0x0, 0x13, 0x30, 0x0, 0x0, 0x0, 0x0,
    0x4, 0xff, 0xf9, 0x0, 0x0, 0x0, 0x0, 0x7,
    0xff, 0xfd, 0x0, 0x0, 0x0, 0x0, 0x7, 0xff,
    0xfd, 0x0, 0x0, 0x0, 0x0, 0x7, 0xff, 0xff,
    0xb9, 0x60, 0x0, 0x0, 0x7, 0xff, 0xff, 0xff,
    0xfd, 0x20, 0x0, 0x7, 0xff, 0xfd, 0x2, 0x8f,
    0xe0, 0x0, 0x7, 0xff, 0xfd, 0x0, 0x7, 0xf8,
    0x0, 0x2, 0xef, 0xf7, 0x0, 0x0, 0xfc, 0x0,
    0x0, 0x0, 0x0, 0x0, 0x0, 0xcf, 0x0, 0x6,
    0x66, 0x66, 0x30, 0x0, 0xfd, 0x0, 0x3e, 0xee,
    0xee, 0x80, 0x7, 0xf8, 0x0, 0x0, 0x0, 0x0,
    0x2, 0x8f, 0xe0, 0xcf, 0xff, 0xff, 0xff, 0xff,
    0xff, 0xfc, 0x8b, 0xbb, 0xbb, 0xbb, 0xbb, 0xbb,
    0xb8,

    /* U+F613 "" */
    0x0, 0x0, 0x39, 0x99, 0x81, 0x0, 0x0, 0x0,
    0x0, 0x0, 0x0, 0xaf, 0xff, 0xf5, 0x0, 0x0,
    0x0, 0x0, 0x0, 0x0, 0x2, 0xfc, 0x20, 0x0,
    0x0, 0x0, 0x0, 0x7e, 0xff, 0xff, 0xff, 0xff,
    0xd6, 0x26, 0x9c, 0xf2, 0xf8, 0xaf, 0xff, 0xff,
    0xff, 0xff, 0xff, 0xff, 0x90, 0xf4, 0x6f, 0xff,
    0xff, 0xff, 0xff, 0xff, 0xfa, 0x0, 0xec, 0xaf,
    0xff, 0xff, 0xff, 0xff, 0xff, 0xc0, 0x0, 0x2a,
    0xff, 0xff, 0xff, 0xff, 0xff, 0xfd, 0x10, 0x0,
    0x0, 0x7f, 0xff, 0xff, 0xff, 0xff, 0xe1, 0x0,
    0x0, 0x0, 0x2e, 0xff, 0xff, 0xff, 0xfd, 0x20,
    0x0, 0x0, 0x0, 0x0, 0x0, 0x0, 0x0, 0x0,
    0x0, 0x0, 0x0,

    /* U+F619 "" */
    0x0, 0x0, 0x0, 0x0, 0x0, 0x0, 0x0, 0x0,
    0x0, 0x0, 0x1e, 0x80, 0x0, 0x0, 0x0, 0x0,
    0x0, 0xf, 0xf5, 0x0, 0x0, 0x0, 0x0, 0x0,
    0x7f, 0xf9, 0x0, 0x0, 0x0, 0x4, 0x8b, 0xff,
    0xfc, 0x40, 0x0, 0x0, 0x2f, 0xff, 0xff, 0xff,
    0xf2, 0x0, 0x0, 0x4f, 0xff, 0xff, 0xff, 0xf4,
    0x0, 0x0, 0x6f, 0xff, 0xff, 0xff, 0xf6, 0x0,
    0xc, 0xff, 0xff, 0xff, 0xff, 0xff, 0xc0, 0x1f,
    0xff, 0xff, 0xff, 0xff, 0xff, 0xf1, 0xc, 0xff,
    0xff, 0xff, 0xff, 0xff, 0xc0, 0x3d, 0xff, 0xff,
    0xff, 0xff, 0xff, 0xd3, 0xdf, 0xff, 0xff, 0xff,
    0xff, 0xff, 0xfd, 0xef, 0xff, 0xff, 0xff, 0xff,
    0xff, 0xfe, 0x4d, 0xff, 0xff, 0xff, 0xff, 0xff,
    0xd4,

    /* U+F61F "" */
    0x0, 0x0, 0x0, 0x0, 0x0, 0x0, 0x0, 0x0,
    0x0, 0x1e, 0xa0, 0x0, 0x0, 0x0, 0x0, 0xa,
    0xff, 0x40, 0x0, 0x0, 0x0, 0x4, 0xff, 0xfd,
    0x0, 0x0, 0x0, 0x0, 0xdf, 0xff, 0xf7, 0x0,
    0x0, 0x0, 0x7f, 0xff, 0xff, 0xf1, 0x0, 0x0,
    0x6, 0xff, 0xff, 0xfd, 0x20, 0x0, 0x0, 0x0,
    0x0, 0x0, 0x0, 0x0, 0x3, 0xbc, 0x80, 0x0,
    0x46, 0x66, 0x23, 0xff, 0xff, 0xc0, 0x3f, 0xff,
    0xfd, 0xaf, 0xff, 0xff, 0x35, 0xff, 0xff, 0xeb,
    0xff, 0xff, 0xf4, 0x5f, 0xff, 0xfe, 0x6f, 0xff,
    0xff, 0x15, 0xff, 0xff, 0xe0, 0x9f, 0xfe, 0x40,
    0xb, 0xdd, 0xd6, 0x0, 0x13, 0x0, 0x0, 0x0,
    0x0, 0x0,

    /* U+F621 "" */
    0x0, 0x0, 0x0, 0x1, 0x0, 0x0, 0x0, 0x0,
    0x0, 0x0, 0xef, 0x60, 0x0, 0x0, 0x0, 0x0,
    0x1, 0xff, 0x80, 0x0, 0x0, 0x2, 0x40, 0x1,
    0xff, 0x80, 0x2, 0x50, 0xe, 0xfc, 0x31, 0xff,
    0x80, 0x8f, 0xf5, 0x1e, 0xff, 0xfb, 0xff, 0xce,
    0xff, 0xf7, 0x1, 0xaf, 0xff, 0xff, 0xff, 0xfe,
    0x50, 0x0, 0x3, 0xdf, 0xff, 0xff, 0x70, 0x0,
    0x0, 0x8, 0xff, 0xff, 0xff, 0xc3, 0x0, 0x5,
    0xef, 0xff, 0xff, 0xff, 0xff, 0xa1, 0x1f, 0xff,
    0xe7, 0xff, 0xaa, 0xff, 0xf8, 0xb, 0xf8, 0x1,
    0xff, 0x80, 0x4d, 0xf3, 0x0, 0x0, 0x1, 0xff,
    0x80, 0x0, 0x10, 0x0, 0x0, 0x1, 0xff, 0x80,
    0x0, 0x0, 0x0, 0x0, 0x0, 0xbd, 0x40, 0x0,
    0x0,

    /* U+F624 "" */
    0x0, 0x0, 0x0, 0x11, 0x0, 0x0, 0x0, 0x0,
    0x1, 0xaf, 0xff, 0xfa, 0x10, 0x0, 0x0, 0x6f,
    0xff, 0xff, 0xff, 0xf6, 0x0, 0x5, 0xff, 0xff,
    0xdd, 0xff, 0xff, 0x50, 0x1e, 0xf3, 0x3f, 0x77,
    0xf3, 0x3f, 0xe1, 0x9f, 0xfa, 0xaf, 0x77, 0xfb,
    0xaf, 0xf9, 0xdf, 0xff, 0xff, 0x77, 0xff, 0xff,
    0xfd, 0xfe, 0x8, 0xff, 0x77, 0xff, 0x80, 0xef,
    0xef, 0x7d, 0xff, 0x66, 0xff, 0xd7, 0xfe, 0xcf,
    0xff, 0xf9, 0x0, 0x9f, 0xff, 0xfc, 0x6f, 0xff,
    0xf5, 0x0, 0x5f, 0xff, 0xf6, 0xc, 0xff, 0xfb,
    0x0, 0xbf, 0xff, 0xc0, 0x2, 0xef, 0xff, 0xff,
    0xff, 0xfe, 0x20, 0x0, 0x1a, 0xff, 0xff, 0xff,
    0xa1, 0x0, 0x0, 0x0, 0x49, 0xbb, 0x94, 0x0,
    0x0,

    /* U+F625 "" */
    0x0, 0x0, 0x0, 0x11, 0x0, 0x0, 0x0, 0x0,
    0x1, 0xaf, 0xff, 0xfa, 0x10, 0x0, 0x0, 0x6f,
    0xff, 0xdd, 0xff, 0xf6, 0x0, 0x5, 0xff, 0xff,
    0x44, 0xff, 0xff, 0x50, 0x1e, 0xf3, 0x5f, 0xff,
    0xf7, 0xef, 0xe1, 0x9f, 0xfa, 0xbf, 0xff, 0xa0,
    0xdf, 0xf9, 0xdf, 0xef, 0xff, 0xff, 0x25, 0xfe,
    0xfd, 0xfd, 0xd, 0xff, 0xfa, 0xd, 0x60, 0xef,
    0xef, 0x9f, 0xff, 0xa2, 0x5f, 0xd9, 0xfe, 0xcf,
    0xff, 0xf8, 0x0, 0x8f, 0xff, 0xfc, 0x6f, 0xff,
    0xf4, 0x0, 0x5f, 0xff, 0xf6, 0xc, 0xff, 0xfb,
    0x0, 0xbf, 0xff, 0xc0, 0x2, 0xef, 0xff, 0xff,
    0xff, 0xfe, 0x20, 0x0, 0x1a, 0xff, 0xff, 0xff,
    0xa1, 0x0, 0x0, 0x0, 0x49, 0xbb, 0x94, 0x0,
    0x0,

    /* U+F629 "" */
    0x0, 0x0, 0x0, 0x11, 0x0, 0x0, 0x0, 0x0,
    0x1, 0xaf, 0xff, 0xfa, 0x10, 0x0, 0x0, 0x6f,
    0xff, 0xff, 0xff, 0xf6, 0x0, 0x5, 0xff, 0xff,
    0xcc, 0xff, 0xff, 0x50, 0x1e, 0xff, 0xff, 0x55,
    0xff, 0xff, 0xe1, 0x9f, 0xff, 0xff, 0x55, 0xff,
    0xff, 0xf9, 0xdf, 0xff, 0xff, 0x55, 0xff, 0xff,
    0xfd, 0xff, 0xff, 0xff, 0x55, 0xff, 0xff, 0xff,
    0xef, 0xff, 0xff, 0x55, 0xff, 0xff, 0xfe, 0xcf,
    0xff, 0xf9, 0x0, 0x9f, 0xff, 0xfc, 0x6f, 0xff,
    0xf4, 0x0, 0x5f, 0xff, 0xf6, 0xc, 0xff, 0xfb,
    0x0, 0xbf, 0xff, 0xc0, 0x2, 0xef, 0xff, 0xff,
    0xff, 0xfe, 0x20, 0x0, 0x1a, 0xff, 0xff, 0xff,
    0xa1, 0x0, 0x0, 0x0, 0x49, 0xbb, 0x94, 0x0,
    0x0,

    /* U+F62A "" */
    0x0, 0x0, 0x0, 0x11, 0x0, 0x0, 0x0, 0x0,
    0x1, 0xaf, 0xff, 0xfa, 0x10, 0x0, 0x0, 0x6f,
    0xff, 0xff, 0xff, 0xf6, 0x0, 0x5, 0xff, 0xff,
    0xff, 0xff, 0xff, 0x50, 0x1e, 0xff, 0xff, 0xff,
    0xfb, 0xff, 0xe1, 0x9f, 0xff, 0xff, 0xff, 0xc0,
    0xdf, 0xf9, 0xdf, 0xff, 0xff, 0xff, 0x44, 0xff,
    0xfd, 0xff, 0xff, 0xff, 0xfc, 0xc, 0xff, 0xff,
    0xef, 0xff, 0xff, 0xe3, 0x4f, 0xff, 0xfe, 0xcf,
    0xff, 0xf9, 0x0, 0x9f, 0xff, 0xfc, 0x6f, 0xff,
    0xf4, 0x0, 0x5f, 0xff, 0xf6, 0xc, 0xff, 0xfb,
    0x11, 0xbf, 0xff, 0xc0, 0x2, 0xef, 0xff, 0xff,
    0xff, 0xfe, 0x20, 0x0, 0x1a, 0xff, 0xff, 0xff,
    0xa1, 0x0, 0x0, 0x0, 0x49, 0xbb, 0x94, 0x0,
    0x0,

    /* U+F62E "" */
    0x6, 0x77, 0x77, 0x77, 0x77, 0x77, 0x60, 0xbf,
    0xff, 0xff, 0xff, 0xff, 0xff, 0xfb, 0xff, 0xff,
    0xff, 0xff, 0xff, 0xff, 0xff, 0xff, 0xff, 0xff,
    0xff, 0xff, 0xff, 0xff, 0xfd, 0xaf, 0x72, 0xbf,
    0x36, 0xfa, 0xdf, 0xf5, 0xe, 0x0, 0x4a, 0x0,
    0xe0, 0x5f, 0xf9, 0x5f, 0x54, 0x9d, 0x45, 0xf5,
    0x9f, 0xff, 0xff, 0xff, 0xff, 0xff, 0xff, 0xff,
    0xf7, 0x2e, 0x21, 0x6c, 0x12, 0xe2, 0x7f, 0xf9,
    0x4f, 0x20, 0x7d, 0x2, 0xf4, 0x9f, 0xff, 0xff,
    0xfc, 0xff, 0xde, 0xff, 0xff, 0xef, 0xff, 0xff,
    0xff, 0xff, 0xff, 0xfe, 0x5e, 0xff, 0xff, 0xff,
    0xff, 0xff, 0xe5,

    /* U+F62F "" */
    0x18, 0x99, 0x99, 0x99, 0x99, 0x99, 0x81, 0xcf,
    0xff, 0xff, 0xff, 0xff, 0xff, 0xfc, 0xfe, 0xcf,
    0x94, 0xcf, 0x58, 0xfc, 0xef, 0xf5, 0xe, 0x0,
    0x4b, 0x0, 0xe0, 0x5f, 0xf7, 0x1f, 0x10, 0x6c,
    0x1, 0xf1, 0x7f, 0xaf, 0xff, 0xff, 0xff, 0xff,
    0xff, 0xfa, 0x4, 0x44, 0x44, 0x44, 0x44, 0x44,
    0x40, 0x0, 0x0, 0x0, 0x0, 0x0, 0x0, 0x0,
    0x5e, 0xff, 0xff, 0xff, 0xff, 0xff, 0xe5, 0xea,
    0x6f, 0x75, 0x9d, 0x56, 0xf6, 0xae, 0xf6, 0xf,
    0x10, 0x5b, 0x0, 0xf1, 0x6f, 0xef, 0xef, 0xb7,
    0xef, 0x8b, 0xfe, 0xfe, 0x5e, 0xff, 0xff, 0xff,
    0xff, 0xff, 0xe5,

    /* U+F630 "" */
    0x0, 0x0, 0x23, 0x31, 0x0, 0x0, 0x0, 0x0,
    0x1, 0x8e, 0xff, 0xfc, 0x40, 0x0, 0x0, 0x0,
    0x4e, 0xff, 0xfd, 0x30, 0x26, 0x76, 0x40, 0x0,
    0xef, 0xff, 0xe1, 0x4d, 0xff, 0xff, 0xff, 0x80,
    0xdf, 0xff, 0xa0, 0xff, 0xff, 0xff, 0xff, 0xf7,
    0xaf, 0xa1, 0x21, 0xff, 0xff, 0xff, 0xff, 0xf8,
    0x7f, 0xbb, 0x81, 0xfb, 0x15, 0xf5, 0x1b, 0xf8,
    0x4f, 0xff, 0x91, 0xff, 0xee, 0xfe, 0xef, 0xf8,
    0x1f, 0xfe, 0x21, 0xff, 0xff, 0xff, 0xff, 0xf8,
    0xc, 0xf9, 0x0, 0xfb, 0x9f, 0xff, 0x9a, 0xf7,
    0x3, 0xff, 0xb0, 0xee, 0x0, 0x10, 0xe, 0xf5,
    0x0, 0x5f, 0xf0, 0x8f, 0xb2, 0x2, 0xbf, 0xe0,
    0x0, 0x1, 0x73, 0x1d, 0xff, 0xff, 0xff, 0x60,
    0x0, 0x0, 0x0, 0x2, 0xcf, 0xff, 0xf6, 0x0,
    0x0, 0x0, 0x0, 0x0, 0x4, 0x87, 0x10, 0x0,

    /* U+F637 "" */
    0x0, 0x0, 0x0, 0x0, 0x6, 0xff, 0xff, 0xff,
    0xe3, 0xff, 0xff, 0xff, 0xff, 0xbf, 0xff, 0x50,
    0x9f, 0xfc, 0xff, 0xf0, 0x3, 0xff, 0xcf, 0xff,
    0x83, 0xbf, 0xfc, 0xff, 0xff, 0xff, 0xff, 0xcf,
    0xff, 0xa5, 0xcf, 0xfc, 0xff, 0xf0, 0x3, 0xff,
    0xcf, 0xff, 0x40, 0x8f, 0xfc, 0xff, 0xff, 0xff,
    0xff, 0xcf, 0xff, 0xd9, 0xef, 0xfc, 0xff, 0xf1,
    0x5, 0xff, 0xbc, 0xff, 0x0, 0x3f, 0xf8, 0x6f,
    0xf9, 0x4c, 0xff, 0x30, 0xaf, 0xff, 0xff, 0x60,
    0x0, 0x5a, 0xc9, 0x30, 0x0,

    /* U+F63B "" */
    0x0, 0x0, 0x3, 0x99, 0x98, 0x10, 0x0, 0x0,
    0x0, 0x0, 0xb, 0xff, 0xff, 0xc0, 0x0, 0x0,
    0x0, 0x0, 0xb, 0xf2, 0x29, 0xf8, 0x0, 0x0,
    0x0, 0x0, 0xb, 0xf0, 0x0, 0xef, 0x30, 0x0,
    0x6d, 0xdd, 0xdf, 0xfd, 0xdd, 0xef, 0xfd, 0xc3,
    0xff, 0xff, 0xff, 0xff, 0xff, 0xff, 0xff, 0xfb,
    0xff, 0xff, 0xff, 0xff, 0xff, 0xff, 0xff, 0xfb,
    0xef, 0xff, 0xff, 0xff, 0xff, 0xff, 0xff, 0xfa,
    0x5f, 0xff, 0xff, 0xa8, 0x8c, 0xff, 0xff, 0xf1,
    0x9f, 0x91, 0x9f, 0x90, 0xc, 0xf5, 0x1c, 0xf5,
    0xff, 0x40, 0x4f, 0xf0, 0x3f, 0xf0, 0x8, 0xfb,
    0x5f, 0xd6, 0xdf, 0x50, 0x9, 0xfb, 0x7e, 0xf1,
    0x2f, 0xff, 0xff, 0x20, 0x6, 0xff, 0xff, 0xe0,
    0x1, 0x5d, 0x51, 0x0, 0x0, 0x18, 0xc3, 0x10,

    /* U+F63C "" */
    0x0, 0x0, 0x0, 0x49, 0x99, 0x60, 0x0, 0x0,
    0x0, 0x0, 0x0, 0x0, 0xdf, 0xff, 0xf8, 0x0,
    0x0, 0x0, 0x0, 0x0, 0x0, 0xde, 0x22, 0xdf,
    0x20, 0x0, 0x0, 0x0, 0x0, 0x0, 0xdd, 0x0,
    0x4f, 0xb0, 0x0, 0x0, 0x0, 0x0, 0x0, 0xdd,
    0x0, 0xc, 0xf4, 0x0, 0x0, 0xa, 0xff, 0xff,
    0xff, 0xff, 0xff, 0xff, 0xfe, 0x30, 0x1f, 0xff,
    0xff, 0xff, 0xff, 0xff, 0xff, 0xff, 0x90, 0x1f,
    0xff, 0xff, 0xff, 0xff, 0xff, 0xff, 0xff, 0x90,
    0x5f, 0xff, 0xff, 0xff, 0xff, 0xff, 0xff, 0xff,
    0xc1, 0xef, 0xfb, 0x8f, 0xff, 0xff, 0xff, 0xd7,
    0xff, 0xf6, 0x16, 0xf2, 0xd, 0xa3, 0x33, 0x4f,
    0x50, 0xac, 0x30, 0x0, 0xec, 0x9f, 0x40, 0x0,
    0xc, 0xd8, 0xf7, 0x0, 0x0, 0x3b, 0xc6, 0x0,
    0x0, 0x1, 0xad, 0x80, 0x0,

    /* U+F641 "" */
    0x18, 0x99, 0x99, 0x99, 0x99, 0x99, 0x81, 0xcf,
    0xff, 0xff, 0xff, 0xff, 0xff, 0xfc, 0xff, 0xff,
    0xff, 0xff, 0xff, 0xff, 0xff, 0xff, 0xf5, 0x15,
    0xff, 0xff, 0x4c, 0xff, 0xff, 0xc0, 0x81, 0xcd,
    0x53, 0x9, 0xff, 0xff, 0x90, 0xb2, 0xa3, 0x15,
    0x9, 0xff, 0xff, 0x90, 0x0, 0xa1, 0x5e, 0x9,
    0xff, 0xff, 0xa1, 0xe3, 0xa7, 0x0, 0xa, 0xff,
    0xff, 0xfc, 0xfd, 0xff, 0xcb, 0xbf, 0xff, 0xff,
    0xff, 0xff, 0xff, 0xff, 0xff, 0xff, 0x6f, 0xff,
    0xff, 0xff, 0xff, 0xff, 0xf6,

    /* U+F644 "" */
    0x0, 0x0, 0x10, 0x0, 0x0, 0x8, 0xff, 0xe5,
    0x0, 0x8, 0xfd, 0xaf, 0xf4, 0x0, 0xfe, 0x0,
    0x2f, 0xb0, 0x1f, 0xa0, 0x0, 0xed, 0x0, 0xee,
    0x0, 0x2f, 0xa0, 0xa, 0xf5, 0x9, 0xf6, 0x0,
    0x2f, 0xf8, 0xfd, 0x0, 0xcf, 0xff, 0xff, 0xff,
    0x97, 0xbb, 0xdf, 0xcb, 0xb5, 0x0, 0x7, 0xf3,
    0x0, 0x0, 0x0, 0x7f, 0x30, 0x0, 0x0, 0x7,
    0xf3, 0x0, 0x0, 0x0, 0x7f, 0x30, 0x0, 0x0,
    0x3, 0xc1, 0x0, 0x0,

    /* U+F647 "" */
    0x0, 0x0, 0x0, 0x0, 0x0, 0x0, 0x1, 0xbf,
    0xff, 0xff, 0xff, 0xff, 0xc0, 0xbf, 0xff, 0xfd,
    0xcf, 0xff, 0xff, 0x4f, 0xff, 0xff, 0x40, 0xff,
    0xff, 0xf4, 0xff, 0xfc, 0x71, 0x7, 0xaf, 0xff,
    0x4f, 0xff, 0xa3, 0x0, 0x37, 0xff, 0xf4, 0xff,
    0xff, 0xf4, 0xf, 0xff, 0xff, 0x4f, 0xff, 0xff,
    0x40, 0xff, 0xff, 0xf4, 0xff, 0xff, 0xf4, 0xf,
    0xff, 0xff, 0x4f, 0xff, 0xff, 0xdc, 0xff, 0xff,
    0xf4, 0xff, 0xff, 0xff, 0xff, 0xff, 0xfd, 0xf,
    0xe2, 0x0, 0x0, 0x0, 0x6f, 0x60, 0xee, 0x10,
    0x0, 0x0, 0x5, 0xf6, 0x9, 0xff, 0xff, 0xff,
    0xff, 0xff, 0xe1, 0x7, 0xbc, 0xcc, 0xcc, 0xcc,
    0xca, 0x0,

    /* U+F64A "" */
    0x0, 0x0, 0x0, 0x33, 0x32, 0x0, 0x0, 0x0,
    0x0, 0x0, 0x0, 0xef, 0xff, 0xf7, 0x0, 0x0,
    0x0, 0x0, 0x0, 0x3f, 0x10, 0x8, 0xc0, 0x0,
    0x0, 0x0, 0x4c, 0xde, 0xfd, 0xdd, 0xef, 0xdd,
    0xc3, 0x0, 0xf, 0xff, 0xff, 0xff, 0xff, 0xff,
    0xff, 0xc0, 0x1, 0xff, 0xff, 0xff, 0xff, 0xff,
    0xff, 0xfe, 0x0, 0x1f, 0xff, 0xff, 0xff, 0xff,
    0xc7, 0x45, 0x90, 0x1, 0xdd, 0xdd, 0xdd, 0xdd,
    0x80, 0x1, 0x0, 0x0, 0x0, 0x0, 0x0, 0x0,
    0x0, 0x7e, 0xff, 0xa1, 0x1, 0xee, 0xee, 0xe1,
    0x0, 0x9f, 0xfd, 0xff, 0xd0, 0x1f, 0xff, 0xff,
    0xb3, 0x1f, 0xff, 0x2f, 0xff, 0x61, 0xff, 0xff,
    0xff, 0x55, 0xff, 0xf3, 0x5d, 0xf9, 0xf, 0xff,
    0xff, 0xf7, 0x3f, 0xff, 0xff, 0xff, 0x80, 0x4c,
    0xcc, 0xcc, 0x80, 0xdf, 0xff, 0xff, 0xf2, 0x0,
    0x0, 0x0, 0x0, 0x2, 0xdf, 0xff, 0xf5, 0x0,
    0x0, 0x0, 0x0, 0x0, 0x0, 0x57, 0x61, 0x0,

    /* U+F64F "" */
    0x0, 0x0, 0x0, 0x0, 0x12, 0x10, 0x0, 0x0,
    0xa, 0x90, 0x99, 0x8, 0xff, 0xfb, 0x0, 0x0,
    0xa, 0x90, 0xaa, 0xf, 0xff, 0xff, 0x30, 0x0,
    0xc, 0xd8, 0xdd, 0x8f, 0xf8, 0xdf, 0x30, 0x0,
    0xbf, 0xff, 0xff, 0xff, 0xc0, 0x8f, 0x30, 0x0,
    0xff, 0xff, 0xff, 0xff, 0xfd, 0xff, 0x30, 0x0,
    0xfd, 0x9, 0xf5, 0x1f, 0xd0, 0x9f, 0xff, 0xd3,
    0xfe, 0x4b, 0xf8, 0x5f, 0xe4, 0xbf, 0xff, 0xfa,
    0xff, 0xae, 0xfd, 0xbf, 0xfa, 0xef, 0xdb, 0xfb,
    0xfc, 0x8, 0xf3, 0xf, 0xc0, 0x8f, 0x30, 0xfb,
    0xff, 0x7d, 0xfa, 0x8f, 0xf7, 0xdf, 0xa8, 0xfb,
    0xff, 0xff, 0xff, 0xff, 0xff, 0xff, 0xff, 0xfb,
    0xff, 0xff, 0xff, 0xff, 0xff, 0xff, 0xff, 0xfb,
    0xef, 0xff, 0xff, 0xff, 0xff, 0xff, 0xff, 0xfa,
    0x5e, 0xff, 0xff, 0xff, 0xff, 0xff, 0xff, 0xd2,

    /* U+F651 "" */
    0x0, 0x0, 0x0, 0x24, 0x42, 0x0, 0x0, 0x0,
    0x0, 0x5, 0xef, 0xff, 0xfe, 0x50, 0x0, 0x0,
    0xb, 0xff, 0xff, 0xff, 0xff, 0xb0, 0x0, 0x9,
    0xff, 0xff, 0xff, 0xff, 0xff, 0x90, 0x4, 0xff,
    0xff, 0xfa, 0x7f, 0xff, 0xff, 0x40, 0xbf, 0xff,
    0xf8, 0x0, 0xbf, 0xff, 0xfb, 0xe, 0xff, 0xff,
    0x36, 0xdf, 0xff, 0xff, 0xe0, 0xff, 0xff, 0xfc,
    0x41, 0x8f, 0xff, 0xff, 0xc, 0xff, 0xff, 0xd9,
    0x64, 0xff, 0xff, 0xd0, 0x8f, 0xff, 0xfa, 0x22,
    0xcf, 0xff, 0xf8, 0x1, 0xff, 0xff, 0xfe, 0xdf,
    0xff, 0xfe, 0x10, 0xb, 0xff, 0xff, 0xff, 0xff,
    0xff, 0x40, 0x3, 0xff, 0xff, 0xff, 0xff, 0xfd,
    0x30, 0x0, 0xcf, 0xf9, 0x6b, 0xdd, 0xb6, 0x0,
    0x0, 0x9, 0x71, 0x0, 0x0, 0x0, 0x0, 0x0,
    0x0,

    /* U+F653 "" */
    0x0, 0x0, 0x0, 0x10, 0x0, 0x0, 0x0, 0x0,
    0x0, 0x0, 0x4c, 0xff, 0xe9, 0x10, 0x0, 0x0,
    0x0, 0x0, 0x9f, 0xff, 0xcf, 0xfe, 0x20, 0x0,
    0x0, 0x0, 0x5f, 0xfe, 0x60, 0x9f, 0xfc, 0x0,
    0x0, 0x0, 0xb, 0xff, 0x83, 0x9d, 0xff, 0xf3,
    0x0, 0x0, 0x0, 0xef, 0xfb, 0x13, 0xaf, 0xff,
    0x60, 0x0, 0x0, 0xd, 0xff, 0xfe, 0xa0, 0xff,
    0xf5, 0x37, 0x10, 0x0, 0x9f, 0xfb, 0x0, 0x4f,
    0xff, 0x19, 0xfe, 0x20, 0x1, 0xff, 0xfc, 0x5f,
    0xff, 0x70, 0xef, 0xfe, 0x0, 0x6f, 0xff, 0xff,
    0xff, 0x70, 0xbf, 0xff, 0xf7, 0xd, 0xf9, 0x47,
    0x86, 0x11, 0xaf, 0xff, 0xff, 0xa0, 0x52, 0x0,
    0x2, 0x58, 0xff, 0xff, 0xff, 0xfa, 0x0, 0x0,
    0x0, 0x6f, 0xff, 0xff, 0xff, 0xff, 0x70, 0x0,
    0x0, 0x0, 0xdf, 0xff, 0xff, 0xff, 0xe0, 0x0,
    0x0, 0x0, 0x2, 0xdf, 0xff, 0xff, 0xff, 0x10,
    0x0, 0x0, 0x0, 0x0, 0x6a, 0xc9, 0x7e, 0xf8,
    0x0, 0x0, 0x0, 0x0, 0x0, 0x0, 0x0, 0x6,
    0x60,

    /* U+F654 "" */
    0x0, 0x0, 0x1, 0x0, 0x0, 0x0, 0x0, 0x3f,
    0xfa, 0x0, 0x0, 0x0, 0x7, 0xff, 0xf0, 0x0,
    0x0, 0x0, 0x7f, 0xff, 0x0, 0x0, 0x39, 0xad,
    0xff, 0xfa, 0xa8, 0xe, 0xff, 0xff, 0xff, 0xff,
    0xf6, 0xff, 0xff, 0xff, 0xff, 0xff, 0x76, 0xdd,
    0xef, 0xff, 0xdd, 0xb1, 0x0, 0x7, 0xff, 0xf0,
    0x0, 0x0, 0x0, 0x7f, 0xff, 0x0, 0x0, 0x0,
    0x7, 0xff, 0xf0, 0x0, 0x0, 0x0, 0x7f, 0xff,
    0x0, 0x0, 0x0, 0x7, 0xff, 0xf0, 0x0, 0x0,
    0x0, 0x7f, 0xff, 0x0, 0x0, 0x0, 0x1, 0xbd,
    0x60, 0x0, 0x0,

    /* U+F655 "" */
    0x0, 0x0, 0x0, 0x11, 0x0, 0x0, 0x0, 0x0,
    0x0, 0x2, 0xdd, 0x20, 0x0, 0x0, 0x0, 0x54,
    0xcf, 0xff, 0xfc, 0x45, 0x0, 0x1, 0xff, 0xfb,
    0xdd, 0xbf, 0xff, 0x10, 0x2, 0xff, 0xc0, 0xaa,
    0xc, 0xff, 0x20, 0xa, 0xf9, 0xfb, 0xee, 0xbf,
    0x8f, 0xa0, 0xf, 0xe0, 0x6f, 0xff, 0xf6, 0xe,
    0xf0, 0xdf, 0xfe, 0xef, 0x44, 0xfe, 0xef, 0xfd,
    0x7f, 0xe8, 0xbf, 0x99, 0xfb, 0x8e, 0xf7, 0xd,
    0xf1, 0x9f, 0xff, 0xf9, 0x1f, 0xd0, 0x7, 0xfd,
    0xf5, 0xbb, 0x5f, 0xdf, 0x70, 0x0, 0xff, 0xc2,
    0xaa, 0x2c, 0xff, 0x0, 0x1, 0xee, 0xff, 0xff,
    0xff, 0xee, 0x10, 0x0, 0x0, 0x6b, 0xff, 0xc6,
    0x0, 0x0, 0x0, 0x0, 0x0, 0x88, 0x0, 0x0,
    0x0,

    /* U+F658 "" */
    0x0, 0x0, 0x0, 0x0, 0x0, 0x0, 0x0, 0x0,
    0x0, 0x0, 0x0, 0x6f, 0xf6, 0x0, 0x0, 0x0,
    0x0, 0x0, 0xa, 0xfe, 0xef, 0xa0, 0x0, 0x0,
    0x0, 0x2, 0xdf, 0xc1, 0x1c, 0xfd, 0x30, 0x0,
    0x0, 0x6f, 0xf7, 0x0, 0x0, 0x8f, 0xf7, 0x0,
    0x9, 0xfe, 0x30, 0x0, 0x0, 0x3, 0xab, 0x50,
    0xf, 0xe1, 0x0, 0x0, 0x0, 0x0, 0x0, 0x0,
    0x1f, 0xfc, 0x20, 0x0, 0x9, 0xff, 0xff, 0xf7,
    0x1f, 0xff, 0xf5, 0x0, 0xf, 0xfc, 0xcc, 0xfe,
    0x1f, 0xff, 0xff, 0x90, 0x1f, 0x90, 0x0, 0xbe,
    0x1f, 0xff, 0xff, 0xf7, 0x1f, 0xff, 0xff, 0xfe,
    0x1f, 0xff, 0xff, 0xf7, 0x1f, 0xc5, 0x6e, 0xfe,
    0x1f, 0xff, 0xff, 0xf7, 0x1f, 0xa1, 0x2d, 0xfe,
    0xf, 0xff, 0xff, 0xf7, 0x1f, 0xff, 0xff, 0xfe,
    0x8, 0xff, 0xff, 0xf7, 0xf, 0xff, 0xff, 0xfe,
    0x0, 0x1, 0x11, 0x10, 0x8, 0xff, 0xff, 0xe6,

    /* U+F65D "" */
    0x5, 0x66, 0x65, 0x10, 0x0, 0x0, 0x0, 0xbf,
    0xff, 0xff, 0xf5, 0x11, 0x11, 0x0, 0xff, 0xff,
    0xff, 0xff, 0xff, 0xff, 0xf7, 0xff, 0xff, 0xff,
    0xff, 0xff, 0xff, 0xff, 0xff, 0xff, 0xff, 0xff,
    0xff, 0xff, 0xff, 0xff, 0xff, 0xff, 0xff, 0xff,
    0xff, 0xff, 0xff, 0xff, 0xb5, 0x55, 0x5b, 0xff,
    0xff, 0xff, 0xff, 0xb6, 0x66, 0x6b, 0xff, 0xff,
    0xff, 0xff, 0xff, 0xff, 0xff, 0xff, 0xff, 0xff,
    0xff, 0xff, 0xff, 0xff, 0xff, 0xff, 0xff, 0xff,
    0xff, 0xff, 0xff, 0xff, 0xff, 0x6f, 0xff, 0xff,
    0xff, 0xff, 0xff, 0xf6,

    /* U+F65E "" */
    0x5, 0x66, 0x65, 0x10, 0x0, 0x0, 0x0, 0xbf,
    0xff, 0xff, 0xf5, 0x11, 0x11, 0x0, 0xff, 0xff,
    0xff, 0xff, 0xff, 0xff, 0xf7, 0xff, 0xff, 0xff,
    0xff, 0xff, 0xff, 0xff, 0xff, 0xff, 0xff, 0x88,
    0xff, 0xff, 0xff, 0xff, 0xff, 0xff, 0x55, 0xff,
    0xff, 0xff, 0xff, 0xff, 0x91, 0x0, 0x19, 0xff,
    0xff, 0xff, 0xff, 0xd9, 0x33, 0x9d, 0xff, 0xff,
    0xff, 0xff, 0xff, 0x55, 0xff, 0xff, 0xff, 0xff,
    0xff, 0xff, 0xdd, 0xff, 0xff, 0xff, 0xff, 0xff,
    0xff, 0xff, 0xff, 0xff, 0xff, 0x6f, 0xff, 0xff,
    0xff, 0xff, 0xff, 0xf6,

    /* U+F662 "" */
    0x6, 0x77, 0x77, 0x77, 0x77, 0x77, 0x77, 0x30,
    0x1, 0xff, 0xff, 0xff, 0xff, 0xff, 0xff, 0xfb,
    0x0, 0x6, 0xff, 0xff, 0xff, 0xff, 0xff, 0xfe,
    0x20, 0x0, 0x6, 0xff, 0xff, 0xff, 0xff, 0xfe,
    0x20, 0x0, 0x0, 0x6, 0xff, 0xff, 0xff, 0xe9,
    0x10, 0x0, 0x0, 0x0, 0x6, 0xff, 0xff, 0x80,
    0x3, 0x10, 0x0, 0x0, 0x0, 0x6, 0xff, 0x70,
    0x9f, 0xff, 0xa1, 0x0, 0x0, 0x0, 0xe, 0xd0,
    0x9f, 0xf6, 0xdf, 0xb0, 0x0, 0x0, 0x0, 0xe9,
    0x1f, 0xf4, 0x37, 0xff, 0x30, 0x0, 0x0, 0xe,
    0x63, 0xff, 0x55, 0x9f, 0xf5, 0x0, 0x0, 0x0,
    0xb8, 0x1f, 0xff, 0xb3, 0xef, 0x30, 0x0, 0x0,
    0x0, 0x90, 0xbf, 0xc3, 0xaf, 0xd0, 0x0, 0x0,
    0x0, 0x0, 0x11, 0xcf, 0xff, 0xd2, 0x0, 0x0,
    0x0, 0x0, 0x0, 0x0, 0x36, 0x40, 0x0,

    /* U+F664 "" */
    0x0, 0x1, 0x2, 0x0, 0x20, 0x10, 0x0, 0x0,
    0x5e, 0x6f, 0x88, 0xf6, 0xe5, 0x0, 0x0, 0x6f,
    0xff, 0xff, 0xff, 0xf6, 0x0, 0x0, 0x6f, 0xff,
    0xaa, 0xff, 0xf6, 0x0, 0x0, 0x6f, 0xff, 0x22,
    0xff, 0xf6, 0x0, 0x3, 0xd9, 0x4f, 0xee, 0xf4,
    0x9d, 0x30, 0xa, 0xf8, 0x3f, 0xbb, 0xf3, 0x8f,
    0xa0, 0xb, 0xf8, 0x3f, 0x22, 0xf3, 0x8f, 0xb0,
    0xb, 0xe6, 0x5f, 0x44, 0xf5, 0x6e, 0xb0, 0xaf,
    0xa1, 0xff, 0xff, 0xff, 0x1a, 0xfb, 0xff, 0xa1,
    0xff, 0xcc, 0xff, 0x1a, 0xff, 0xff, 0xa1, 0xfd,
    0x0, 0xdf, 0x1a, 0xff, 0xff, 0xa1, 0xfb, 0x0,
    0xbf, 0x1a, 0xff, 0xff, 0xa1, 0xfc, 0x55, 0xcf,
    0x1a, 0xff, 0x7e, 0x90, 0xff, 0xff, 0xff, 0x9,
    0xe8,

    /* U+F665 "" */
    0x0, 0x0, 0x0, 0x0, 0x0, 0x0, 0x0, 0x0,
    0x2, 0x0, 0xdd, 0x0, 0x20, 0x0, 0x0, 0x3f,
    0xa1, 0xff, 0x1a, 0xf3, 0x0, 0x0, 0x6f, 0xd1,
    0xff, 0x1d, 0xf6, 0x0, 0x0, 0x6f, 0xd1, 0xff,
    0x1d, 0xf6, 0x0, 0x0, 0x6f, 0xd1, 0xff, 0x1d,
    0xf6, 0x0, 0x0, 0x6f, 0xe5, 0xff, 0x5e, 0xf6,
    0x0, 0x0, 0x6f, 0xff, 0xff, 0xff, 0xf6, 0x0,
    0x14, 0xaf, 0xff, 0xdd, 0xff, 0xfa, 0x41, 0xef,
    0xff, 0xe4, 0x33, 0x4e, 0xff, 0xfe, 0x8f, 0xff,
    0x70, 0xcc, 0x7, 0xff, 0xf8, 0xa, 0xff, 0xf7,
    0x11, 0x7f, 0xff, 0xa0, 0x0, 0xbf, 0xff, 0xff,
    0xff, 0xfb, 0x0, 0x0, 0x7, 0xff, 0xff, 0xff,
    0x70, 0x0, 0x0, 0x0, 0x27, 0xaa, 0x72, 0x0,
    0x0,

    /* U+F666 "" */
    0x0, 0x0, 0x0, 0x3, 0x30, 0x0, 0x0, 0x0,
    0x0, 0x0, 0x0, 0xe, 0xe0, 0x0, 0x0, 0x0,
    0x0, 0xb, 0xa2, 0x5f, 0xf5, 0x2a, 0xb0, 0x0,
    0x0, 0xd, 0xff, 0xef, 0xfe, 0xff, 0xe0, 0x0,
    0x0, 0x8, 0xff, 0xfb, 0xbf, 0xff, 0x90, 0x0,
    0x0, 0x39, 0xfa, 0x51, 0x15, 0xaf, 0x93, 0x0,
    0x1e, 0xff, 0xf9, 0x0, 0x0, 0x9f, 0xff, 0xf2,
    0xc, 0xff, 0x90, 0x0, 0x0, 0x8, 0xff, 0xc1,
    0x0, 0x6f, 0xf4, 0x0, 0x0, 0x3f, 0xf6, 0x0,
    0x0, 0x5f, 0xd2, 0x0, 0x0, 0x1d, 0xf5, 0x0,
    0x2, 0xff, 0xff, 0x71, 0x17, 0xff, 0xff, 0x20,
    0x5, 0xff, 0xdf, 0xce, 0xeb, 0xfd, 0xff, 0x60,
    0x0, 0x10, 0x1f, 0xff, 0xff, 0xf1, 0x1, 0x0,
    0x0, 0x0, 0x1f, 0xf8, 0x8f, 0xf1, 0x0, 0x0,
    0x0, 0x0, 0xc, 0x90, 0x9, 0xd0, 0x0, 0x0,
    0x0, 0x0, 0x0, 0x0, 0x0, 0x0, 0x0, 0x0,

    /* U+F669 "" */
    0x0, 0x0, 0x0, 0x0, 0x0, 0x0, 0x0, 0x0,
    0x0, 0x9, 0x0, 0x5, 0x10, 0x4, 0x60, 0x0,
    0x0, 0xaf, 0x0, 0x6, 0x20, 0x5, 0xf6, 0x0,
    0x7, 0xff, 0x0, 0x6, 0x20, 0x4, 0xff, 0x30,
    0xe, 0xff, 0x30, 0x7, 0x30, 0x8, 0xff, 0xa0,
    0x4f, 0xff, 0xc0, 0x7, 0x40, 0x2f, 0xff, 0xf0,
    0x1c, 0xff, 0xf7, 0x8, 0x40, 0xcf, 0xff, 0x90,
    0x8f, 0xff, 0xe1, 0x8, 0x50, 0x5f, 0xff, 0xf4,
    0x6f, 0xff, 0x80, 0x7b, 0x95, 0xd, 0xff, 0xf2,
    0xa, 0xff, 0x62, 0xaf, 0xf7, 0xb, 0xff, 0x60,
    0x7, 0xff, 0x81, 0x9f, 0xf5, 0xd, 0xff, 0x40,
    0x3, 0xff, 0xf1, 0x6c, 0x94, 0x5f, 0xfe, 0x0,
    0x0, 0x6f, 0xfe, 0x5c, 0x97, 0xff, 0xe3, 0x0,
    0x0, 0x4, 0xdf, 0xff, 0xff, 0xfb, 0x10, 0x0,
    0x0, 0x0, 0x4, 0x8a, 0xa8, 0x30, 0x0, 0x0,

    /* U+F66A "" */
    0x0, 0x0, 0x0, 0x0, 0x0, 0x0, 0x1, 0xbf,
    0xff, 0xff, 0xff, 0xff, 0xc0, 0xbf, 0xff, 0xff,
    0xff, 0xff, 0xff, 0x3f, 0xff, 0xfa, 0xfe, 0xbe,
    0xff, 0xf3, 0xff, 0xf8, 0x4f, 0x99, 0x4f, 0xff,
    0x3f, 0xff, 0x20, 0xe9, 0x50, 0xef, 0xf3, 0xff,
    0xf2, 0x1a, 0x55, 0xe, 0xff, 0x3f, 0xff, 0x70,
    0x54, 0x13, 0xff, 0xf3, 0xff, 0xff, 0x71, 0x5,
    0xef, 0xff, 0x3f, 0xff, 0xff, 0xff, 0xff, 0xff,
    0xf3, 0xff, 0xff, 0xff, 0xff, 0xff, 0xfe, 0xf,
    0xe3, 0x11, 0x11, 0x11, 0x7f, 0x60, 0xee, 0x10,
    0x0, 0x0, 0x5, 0xf5, 0x9, 0xff, 0xff, 0xff,
    0xff, 0xff, 0xe1, 0x7, 0xbb, 0xbb, 0xbb, 0xbb,
    0xba, 0x0,

    /* U+F66B "" */
    0x0, 0x0, 0x0, 0x11, 0x0, 0x0, 0x0, 0x0,
    0x0, 0x5b, 0xff, 0xb5, 0x0, 0x0, 0x3, 0x9e,
    0xfb, 0x55, 0xbf, 0xe9, 0x30, 0xaf, 0xe7, 0x10,
    0x0, 0x1, 0x7e, 0xfa, 0xff, 0xfd, 0x71, 0x0,
    0x17, 0xdf, 0xff, 0x7d, 0xff, 0xff, 0xbb, 0xff,
    0xff, 0xd7, 0x20, 0x39, 0xef, 0xff, 0xfe, 0x93,
    0x2, 0xfc, 0x60, 0x5, 0xbb, 0x50, 0x6, 0xcf,
    0x4a, 0xff, 0xa4, 0x0, 0x4a, 0xff, 0xa4, 0x40,
    0x1a, 0xff, 0xee, 0xff, 0xa1, 0x4, 0xfe, 0x8a,
    0xd2, 0x88, 0x2d, 0xa8, 0xef, 0xef, 0xff, 0xe6,
    0x11, 0x6e, 0xff, 0xfe, 0x3b, 0xff, 0xff, 0xff,
    0xff, 0xff, 0xb3, 0x0, 0x17, 0xdf, 0xff, 0xfd,
    0x71, 0x0, 0x0, 0x0, 0x3, 0x88, 0x30, 0x0,
    0x0,

    /* U+F66D "" */
    0x0, 0x0, 0x0, 0x0, 0x0, 0x0, 0x0, 0x0,
    0x0, 0x0, 0x1d, 0xd1, 0x0, 0x0, 0x0, 0x0,
    0x0, 0x9, 0xff, 0x90, 0x1, 0x0, 0x0, 0x5f,
    0x22, 0xef, 0xfe, 0x21, 0xf5, 0x0, 0x3f, 0xc0,
    0xbb, 0xee, 0xbb, 0xc, 0xf3, 0xb, 0xfa, 0xf,
    0x5b, 0xb5, 0xf0, 0x9f, 0xb0, 0xef, 0xc0, 0xd8,
    0xdd, 0x8d, 0xc, 0xff, 0xe, 0xff, 0x15, 0xff,
    0xff, 0x50, 0xff, 0xe0, 0xbf, 0xfb, 0xa, 0xff,
    0xa0, 0xbf, 0xfb, 0x4, 0xff, 0xfb, 0x6f, 0xf5,
    0xaf, 0xff, 0x40, 0xa, 0xff, 0xfe, 0xbb, 0xef,
    0xff, 0xa0, 0x0, 0xc, 0xf7, 0x3f, 0xf3, 0x6e,
    0xc0, 0x0, 0x0, 0x0, 0x5d, 0xcc, 0xd5, 0x0,
    0x0, 0x0, 0x0, 0x7, 0x49, 0x94, 0x70, 0x0,
    0x0, 0x0, 0x0, 0x0, 0x88, 0x0, 0x0, 0x0,
    0x0,

    /* U+F66F "" */
    0x0, 0x0, 0x0, 0x0, 0x0, 0x0, 0x0, 0x0,
    0x0, 0x0, 0x0, 0x3d, 0xd3, 0x0, 0x0, 0x0,
    0x0, 0x0, 0x9, 0xff, 0xff, 0x90, 0x0, 0x0,
    0x0, 0x4, 0xef, 0xff, 0xff, 0xfe, 0x40, 0x0,
    0x1, 0xaf, 0xff, 0xff, 0xff, 0xff, 0xfa, 0x10,
    0xd, 0xff, 0xff, 0xff, 0xff, 0xff, 0xff, 0xd0,
    0x7, 0xbf, 0xab, 0xfb, 0xbf, 0xba, 0xfb, 0x70,
    0x0, 0x4f, 0x13, 0xf2, 0x2f, 0x31, 0xf4, 0x0,
    0x0, 0x4f, 0x13, 0xf2, 0x2f, 0x31, 0xf4, 0x0,
    0x0, 0x4f, 0x13, 0xf2, 0x2f, 0x31, 0xf4, 0x0,
    0x0, 0x4f, 0x13, 0xf2, 0x2f, 0x31, 0xf4, 0x0,
    0x0, 0x4f, 0x13, 0xf2, 0x2f, 0x31, 0xf4, 0x0,
    0x1, 0xcf, 0xff, 0xff, 0xff, 0xff, 0xfc, 0x10,
    0xd, 0xff, 0xff, 0xff, 0xff, 0xff, 0xff, 0xd0,
    0x7, 0xaa, 0xaa, 0xaa, 0xaa, 0xaa, 0xaa, 0x70,

    /* U+F674 "" */
    0x0, 0x3, 0x33, 0x33, 0x33, 0x30, 0x0, 0x0,
    0x0, 0xef, 0xff, 0xff, 0xff, 0xfe, 0x0, 0x0,
    0x3, 0xff, 0xff, 0xff, 0xff, 0xff, 0x30, 0x0,
    0x3, 0xff, 0xd3, 0x0, 0x0, 0x0, 0x0, 0x0,
    0x3, 0xff, 0x32, 0xab, 0xbb, 0xbb, 0xbb, 0xa3,
    0x3, 0xff, 0xa, 0xff, 0xff, 0xff, 0xff, 0xfa,
    0x1, 0x66, 0x5, 0x67, 0xbf, 0xf8, 0x2, 0xfb,
    0x3, 0x33, 0x33, 0x32, 0x8, 0xf6, 0x0, 0xfb,
    0xbf, 0xff, 0xff, 0xff, 0x70, 0xfb, 0x68, 0xfb,
    0x9f, 0xff, 0xff, 0xff, 0x60, 0xff, 0xff, 0xfb,
    0x2, 0xbf, 0xff, 0x91, 0x0, 0xef, 0xff, 0xfb,
    0xd5, 0x4, 0x92, 0x7, 0xb0, 0xef, 0xff, 0xf6,
    0xff, 0xc3, 0x5, 0xef, 0xb0, 0x11, 0x11, 0x10,
    0xef, 0xff, 0xff, 0xff, 0xa0, 0x0, 0x0, 0x0,
    0x5b, 0xbb, 0xbb, 0xba, 0x30, 0x0, 0x0, 0x0,

    /* U+F676 "" */
    0x0, 0x0, 0x0, 0x0, 0x0, 0x0, 0x0, 0x0,
    0x0, 0x95, 0xe, 0x5, 0x90, 0xb3, 0x2d, 0x7,
    0x80, 0xd2, 0xea, 0x4f, 0x4a, 0xe0, 0xf8, 0x6f,
    0x2c, 0xd2, 0xf7, 0x42, 0x6, 0x2, 0x40, 0x52,
    0x16, 0x3, 0x30, 0x51, 0x75, 0x19, 0x15, 0x70,
    0x83, 0x29, 0x6, 0x60, 0x92, 0xfb, 0x5f, 0x5b,
    0xf1, 0xf9, 0x7f, 0x3d, 0xe3, 0xf8, 0xfc, 0x6f,
    0x6c, 0xf2, 0xfa, 0x8f, 0x4e, 0xe3, 0xf8, 0xfc,
    0x6f, 0x6c, 0xf2, 0xfa, 0x8f, 0x4e, 0xe3, 0xf8,
    0xfc, 0x27, 0x25, 0x72, 0xfa, 0x37, 0x16, 0x64,
    0xf7, 0xbf, 0xcb, 0xbb, 0xbb, 0xfe, 0xbb, 0xbb,
    0xbe, 0xf4, 0x1b, 0xff, 0xff, 0xff, 0xff, 0xff,
    0xff, 0xfe, 0x70, 0x0, 0x0, 0x0, 0x2, 0xfa,
    0x0, 0x0, 0x0, 0x0, 0x0, 0x0, 0x0, 0x2,
    0xfa, 0x0, 0x0, 0x0, 0x0, 0x0, 0x4, 0xff,
    0xff, 0xff, 0xff, 0xfc, 0x0, 0x0, 0x0, 0x2,
    0xbc, 0xcc, 0xcc, 0xcc, 0xc8, 0x0, 0x0,

    /* U+F678 "" */
    0x0, 0x0, 0x0, 0x0, 0x0, 0x0, 0x0, 0x0,
    0x0, 0x0, 0x0, 0x2c, 0xa1, 0x0, 0x0, 0x0,
    0x0, 0x0, 0x6, 0xff, 0xfe, 0x40, 0x0, 0x0,
    0x0, 0x1, 0xbf, 0xff, 0xff, 0xf8, 0x0, 0x0,
    0x0, 0xd, 0xff, 0xff, 0xff, 0xff, 0xa0, 0x0,
    0x0, 0x4f, 0xff, 0xff, 0xff, 0xff, 0xf0, 0x0,
    0x0, 0x2f, 0xff, 0xff, 0xff, 0xff, 0xe0, 0x0,
    0x96, 0x6, 0xdd, 0xdd, 0xdd, 0xdc, 0x30, 0x96,
    0xfb, 0x0, 0x0, 0x0, 0x0, 0x0, 0x0, 0xfb,
    0xff, 0xcc, 0xcc, 0xcc, 0xcc, 0xcc, 0xcc, 0xfb,
    0xff, 0xff, 0xff, 0xff, 0xff, 0xff, 0xff, 0xfb,
    0xff, 0xff, 0xff, 0xe2, 0x4f, 0xff, 0xff, 0xfb,
    0xff, 0xff, 0xff, 0x90, 0xd, 0xff, 0xff, 0xfb,
    0xff, 0xff, 0xff, 0x80, 0xc, 0xff, 0xff, 0xfb,
    0xef, 0xff, 0xff, 0xb5, 0x5e, 0xff, 0xff, 0xfa,
    0x5e, 0xff, 0xff, 0xff, 0xff, 0xff, 0xff, 0xd2,

    /* U+F679 "" */
    0x0, 0x0, 0x0, 0x0, 0x0, 0x10, 0x0, 0x0,
    0x0, 0x0, 0x0, 0x0, 0xac, 0x0, 0x0, 0x0,
    0x0, 0x0, 0x2d, 0x62, 0x37, 0xd1, 0x0, 0x4,
    0x97, 0x11, 0xef, 0xef, 0xfd, 0x0, 0x3, 0xff,
    0xfe, 0x21, 0x9c, 0xc8, 0x0, 0x0, 0x7, 0x37,
    0xfa, 0x0, 0x0, 0x0, 0x0, 0x0, 0x0, 0xf,
    0xd0, 0x3, 0xce, 0xa1, 0x0, 0x0, 0x17, 0xfb,
    0x26, 0xff, 0xff, 0xb0, 0x0, 0x6f, 0xff, 0xff,
    0xff, 0x50, 0xdf, 0x0, 0x2, 0x9b, 0xff, 0xb8,
    0x20, 0xa, 0xf1, 0x43, 0x0, 0x5, 0xfa, 0x8,
    0x20, 0xaf, 0x1d, 0xd0, 0x0, 0xf, 0xc2, 0xf9,
    0xb, 0xf0, 0xaf, 0x50, 0x8, 0xf9, 0xe, 0xfc,
    0xfc, 0x2, 0xff, 0xde, 0xfe, 0x10, 0x3d, 0xfc,
    0x20, 0x2, 0xae, 0xd9, 0x10, 0x0, 0x0, 0x0,
    0x0,

    /* U+F67B "" */
    0x0, 0x0, 0x12, 0x0, 0x0, 0x1, 0x20, 0x0,
    0x0, 0x0, 0x2, 0xff, 0x90, 0x0, 0x2f, 0xf9,
    0x0, 0x0, 0x0, 0x7, 0xfa, 0xe0, 0x0, 0x6f,
    0xaf, 0x0, 0x0, 0x0, 0x2, 0xff, 0xa0, 0x0,
    0x2f, 0xf9, 0x0, 0x0, 0x0, 0x0, 0x18, 0xe8,
    0xba, 0xbe, 0x30, 0x0, 0x0, 0x0, 0x0, 0xa,
    0xff, 0xff, 0xff, 0x30, 0x0, 0x0, 0xa6, 0x0,
    0xbf, 0xff, 0xff, 0xff, 0xf4, 0x2, 0x94, 0x7f,
    0x68, 0xff, 0xff, 0xff, 0xff, 0xfe, 0x3d, 0xc2,
    0x7, 0xff, 0xff, 0xff, 0xff, 0xff, 0xfe, 0xfd,
    0x10, 0x0, 0x21, 0xcf, 0xff, 0xff, 0xff, 0xf4,
    0x30, 0x0, 0xed, 0x52, 0xf6, 0xaf, 0xff, 0xe6,
    0xca, 0x17, 0xc4, 0x29, 0xff, 0xc0, 0x2f, 0x5b,
    0xa0, 0x4f, 0xfe, 0x91, 0x0, 0x13, 0x0, 0xac,
    0x4, 0xf3, 0x1, 0x30, 0x0, 0x0, 0x0, 0x19,
    0xf3, 0x0, 0xbe, 0x40, 0x0, 0x0, 0x0, 0x0,
    0x3c, 0x50, 0x0, 0x1a, 0xa0, 0x0, 0x0,

    /* U+F67C "" */
    0x0, 0x0, 0x0, 0x11, 0x0, 0x0, 0x0, 0x0,
    0x2, 0xaf, 0xff, 0xe9, 0x10, 0x0, 0x0, 0x6f,
    0xfe, 0xff, 0xef, 0xe5, 0x0, 0x5, 0xfe, 0x40,
    0xed, 0x5, 0xff, 0x40, 0x1e, 0xe1, 0x0, 0xed,
    0x0, 0x2f, 0xd0, 0x8f, 0x60, 0x0, 0xed, 0x0,
    0x7, 0xf7, 0xdf, 0x0, 0x0, 0xed, 0x0, 0x1,
    0xfb, 0xfd, 0x0, 0x2, 0xfe, 0x10, 0x0, 0xed,
    0xfd, 0x0, 0x4e, 0xff, 0xe3, 0x0, 0xed, 0xcf,
    0x16, 0xff, 0xff, 0xff, 0x52, 0xfa, 0x7f, 0xdf,
    0xe3, 0xed, 0x4e, 0xfd, 0xf5, 0xd, 0xfd, 0x10,
    0xed, 0x2, 0xef, 0xb0, 0x3, 0xff, 0x82, 0xed,
    0x29, 0xfe, 0x10, 0x0, 0x2c, 0xff, 0xff, 0xff,
    0xb1, 0x0, 0x0, 0x0, 0x6a, 0xdc, 0xa5, 0x0,
    0x0,

    /* U+F67F "" */
    0x0, 0x0, 0x0, 0x67, 0x0, 0x0, 0x0, 0x0,
    0x0, 0xa, 0xff, 0xa0, 0x0, 0x0, 0x0, 0x0,
    0x8f, 0xff, 0xf8, 0x0, 0x0, 0x0, 0x0, 0x9f,
    0xff, 0xf9, 0x0, 0x0, 0x0, 0x0, 0xaf, 0xff,
    0xfa, 0x0, 0x0, 0x0, 0x6, 0xff, 0xff, 0xff,
    0x60, 0x0, 0x0, 0x4f, 0xff, 0xff, 0xff, 0xf4,
    0x0, 0x0, 0x6f, 0xff, 0xff, 0xff, 0xf6, 0x0,
    0x7, 0xef, 0xff, 0xff, 0xff, 0xfe, 0x70, 0x9f,
    0xff, 0xff, 0x66, 0xff, 0xff, 0xfa, 0xff, 0xff,
    0xf6, 0x0, 0x6f, 0xff, 0xff, 0xff, 0xff, 0xf4,
    0x0, 0x4f, 0xff, 0xff, 0xff, 0xff, 0xf3, 0x0,
    0x3f, 0xff, 0xff, 0xef, 0xff, 0xf8, 0x55, 0x8f,
    0xff, 0xfe, 0x5e, 0xff, 0xff, 0xff, 0xff, 0xff,
    0xe5,

    /* U+F681 "" */
    0x18, 0x99, 0x99, 0x99, 0x99, 0x82, 0xc, 0xff,
    0xff, 0xff, 0xff, 0xff, 0xd0, 0xff, 0xff, 0xff,
    0xff, 0xff, 0xff, 0x1f, 0xff, 0xff, 0xa4, 0xff,
    0xff, 0xf1, 0xff, 0xff, 0xf7, 0x1f, 0xff, 0xff,
    0x1f, 0xff, 0xdf, 0x71, 0xff, 0xff, 0xf1, 0xff,
    0xa1, 0xf7, 0x1f, 0xff, 0xff, 0x1f, 0xf9, 0xf,
    0x71, 0xfc, 0xdf, 0xf1, 0xff, 0x90, 0xf7, 0x1f,
    0x78, 0xff, 0x1f, 0xfa, 0x1f, 0x71, 0xf7, 0x9f,
    0xf1, 0xff, 0xfd, 0xfe, 0xdf, 0xee, 0xff, 0x1e,
    0xff, 0xff, 0xff, 0xff, 0xff, 0xf0, 0x5e, 0xff,
    0xff, 0xff, 0xff, 0xe6, 0x0,

    /* U+F682 "" */
    0x18, 0x99, 0x99, 0x99, 0x99, 0x82, 0xc, 0xff,
    0xff, 0xff, 0xff, 0xff, 0xd0, 0xff, 0xff, 0xff,
    0xff, 0xff, 0xff, 0x1f, 0xfc, 0x0, 0x5, 0xff,
    0xff, 0xf1, 0xff, 0xe7, 0x77, 0xbf, 0xff, 0xff,
    0x1f, 0xff, 0xff, 0xff, 0xff, 0xff, 0xf1, 0xff,
    0xc1, 0x0, 0x0, 0xb, 0xff, 0x1f, 0xff, 0x99,
    0x99, 0x99, 0xef, 0xf1, 0xff, 0xff, 0xff, 0xff,
    0xff, 0xff, 0x1f, 0xfb, 0x0, 0xff, 0xff, 0xff,
    0xf1, 0xff, 0xfa, 0xbf, 0xff, 0xff, 0xff, 0x1e,
    0xff, 0xff, 0xff, 0xff, 0xff, 0xf0, 0x5e, 0xff,
    0xff, 0xff, 0xff, 0xe6, 0x0,

    /* U+F683 "" */
    0x0, 0x0, 0x0, 0x3, 0x30, 0x0, 0x0, 0x0,
    0x0, 0x7f, 0xf6, 0x0, 0x0, 0x0, 0x0, 0xbf,
    0xfa, 0x0, 0x0, 0x0, 0x0, 0x4f, 0xf4, 0x0,
    0x0, 0x0, 0x0, 0x0, 0x0, 0x0, 0x0, 0x0,
    0xbf, 0xd3, 0x4, 0x81, 0x0, 0x9, 0xff, 0xfe,
    0x7f, 0xf5, 0x0, 0x2f, 0xff, 0xff, 0xff, 0xb0,
    0x0, 0x9f, 0xff, 0x9f, 0xf8, 0x0, 0x0, 0xef,
    0xfc, 0x4, 0x40, 0x0, 0x0, 0xdf, 0xf7, 0x0,
    0x0, 0x0, 0x0, 0x3f, 0xff, 0x70, 0x0, 0x0,
    0x0, 0x35, 0xef, 0xfb, 0x10, 0x0, 0xd, 0xff,
    0xff, 0xff, 0xb0, 0x0, 0x9, 0xff, 0xff, 0xff,
    0x80, 0x0,

    /* U+F684 "" */
    0x0, 0x0, 0x0, 0x2, 0x0, 0x1, 0x10, 0x0,
    0x0, 0x0, 0x0, 0x0, 0xd, 0xf2, 0x0, 0xfe,
    0x10, 0x0, 0x0, 0x0, 0x0, 0x9, 0xff, 0x10,
    0xe, 0xfc, 0x0, 0x0, 0x0, 0x0, 0x5, 0xff,
    0x50, 0x0, 0x3f, 0xf8, 0x0, 0x0, 0x0, 0x1,
    0xff, 0xa0, 0x0, 0x0, 0x7f, 0xf4, 0x0, 0x0,
    0x0, 0x9f, 0xd0, 0x0, 0x0, 0x0, 0xbf, 0xc0,
    0x0, 0x0, 0xd, 0xfb, 0xc, 0x80, 0x7d, 0x8,
    0xff, 0x0, 0x0, 0x0, 0xef, 0xb0, 0xfc, 0xa,
    0xf1, 0x8f, 0xf1, 0x0, 0x0, 0xe, 0xfb, 0xf,
    0xc0, 0xaf, 0x18, 0xff, 0x10, 0x0, 0x0, 0xef,
    0xfa, 0xfc, 0xa, 0xfa, 0xef, 0xf1, 0x0, 0x8,
    0xef, 0xff, 0xff, 0xb0, 0x9f, 0xff, 0xff, 0xf9,
    0x1, 0xff, 0xff, 0xff, 0xf7, 0x5, 0xff, 0xff,
    0xff, 0xf3, 0x1f, 0xff, 0xff, 0xfc, 0x0, 0xa,
    0xff, 0xff, 0xff, 0x31, 0xff, 0xff, 0xb6, 0x0,
    0x0, 0x5, 0xbf, 0xff, 0xf3, 0x9, 0x94, 0x0,
    0x0, 0x0, 0x0, 0x0, 0x4, 0x8a, 0x0,

    /* U+F687 "" */
    0x0, 0x0, 0x0, 0x0, 0x0, 0x0, 0x9, 0xff,
    0xff, 0xff, 0xff, 0xfc, 0x20, 0xff, 0xff, 0xfe,
    0xef, 0xff, 0xfc, 0xf, 0xff, 0xd3, 0x0, 0x6f,
    0xff, 0xf0, 0xff, 0xf3, 0x4, 0xef, 0xff, 0xff,
    0x1f, 0xfd, 0x0, 0xea, 0x2a, 0xff, 0xf1, 0xff,
    0xd0, 0xe, 0x90, 0xaf, 0xff, 0x1f, 0xff, 0x20,
    0x5d, 0xfe, 0xff, 0xf1, 0xff, 0xfd, 0x30, 0x8,
    0xff, 0xff, 0x1f, 0xff, 0xff, 0xef, 0xff, 0xff,
    0xf1, 0xaf, 0xff, 0xff, 0xff, 0xff, 0xff, 0x11,
    0xfa, 0x0, 0x0, 0x0, 0x1d, 0xf1, 0x1f, 0x90,
    0x0, 0x0, 0x1, 0xdf, 0xc, 0xff, 0xff, 0xff,
    0xff, 0xff, 0xa0, 0x8b, 0xbb, 0xbb, 0xbb, 0xbb,
    0x70, 0x0,

    /* U+F688 "" */
    0x0, 0x0, 0x1, 0x0, 0x0, 0x0, 0x0, 0x0,
    0x1a, 0xef, 0xfb, 0x30, 0x0, 0x0, 0x4, 0xff,
    0xff, 0xff, 0xf7, 0x0, 0x0, 0x1e, 0xff, 0xfb,
    0xff, 0xff, 0x40, 0x0, 0x9f, 0xff, 0x70, 0x4f,
    0xff, 0xc0, 0x0, 0xcf, 0xfe, 0xc, 0xff, 0xff,
    0xf0, 0x0, 0xff, 0xff, 0x71, 0x2e, 0xff, 0xf3,
    0x0, 0xcf, 0xff, 0xca, 0x3b, 0xff, 0xf1, 0x0,
    0x9f, 0xff, 0x40, 0x5f, 0xff, 0xc0, 0x0, 0x1e,
    0xff, 0xfb, 0xff, 0xff, 0x50, 0x0, 0x4, 0xff,
    0xff, 0xff, 0xff, 0xc0, 0x0, 0x0, 0x1a, 0xef,
    0xfb, 0x49, 0xfc, 0x0, 0x0, 0x0, 0x1, 0x0,
    0x0, 0xaf, 0xc1, 0x0, 0x0, 0x0, 0x0, 0x0,
    0xa, 0xfa, 0x0, 0x0, 0x0, 0x0, 0x0, 0x0,
    0x86,

    /* U+F689 "" */
    0x0, 0x0, 0x1, 0x0, 0x0, 0x0, 0x0, 0x0,
    0x1, 0xae, 0xff, 0xc4, 0x0, 0x0, 0x0, 0x4,
    0xff, 0xff, 0xff, 0xf9, 0x0, 0x0, 0x1, 0xef,
    0xfd, 0x8b, 0xff, 0xf6, 0x0, 0x0, 0x9f, 0xfd,
    0x0, 0x8, 0xff, 0xe0, 0x0, 0xc, 0xff, 0x81,
    0xf6, 0x2f, 0xff, 0x20, 0x0, 0xff, 0xfa, 0x7,
    0x25, 0xff, 0xf5, 0x0, 0xc, 0xff, 0xf2, 0x0,
    0xbf, 0xff, 0x30, 0x0, 0x9f, 0xff, 0xb0, 0x5f,
    0xff, 0xe0, 0x0, 0x1, 0xef, 0xff, 0xbf, 0xff,
    0xf7, 0x0, 0x0, 0x4, 0xef, 0xff, 0xff, 0xff,
    0xd1, 0x0, 0x0, 0x1, 0xae, 0xff, 0xc5, 0x7f,
    0xd1, 0x0, 0x0, 0x0, 0x1, 0x0, 0x0, 0x7f,
    0xd1, 0x0, 0x0, 0x0, 0x0, 0x0, 0x0, 0x7f,
    0xd0, 0x0, 0x0, 0x0, 0x0, 0x0, 0x0, 0x68,
    0x0,

    /* U+F696 "" */
    0x0, 0x0, 0x0, 0x0, 0x0, 0x0, 0x0, 0x0,
    0x2, 0xef, 0xc0, 0xbf, 0xff, 0xb0, 0x0, 0x5,
    0xbb, 0x61, 0xbb, 0xbb, 0xb1, 0x0, 0x0, 0x0,
    0x0, 0x0, 0x0, 0x0, 0x0, 0x7, 0xff, 0x81,
    0xff, 0xff, 0xf1, 0x0, 0x7, 0xff, 0x81, 0xff,
    0xff, 0xf1, 0x0, 0x7, 0xff, 0x81, 0xff, 0xff,
    0xf1, 0x0, 0x8, 0xff, 0x72, 0xff, 0xff, 0xf1,
    0x0, 0x1d, 0xf7, 0x8, 0xff, 0xff, 0xf1, 0x3,
    0xdf, 0x50, 0xaf, 0xff, 0xff, 0xf0, 0x4f, 0xf8,
    0xc, 0xff, 0xff, 0xff, 0xc0, 0xdf, 0xf3, 0x7f,
    0xff, 0xff, 0xff, 0x20, 0xff, 0xf1, 0x9f, 0xff,
    0xff, 0xd3, 0x0, 0xaf, 0xf4, 0x4f, 0xff, 0xfa,
    0x0, 0x0, 0x9, 0xd7, 0x5, 0xcc, 0x60, 0x0,
    0x0,

    /* U+F698 "" */
    0x0, 0x0, 0x0, 0x0, 0x39, 0x99, 0x99, 0x93,
    0x0, 0x0, 0x0, 0x2, 0xff, 0xff, 0xff, 0xf9,
    0x0, 0x0, 0x0, 0x7, 0xf6, 0x22, 0x22, 0x20,
    0x0, 0x0, 0x0, 0xc, 0xf0, 0x0, 0x0, 0x0,
    0x0, 0x0, 0x0, 0x1f, 0xb0, 0x0, 0x0, 0x0,
    0x0, 0x0, 0x0, 0x5f, 0x70, 0x0, 0x0, 0x0,
    0xcf, 0xe5, 0x0, 0x9f, 0x20, 0x5e, 0x52, 0xd8,
    0x7b, 0xef, 0x10, 0xee, 0x0, 0x2f, 0xfe, 0xf6,
    0x0, 0x6f, 0x93, 0xf9, 0x0, 0x5, 0xff, 0x90,
    0x0, 0xc, 0xfa, 0xf5, 0x0, 0x1e, 0xff, 0xf4,
    0x0, 0x3, 0xff, 0xf1, 0x0, 0x6f, 0x73, 0xfa,
    0x0, 0x0, 0xaf, 0xc0, 0x0, 0x1, 0x0, 0x10,
    0x0, 0x0, 0x1d, 0x40, 0x0, 0x0, 0x0, 0x0,

    /* U+F699 "" */
    0x0, 0x0, 0x1, 0x32, 0x0, 0x0, 0x0, 0x0,
    0x0, 0x2b, 0xff, 0xff, 0x80, 0x0, 0x0, 0x0,
    0x7f, 0xff, 0xb5, 0x20, 0x0, 0x0, 0x0, 0x6f,
    0xff, 0x50, 0x0, 0x0, 0x0, 0x0, 0x1f, 0xff,
    0x70, 0x0, 0x0, 0x60, 0x0, 0x9, 0xff, 0xc0,
    0x0, 0x0, 0x3f, 0x30, 0x0, 0xdf, 0xf8, 0x0,
    0x4, 0x7c, 0xfc, 0x74, 0xf, 0xff, 0x50, 0x0,
    0x8f, 0xff, 0xff, 0x80, 0xef, 0xf6, 0x0, 0x0,
    0x9f, 0xff, 0x90, 0xc, 0xff, 0x90, 0x0, 0x8,
    0xff, 0xf8, 0x0, 0x6f, 0xfe, 0x10, 0x0, 0x98,
    0x28, 0x90, 0x0, 0xcf, 0xfb, 0x0, 0x0, 0x0,
    0x0, 0x0, 0x2, 0xff, 0xfb, 0x20, 0x0, 0x0,
    0x0, 0x0, 0x2, 0xcf, 0xff, 0xc8, 0x40, 0x0,
    0x0, 0x0, 0x0, 0x5a, 0xdc, 0x94, 0x0, 0x0,
    0x0,

    /* U+F69A "" */
    0x0, 0x0, 0x0, 0x0, 0x0, 0x0, 0x0, 0x0,
    0x0, 0x1, 0xee, 0x10, 0x0, 0x0, 0x0, 0x0,
    0x9, 0xff, 0x90, 0x0, 0x0, 0x0, 0x0, 0x3f,
    0x99, 0xf3, 0x0, 0x0, 0x49, 0x99, 0xdf, 0xaa,
    0xfd, 0x99, 0x94, 0xef, 0xff, 0xff, 0xff, 0xff,
    0xff, 0xfe, 0x9f, 0x3e, 0xd0, 0x0, 0xd, 0xe3,
    0xf9, 0x1e, 0xff, 0x30, 0x0, 0x3, 0xff, 0xe1,
    0x6, 0xfa, 0x0, 0x0, 0x0, 0xaf, 0x60, 0xb,
    0xfe, 0x0, 0x0, 0x0, 0xef, 0xb0, 0x4f, 0xaf,
    0x80, 0x0, 0x9, 0xfa, 0xf4, 0xdf, 0x8e, 0xf8,
    0x77, 0x8f, 0xe8, 0xfd, 0xbf, 0xff, 0xff, 0xff,
    0xff, 0xff, 0xfb, 0x0, 0x0, 0x7f, 0x55, 0xf7,
    0x0, 0x0, 0x0, 0x0, 0xd, 0xdd, 0xd0, 0x0,
    0x0, 0x0, 0x0, 0x4, 0xff, 0x40, 0x0, 0x0,
    0x0, 0x0, 0x0, 0x55, 0x0, 0x0, 0x0,

    /* U+F69B "" */
    0x9, 0xb3, 0x0, 0x0, 0x0, 0x0, 0x8c, 0x40,
    0x7f, 0xfd, 0x0, 0x3, 0x10, 0x4, 0xff, 0xf0,
    0x7d, 0xdc, 0x0, 0x9f, 0xe3, 0x5, 0xdd, 0xd1,
    0x0, 0x0, 0x2c, 0xff, 0xff, 0x70, 0x0, 0x0,
    0x6a, 0xaa, 0xff, 0xe1, 0x7f, 0xfc, 0xaa, 0xa1,
    0x9f, 0xff, 0xff, 0xe1, 0x7f, 0xff, 0xff, 0xf1,
    0x9f, 0xff, 0xff, 0xff, 0xff, 0xff, 0xff, 0xf1,
    0x9f, 0xff, 0xff, 0xff, 0xff, 0xff, 0xff, 0xf1,
    0x9f, 0xff, 0xff, 0xf9, 0xcf, 0xff, 0xff, 0xf1,
    0x9f, 0xff, 0xff, 0x70, 0xe, 0xff, 0xff, 0xf1,
    0x9f, 0xff, 0xff, 0x20, 0x9, 0xff, 0xff, 0xf1,
    0x9f, 0xff, 0xff, 0x20, 0x9, 0xff, 0xff, 0xf1,
    0x7f, 0xff, 0xff, 0x75, 0x5b, 0xff, 0xff, 0xf0,
    0x1c, 0xff, 0xff, 0xff, 0xff, 0xff, 0xfe, 0x70,

    /* U+F6A0 "" */
    0x0, 0x0, 0x0, 0x0, 0x0, 0x0, 0x0, 0x0,
    0xaf, 0x74, 0x44, 0x44, 0x44, 0x44, 0x4a, 0xf6,
    0xff, 0xff, 0xff, 0xff, 0xff, 0xff, 0xff, 0xfb,
    0xff, 0xff, 0xff, 0xff, 0xff, 0xff, 0xff, 0xfc,
    0xff, 0xff, 0xff, 0xfc, 0xef, 0xff, 0xff, 0xfc,
    0xff, 0xff, 0xff, 0xe1, 0x4f, 0xff, 0xff, 0xfc,
    0xff, 0xff, 0xf0, 0x0, 0x0, 0x3f, 0xff, 0xfc,
    0xff, 0xff, 0xf7, 0x0, 0x0, 0xaf, 0xff, 0xfc,
    0xff, 0xff, 0xf3, 0x0, 0x0, 0x6f, 0xff, 0xfc,
    0xff, 0xff, 0xf8, 0x60, 0x7, 0x9f, 0xff, 0xfc,
    0xff, 0xff, 0xff, 0xf5, 0x9f, 0xff, 0xff, 0xfc,
    0xff, 0xff, 0xff, 0xff, 0xff, 0xff, 0xff, 0xfc,
    0xff, 0xff, 0xff, 0xff, 0xff, 0xff, 0xff, 0xfc,
    0xff, 0xff, 0xff, 0xff, 0xff, 0xff, 0xff, 0xfb,
    0x6c, 0x20, 0x0, 0x0, 0x0, 0x0, 0x5, 0xc4,

    /* U+F6A1 "" */
    0xb4, 0x0, 0x0, 0x0, 0x0, 0x2a, 0x2f, 0xfd,
    0xa9, 0x99, 0x99, 0xcf, 0xf4, 0xff, 0xff, 0xff,
    0xff, 0xff, 0xff, 0x36, 0xff, 0xff, 0xff, 0xff,
    0xff, 0xa0, 0x4, 0xf8, 0xc, 0xf0, 0x4f, 0x80,
    0x0, 0x5f, 0x92, 0xcf, 0x25, 0xf8, 0x0, 0x6f,
    0xff, 0xff, 0xff, 0xff, 0xfa, 0x2, 0xbf, 0xda,
    0xaa, 0xab, 0xfc, 0x40, 0x4, 0xf8, 0x0, 0x0,
    0x4f, 0x80, 0x0, 0x4f, 0x80, 0x0, 0x4, 0xf8,
    0x0, 0x4, 0xf8, 0x0, 0x0, 0x4f, 0x80, 0x0,
    0x4f, 0x80, 0x0, 0x4, 0xf8, 0x0, 0x3, 0xf7,
    0x0, 0x0, 0x3f, 0x70, 0x0, 0x9, 0x20, 0x0,
    0x0, 0x92, 0x0,

    /* U+F6A7 "" */
    0x0, 0x0, 0x0, 0x4, 0x20, 0x0, 0x0, 0x0,
    0x0, 0x0, 0x0, 0x9f, 0xf6, 0x0, 0x0, 0x0,
    0x0, 0x0, 0x2d, 0xff, 0xff, 0xa0, 0x0, 0x0,
    0x0, 0x17, 0xff, 0xff, 0xff, 0xfd, 0x50, 0x0,
    0x0, 0xbf, 0xff, 0xff, 0xff, 0xff, 0xf7, 0x0,
    0x0, 0x9, 0xf5, 0x22, 0x22, 0x9f, 0x50, 0x0,
    0x0, 0xc, 0xfd, 0xcc, 0xcc, 0xef, 0x80, 0x0,
    0x0, 0xaf, 0xff, 0xff, 0xff, 0xff, 0xf6, 0x0,
    0xf, 0xff, 0xff, 0xff, 0xff, 0xff, 0xff, 0xb0,
    0x6, 0xfa, 0x44, 0x44, 0x44, 0x44, 0xdf, 0x20,
    0x4, 0xf9, 0x33, 0x33, 0x33, 0x33, 0xcf, 0x0,
    0x3a, 0xff, 0xff, 0xff, 0xff, 0xff, 0xff, 0x92,
    0xdf, 0xff, 0xff, 0xff, 0xff, 0xff, 0xff, 0xf9,
    0x3, 0xf7, 0x0, 0xf, 0xb0, 0x0, 0xbf, 0x0,
    0x0, 0xa3, 0x0, 0x8, 0x50, 0x0, 0x58, 0x0,

    /* U+F6A8 "" */
    0x0, 0x0, 0x0, 0x32, 0x0, 0x0, 0x0, 0x0,
    0x0, 0x6, 0xfc, 0x0, 0x0, 0x0, 0x0, 0x0,
    0x8f, 0xfd, 0x0, 0x5, 0x10, 0x0, 0xa, 0xff,
    0xfd, 0x0, 0xd, 0xb0, 0x6d, 0xef, 0xff, 0xfd,
    0x2, 0x22, 0xf7, 0xff, 0xff, 0xff, 0xfd, 0x8,
    0xe1, 0x9d, 0xff, 0xff, 0xff, 0xfd, 0x1, 0xf4,
    0x6f, 0xff, 0xff, 0xff, 0xfd, 0x4, 0xf3, 0x7e,
    0xdf, 0xff, 0xff, 0xfd, 0x7, 0x90, 0xca, 0x15,
    0x6f, 0xff, 0xfd, 0x0, 0x8, 0xf2, 0x0, 0x3,
    0xef, 0xfd, 0x0, 0xd, 0x50, 0x0, 0x0, 0x2d,
    0xfd, 0x0, 0x0, 0x0, 0x0, 0x0, 0x1, 0xa7,
    0x0, 0x0, 0x0,

    /* U+F6A9 "" */
    0x0, 0x0, 0x0, 0x32, 0x0, 0x0, 0x0, 0x0,
    0x0, 0x0, 0x6f, 0xc0, 0x0, 0x0, 0x0, 0x0,
    0x0, 0x8f, 0xfd, 0x0, 0x0, 0x0, 0x0, 0x0,
    0xaf, 0xff, 0xd0, 0x0, 0x0, 0x0, 0x6d, 0xef,
    0xff, 0xfd, 0x0, 0x81, 0x5, 0x4f, 0xff, 0xff,
    0xff, 0xd0, 0xd, 0xd7, 0xf5, 0xff, 0xff, 0xff,
    0xfd, 0x0, 0x1e, 0xf7, 0xf, 0xff, 0xff, 0xff,
    0xd0, 0x7, 0xfe, 0xd1, 0xdf, 0xff, 0xff, 0xfd,
    0x0, 0xf7, 0x1d, 0x81, 0x56, 0xff, 0xff, 0xd0,
    0x0, 0x0, 0x0, 0x0, 0x3, 0xef, 0xfd, 0x0,
    0x0, 0x0, 0x0, 0x0, 0x2, 0xdf, 0xd0, 0x0,
    0x0, 0x0, 0x0, 0x0, 0x1, 0xa7, 0x0, 0x0,
    0x0, 0x0,

    /* U+F6AD "" */
    0x0, 0x0, 0x0, 0x11, 0x0, 0x0, 0x0, 0x0,
    0x1, 0xaf, 0xff, 0xfa, 0x10, 0x0, 0x0, 0x6f,
    0xfe, 0xbb, 0xff, 0xf6, 0x0, 0x5, 0xfe, 0x50,
    0x0, 0x2f, 0xff, 0x50, 0x1e, 0xe1, 0x0, 0x55,
    0x8, 0xff, 0xe1, 0x9f, 0x50, 0x0, 0xbb, 0x7,
    0xff, 0xf9, 0xdf, 0x0, 0x0, 0x0, 0xc, 0xff,
    0xfd, 0xfd, 0x0, 0x0, 0x3, 0xaf, 0xff, 0xff,
    0xee, 0x0, 0x9, 0xff, 0xff, 0xff, 0xfe, 0xcf,
    0x10, 0x6f, 0xdd, 0xff, 0xff, 0xfc, 0x6f, 0x90,
    0x9f, 0x33, 0xff, 0xff, 0xf6, 0xc, 0xf6, 0x5f,
    0xee, 0xff, 0xff, 0xc0, 0x2, 0xef, 0xbc, 0xff,
    0xff, 0xfe, 0x20, 0x0, 0x1a, 0xff, 0xff, 0xff,
    0xa1, 0x0, 0x0, 0x0, 0x49, 0xbb, 0x94, 0x0,
    0x0,

    /* U+F6B6 "" */
    0x0, 0x2, 0x10, 0x13, 0x33, 0x33, 0x33, 0x33,
    0x0, 0xa, 0xff, 0x5a, 0xff, 0xff, 0xff, 0xff,
    0xf5, 0x3, 0xff, 0xf2, 0x9f, 0xff, 0xff, 0xff,
    0xff, 0x30, 0xaf, 0xe9, 0x7, 0xff, 0xff, 0xf8,
    0x0, 0x0, 0xd, 0xf7, 0x0, 0x6f, 0xff, 0xff,
    0xec, 0xc7, 0x0, 0xff, 0x40, 0x4, 0xff, 0xff,
    0xff, 0xff, 0x60, 0xd, 0xf6, 0x0, 0x3f, 0xff,
    0xff, 0x80, 0x0, 0x0, 0xaf, 0xd8, 0x1, 0xff,
    0xff, 0xfe, 0xb8, 0x0, 0x3, 0xff, 0xf2, 0xf,
    0xff, 0xff, 0xff, 0x70, 0x0, 0x9, 0xff, 0x50,
    0xbc, 0xcc, 0xcc, 0xc2, 0x0, 0x0, 0x2, 0x10,
    0x0, 0x0, 0x0, 0x0, 0x0, 0x0, 0x0, 0x0,
    0x5, 0xef, 0xff, 0xff, 0xf9, 0x0, 0x0, 0x0,
    0x0, 0xbf, 0xff, 0x5e, 0xff, 0xf0, 0x0, 0x0,
    0x0, 0xb, 0xff, 0xf5, 0xef, 0xff, 0x0, 0x0,
    0x0, 0x0, 0x5e, 0xff, 0xff, 0xff, 0x90, 0x0,

    /* U+F6B7 "" */
    0x0, 0x33, 0x33, 0x33, 0x33, 0x30, 0x3, 0xef,
    0xff, 0xff, 0xff, 0xff, 0xe0, 0xcf, 0xff, 0xb2,
    0x28, 0xff, 0xff, 0x3f, 0xff, 0xf1, 0x52, 0x2c,
    0xff, 0xf3, 0xff, 0xff, 0x30, 0x1, 0xef, 0xff,
    0x3f, 0xff, 0xfd, 0x0, 0xaf, 0xff, 0xf3, 0xff,
    0xfb, 0xdf, 0xfe, 0xaf, 0xff, 0x3f, 0xff, 0x80,
    0x46, 0x5, 0xff, 0xf3, 0xff, 0xfc, 0x40, 0x12,
    0xbf, 0xff, 0x3f, 0xff, 0x77, 0xef, 0x94, 0xff,
    0xf3, 0xff, 0xff, 0xff, 0xff, 0xff, 0xff, 0x1f,
    0xf5, 0x33, 0x33, 0x33, 0x8f, 0x60, 0xee, 0x10,
    0x0, 0x0, 0x6, 0xf5, 0x8, 0xff, 0xff, 0xff,
    0xff, 0xff, 0xe1, 0x7, 0xbb, 0xbb, 0xbb, 0xbb,
    0xba, 0x0,

    /* U+F6BB "" */
    0x0, 0x0, 0x1, 0x0, 0x10, 0x0, 0x0, 0x0,
    0x0, 0x7f, 0x33, 0xf7, 0x0, 0x0, 0x0, 0x0,
    0x3f, 0xee, 0xf3, 0x0, 0x0, 0x0, 0x0, 0x6,
    0xff, 0x60, 0x0, 0x0, 0x0, 0x0, 0xa, 0xff,
    0xa0, 0x0, 0x0, 0x0, 0x0, 0x7f, 0xff, 0xf7,
    0x0, 0x0, 0x0, 0x4, 0xff, 0xff, 0xff, 0x40,
    0x0, 0x0, 0x2f, 0xff, 0xff, 0xff, 0xf2, 0x0,
    0x1, 0xdf, 0xff, 0xff, 0xff, 0xfd, 0x10, 0xb,
    0xff, 0xff, 0x55, 0xff, 0xff, 0xb0, 0x8f, 0xff,
    0xf6, 0x0, 0x6f, 0xff, 0xf8, 0xff, 0xff, 0x80,
    0x0, 0x8, 0xff, 0xfe, 0xff, 0xff, 0xcc, 0xcc,
    0xcc, 0xff, 0xff, 0x7e, 0xff, 0xff, 0xff, 0xff,
    0xff, 0xe8,

    /* U+F6BE "" */
    0x0, 0x0, 0x0, 0x0, 0x0, 0x0, 0x0, 0x0,
    0x0, 0x0, 0x0, 0x5, 0xd2, 0x2, 0xe4, 0x0,
    0x0, 0x0, 0x0, 0x6f, 0xfe, 0xff, 0x54, 0x71,
    0x0, 0x0, 0x6, 0xfe, 0xfe, 0xf5, 0xcf, 0xe1,
    0x0, 0x0, 0x5e, 0x6f, 0x6f, 0x40, 0x8f, 0x70,
    0x0, 0x1, 0xff, 0xff, 0xf1, 0x2, 0xf9, 0x3,
    0x98, 0x6, 0xff, 0xf6, 0x0, 0x2f, 0x97, 0xff,
    0xf5, 0x2, 0x52, 0x0, 0x2, 0xfe, 0xff, 0xff,
    0xfa, 0x42, 0x0, 0x0, 0x2f, 0xff, 0xff, 0xff,
    0xff, 0xf3, 0x0, 0x2, 0xff, 0xff, 0xff, 0xfe,
    0x8f, 0x30, 0x0, 0x2f, 0xff, 0xff, 0xfc, 0x14,
    0xf3, 0x0, 0x1, 0xff, 0xff, 0xfa, 0x0, 0x4f,
    0x30, 0x0, 0xb, 0xff, 0xff, 0xfe, 0x24, 0xf3,
    0x0, 0x0, 0x8, 0xbc, 0xcc, 0xb1, 0x1a, 0x0,
    0x0,

    /* U+F6C0 "" */
    0x0, 0x0, 0x2, 0x20, 0x0, 0x0, 0x0, 0x0,
    0x4e, 0xff, 0xf7, 0x0, 0x0, 0x0, 0x5f, 0xf8,
    0x4f, 0xf9, 0x0, 0x0, 0xe, 0x9d, 0x73, 0xf6,
    0xf2, 0x0, 0x2, 0xf2, 0xd7, 0x3f, 0x1e, 0x60,
    0x0, 0x4f, 0x1d, 0x73, 0xf1, 0xd8, 0x0, 0x4,
    0xf1, 0xd7, 0x3f, 0x1d, 0x80, 0x4, 0x9f, 0x7e,
    0xb9, 0xf8, 0xeb, 0x50, 0xff, 0xff, 0xff, 0xff,
    0xff, 0xff, 0x3f, 0xff, 0xff, 0xff, 0xff, 0xff,
    0xf4, 0xdf, 0xff, 0xff, 0xff, 0xff, 0xff, 0x12,
    0xfa, 0x0, 0x0, 0x0, 0x6f, 0x60, 0x2f, 0xa0,
    0x0, 0x0, 0x6, 0xf6, 0x1, 0xf9, 0x0, 0x0,
    0x0, 0x5f, 0x50, 0x6, 0x20, 0x0, 0x0, 0x0,
    0x70, 0x0,

    /* U+F6C3 "" */
    0x0, 0x0, 0x0, 0x0, 0x0, 0x0, 0x1, 0x0,
    0x0, 0x0, 0x0, 0x0, 0x0, 0x5, 0xdf, 0xf7,
    0x0, 0x0, 0x0, 0x0, 0x0, 0x9, 0xff, 0xfa,
    0x0, 0x0, 0x0, 0x0, 0x0, 0x5, 0xff, 0xfc,
    0x0, 0x0, 0x0, 0x0, 0x0, 0x0, 0xcf, 0xff,
    0x60, 0x0, 0x0, 0x0, 0x0, 0x0, 0xf, 0xff,
    0xf5, 0x0, 0x0, 0x0, 0x0, 0x0, 0x0, 0x99,
    0xdf, 0x90, 0x0, 0x0, 0x0, 0x1a, 0xfd, 0x30,
    0x10, 0x7f, 0x20, 0x0, 0x0, 0xa, 0xff, 0xff,
    0xff, 0xa0, 0xbe, 0x61, 0x0, 0x2, 0xef, 0xff,
    0xff, 0xff, 0x45, 0xff, 0xfb, 0x6, 0xff, 0xff,
    0xff, 0xff, 0xf8, 0x5, 0xfb, 0x20, 0xff, 0xff,
    0xff, 0xff, 0xff, 0xfb, 0x1, 0x0, 0xf, 0xff,
    0xff, 0xff, 0xff, 0xff, 0xf1, 0x0, 0x0, 0xbf,
    0xff, 0xff, 0xff, 0xff, 0xfe, 0x0, 0x0, 0x1,
    0x9c, 0xdd, 0xdd, 0xdd, 0xdb, 0x20, 0x0, 0x0,

    /* U+F6C4 "" */
    0x0, 0x0, 0x0, 0x0, 0x0, 0x0, 0x0, 0x0,
    0x0, 0x0, 0x0, 0x0, 0x0, 0x0, 0xb9, 0x0,
    0x0, 0x0, 0x0, 0x0, 0x0, 0x25, 0x26, 0xff,
    0x42, 0x51, 0x0, 0x0, 0x0, 0x0, 0x6f, 0xff,
    0xff, 0xff, 0xf4, 0x0, 0x0, 0x0, 0x0, 0x3f,
    0xfd, 0x77, 0xef, 0xf2, 0x0, 0x0, 0x0, 0x0,
    0x3f, 0xd0, 0x0, 0x1e, 0xf2, 0x0, 0x0, 0x0,
    0x0, 0x4, 0x50, 0xbd, 0x8, 0xff, 0x70, 0x0,
    0x0, 0x7b, 0x92, 0x0, 0x1, 0x18, 0xff, 0xc0,
    0x0, 0xb, 0xff, 0xfe, 0x6c, 0xd5, 0xc, 0xf7,
    0x0, 0x0, 0x3f, 0xff, 0xff, 0xff, 0xff, 0x16,
    0xf1, 0x0, 0x0, 0x5f, 0xff, 0xff, 0xff, 0xff,
    0x60, 0x22, 0x0, 0x4, 0xef, 0xff, 0xff, 0xff,
    0xff, 0xfe, 0x20, 0x0, 0xe, 0xff, 0xff, 0xff,
    0xff, 0xff, 0xff, 0xa0, 0x0, 0x1f, 0xff, 0xff,
    0xff, 0xff, 0xff, 0xff, 0xd0, 0x0, 0xc, 0xff,
    0xff, 0xff, 0xff, 0xff, 0xff, 0x80, 0x0, 0x1,
    0xbe, 0xff, 0xff, 0xff, 0xff, 0xe9, 0x0, 0x0,

    /* U+F6C8 "" */
    0x0, 0x49, 0xbb, 0xbb, 0xbb, 0xb9, 0x50, 0x0,
    0x0, 0x7, 0xff, 0xff, 0xff, 0xff, 0xff, 0xfa,
    0x0, 0x0, 0x1f, 0xaf, 0x80, 0x0, 0x1, 0xcf,
    0xff, 0x90, 0x0, 0x4f, 0x6f, 0xc0, 0x0, 0x3,
    0xff, 0xff, 0xf6, 0xb0, 0x5f, 0x5f, 0xfd, 0x52,
    0x6f, 0xff, 0xff, 0xff, 0xf0, 0x8f, 0x5f, 0xff,
    0xff, 0xff, 0xff, 0xff, 0xff, 0xf0, 0xfb, 0x5f,
    0xff, 0xff, 0xff, 0xff, 0x4f, 0xff, 0xf3, 0x51,
    0x5f, 0xfe, 0xff, 0xfe, 0xff, 0x1e, 0xfc, 0xf4,
    0x0, 0x5f, 0xf4, 0xd7, 0xa8, 0xff, 0x1b, 0xfd,
    0xf1, 0x0, 0x5f, 0xf3, 0x0, 0x8, 0xff, 0x13,
    0xff, 0xe0, 0x0, 0x3f, 0xe1, 0x0, 0x5, 0xfd,
    0x0, 0x6e, 0x60,

    /* U+F6CF "" */
    0x0, 0x0, 0x2, 0x88, 0x20, 0x0, 0x0, 0x0,
    0x0, 0x8f, 0xff, 0xf8, 0x0, 0x0, 0x0, 0x6e,
    0xff, 0x99, 0xff, 0xe6, 0x0, 0x2c, 0xff, 0xfd,
    0x0, 0xdf, 0xff, 0xc2, 0xdb, 0xdf, 0xf3, 0x77,
    0x3f, 0xfd, 0xcd, 0xf8, 0x7, 0x82, 0xff, 0x28,
    0x70, 0x7f, 0xff, 0xc3, 0x0, 0x0, 0x0, 0x3c,
    0xff, 0xff, 0xf6, 0x6, 0xcc, 0x60, 0x6f, 0xff,
    0xff, 0xc0, 0x81, 0xff, 0x18, 0xc, 0xff, 0xff,
    0x38, 0xf3, 0x99, 0x2f, 0x83, 0xff, 0xfb, 0x9,
    0xfa, 0x11, 0xaf, 0x90, 0xbf, 0xdf, 0xa3, 0x5,
    0x0, 0x50, 0x3a, 0xfd, 0x3d, 0xff, 0xd7, 0x11,
    0x7d, 0xff, 0xd3, 0x0, 0x7f, 0xff, 0x77, 0xff,
    0xf7, 0x0, 0x0, 0x1, 0x9f, 0xcc, 0xf9, 0x10,
    0x0, 0x0, 0x0, 0x2, 0xaa, 0x20, 0x0, 0x0,

    /* U+F6D1 "" */
    0x0, 0x0, 0x0, 0x31, 0x0, 0x0, 0x0, 0x0,
    0x0, 0x4d, 0xff, 0x70, 0x0, 0x0, 0x0, 0x2b,
    0xff, 0xff, 0xfd, 0x50, 0x0, 0x8, 0xff, 0xff,
    0xff, 0xff, 0xfc, 0x20, 0x8f, 0xff, 0xff, 0xff,
    0xff, 0xff, 0xe0, 0xcf, 0x18, 0xff, 0xff, 0xfb,
    0x2a, 0xf1, 0xcf, 0xc3, 0x2c, 0xfe, 0x51, 0x9f,
    0xf2, 0xcf, 0xff, 0x91, 0x51, 0x6e, 0xff, 0xf2,
    0xcf, 0xff, 0xfe, 0x2b, 0xff, 0xff, 0xf2, 0xcf,
    0xff, 0xff, 0x3e, 0xff, 0xff, 0xf2, 0xcf, 0xff,
    0xff, 0x3e, 0xff, 0xff, 0xf1, 0x7f, 0xff, 0xff,
    0x3e, 0xff, 0xff, 0xc0, 0x5, 0xef, 0xff, 0x4e,
    0xff, 0xf9, 0x10, 0x0, 0x8, 0xff, 0xff, 0xfb,
    0x20, 0x0, 0x0, 0x0, 0x2a, 0xfd, 0x50, 0x0,
    0x0, 0x0, 0x0, 0x0, 0x0, 0x0, 0x0, 0x0,

    /* U+F6D3 "" */
    0x0, 0x0, 0x0, 0x0, 0x0, 0x0, 0x0, 0x0,
    0x0, 0x0, 0x0, 0x0, 0xc, 0xb4, 0x20, 0x0,
    0x0, 0x0, 0x0, 0x0, 0xf, 0xff, 0xf8, 0x62,
    0x0, 0x0, 0x0, 0x0, 0x3f, 0xfe, 0x5f, 0xfb,
    0x10, 0x0, 0x0, 0x0, 0x7f, 0xff, 0xff, 0xfa,
    0xea, 0x0, 0x0, 0x0, 0x5e, 0xff, 0xff, 0xd2,
    0xbf, 0x87, 0x77, 0x76, 0x10, 0x5a, 0x21, 0x0,
    0x3e, 0xff, 0xff, 0xff, 0xfa, 0x30, 0x0, 0x0,
    0x4, 0xff, 0xff, 0xff, 0xff, 0xf7, 0x0, 0x0,
    0x4, 0xff, 0xff, 0xff, 0xff, 0xf8, 0x0, 0x0,
    0x4, 0xff, 0xff, 0xff, 0xff, 0xf8, 0x0, 0x0,
    0x4, 0xff, 0xaa, 0xcb, 0x8f, 0xf8, 0x0, 0x0,
    0x4, 0xff, 0x70, 0x0, 0x1f, 0xf8, 0x0, 0x0,
    0x4, 0xff, 0x70, 0x0, 0x1f, 0xf8, 0x0, 0x0,
    0x3, 0xff, 0x60, 0x0, 0x1f, 0xf8, 0x0, 0x0,
    0x0, 0xab, 0x20, 0x0, 0x9, 0xb3, 0x0, 0x0,

    /* U+F6D5 "" */
    0x0, 0x0, 0x0, 0x0, 0x5, 0x55, 0x54, 0x10,
    0x0, 0x0, 0x0, 0x0, 0x0, 0x1, 0xdf, 0xff,
    0xff, 0x60, 0x0, 0x0, 0x0, 0x0, 0x0, 0x6,
    0xff, 0xfd, 0xdf, 0x30, 0x0, 0x0, 0x2, 0x60,
    0x1, 0xdf, 0xff, 0xfe, 0xfe, 0x10, 0x0, 0x5,
    0xff, 0xe4, 0x0, 0x9f, 0xff, 0xff, 0xf5, 0x0,
    0x7, 0xff, 0xff, 0xf9, 0x8, 0xff, 0x28, 0xec,
    0x10, 0x8, 0xff, 0xff, 0xff, 0xf9, 0x8f, 0xf5,
    0x0, 0x0, 0x0, 0x97, 0x55, 0xef, 0xff, 0xa6,
    0xff, 0xf6, 0x0, 0x0, 0x0, 0x3, 0xff, 0xff,
    0xfd, 0x2f, 0xff, 0xfc, 0x20, 0x0, 0x0, 0x26,
    0x66, 0x66, 0x61, 0x9f, 0xff, 0xff, 0x40, 0x0,
    0x0, 0x0, 0x0, 0x0, 0x0, 0xbf, 0xff, 0xff,
    0x0, 0x0, 0x0, 0x0, 0x0, 0x0, 0x2, 0xff,
    0xff, 0xf4, 0x0, 0x23, 0x56, 0x89, 0xbc, 0xdf,
    0xff, 0xff, 0xff, 0x21, 0xef, 0xff, 0xff, 0xff,
    0xff, 0xff, 0xff, 0xff, 0xa0, 0x8, 0xaa, 0xaa,
    0xaa, 0xaa, 0xaa, 0xaa, 0xaa, 0x60, 0x0,

    /* U+F6D7 "" */
    0x0, 0x0, 0x0, 0x0, 0x12, 0x0, 0x0, 0x0,
    0x0, 0x0, 0x4e, 0xff, 0xf9, 0x10, 0x0, 0x0,
    0x6, 0xff, 0xff, 0xff, 0xc0, 0x0, 0x0, 0x1f,
    0xff, 0xff, 0xff, 0xf7, 0x0, 0x0, 0x6f, 0xff,
    0xff, 0xff, 0xfc, 0x0, 0x0, 0x9f, 0xff, 0xff,
    0xe6, 0x21, 0x0, 0x0, 0x9f, 0xff, 0xff, 0x30,
    0x0, 0x0, 0x0, 0x9f, 0xff, 0xfc, 0x0, 0x0,
    0x0, 0x0, 0xcf, 0xff, 0xfb, 0x0, 0x0, 0x5,
    0x5a, 0xff, 0xff, 0xfe, 0x0, 0x0, 0xbf, 0xff,
    0xff, 0x75, 0x55, 0x0, 0x0, 0xdf, 0xff, 0xf6,
    0x0, 0x0, 0x0, 0x0, 0x4c, 0xff, 0xf2, 0x0,
    0x0, 0x0, 0x0, 0x0, 0xef, 0xf1, 0x0, 0x0,
    0x0, 0x0, 0x0, 0x4b, 0x60, 0x0, 0x0, 0x0,
    0x0,

    /* U+F6D9 "" */
    0x0, 0x0, 0x0, 0x0, 0x0, 0x0, 0x0, 0x0,
    0x0, 0xe, 0xff, 0xe0, 0x0, 0x0, 0x0, 0x8c,
    0xa, 0xff, 0xa0, 0xc8, 0x0, 0x7, 0xff, 0x81,
    0xdd, 0x18, 0xff, 0x70, 0x5, 0xff, 0x90, 0x0,
    0x9, 0xff, 0x50, 0x10, 0x15, 0x0, 0x55, 0x0,
    0x61, 0x1, 0xdd, 0x40, 0xa3, 0xaa, 0x3a, 0x4,
    0xdd, 0xff, 0xf0, 0xe6, 0xaa, 0x6e, 0xf, 0xff,
    0xff, 0xf0, 0xe6, 0xaa, 0x6e, 0xf, 0xff, 0x23,
    0x20, 0xe6, 0xaa, 0x6e, 0x2, 0x32, 0x46, 0x50,
    0xe6, 0xaa, 0x6e, 0x5, 0x64, 0xff, 0xf0, 0xe6,
    0xaa, 0x6e, 0xf, 0xff, 0xff, 0xf0, 0xe6, 0xaa,
    0x6e, 0xf, 0xff, 0xff, 0xf0, 0xe6, 0xaa, 0x6e,
    0xf, 0xff, 0xdf, 0xd0, 0xb4, 0x88, 0x4b, 0xd,
    0xfd,

    /* U+F6DD "" */
    0x0, 0x23, 0x33, 0x31, 0x0, 0x0, 0x0, 0x0,
    0xa, 0xff, 0xff, 0xff, 0x40, 0x0, 0x0, 0x0,
    0xf, 0xff, 0xff, 0xdf, 0xf4, 0x0, 0x0, 0x0,
    0x1f, 0xff, 0xff, 0x94, 0xff, 0x40, 0x0, 0x0,
    0x1f, 0xff, 0xff, 0x90, 0x3f, 0xf2, 0x0, 0x0,
    0x1f, 0xff, 0xff, 0xe7, 0x69, 0xf6, 0x0, 0x0,
    0x1f, 0xff, 0xff, 0xff, 0xff, 0xf6, 0x0, 0x0,
    0x1f, 0xff, 0xff, 0xff, 0xff, 0xf6, 0x0, 0x0,
    0x1f, 0xff, 0xff, 0xff, 0xff, 0xf6, 0x0, 0x0,
    0x1f, 0xff, 0xff, 0xff, 0xff, 0xf6, 0x0, 0x0,
    0x1f, 0xff, 0xf7, 0x0, 0x0, 0x0, 0x0, 0x0,
    0x1f, 0xff, 0xe0, 0x6d, 0x70, 0x9d, 0x2a, 0x2a,
    0x1f, 0xff, 0xd0, 0xe7, 0xe3, 0xf4, 0xe, 0x5e,
    0xf, 0xff, 0xd0, 0xe2, 0x0, 0xde, 0x2c, 0xbc,
    0x5, 0xdd, 0xc0, 0xe7, 0xe0, 0x3e, 0x68, 0xf7,
    0x0, 0x0, 0x0, 0x6d, 0x72, 0xda, 0x11, 0xb1,

    /* U+F6DE "" */
    0x0, 0x0, 0x0, 0x0, 0x0, 0x0, 0x10, 0x5e,
    0x10, 0x0, 0x0, 0xf, 0x88, 0xf4, 0x9e, 0x0,
    0x2, 0xfa, 0x8f, 0x4b, 0xf0, 0x41, 0x1e, 0x87,
    0xe3, 0xbf, 0x1f, 0xa0, 0x23, 0x31, 0x9, 0xe1,
    0xfa, 0x9f, 0xff, 0xf1, 0x12, 0x1e, 0x8f, 0xff,
    0xfc, 0xd, 0xfb, 0x22, 0xff, 0x82, 0x3a, 0xff,
    0xff, 0x8b, 0xff, 0xff, 0xff, 0xff, 0xf4, 0x2f,
    0xff, 0xff, 0xff, 0xfb, 0x0, 0x2d, 0xff, 0xff,
    0xff, 0x0, 0x0, 0x6f, 0xff, 0xff, 0xe0, 0x0,
    0x6, 0xff, 0xff, 0xfe, 0x0, 0x0, 0x2e, 0xff,
    0xff, 0xa0, 0x0,

    /* U+F6E2 "" */
    0x0, 0x0, 0x13, 0x0, 0x0, 0x0, 0x5, 0xef,
    0xff, 0xb1, 0x0, 0x9, 0xff, 0xff, 0xff, 0xf2,
    0x4, 0xff, 0xff, 0xff, 0xff, 0xc0, 0xbf, 0xff,
    0xff, 0xff, 0xff, 0x3e, 0xfd, 0x3d, 0xf7, 0x6f,
    0xf7, 0xff, 0xd3, 0xdf, 0x76, 0xff, 0x8f, 0xff,
    0xff, 0xff, 0xff, 0xf8, 0xff, 0xff, 0xff, 0xff,
    0xff, 0x8f, 0xff, 0xff, 0xff, 0xff, 0xf8, 0xff,
    0xff, 0xff, 0xff, 0xff, 0x8f, 0xff, 0xff, 0xff,
    0xff, 0xf8, 0xff, 0xff, 0xff, 0xff, 0xff, 0x8b,
    0x6c, 0xfd, 0x9f, 0xf8, 0x95, 0x0, 0x1a, 0x10,
    0x66, 0x0, 0x0,

    /* U+F6E3 "" */
    0x0, 0x0, 0x0, 0x3, 0x9a, 0x60, 0x0, 0x0,
    0x0, 0x0, 0x0, 0x5, 0xff, 0xff, 0xd2, 0x0,
    0x0, 0x0, 0x0, 0x0, 0x8, 0xff, 0xff, 0xe2,
    0x0, 0x0, 0x0, 0x0, 0x0, 0xc, 0xff, 0xff,
    0xe0, 0x0, 0x0, 0x0, 0x0, 0x0, 0x9f, 0xff,
    0xff, 0x40, 0x0, 0x0, 0x0, 0x0, 0x11, 0xdf,
    0xff, 0xf7, 0x10, 0x0, 0x0, 0x0, 0x6f, 0x31,
    0xdf, 0xff, 0xff, 0x90, 0x0, 0x0, 0x6f, 0xff,
    0x30, 0x46, 0xff, 0xf7, 0x0, 0x0, 0x6f, 0xff,
    0xf7, 0x0, 0x1f, 0xf9, 0x0, 0x0, 0x6f, 0xff,
    0xf8, 0x0, 0x0, 0x87, 0x0, 0x0, 0x6f, 0xff,
    0xf8, 0x0, 0x0, 0x0, 0x0, 0x0, 0x6f, 0xff,
    0xf8, 0x0, 0x0, 0x0, 0x0, 0x0, 0x1f, 0xff,
    0xf8, 0x0, 0x0, 0x0, 0x0, 0x0, 0x1, 0xff,
    0xf8, 0x0, 0x0, 0x0, 0x0, 0x0, 0x0, 0x5,
    0xb6, 0x0, 0x0, 0x0, 0x0, 0x0, 0x0, 0x0,

    /* U+F6E6 "" */
    0x0, 0x0, 0x0, 0x0, 0x10, 0x0, 0x0, 0x0,
    0x0, 0x0, 0x0, 0x0, 0x0, 0xb3, 0x0, 0x0,
    0x0, 0x0, 0x63, 0x46, 0x72, 0xa0, 0xb4, 0x64,
    0x91, 0xa0, 0x82, 0xb7, 0x8a, 0xc6, 0xf2, 0x10,
    0xa8, 0xe6, 0xf0, 0xc5, 0x10, 0x1, 0x10, 0x21,
    0xf8, 0x10, 0x10, 0x20, 0x10, 0xb7, 0x45, 0x72,
    0x91, 0xf9, 0x54, 0x81, 0x90, 0xc6, 0xfb, 0x57,
    0x93, 0xd1, 0xf9, 0x75, 0xb1, 0xd1, 0xfa, 0xfb,
    0x57, 0x93, 0xd1, 0xf9, 0x75, 0xb1, 0xd1, 0xfa,
    0xfd, 0x23, 0x41, 0x61, 0xf9, 0x32, 0x50, 0x62,
    0xfa, 0xbf, 0xcb, 0xbb, 0xbb, 0xfe, 0xbb, 0xbb,
    0xbe, 0xf6, 0x1b, 0xff, 0xff, 0xff, 0xff, 0xff,
    0xff, 0xff, 0x80, 0x0, 0x0, 0x0, 0x2, 0xfa,
    0x0, 0x0, 0x0, 0x0, 0x0, 0x0, 0x0, 0x1,
    0xf9, 0x0, 0x0, 0x0, 0x0, 0x0, 0x4, 0xff,
    0xff, 0xff, 0xff, 0xfc, 0x0, 0x0, 0x0, 0x2,
    0xbb, 0xbb, 0xbb, 0xbb, 0xb8, 0x0, 0x0,

    /* U+F6E8 "" */
    0x0, 0x0, 0x0, 0x0, 0x1, 0x70, 0x0, 0x0,
    0x0, 0x0, 0x0, 0x7f, 0xf0, 0x0, 0x0, 0x0,
    0x0, 0x6e, 0xff, 0xb0, 0x0, 0x0, 0x0, 0xa,
    0xfe, 0xff, 0x70, 0x0, 0x0, 0x0, 0x7f, 0xb2,
    0xcf, 0x30, 0x0, 0x0, 0x0, 0xff, 0xf7, 0xff,
    0x20, 0x0, 0x0, 0x6, 0xff, 0xff, 0xff, 0x70,
    0x0, 0x0, 0xd, 0xfa, 0x6f, 0xff, 0xe0, 0x0,
    0x0, 0x4f, 0xa2, 0x9, 0xff, 0xf4, 0x0, 0x0,
    0xaf, 0x50, 0x4, 0xef, 0xfb, 0x0, 0x1, 0xee,
    0xe7, 0x3e, 0xee, 0xee, 0x10, 0x0, 0x0, 0x0,
    0x0, 0x0, 0x0, 0x0, 0xcf, 0xff, 0xff, 0xff,
    0xff, 0xff, 0xfc, 0x8c, 0xcc, 0xcc, 0xcc, 0xcc,
    0xcc, 0xc8,

    /* U+F6EC "" */
    0x0, 0x0, 0x9c, 0x30, 0x0, 0x0, 0x0, 0x2,
    0xff, 0xa0, 0x0, 0x0, 0x0, 0x0, 0xdf, 0x50,
    0x0, 0x0, 0x5, 0x10, 0x0, 0x0, 0x0, 0x40,
    0xbf, 0x90, 0xae, 0x70, 0x0, 0xe5, 0xff, 0xa6,
    0xff, 0xf8, 0x0, 0xf6, 0xff, 0xa8, 0xff, 0xff,
    0xdc, 0xf6, 0xff, 0x98, 0xff, 0xaa, 0xef, 0xf6,
    0x9d, 0x57, 0xff, 0x90, 0x0, 0xf6, 0x0, 0x3,
    0xff, 0x90, 0x0, 0xf6, 0x0, 0x0, 0x8f, 0xe3,
    0x0, 0xf6, 0x0, 0x5, 0x6, 0xfe, 0x10, 0xf6,
    0x0, 0x5f, 0x80, 0x7f, 0x60, 0xf6, 0x3, 0xff,
    0x20, 0x3f, 0x80, 0xf6, 0xe, 0xf4, 0x0, 0x1f,
    0xb0, 0xf6, 0xb, 0x60, 0x0, 0xa, 0x60, 0xa3,

    /* U+F6ED "" */
    0x0, 0x0, 0x0, 0x0, 0x0, 0x0, 0x0, 0x0,
    0x0, 0x0, 0x0, 0x0, 0x25, 0x88, 0x64, 0xf,
    0xa7, 0x8b, 0x0, 0x0, 0x0, 0xaf, 0xff, 0xff,
    0xff, 0xff, 0xff, 0x90, 0x0, 0x0, 0xcf, 0xff,
    0xff, 0xff, 0xff, 0xaf, 0xab, 0x0, 0x0, 0x7f,
    0xff, 0xff, 0xff, 0xff, 0xff, 0xff, 0xf8, 0x0,
    0xd, 0xff, 0xff, 0xff, 0xff, 0xff, 0x7f, 0xf7,
    0xf4, 0x0, 0xff, 0xff, 0xff, 0xfd, 0x5f, 0xf6,
    0xff, 0x6f, 0x60, 0x4f, 0xff, 0xff, 0xff, 0xf2,
    0xdf, 0xff, 0xff, 0xe1, 0x9, 0xff, 0xff, 0xff,
    0xff, 0xc2, 0xbf, 0x77, 0xf9, 0x0, 0xe9, 0xff,
    0xff, 0xff, 0xff, 0x91, 0x40, 0x4, 0x10, 0x1,
    0x4f, 0xff, 0x42, 0x24, 0xff, 0xb2, 0x0, 0x0,
    0x0, 0x4, 0xff, 0xf4, 0x0, 0x4f, 0xff, 0x40,
    0x0, 0x0, 0x0, 0x1d, 0xfd, 0x10, 0x1, 0xdf,
    0xe1, 0x0, 0x0, 0x0,

    /* U+F6F0 "" */
    0x0, 0x0, 0x0, 0x0, 0x0, 0x0, 0x0, 0x0,
    0x0, 0x0, 0x0, 0x0, 0x0, 0x6d, 0xff, 0xf7,
    0x0, 0x0, 0x0, 0x0, 0x6, 0xff, 0xfe, 0xf8,
    0x0, 0x0, 0x0, 0x0, 0xe, 0xff, 0xfc, 0xfb,
    0x0, 0x6, 0x88, 0x88, 0x8f, 0xff, 0xff, 0xfb,
    0x3, 0xcf, 0xff, 0xff, 0xff, 0xff, 0x8f, 0xfa,
    0x6f, 0xff, 0xff, 0xff, 0xff, 0xff, 0x34, 0x92,
    0xea, 0xff, 0xff, 0xff, 0xff, 0xff, 0x30, 0x0,
    0xf4, 0x9f, 0xff, 0xff, 0xff, 0xff, 0x10, 0x0,
    0xf4, 0xf, 0xff, 0xdf, 0xff, 0xfa, 0x0, 0x0,
    0x0, 0x2f, 0xff, 0x1, 0x6f, 0xf8, 0x0, 0x0,
    0x0, 0x7f, 0xf6, 0x0, 0x1f, 0xf8, 0x0, 0x0,
    0x0, 0x7f, 0xf3, 0x0, 0x1f, 0xf8, 0x0, 0x0,
    0x0, 0x3f, 0xf8, 0x0, 0x1f, 0xf8, 0x0, 0x0,
    0x0, 0xb, 0xf6, 0x0, 0xc, 0xe5, 0x0, 0x0,

    /* U+F6F1 "" */
    0x0, 0x0, 0x0, 0x2, 0x0, 0x0, 0x0, 0x0,
    0x0, 0x0, 0x6, 0xfd, 0x10, 0x0, 0x0, 0x0,
    0x0, 0x7, 0xff, 0xfe, 0x3d, 0xe4, 0x0, 0x0,
    0x8, 0xff, 0xff, 0xff, 0xff, 0x70, 0x0, 0x9,
    0xff, 0xff, 0xff, 0xff, 0xf7, 0x0, 0xa, 0xff,
    0xff, 0xff, 0xff, 0xff, 0x80, 0xb, 0xff, 0xff,
    0xff, 0xff, 0xff, 0xff, 0x51, 0xff, 0xff, 0xff,
    0xff, 0xff, 0xff, 0xfa, 0x1, 0xef, 0xff, 0x38,
    0xff, 0xff, 0xf8, 0x0, 0xe, 0xff, 0xfc, 0x4,
    0xff, 0xff, 0x70, 0x0, 0xef, 0xff, 0xf8, 0x2,
    0xff, 0xf7, 0x0, 0xe, 0xff, 0xfd, 0x10, 0x6f,
    0xff, 0x70, 0x0, 0xef, 0xfb, 0x0, 0x9f, 0xff,
    0xf7, 0x0, 0xc, 0xff, 0x70, 0xd, 0xff, 0xff,
    0x50, 0x0, 0x2a, 0xba, 0x0, 0x4b, 0xbb, 0x70,
    0x0,

    /* U+F6F2 "" */
    0x0, 0x0, 0x36, 0x61, 0x0, 0x0, 0xa, 0xff,
    0xff, 0xf4, 0x0, 0x0, 0xee, 0xa7, 0x7f, 0xe0,
    0x0, 0x0, 0x0, 0x0, 0xaf, 0x20, 0x1, 0x11,
    0x11, 0x2d, 0xf2, 0xe, 0xff, 0xff, 0xff, 0xff,
    0xf6, 0x35, 0x55, 0x55, 0x55, 0x55, 0xe, 0xff,
    0xff, 0xff, 0xff, 0xf6, 0x2a, 0xfa, 0x44, 0x44,
    0x44, 0x0, 0xaf, 0x20, 0x0, 0x0, 0x0, 0x7,
    0xfa, 0x57, 0xac, 0xb0, 0x0, 0xd, 0xff, 0xff,
    0xfd, 0x0, 0x0, 0x6, 0x76, 0x31, 0x0, 0x0,

    /* U+F6FA "" */
    0x0, 0x0, 0x15, 0x67, 0x76, 0x41, 0x0, 0x0,
    0x0, 0x5d, 0xff, 0xff, 0xff, 0xff, 0xb3, 0x0,
    0x9, 0xff, 0xff, 0xff, 0xff, 0xff, 0xff, 0x60,
    0x5f, 0xff, 0xff, 0xff, 0xff, 0xff, 0xff, 0xf2,
    0xbf, 0xf4, 0x8, 0xff, 0xff, 0x40, 0x8f, 0xf7,
    0xef, 0xb0, 0x0, 0xff, 0xfb, 0x0, 0xf, 0xfa,
    0xef, 0xd0, 0x1, 0xff, 0xfd, 0x0, 0x1f, 0xfa,
    0xcf, 0xfc, 0x8e, 0xff, 0xff, 0xc8, 0xef, 0xf8,
    0x6f, 0xff, 0xff, 0xfa, 0xcf, 0xff, 0xff, 0xf3,
    0xb, 0xff, 0xff, 0xd0, 0x2f, 0xff, 0xff, 0x70,
    0x0, 0x6c, 0xfd, 0x30, 0x6, 0xee, 0xb4, 0x0,

    /* U+F6FC "" */
    0x0, 0x0, 0x0, 0x0, 0x0, 0x0, 0x0, 0x0,
    0x0, 0x0, 0x0, 0xd, 0xe1, 0x0, 0x0, 0x0,
    0x0, 0x0, 0x0, 0x8f, 0xf9, 0x0, 0x0, 0x0,
    0x0, 0x0, 0x1, 0xfd, 0xdf, 0x20, 0x0, 0x0,
    0x0, 0x0, 0x9, 0xf5, 0x5f, 0xa0, 0x0, 0x0,
    0x0, 0x0, 0x2f, 0xc0, 0xc, 0xf3, 0x0, 0x0,
    0x0, 0x0, 0xaf, 0x40, 0x4, 0xfb, 0x0, 0x0,
    0x0, 0x3, 0xfd, 0x2, 0xef, 0xff, 0x40, 0x0,
    0x0, 0xc, 0xff, 0xae, 0xff, 0xff, 0xc0, 0x0,
    0x0, 0x4f, 0xff, 0xff, 0xff, 0xff, 0xf5, 0x0,
    0x0, 0xdf, 0xff, 0xff, 0xff, 0xff, 0xfd, 0x0,
    0x6, 0xff, 0xff, 0xff, 0xff, 0xff, 0xff, 0x60,
    0xd, 0xff, 0xff, 0xff, 0xff, 0xff, 0xff, 0xe0,
    0xa, 0xff, 0xff, 0xff, 0xff, 0xff, 0xff, 0xa0,

    /* U+F6FF "" */
    0x0, 0x0, 0x0, 0x67, 0x75, 0x0, 0x0, 0x0,
    0x0, 0x0, 0x9, 0xff, 0xff, 0x50, 0x0, 0x0,
    0x0, 0x0, 0xb, 0xc0, 0x1f, 0x70, 0x0, 0x0,
    0x0, 0x0, 0xb, 0xe8, 0x8f, 0x70, 0x0, 0x0,
    0x0, 0x0, 0x5, 0xef, 0xfd, 0x20, 0x0, 0x0,
    0x1, 0x11, 0x11, 0x1f, 0xc1, 0x11, 0x11, 0x10,
    0xdf, 0xff, 0xff, 0xff, 0xff, 0xff, 0xff, 0xf9,
    0x69, 0x9c, 0xfb, 0x99, 0x99, 0xcf, 0xb9, 0x94,
    0x0, 0x3b, 0xf9, 0x20, 0x3, 0xbf, 0x92, 0x0,
    0x1, 0xff, 0xff, 0xd0, 0x1f, 0xff, 0xfd, 0x0,
    0x3, 0xf4, 0x8, 0xf0, 0x3f, 0x40, 0x8f, 0x0,
    0x3, 0xfb, 0x9c, 0xf0, 0x3f, 0xb9, 0xcf, 0x0,
    0x0, 0xbf, 0xfe, 0x70, 0xb, 0xff, 0xe7, 0x0,

    /* U+F700 "" */
    0x0, 0x25, 0x55, 0x10, 0x0, 0x0, 0x0, 0x0,
    0x0, 0x6, 0xff, 0xff, 0xf3, 0x0, 0x0, 0x33,
    0x0, 0x0, 0x6f, 0x50, 0x0, 0x8e, 0x40, 0x0,
    0x4e, 0xd4, 0x0, 0xbd, 0x50, 0x31, 0x5f, 0x80,
    0x0, 0x1, 0xcf, 0x40, 0x7d, 0x5, 0xf3, 0x1f,
    0xcd, 0x30, 0x0, 0x4f, 0xd0, 0x3f, 0xaa, 0xf9,
    0xcf, 0xff, 0x40, 0x4c, 0x2f, 0xf4, 0x1f, 0xfb,
    0x8c, 0xff, 0xd2, 0x0, 0xbf, 0x2f, 0xf7, 0xf,
    0xd0, 0x0, 0x3f, 0xfe, 0x2d, 0xff, 0x2f, 0xf6,
    0xc, 0xfb, 0x76, 0x42, 0x86, 0x6f, 0xff, 0xaf,
    0xf2, 0x7, 0xff, 0xff, 0xf0, 0x0, 0x7f, 0xff,
    0xff, 0xd0, 0x0, 0xcf, 0xff, 0xda, 0xaa, 0xdf,
    0xff, 0xff, 0x30, 0x0, 0x1b, 0xff, 0xff, 0xff,
    0xff, 0xff, 0xe4, 0x0, 0x0, 0x0, 0x5a, 0xdf,
    0xff, 0xfe, 0xb8, 0x10, 0x0,

    /* U+F70B "" */
    0x0, 0x0, 0x57, 0x88, 0x75, 0x0, 0x0, 0x1,
    0xaf, 0xff, 0xff, 0xff, 0xfa, 0x10, 0x3e, 0xfc,
    0x74, 0x33, 0x47, 0xcf, 0xe3, 0xcf, 0x50, 0x0,
    0x0, 0x0, 0x5, 0xfc, 0xfd, 0x4, 0x9b, 0xcc,
    0xb9, 0x40, 0xdf, 0xff, 0xff, 0xc9, 0x87, 0x9c,
    0xff, 0xff, 0xff, 0xff, 0xb8, 0x66, 0x8b, 0xff,
    0xff, 0xef, 0xff, 0xff, 0xff, 0xff, 0xff, 0xfe,
    0x7f, 0xff, 0xff, 0xff, 0xff, 0xff, 0xf7, 0x6,
    0xff, 0xff, 0xff, 0xff, 0xff, 0x60, 0x0, 0x16,
    0xbd, 0xff, 0xdb, 0x61, 0x0,

    /* U+F70C "" */
    0x0, 0x0, 0x0, 0x0, 0x0, 0x0, 0x0, 0x0,
    0x0, 0xcf, 0x50, 0x0, 0x0, 0x0, 0x3, 0xff,
    0xa0, 0x0, 0x0, 0x0, 0x0, 0x9c, 0x30, 0x0,
    0x0, 0x2, 0x33, 0x20, 0x0, 0x0, 0x0, 0xcf,
    0xff, 0xfb, 0x0, 0x0, 0x7, 0xfa, 0xbf, 0xff,
    0x80, 0x0, 0xc, 0xf0, 0xbf, 0xff, 0xfb, 0xa3,
    0x5, 0x50, 0xef, 0xf4, 0xef, 0xf6, 0x0, 0x0,
    0xff, 0xd1, 0x0, 0x0, 0x0, 0x0, 0x7f, 0xff,
    0xc2, 0x0, 0x0, 0x5, 0x1, 0x6b, 0xf8, 0x0,
    0x0, 0x3f, 0xb0, 0x8, 0xf5, 0x0, 0x5, 0xff,
    0x30, 0xf, 0xe0, 0x0, 0x6f, 0xf4, 0x0, 0x7f,
    0x70, 0x0, 0x9d, 0x20, 0x0, 0x7e, 0x10, 0x0,
    0x0, 0x0, 0x0, 0x0, 0x0, 0x0,

    /* U+F70E "" */
    0x3, 0x55, 0x55, 0x55, 0x55, 0x20, 0x0, 0x7,
    0xff, 0xff, 0xff, 0xff, 0xff, 0x70, 0x0, 0xf7,
    0x2f, 0xff, 0xff, 0xff, 0xff, 0x10, 0xf, 0x50,
    0xff, 0xff, 0xff, 0xff, 0xf3, 0x0, 0xdf, 0xff,
    0xff, 0xff, 0xff, 0xff, 0x40, 0x1, 0x55, 0xff,
    0xff, 0xff, 0xff, 0xf4, 0x0, 0x0, 0xf, 0xff,
    0xff, 0xff, 0xff, 0x40, 0x0, 0x0, 0xff, 0xff,
    0xff, 0xff, 0xf4, 0x0, 0x0, 0xf, 0xff, 0x61,
    0x11, 0x11, 0x0, 0x0, 0x0, 0xff, 0x90, 0x78,
    0x88, 0x88, 0x86, 0x0, 0xf, 0xf7, 0x2f, 0xff,
    0xff, 0xff, 0xe0, 0x0, 0xef, 0x72, 0xff, 0xff,
    0xff, 0xfb, 0x0, 0x7, 0xd2, 0x5f, 0xff, 0xff,
    0xfc, 0x20,

    /* U+F714 "" */
    0x0, 0x0, 0x0, 0x34, 0x10, 0x0, 0x0, 0x0,
    0x0, 0x7f, 0xff, 0xfa, 0x10, 0x0, 0x0, 0x7,
    0xff, 0xff, 0xff, 0xb0, 0x0, 0x0, 0xf, 0xff,
    0xff, 0xff, 0xf4, 0x0, 0x0, 0x2f, 0xc4, 0xef,
    0x69, 0xf7, 0x0, 0x0, 0xf, 0xb1, 0xef, 0x47,
    0xf4, 0x0, 0x0, 0xa, 0xff, 0xff, 0xff, 0xe0,
    0x0, 0x0, 0x0, 0xcf, 0xff, 0xfe, 0x20, 0x0,
    0x0, 0x0, 0x7f, 0xff, 0xfb, 0x0, 0x0, 0x4,
    0x40, 0x17, 0x77, 0x73, 0x3, 0x60, 0xd, 0xfe,
    0x71, 0x0, 0x5, 0xcf, 0xf2, 0x2, 0x9f, 0xff,
    0xa8, 0xef, 0xfb, 0x40, 0x0, 0x0, 0xaf, 0xff,
    0xfd, 0x20, 0x0, 0x0, 0x7d, 0xff, 0xca, 0xff,
    0xe8, 0x20, 0xd, 0xff, 0x93, 0x0, 0x18, 0xef,
    0xf2, 0x6, 0x71, 0x0, 0x0, 0x0, 0x5, 0x80,

    /* U+F715 "" */
    0x0, 0x0, 0x0, 0x0, 0x0, 0x0, 0x0, 0x0,
    0x0, 0xe8, 0x0, 0x0, 0x0, 0x0, 0x0, 0x0,
    0x0, 0x5, 0xf8, 0x0, 0x0, 0x0, 0x0, 0x0,
    0x0, 0x0, 0x5, 0xf8, 0x0, 0x0, 0x0, 0x0,
    0x0, 0x0, 0x0, 0x5, 0xf8, 0x0, 0x0, 0x0,
    0x0, 0x0, 0x0, 0x0, 0x5, 0xf8, 0x0, 0x0,
    0x0, 0x0, 0x0, 0x0, 0x0, 0x5, 0xf8, 0x0,
    0x0, 0x0, 0x0, 0x0, 0x0, 0x0, 0x5, 0xf8,
    0x0, 0x0, 0x0, 0x0, 0x0, 0x0, 0x0, 0x5,
    0xf8, 0x0, 0x0, 0x0, 0x0, 0x0, 0x0, 0x0,
    0x5, 0xf8, 0x0, 0x0, 0x0, 0x0, 0x0, 0x0,
    0x0, 0x5, 0xf8, 0x0, 0x0, 0x0, 0x0, 0x0,
    0x0, 0x0, 0x5, 0xf8, 0x0, 0x0, 0x0, 0x0,
    0x0, 0x0, 0x0, 0x5, 0xf8, 0x0, 0x0, 0x0,
    0x0, 0x0, 0x0, 0x0, 0x5, 0xf8, 0x0, 0x0,
    0x0, 0x0, 0x0, 0x0, 0x0, 0x5, 0xf8, 0x0,
    0x0, 0x0, 0x0, 0x0, 0x0, 0x0, 0x5, 0xf7,
    0x0, 0x0, 0x0, 0x0, 0x0, 0x0, 0x0, 0x4,
    0x50,

    /* U+F717 "" */
    0x0, 0x0, 0x0, 0x0, 0x0, 0x0, 0x0, 0x0,
    0x0, 0x1f, 0x20, 0x0, 0x6, 0xc0, 0x0, 0x0,
    0x6, 0xf0, 0x0, 0x0, 0x4f, 0x10, 0x0, 0x0,
    0xaa, 0x0, 0x0, 0x0, 0xf6, 0x0, 0x1, 0xf,
    0x60, 0x28, 0x70, 0xa, 0xb0, 0x11, 0xf4, 0xfa,
    0x1e, 0xff, 0xb1, 0xdb, 0x7c, 0xd, 0x94, 0xfd,
    0xff, 0xff, 0xdd, 0x1d, 0x80, 0x7f, 0xed, 0xff,
    0xff, 0xff, 0xcf, 0xf3, 0x0, 0x37, 0xef, 0xff,
    0xff, 0xfd, 0x61, 0x0, 0x2b, 0xff, 0xff, 0xff,
    0xff, 0xfe, 0x90, 0xa, 0xd6, 0xcf, 0xff, 0xff,
    0xf9, 0x7f, 0x60, 0xf6, 0xaf, 0xdf, 0xff, 0xfc,
    0xf6, 0xab, 0x9, 0x2f, 0x57, 0xff, 0xff, 0x2a,
    0xc3, 0x70, 0x0, 0xd8, 0x8, 0xed, 0x50, 0xc8,
    0x0, 0x0, 0x8, 0xd0, 0x0, 0x0, 0x1f, 0x40,
    0x0, 0x0, 0x3f, 0x10, 0x0, 0x5, 0xf0, 0x0,
    0x0, 0x0, 0x81, 0x0, 0x0, 0x49, 0x0, 0x0,

    /* U+F71E "" */
    0x0, 0x12, 0x22, 0x22, 0x20, 0x0, 0x0, 0x8,
    0xff, 0xff, 0xff, 0x80, 0xbf, 0x80, 0x3f, 0xff,
    0xff, 0xff, 0x17, 0xff, 0xf3, 0x9f, 0xff, 0xff,
    0xfc, 0xd, 0xff, 0xf9, 0xdf, 0xff, 0xff, 0xf9,
    0x1f, 0xe7, 0xfd, 0xff, 0xff, 0xff, 0xf7, 0x2f,
    0xa0, 0xdf, 0xff, 0xff, 0xff, 0xf7, 0x3f, 0x90,
    0xdf, 0xff, 0xff, 0xff, 0xf7, 0x1f, 0xe4, 0xfd,
    0xff, 0xff, 0xff, 0xf7, 0xe, 0xff, 0xfa, 0xff,
    0xff, 0xff, 0xf7, 0x9, 0xff, 0xf5, 0xff, 0xff,
    0xff, 0xf7, 0x1, 0xef, 0xb0, 0xff, 0xff, 0xff,
    0xf7, 0x0, 0x3, 0x0, 0xff, 0xff, 0xff, 0xf7,
    0x0, 0x0, 0x0, 0xef, 0xff, 0xff, 0xf5, 0x0,
    0x0, 0x0, 0x5c, 0xdd, 0xdd, 0x90, 0x0, 0x0,
    0x0,

    /* U+F71F "" */
    0x0, 0x12, 0x22, 0x22, 0x20, 0x0, 0x0, 0x8,
    0xff, 0xff, 0xff, 0x80, 0xbf, 0x80, 0x3f, 0xff,
    0xff, 0xff, 0x17, 0xff, 0xf3, 0x9f, 0xff, 0xff,
    0xfc, 0xd, 0xff, 0xf9, 0xdf, 0xff, 0xff, 0xf9,
    0x1f, 0xe7, 0xfd, 0xff, 0xff, 0xff, 0xf7, 0x2f,
    0xa0, 0xdf, 0xff, 0xff, 0xff, 0xf7, 0x3f, 0x90,
    0xdf, 0xff, 0xff, 0xff, 0xf7, 0x1f, 0xe4, 0xfd,
    0xff, 0xff, 0xff, 0xf7, 0xe, 0xff, 0xfa, 0xff,
    0xff, 0xff, 0xf7, 0x9, 0xff, 0xf5, 0xff, 0xff,
    0xff, 0xf7, 0x1, 0xef, 0xb0, 0xff, 0xff, 0xff,
    0xf7, 0x0, 0x3, 0x0, 0xff, 0xff, 0xff, 0xf7,
    0x0, 0x0, 0x0, 0xef, 0xff, 0xff, 0xf5, 0x0,
    0x0, 0x0, 0x5c, 0xdd, 0xdd, 0x90, 0x0, 0x0,
    0x0,

    /* U+F722 "" */
    0x0, 0x18, 0x99, 0x82, 0x0, 0x0, 0x0, 0x0,
    0x0, 0x5f, 0xff, 0xff, 0x10, 0x0, 0x0, 0x0,
    0x0, 0x6f, 0x72, 0x6f, 0xa0, 0x0, 0x80, 0x0,
    0x0, 0x6f, 0x60, 0xc, 0xf3, 0x2, 0xf1, 0x0,
    0x0, 0x6f, 0x60, 0x4, 0xfc, 0x3, 0xf2, 0x0,
    0x1, 0x7f, 0xff, 0xff, 0xff, 0xff, 0xff, 0xe5,
    0xd, 0xff, 0xff, 0xff, 0xff, 0xff, 0xff, 0xfb,
    0x2f, 0xfe, 0xaf, 0xff, 0xff, 0xff, 0xff, 0xfa,
    0xbf, 0xe0, 0x3, 0xff, 0xff, 0xff, 0xff, 0xf3,
    0xff, 0xa0, 0x0, 0xef, 0xff, 0xff, 0xff, 0xa0,
    0x8f, 0xf2, 0x6, 0xff, 0x54, 0x5f, 0x96, 0xf4,
    0x2f, 0xff, 0xef, 0xfe, 0x0, 0x3f, 0x20, 0xe7,
    0xa, 0xef, 0xff, 0xe7, 0x0, 0xe, 0xdb, 0xf3,
    0x0, 0x7, 0xb4, 0x0, 0x0, 0x2, 0x9a, 0x40,

    /* U+F728 "" */
    0x0, 0x0, 0x0, 0x0, 0x0, 0x0, 0x0, 0x0,
    0x9e, 0x35, 0x10, 0x0, 0x0, 0x8, 0xe8, 0x2e,
    0xb0, 0x0, 0x0, 0x0, 0x0, 0x0, 0x0, 0x0,
    0x0, 0x2f, 0xff, 0xff, 0xf3, 0x0, 0x0, 0xd,
    0xff, 0xff, 0xe0, 0x0, 0x0, 0x2, 0xdf, 0xfe,
    0x30, 0x0, 0x0, 0x0, 0x3, 0x30, 0x0, 0x0,
    0x0, 0x0, 0x0, 0x0, 0x0, 0x0, 0x0, 0x0,
    0x34, 0x43, 0x0, 0x0, 0x0, 0x90, 0xcf, 0xff,
    0xf9, 0x10, 0xc, 0xf6, 0x3e, 0xef, 0xff, 0xc0,
    0x5f, 0xfe, 0x0, 0x0, 0x3f, 0xf6, 0x9f, 0xff,
    0x80, 0xee, 0x18, 0xfa, 0x5b, 0xbb, 0xb0, 0x5a,
    0x6, 0xb6,

    /* U+F729 "" */
    0x4c, 0xdd, 0xdd, 0xdd, 0xdd, 0xdd, 0xdd, 0xc3,
    0xef, 0xff, 0xff, 0xff, 0xff, 0xff, 0xff, 0xfc,
    0xff, 0xe7, 0x8f, 0xff, 0xff, 0xe6, 0x8f, 0xfe,
    0xff, 0x50, 0x8, 0xff, 0xff, 0x40, 0x7, 0xfe,
    0xff, 0x40, 0x6, 0xff, 0xff, 0x20, 0x5, 0xfe,
    0xff, 0xb1, 0x1d, 0xff, 0xff, 0xa0, 0x1c, 0xfe,
    0xff, 0xff, 0xff, 0xff, 0xff, 0xff, 0xff, 0xfe,
    0xff, 0xff, 0xff, 0xf6, 0x6f, 0xff, 0xff, 0xfd,
    0x7f, 0xff, 0xff, 0x40, 0x5, 0xff, 0xff, 0xf6,
    0x0, 0x11, 0x10, 0x0, 0x0, 0x1, 0x11, 0x0,

    /* U+F72B "" */
    0x0, 0x0, 0x1, 0x0, 0x0, 0x0, 0x1, 0x0,
    0x0, 0x1, 0xb3, 0x0, 0x0, 0x2d, 0xe0, 0x0,
    0x30, 0x2c, 0x50, 0x0, 0x3e, 0xf7, 0x0, 0x4a,
    0x0, 0x20, 0x0, 0x4f, 0xf8, 0x0, 0x8e, 0xfb,
    0x20, 0x0, 0x5f, 0xfa, 0x0, 0x0, 0x7c, 0x10,
    0x0, 0x7f, 0xff, 0x40, 0x0, 0x1, 0x60, 0x0,
    0x8f, 0xfc, 0x10, 0x0, 0x0, 0x0, 0x4, 0xaf,
    0xfd, 0x10, 0x0, 0x0, 0x0, 0x7, 0xff, 0xfe,
    0x20, 0x2, 0x0, 0x0, 0x1, 0xdf, 0xff, 0x30,
    0x0, 0x93, 0x0, 0x2, 0xdf, 0xff, 0x40, 0x2,
    0x9f, 0xd7, 0x3, 0xef, 0xff, 0x60, 0x0, 0x3,
    0xd9, 0x20, 0xef, 0xff, 0x80, 0x0, 0x0, 0x7,
    0x10, 0x8, 0xff, 0x90, 0x0, 0x0, 0x0, 0x0,
    0x0, 0x7, 0x80, 0x0, 0x0, 0x0, 0x0, 0x0,
    0x0,

    /* U+F72E "" */
    0x0, 0x0, 0x0, 0x0, 0x0, 0x0, 0x0, 0x0,
    0x0, 0x0, 0x0, 0xef, 0xe5, 0x0, 0x0, 0x0,
    0x0, 0x0, 0x9b, 0xff, 0x10, 0x0, 0x0, 0x0,
    0x0, 0x0, 0xaf, 0x20, 0xcf, 0xff, 0xff, 0xff,
    0xff, 0xfd, 0x0, 0x7b, 0xbb, 0xbb, 0xbb, 0xbb,
    0x81, 0x0, 0x0, 0x0, 0x0, 0x0, 0x0, 0x0,
    0x0, 0xcf, 0xff, 0xff, 0xff, 0xff, 0xff, 0xb1,
    0x7b, 0xbb, 0xbb, 0xbb, 0xbb, 0xbc, 0xfb, 0x0,
    0x0, 0x0, 0x0, 0x0, 0x0, 0xde, 0xcf, 0xff,
    0xfd, 0x20, 0x1, 0x8b, 0xfb, 0x7b, 0xbb, 0xbf,
    0xc0, 0x3, 0xff, 0xd2, 0x0, 0x0, 0xd, 0xf0,
    0x0, 0x11, 0x0, 0x0, 0x3f, 0xff, 0xa0, 0x0,
    0x0, 0x0, 0x0, 0x1b, 0xb8, 0x0, 0x0, 0x0,
    0x0,

    /* U+F72F "" */
    0x0, 0x9f, 0xff, 0x50, 0x0, 0x7, 0xff, 0xf3,
    0x0, 0x0, 0x6f, 0xff, 0x20, 0x0, 0x6, 0xff,
    0xf2, 0x0, 0x0, 0x6f, 0xff, 0x20, 0x0, 0x7,
    0xff, 0xf3, 0x0, 0x9, 0xff, 0xff, 0xf6, 0x6,
    0xff, 0xff, 0xff, 0xf2, 0xcf, 0xff, 0xff, 0xff,
    0x8f, 0xfb, 0xaa, 0xac, 0xfb, 0xfc, 0x0, 0x0,
    0xf, 0xcf, 0xc0, 0x0, 0x0, 0xfc, 0xfc, 0x0,
    0x0, 0xf, 0xcf, 0xc0, 0x0, 0x0, 0xfc, 0xfe,
    0x20, 0x0, 0x4f, 0xcf, 0xff, 0xff, 0xff, 0xfb,
    0xcf, 0xff, 0xff, 0xff, 0x81, 0x89, 0x99, 0x99,
    0x70,

    /* U+F73B "" */
    0x0, 0x0, 0x10, 0x0, 0x0, 0x0, 0x0, 0x0,
    0x2c, 0xfe, 0x80, 0x13, 0x0, 0x0, 0x0, 0xdf,
    0xff, 0xfb, 0xff, 0xb0, 0x0, 0x2, 0xff, 0xff,
    0xff, 0xff, 0xf4, 0x0, 0x6, 0xff, 0xff, 0xff,
    0xff, 0xfb, 0x50, 0x7f, 0xff, 0xff, 0xff, 0xff,
    0xff, 0xf7, 0xef, 0xff, 0xff, 0xff, 0xff, 0xff,
    0xfe, 0xef, 0xff, 0xff, 0x88, 0xff, 0xff, 0xfe,
    0x7f, 0xff, 0x50, 0x11, 0x5, 0xef, 0xf7, 0x4,
    0x95, 0x19, 0xee, 0x91, 0x59, 0x40, 0x26, 0x0,
    0x6f, 0xff, 0xf7, 0x0, 0x62, 0xdf, 0x70, 0xdf,
    0xff, 0xfe, 0x7, 0xfd, 0xaf, 0x40, 0xaf, 0xff,
    0xfb, 0x4, 0xfa, 0x0, 0x0, 0x5f, 0xff, 0xf4,
    0x0, 0x0, 0x0, 0x0, 0x2, 0x99, 0x20, 0x0,
    0x0,

    /* U+F73C "" */
    0x0, 0x0, 0x0, 0x0, 0x0, 0x15, 0x62, 0x0,
    0x0, 0x0, 0x0, 0x0, 0x6, 0xff, 0xf3, 0x0,
    0x0, 0x0, 0x0, 0x0, 0x5f, 0xff, 0x30, 0x0,
    0x0, 0x8c, 0x70, 0x0, 0xaf, 0xfc, 0x0, 0x0,
    0x7, 0xff, 0xfc, 0xd4, 0x1f, 0xfa, 0x0, 0x0,
    0xa, 0xff, 0xff, 0xfd, 0x4, 0xfd, 0x0, 0x0,
    0x5f, 0xff, 0xff, 0xff, 0xc1, 0x7f, 0x90, 0x0,
    0xdf, 0xff, 0xff, 0xff, 0xf8, 0x2f, 0xfe, 0xa2,
    0xef, 0xff, 0xff, 0xff, 0xf8, 0x2f, 0xff, 0x90,
    0x5f, 0xff, 0xff, 0xff, 0xd1, 0x2, 0x30, 0x0,
    0x0, 0x22, 0x22, 0x22, 0x0, 0x0, 0x0, 0x0,
    0x2, 0x0, 0x11, 0x0, 0x20, 0x0, 0x0, 0x0,
    0x1f, 0x40, 0xc8, 0x7, 0xd0, 0x0, 0x0, 0x0,
    0x6f, 0x1, 0xf4, 0xd, 0x80, 0x0, 0x0, 0x0,
    0x47, 0x1, 0xa0, 0x9, 0x20, 0x0, 0x0, 0x0,

    /* U+F73D "" */
    0x0, 0x2, 0x64, 0x0, 0x0, 0x0, 0x0, 0x0,
    0x5f, 0xff, 0xd1, 0x68, 0x20, 0x0, 0x0, 0xff,
    0xff, 0xff, 0xff, 0xe1, 0x0, 0x3, 0xff, 0xff,
    0xff, 0xff, 0xf5, 0x0, 0x9, 0xff, 0xff, 0xff,
    0xff, 0xfe, 0xa1, 0xaf, 0xff, 0xff, 0xff, 0xff,
    0xff, 0xfa, 0xff, 0xff, 0xff, 0xff, 0xff, 0xff,
    0xff, 0xdf, 0xff, 0xff, 0xff, 0xff, 0xff, 0xfc,
    0x3e, 0xff, 0xff, 0xff, 0xff, 0xff, 0xe3, 0x0,
    0x44, 0x44, 0x44, 0x44, 0x44, 0x0, 0x0, 0x0,
    0x0, 0x0, 0x0, 0x0, 0x0, 0x0, 0x31, 0x0,
    0x22, 0x0, 0x14, 0x0, 0x0, 0xc7, 0x0, 0xaa,
    0x0, 0x7c, 0x0, 0x2, 0xfd, 0x0, 0xff, 0x0,
    0xdf, 0x20, 0x0, 0xb7, 0x0, 0x99, 0x0, 0x7b,
    0x0,

    /* U+F740 "" */
    0x0, 0x2, 0x64, 0x0, 0x0, 0x0, 0x0, 0x0,
    0x5f, 0xff, 0xd1, 0x68, 0x20, 0x0, 0x0, 0xff,
    0xff, 0xff, 0xff, 0xe1, 0x0, 0x3, 0xff, 0xff,
    0xff, 0xff, 0xf5, 0x0, 0x9, 0xff, 0xff, 0xff,
    0xff, 0xfe, 0xa1, 0xaf, 0xff, 0xff, 0xff, 0xff,
    0xff, 0xfa, 0xff, 0xff, 0xff, 0xff, 0xff, 0xff,
    0xff, 0xdf, 0xff, 0xff, 0xff, 0xff, 0xff, 0xfc,
    0x3e, 0xff, 0xff, 0xff, 0xff, 0xff, 0xe3, 0x0,
    0x44, 0x44, 0x44, 0x44, 0x44, 0x0, 0x0, 0x10,
    0x1, 0x0, 0x10, 0x1, 0x0, 0x8, 0xc0, 0x3f,
    0x2, 0xf1, 0xd, 0x60, 0xd, 0x80, 0x9d, 0x8,
    0xe0, 0x3f, 0x20, 0x2f, 0x30, 0xe7, 0xd, 0x80,
    0x8d, 0x0, 0x29, 0x0, 0xa1, 0x9, 0x20, 0x65,
    0x0,

    /* U+F743 "" */
    0x0, 0x0, 0x0, 0x30, 0x0, 0x0, 0x0, 0x0,
    0x0, 0x0, 0x3, 0xf6, 0x0, 0x0, 0x0, 0x0,
    0x0, 0x77, 0x4d, 0xfe, 0x47, 0x90, 0x0, 0x0,
    0x0, 0xbf, 0xff, 0xff, 0xff, 0xe0, 0x0, 0x0,
    0x0, 0x8f, 0xf7, 0x36, 0xca, 0x40, 0x0, 0x0,
    0x2, 0xdf, 0x51, 0x60, 0x0, 0x1b, 0xe7, 0x0,
    0x5f, 0xff, 0x9, 0xc0, 0x9f, 0xef, 0xff, 0x40,
    0x1b, 0xff, 0x14, 0x12, 0xff, 0xff, 0xff, 0x60,
    0x0, 0x9f, 0xa0, 0x5f, 0xff, 0xff, 0xff, 0xe3,
    0x0, 0x9f, 0xd0, 0xcf, 0xff, 0xff, 0xff, 0xfa,
    0x0, 0xcf, 0xd0, 0xbf, 0xff, 0xff, 0xff, 0xf9,
    0x0, 0x21, 0x0, 0x2d, 0xff, 0xff, 0xff, 0xc1,
    0x0, 0x0, 0x0, 0x0, 0x0, 0x0, 0x0, 0x0,
    0x0, 0x0, 0x0, 0x5, 0x0, 0x32, 0x1, 0x30,
    0x0, 0x0, 0x0, 0x3f, 0x20, 0xe6, 0xa, 0xb0,
    0x0, 0x0, 0x0, 0x8d, 0x3, 0xf2, 0xf, 0x60,
    0x0, 0x0, 0x0, 0x44, 0x1, 0x70, 0x8, 0x0,

    /* U+F747 "" */
    0x0, 0x10, 0x10, 0x0, 0x0, 0x0, 0x0, 0x0,
    0x0, 0x2, 0xe4, 0xd3, 0x0, 0x0, 0x0, 0x0,
    0x0, 0x0, 0x0, 0xdf, 0xc0, 0x0, 0x0, 0x0,
    0x0, 0x0, 0x0, 0x3, 0xff, 0xe3, 0x0, 0x0,
    0x0, 0x0, 0x0, 0x0, 0x1e, 0xff, 0xff, 0x40,
    0x0, 0x0, 0x0, 0x0, 0x0, 0xbf, 0xff, 0xff,
    0xfe, 0xee, 0xee, 0xee, 0xd8, 0x0, 0xdf, 0xfc,
    0xff, 0xff, 0xff, 0xff, 0xff, 0xff, 0xc0, 0x39,
    0x50, 0x9f, 0x96, 0xfa, 0x6f, 0xa5, 0xea, 0xf7,
    0x0, 0x0, 0x2f, 0xed, 0xfe, 0xdf, 0xed, 0xe0,
    0x72, 0x0, 0x0, 0x5, 0x77, 0x77, 0x77, 0x77,
    0x60, 0x0, 0x0, 0x0, 0x8, 0xbb, 0xbb, 0xbb,
    0xbb, 0xa0, 0x0, 0x0, 0x0, 0xb, 0xff, 0xff,
    0xff, 0xff, 0xe0, 0x0, 0x0, 0x0, 0xb, 0xff,
    0x0, 0x0, 0xbf, 0xe0, 0x0, 0x0, 0x0, 0xb,
    0xff, 0x0, 0x0, 0xbf, 0xe0, 0x0, 0x0, 0x0,
    0x4, 0xa7, 0x0, 0x0, 0x4a, 0x60, 0x0,

    /* U+F74D "" */
    0x0, 0x0, 0x0, 0x0, 0x0, 0x0, 0xe, 0xa0,
    0x35, 0x50, 0x0, 0x0, 0x0, 0xff, 0xfe, 0xff,
    0xfc, 0x8a, 0xef, 0x2f, 0xf9, 0xde, 0x8a, 0xff,
    0xff, 0xe2, 0xff, 0xac, 0xdc, 0x72, 0x35, 0x22,
    0x1f, 0xff, 0xff, 0xff, 0xfe, 0xcf, 0xf4, 0xfd,
    0x32, 0x22, 0x49, 0xdf, 0xc8, 0x1f, 0xed, 0xff,
    0xfd, 0x84, 0x25, 0x83, 0xff, 0xda, 0x9a, 0xdf,
    0xff, 0xff, 0x3f, 0xc4, 0x78, 0x73, 0x37, 0x96,
    0x20, 0xff, 0xff, 0xff, 0xfe, 0xa8, 0xbe, 0x3f,
    0xf9, 0x64, 0x59, 0xef, 0xfe, 0x90, 0xfc, 0x0,
    0x0, 0x0, 0x21, 0x0, 0xf, 0xb0, 0x0, 0x0,
    0x0, 0x0, 0x0, 0xa6, 0x0, 0x0, 0x0, 0x0,
    0x0, 0x0,

    /* U+F751 "" */
    0x0, 0x0, 0x10, 0x0, 0x0, 0x0, 0x3, 0xbf,
    0x30, 0x0, 0x0, 0x5, 0xff, 0xf4, 0x0, 0x0,
    0x1, 0xff, 0xff, 0xc4, 0x0, 0x0, 0x9f, 0xff,
    0xff, 0xfe, 0x30, 0xd, 0xff, 0xc4, 0x38, 0xff,
    0x30, 0xff, 0xe1, 0x0, 0x8, 0xfc, 0xc, 0xfa,
    0x7, 0xf0, 0x3f, 0xf3, 0x8f, 0xc0, 0x37, 0x4,
    0xff, 0x61, 0xef, 0x60, 0x1, 0xcf, 0xf6, 0x4,
    0xef, 0xca, 0xef, 0xff, 0x30, 0x2, 0x9e, 0xff,
    0xff, 0xd0, 0x0, 0x0, 0xd, 0xff, 0xf4, 0x0,
    0x0, 0x0, 0xcf, 0xf4, 0x0, 0x0, 0x0, 0x6,
    0x61, 0x0, 0x0,

    /* U+F752 "" */
    0x0, 0x0, 0x0, 0x11, 0x0, 0x0, 0x0, 0x0,
    0x0, 0x1, 0xdd, 0x10, 0x0, 0x0, 0x0, 0x1,
    0xaf, 0xff, 0xfa, 0x10, 0x0, 0x0, 0x1e, 0xff,
    0xff, 0xff, 0xd1, 0x0, 0x0, 0xaf, 0xff, 0xff,
    0xff, 0xfa, 0x0, 0x0, 0xff, 0xff, 0xff, 0xff,
    0xff, 0x0, 0xd, 0xff, 0xff, 0xff, 0xff, 0xff,
    0xd0, 0xa, 0xfc, 0xcf, 0xcc, 0xfc, 0xcf, 0xa0,
    0x3, 0xf0, 0x2f, 0x11, 0xf2, 0xf, 0x30, 0x3,
    0xf0, 0x2f, 0x11, 0xf2, 0xf, 0x30, 0x3, 0xf0,
    0x2f, 0x11, 0xf2, 0xf, 0x30, 0x3, 0xf0, 0x2f,
    0x11, 0xf2, 0xf, 0x30, 0x1c, 0xff, 0xff, 0xff,
    0xff, 0xff, 0xc1, 0xdf, 0xff, 0xff, 0xff, 0xff,
    0xff, 0xfd, 0x7a, 0xaa, 0xaa, 0xaa, 0xaa, 0xaa,
    0xa7,

    /* U+F753 "" */
    0x0, 0x0, 0x0, 0x0, 0x0, 0x0, 0x3, 0x0,
    0x0, 0x0, 0x6, 0x10, 0x28, 0xec, 0x0, 0x0,
    0x4, 0xdf, 0x8c, 0xff, 0xf6, 0x0, 0x2, 0xbf,
    0xff, 0xff, 0xff, 0xf1, 0x0, 0x7f, 0xff, 0xff,
    0xff, 0xff, 0xa0, 0x9, 0xff, 0xff, 0xff, 0xff,
    0xff, 0x40, 0x4f, 0xf7, 0x0, 0x3c, 0xff, 0xff,
    0x90, 0xbf, 0x60, 0x40, 0x0, 0xdf, 0xff, 0xd0,
    0xee, 0x6, 0xf2, 0x0, 0x7f, 0xff, 0x40, 0xec,
    0x0, 0x40, 0x0, 0x5f, 0xfb, 0x0, 0xbf, 0x0,
    0x5, 0x0, 0x7f, 0xf2, 0x0, 0x6f, 0x70, 0x0,
    0x1, 0xef, 0x90, 0x0, 0xc, 0xf8, 0x21, 0x4d,
    0xfd, 0x0, 0x0, 0x1, 0xbf, 0xff, 0xff, 0xc2,
    0x0, 0x0, 0x0, 0x4, 0x8b, 0x95, 0x0, 0x0,
    0x0,

    /* U+F756 "" */
    0x0, 0x0, 0x0, 0x0, 0x0, 0x0, 0x0, 0x0,
    0x6, 0xfa, 0x0, 0x0, 0x23, 0x33, 0x33, 0x10,
    0xc, 0xff, 0x0, 0x9, 0xff, 0xff, 0xff, 0xf8,
    0x5, 0xe8, 0x0, 0xf, 0xff, 0xff, 0xff, 0xfe,
    0x0, 0x10, 0x0, 0xf, 0xff, 0xff, 0xff, 0xfe,
    0x9, 0xfc, 0x10, 0xf, 0x9f, 0xff, 0xff, 0xfe,
    0x1f, 0xff, 0xb0, 0x9, 0x3d, 0xff, 0xff, 0xfe,
    0x2f, 0xff, 0xf8, 0x10, 0x5, 0xff, 0xff, 0xfe,
    0x2f, 0xff, 0xef, 0xfb, 0x0, 0xff, 0xff, 0xfe,
    0x1f, 0xff, 0x17, 0xa5, 0x1, 0xff, 0xff, 0xfe,
    0xb, 0xff, 0x10, 0x0, 0x4, 0xff, 0xff, 0xfe,
    0x1, 0xcf, 0xe2, 0xf, 0x57, 0xff, 0xff, 0xfe,
    0x16, 0x8, 0xfd, 0xf, 0x5a, 0xff, 0xff, 0xfe,
    0x2f, 0x70, 0xbf, 0x1f, 0x59, 0xff, 0xff, 0xfe,
    0x2f, 0xa0, 0xaf, 0x2f, 0x50, 0x0, 0x0, 0x6e,
    0x1f, 0x90, 0x9f, 0x1f, 0x50, 0x0, 0x0, 0x6e,
    0x8, 0x30, 0x38, 0x8, 0x10, 0x0, 0x0, 0x27,

    /* U+F75A "" */
    0x0, 0x0, 0x0, 0x0, 0x0, 0x0, 0x0, 0x0,
    0x0, 0x0, 0x1f, 0x90, 0x0, 0x0, 0x0, 0x0,
    0x0, 0x1f, 0xf6, 0x0, 0x0, 0x0, 0x0, 0x14,
    0xbf, 0xf9, 0x0, 0x0, 0x0, 0x5e, 0xff, 0xff,
    0xff, 0xe5, 0x0, 0x1, 0xff, 0xff, 0xff, 0xff,
    0xff, 0x10, 0x2, 0xff, 0xff, 0xff, 0xff, 0xff,
    0x20, 0x5, 0xff, 0xff, 0xe9, 0xaf, 0xff, 0x50,
    0x8f, 0xff, 0xfd, 0x21, 0x8, 0xff, 0xf8, 0xef,
    0xff, 0xc1, 0x3e, 0x46, 0xff, 0xfe, 0xdf, 0xfa,
    0x5, 0xff, 0x9, 0xff, 0xfd, 0x4f, 0xb0, 0x6f,
    0xfb, 0x1, 0xaf, 0xf4, 0x1, 0x14, 0xff, 0xfe,
    0xb5, 0x3, 0x10, 0x0, 0x0, 0x18, 0xff, 0xd2,
    0x0, 0x0, 0x0, 0x0, 0xc, 0xfc, 0x10, 0x0,
    0x0, 0x0, 0x0, 0x1f, 0xa0, 0x0, 0x0, 0x0,
    0x0, 0x0, 0x17, 0x0, 0x0, 0x0, 0x0,

    /* U+F75B "" */
    0x0, 0x0, 0x0, 0x37, 0x88, 0x62, 0x0, 0x0,
    0x0, 0x0, 0x0, 0x6e, 0xff, 0xff, 0xff, 0xc3,
    0x0, 0x0, 0x0, 0xb, 0xff, 0x95, 0x33, 0x6b,
    0xff, 0x70, 0x0, 0x0, 0xcf, 0xc2, 0x0, 0x10,
    0x0, 0x5e, 0xf7, 0x0, 0x8, 0xfb, 0x1, 0x9d,
    0xff, 0xd6, 0x1, 0xef, 0x30, 0x1f, 0xe1, 0x3e,
    0xfe, 0xab, 0xff, 0xc0, 0x5f, 0xc0, 0x7f, 0x60,
    0xdf, 0x70, 0x10, 0x1a, 0xfa, 0xb, 0xf2, 0xcf,
    0x8, 0xf7, 0x1c, 0xff, 0x80, 0xcf, 0x35, 0xf7,
    0xed, 0xb, 0xf0, 0xaf, 0xbd, 0xf5, 0x4f, 0x72,
    0xf9, 0xfc, 0xe, 0xd0, 0xee, 0x3, 0xf9, 0x1f,
    0xa1, 0xfa, 0xfc, 0xf, 0xd0, 0xed, 0x2, 0xf9,
    0x1f, 0xa1, 0xfa, 0xd9, 0xc, 0xa0, 0xcb, 0x1,
    0xf7, 0xe, 0x80, 0xe8, 0x0, 0x0, 0x0, 0x0,
    0x0, 0x0, 0x0, 0x0, 0x0,

    /* U+F75E "" */
    0x0, 0x0, 0x22, 0x22, 0x22, 0x20, 0x0, 0x0,
    0x0, 0x1, 0xbf, 0xff, 0xff, 0xff, 0xff, 0xa1,
    0x0, 0x0, 0x1e, 0xff, 0xff, 0xff, 0xff, 0xff,
    0xfe, 0x10, 0x0, 0xaf, 0xfc, 0xff, 0xee, 0xff,
    0xcf, 0xff, 0x90, 0x0, 0xef, 0xf3, 0xff, 0x99,
    0xff, 0x3e, 0xff, 0xd0, 0x0, 0xff, 0xff, 0xff,
    0xff, 0xff, 0xff, 0xff, 0xe0, 0x0, 0xaa, 0xaa,
    0xaa, 0xaa, 0xaa, 0xaa, 0xaa, 0x90, 0x0, 0x99,
    0x99, 0x99, 0x99, 0x99, 0x99, 0x99, 0x80, 0x0,
    0xff, 0xff, 0xff, 0xff, 0xff, 0xff, 0xff, 0xe0,
    0x41, 0xff, 0xff, 0xff, 0xff, 0xff, 0xff, 0x6d,
    0xe2, 0xf8, 0xff, 0xf8, 0x0, 0x0, 0x4f, 0xff,
    0x4c, 0xf3, 0xf8, 0xff, 0xf7, 0x0, 0x0, 0x3f,
    0xff, 0x49, 0xff, 0xf5, 0xbf, 0xe4, 0x0, 0x0,
    0x1d, 0xfe, 0x11, 0xbe, 0x90,

    /* U+F75F "" */
    0x0, 0x0, 0x10, 0x0, 0x10, 0x0, 0x0, 0x0,
    0x0, 0x4d, 0xff, 0xbd, 0xfe, 0x90, 0x0, 0x0,
    0x4, 0xff, 0xff, 0xff, 0xff, 0xfa, 0x40, 0x0,
    0xd, 0xff, 0xff, 0xff, 0xff, 0xff, 0xfc, 0x10,
    0xf, 0xff, 0xff, 0xff, 0xff, 0xff, 0xff, 0x90,
    0xf, 0xff, 0xff, 0xff, 0xff, 0xff, 0xff, 0xd0,
    0xa, 0xff, 0xff, 0xff, 0xff, 0xff, 0xff, 0xb0,
    0x1, 0xdf, 0xff, 0xff, 0xff, 0xff, 0xff, 0x30,
    0x0, 0x7, 0xab, 0xbd, 0xff, 0xfe, 0x92, 0x0,
    0x0, 0x0, 0x0, 0x0, 0x68, 0x71, 0x0, 0x0,
    0x13, 0x33, 0x33, 0x33, 0x33, 0x33, 0x31, 0x0,
    0xef, 0xff, 0xff, 0xff, 0xff, 0xff, 0xfe, 0x0,
    0x2, 0x22, 0x22, 0x22, 0x22, 0x22, 0x20, 0x0,
    0x0, 0x55, 0x50, 0x5, 0x55, 0x55, 0x55, 0x52,
    0x2, 0xef, 0xe2, 0x4f, 0xff, 0xff, 0xff, 0xf9,

    /* U+F769 "" */
    0x0, 0x0, 0x10, 0x0, 0x0, 0x10, 0x0, 0x7,
    0xff, 0xc1, 0x0, 0xbf, 0xe4, 0x3, 0xff, 0xef,
    0xa0, 0x5f, 0x4a, 0xc0, 0x6f, 0x92, 0xfd, 0x5,
    0xf5, 0xbc, 0x7, 0xf9, 0x1f, 0xe0, 0xb, 0xfe,
    0x40, 0x7f, 0x91, 0xfe, 0x0, 0x1, 0x0, 0x7,
    0xf9, 0x1f, 0xe0, 0x0, 0x0, 0x0, 0x7f, 0x91,
    0xfe, 0x0, 0x0, 0x0, 0xd, 0xf9, 0x1f, 0xf4,
    0x0, 0x0, 0x7, 0xff, 0x40, 0xbf, 0xd0, 0x0,
    0x0, 0xaf, 0x80, 0x1, 0xff, 0x10, 0x0, 0xa,
    0xf9, 0x0, 0x2f, 0xf0, 0x0, 0x0, 0x5f, 0xf8,
    0x6d, 0xfb, 0x0, 0x0, 0x0, 0xbf, 0xff, 0xfe,
    0x20, 0x0, 0x0, 0x0, 0x6b, 0xc9, 0x10, 0x0,
    0x0, 0x0,

    /* U+F76B "" */
    0x0, 0x0, 0x10, 0x0, 0x0, 0x10, 0x0, 0x7,
    0xff, 0xb0, 0x0, 0xbf, 0xe3, 0x3, 0xff, 0xff,
    0x80, 0x5f, 0x4b, 0xc0, 0x6f, 0xff, 0xfc, 0x5,
    0xf3, 0xad, 0x7, 0xff, 0xff, 0xc0, 0xc, 0xff,
    0x40, 0x7f, 0xff, 0xfc, 0x0, 0x2, 0x10, 0x7,
    0xff, 0xff, 0xc0, 0x0, 0x0, 0x0, 0x7f, 0xff,
    0xfc, 0x0, 0x0, 0x0, 0xc, 0xf9, 0x3f, 0xf3,
    0x0, 0x0, 0x6, 0xff, 0x41, 0xcf, 0xc0, 0x0,
    0x0, 0xaf, 0x80, 0x3, 0xff, 0x0, 0x0, 0xa,
    0xf9, 0x0, 0x3f, 0xf0, 0x0, 0x0, 0x6f, 0xf8,
    0x6d, 0xfb, 0x0, 0x0, 0x0, 0xbf, 0xff, 0xfe,
    0x20, 0x0, 0x0, 0x0, 0x6b, 0xc9, 0x10, 0x0,
    0x0, 0x0,

    /* U+F76C "" */
    0x0, 0x0, 0x0, 0x0, 0x0, 0x0, 0x0, 0x0,
    0x1b, 0xfd, 0x60, 0x1, 0x0, 0x0, 0x0, 0xcf,
    0xff, 0xfa, 0xff, 0xa0, 0x0, 0x2, 0xff, 0xff,
    0xff, 0xff, 0xf4, 0x0, 0x5, 0xff, 0xff, 0xff,
    0xff, 0xfa, 0x30, 0x5f, 0xff, 0xff, 0xff, 0xff,
    0xff, 0xf6, 0xef, 0xff, 0xff, 0xf8, 0x4b, 0xff,
    0xfe, 0xef, 0xff, 0xfe, 0x31, 0x40, 0xff, 0xfe,
    0x8f, 0xff, 0xe2, 0x2d, 0xa0, 0xff, 0xf8, 0x6,
    0xaa, 0x13, 0xef, 0x62, 0xba, 0x60, 0x0, 0x0,
    0x4f, 0xff, 0x10, 0x0, 0x0, 0x0, 0x0, 0xce,
    0xff, 0xfd, 0x0, 0x0, 0x0, 0x0, 0x1, 0xff,
    0xe3, 0x0, 0x0, 0x0, 0x0, 0x6, 0xfd, 0x20,
    0x0, 0x0, 0x0, 0x0, 0xb, 0xc1, 0x0, 0x0,
    0x0, 0x0, 0x0, 0x3, 0x0, 0x0, 0x0, 0x0,

    /* U+F76F "" */
    0x0, 0x0, 0x0, 0x0, 0x0, 0x0, 0xd, 0xff,
    0xff, 0xff, 0xff, 0xff, 0x40, 0xff, 0xff, 0xff,
    0xff, 0xff, 0xa0, 0x8, 0x99, 0x99, 0x99, 0x99,
    0x80, 0x0, 0x13, 0x33, 0x33, 0x33, 0x32, 0x0,
    0x1, 0xef, 0xff, 0xff, 0xff, 0xf3, 0x0, 0x5,
    0xff, 0xff, 0xff, 0xff, 0xd0, 0x0, 0x0, 0x0,
    0x0, 0x0, 0x0, 0x0, 0x0, 0x0, 0x7e, 0xff,
    0xff, 0xff, 0x10, 0x0, 0x0, 0x2b, 0xff, 0xff,
    0xf3, 0x0, 0x0, 0x0, 0x3, 0x33, 0x33, 0x0,
    0x0, 0x0, 0x0, 0x1, 0x11, 0x10, 0x0, 0x0,
    0x0, 0x0, 0xef, 0xf3, 0x0, 0x0, 0x0, 0x0,
    0xe, 0xf3, 0x0, 0x0, 0x0, 0x0, 0x0, 0xd4,
    0x0, 0x0,

    /* U+F770 "" */
    0x0, 0x0, 0x0, 0x22, 0x0, 0x0, 0x0, 0x0,
    0x8, 0xc9, 0xff, 0x9c, 0x80, 0x0, 0x0, 0x4f,
    0xff, 0xff, 0xff, 0xf4, 0x0, 0x0, 0x3f, 0xff,
    0xff, 0xff, 0xf3, 0x0, 0x0, 0x5, 0x88, 0xff,
    0x88, 0x50, 0x0, 0x0, 0x0, 0x0, 0xaa, 0x0,
    0x0, 0x0, 0x0, 0x0, 0x0, 0x11, 0x0, 0x0,
    0x0, 0x0, 0x0, 0x4e, 0xff, 0xe4, 0x0, 0x0,
    0x0, 0x3, 0xfa, 0x33, 0xbf, 0x30, 0x0, 0x0,
    0x2e, 0xb2, 0x30, 0xb, 0xe2, 0x0, 0x1, 0xdf,
    0xcf, 0xfb, 0x1, 0xfd, 0x10, 0xb, 0xff, 0xff,
    0xff, 0xdb, 0xff, 0xb0, 0x9f, 0xff, 0xff, 0xff,
    0xff, 0xff, 0xf9, 0xef, 0xff, 0xff, 0xff, 0xff,
    0xff, 0xfe, 0x7e, 0xff, 0xff, 0xff, 0xff, 0xff,
    0xe7,

    /* U+F772 "" */
    0x0, 0x5, 0x99, 0x99, 0x99, 0x98, 0x10, 0x0,
    0x0, 0x4f, 0xff, 0xff, 0xff, 0xff, 0xc0, 0x0,
    0x0, 0x7f, 0xff, 0xff, 0xfe, 0xff, 0xf0, 0x0,
    0x0, 0x8f, 0xff, 0xff, 0xe1, 0x9f, 0xf0, 0x0,
    0x0, 0x8f, 0xff, 0xff, 0x32, 0xff, 0xf0, 0x0,
    0x0, 0x8f, 0xf6, 0xa8, 0xd, 0xff, 0xf0, 0x0,
    0x0, 0x8f, 0xf7, 0x0, 0x9f, 0xff, 0xf0, 0x0,
    0x20, 0x8f, 0xff, 0x65, 0xff, 0xff, 0xf0, 0x2,
    0xf4, 0x7f, 0xff, 0xff, 0xff, 0xff, 0xf0, 0x5e,
    0xf5, 0x2f, 0xff, 0xff, 0xff, 0xff, 0x90, 0x6e,
    0xf5, 0x1, 0x34, 0x44, 0x44, 0x43, 0x0, 0x6e,
    0xea, 0x55, 0x55, 0x55, 0x55, 0x55, 0x55, 0xbd,
    0x5e, 0xff, 0xff, 0xff, 0xff, 0xff, 0xff, 0xd4,

    /* U+F773 "" */
    0x0, 0x2, 0x75, 0x0, 0x0, 0x57, 0x20, 0x0,
    0x2, 0x9f, 0xef, 0xd5, 0x5d, 0xfe, 0xf9, 0x20,
    0xe, 0xd5, 0x1, 0x9f, 0xf9, 0x10, 0x5d, 0xe0,
    0x0, 0x0, 0x0, 0x0, 0x0, 0x0, 0x0, 0x0,
    0x0, 0x3, 0x86, 0x0, 0x0, 0x68, 0x30, 0x0,
    0x3, 0xaf, 0xdf, 0xe6, 0x6e, 0xfd, 0xfa, 0x30,
    0xd, 0xc4, 0x0, 0x8e, 0xe8, 0x0, 0x4c, 0xd0,
    0x0, 0x0, 0x0, 0x0, 0x0, 0x0, 0x0, 0x0,
    0x0, 0x4, 0x97, 0x10, 0x1, 0x79, 0x40, 0x0,
    0x4, 0xbf, 0xce, 0xf7, 0x7e, 0xec, 0xfb, 0x40,
    0xc, 0xb3, 0x0, 0x7d, 0xd7, 0x0, 0x3b, 0xc0,

    /* U+F77C "" */
    0x0, 0x0, 0x9, 0xc5, 0x0, 0x0, 0x0, 0x0,
    0x8f, 0xff, 0x10, 0x0, 0x0, 0x0, 0x9f, 0xff,
    0x30, 0x0, 0x6, 0x91, 0x2e, 0xfa, 0x4, 0xa2,
    0xd, 0xfe, 0x72, 0x13, 0xaf, 0xf6, 0x3, 0xef,
    0xff, 0xff, 0xff, 0xa0, 0x0, 0xa, 0xff, 0xff,
    0xf4, 0x0, 0x0, 0x3, 0xaa, 0xaa, 0x90, 0x0,
    0x0, 0x1, 0x0, 0x0, 0x0, 0x0, 0x0, 0xc,
    0x90, 0x2, 0xd6, 0x0, 0x0, 0x8f, 0xf2, 0x8,
    0xff, 0x20, 0x0, 0xcf, 0xe1, 0x6, 0xff, 0x50,
    0x0, 0x3e, 0xf8, 0xe, 0xfb, 0x0, 0x0, 0x3,
    0xa3, 0x7, 0x80, 0x0,

    /* U+F77D "" */
    0x0, 0x1, 0x47, 0x30, 0x0, 0x0, 0x0, 0x6,
    0xef, 0xfd, 0x0, 0x0, 0x0, 0x4, 0xff, 0xff,
    0xd0, 0x0, 0x0, 0x0, 0xef, 0xff, 0xfd, 0x0,
    0x0, 0x0, 0x1e, 0xee, 0xee, 0xc0, 0x0, 0xdf,
    0xc0, 0x0, 0x0, 0x0, 0x0, 0x1f, 0x83, 0x2b,
    0xbb, 0xbb, 0xbb, 0xbc, 0xf3, 0x3, 0xff, 0xff,
    0xff, 0xff, 0xff, 0x30, 0x3f, 0xff, 0xff, 0xff,
    0xff, 0xf3, 0x0, 0xff, 0xff, 0xff, 0xff, 0xff,
    0x0, 0x5, 0xff, 0xff, 0xff, 0xff, 0x50, 0x0,
    0x0, 0x33, 0x33, 0x33, 0x0, 0x0, 0x9, 0xb0,
    0x0, 0x0, 0xb, 0x90, 0x2, 0xff, 0x40, 0x0,
    0x4, 0xff, 0x20, 0x7, 0x90, 0x0, 0x0, 0x9,
    0x70, 0x0,

    /* U+F780 "" */
    0x0, 0x0, 0x0, 0x40, 0x13, 0x0, 0x0, 0x0,
    0x0, 0x0, 0xc, 0x90, 0xc, 0x90, 0x0, 0x0,
    0x0, 0x0, 0xab, 0x0, 0x0, 0xe6, 0x0, 0x0,
    0x0, 0x0, 0xf7, 0x3, 0x20, 0xbc, 0x0, 0x0,
    0x0, 0x2, 0xfa, 0x7f, 0xf4, 0xde, 0x0, 0x0,
    0x0, 0x0, 0xff, 0x43, 0x27, 0xfb, 0x0, 0x0,
    0x0, 0x5, 0xef, 0xfe, 0xff, 0xfc, 0x40, 0x0,
    0x3, 0xef, 0xff, 0xf8, 0xaf, 0xff, 0xfc, 0x10,
    0xd, 0xc7, 0x7e, 0xe0, 0x2f, 0xc7, 0x7e, 0xa0,
    0x4c, 0x6, 0x82, 0xfa, 0xcc, 0x29, 0x31, 0xe0,
    0x67, 0x3, 0xf6, 0xbf, 0xf7, 0xae, 0x0, 0xa2,
    0x22, 0x0, 0x84, 0xcf, 0xf8, 0x94, 0x0, 0x40,
    0x0, 0x0, 0x4, 0xff, 0xfe, 0x20, 0x0, 0x0,
    0x1, 0xca, 0xbf, 0xf4, 0x7f, 0xea, 0xbb, 0x0,
    0x0, 0x5, 0x86, 0x10, 0x2, 0x78, 0x40, 0x0,

    /* U+F781 "" */
    0x0, 0x0, 0x0, 0x12, 0x0, 0x0, 0x0, 0x0,
    0x0, 0x0, 0xb, 0xff, 0xb2, 0x0, 0x0, 0x0,
    0x0, 0x0, 0x3, 0x6c, 0xf6, 0x0, 0x0, 0x25,
    0x0, 0x4, 0x51, 0x7, 0xf5, 0x0, 0xe, 0xf6,
    0x0, 0x9f, 0xf8, 0x8, 0xe1, 0x1, 0xff, 0x80,
    0x0, 0x5, 0xf8, 0xd, 0x90, 0x1f, 0xf8, 0x0,
    0x0, 0x5, 0xf1, 0x9d, 0x1, 0xff, 0x88, 0xfb,
    0x10, 0xf, 0x55, 0xf0, 0x1f, 0xf8, 0x9f, 0xfe,
    0x10, 0x62, 0x17, 0x1, 0xff, 0x83, 0xcf, 0xf8,
    0x0, 0x0, 0x0, 0x1f, 0xf8, 0x0, 0xff, 0xb0,
    0x0, 0x0, 0x0, 0xff, 0xd0, 0x2f, 0xfa, 0x0,
    0x0, 0x0, 0xa, 0xff, 0xff, 0xff, 0x50, 0x0,
    0x0, 0x0, 0x1d, 0xff, 0xff, 0xa0, 0x0, 0x0,
    0x0, 0x0, 0x7, 0xaa, 0x50, 0x0, 0x0, 0x0,
    0x0,

    /* U+F783 "" */
    0x0, 0x0, 0x0, 0x0, 0x0, 0x0, 0x0, 0x3,
    0xf3, 0x0, 0x1e, 0x60, 0x0, 0x3, 0x8f, 0x84,
    0x46, 0xfb, 0x40, 0xa, 0xff, 0xff, 0xff, 0xff,
    0xff, 0xd0, 0xff, 0xff, 0xff, 0xff, 0xff, 0xff,
    0x2f, 0xff, 0xff, 0xff, 0xff, 0xff, 0xf3, 0xff,
    0xff, 0xff, 0xff, 0xff, 0xff, 0x3f, 0xff, 0xff,
    0xff, 0xff, 0xff, 0xf3, 0xff, 0xc0, 0x1, 0xff,
    0xff, 0xff, 0x3f, 0xfa, 0x0, 0xe, 0xff, 0xff,
    0xf3, 0xff, 0xa0, 0x0, 0xff, 0xff, 0xff, 0x3f,
    0xff, 0xba, 0xcf, 0xff, 0xff, 0xf3, 0xef, 0xff,
    0xff, 0xff, 0xff, 0xff, 0x25, 0xef, 0xff, 0xff,
    0xff, 0xfe, 0x80,

    /* U+F784 "" */
    0x0, 0x0, 0x0, 0x0, 0x0, 0x0, 0x0, 0x3,
    0xf3, 0x0, 0xe, 0x70, 0x0, 0x3, 0x8f, 0x84,
    0x46, 0xfb, 0x40, 0xa, 0xff, 0xff, 0xff, 0xff,
    0xff, 0xd0, 0xff, 0xff, 0xff, 0xff, 0xff, 0xff,
    0x3f, 0xff, 0xff, 0xff, 0xff, 0xff, 0xf4, 0xff,
    0xff, 0xff, 0xff, 0xff, 0xff, 0x4f, 0xff, 0xff,
    0xff, 0xff, 0xff, 0xf4, 0xff, 0xc0, 0x0, 0x0,
    0x8, 0xff, 0x4f, 0xfa, 0x0, 0x0, 0x0, 0x6f,
    0xf4, 0xff, 0xa0, 0x0, 0x0, 0x6, 0xff, 0x4f,
    0xff, 0xba, 0xaa, 0xaa, 0xff, 0xf4, 0xef, 0xff,
    0xff, 0xff, 0xff, 0xff, 0x25, 0xef, 0xff, 0xff,
    0xff, 0xfe, 0x90,

    /* U+F786 "" */
    0x0, 0x0, 0x0, 0x1, 0x0, 0x0, 0x0, 0x0,
    0x0, 0x5d, 0xff, 0xc1, 0x0, 0x0, 0x0, 0x8f,
    0xff, 0xf6, 0x0, 0x0, 0x0, 0x4f, 0xff, 0xf6,
    0x3, 0xc0, 0x0, 0x6, 0xff, 0xf6, 0x3, 0xef,
    0x20, 0x0, 0xa, 0xd5, 0x3, 0xef, 0xf3, 0x0,
    0x0, 0x0, 0x3, 0xef, 0xff, 0x0, 0x0, 0x0,
    0x0, 0x0, 0x0, 0x0, 0x0, 0x0, 0x1, 0x44,
    0x44, 0x10, 0x0, 0x0, 0x2, 0xef, 0xff, 0xc0,
    0x0, 0x0, 0x2, 0xdf, 0xff, 0xc0, 0x0, 0x0,
    0x0, 0x0, 0x0, 0x0, 0x0, 0x0, 0x2, 0x55,
    0x55, 0x20, 0x0, 0x0, 0x0, 0xef, 0xff, 0xc0,
    0x0, 0x0, 0x0, 0xf, 0xff, 0xc0, 0x0, 0x0,
    0x0, 0x0, 0x7e, 0xa0, 0x0, 0x0, 0x0, 0x0,
    0x0, 0x0, 0x0, 0x0, 0x0, 0x0, 0x0,

    /* U+F787 "" */
    0x0, 0x0, 0x0, 0x0, 0x0, 0x5, 0x10, 0x0,
    0x0, 0x0, 0x0, 0x0, 0x0, 0x5f, 0xb0, 0x0,
    0x0, 0x0, 0x0, 0x0, 0x0, 0x8f, 0xe0, 0x0,
    0x0, 0x0, 0x0, 0x0, 0x0, 0x4f, 0xc8, 0x70,
    0x0, 0x0, 0x0, 0x6a, 0xb7, 0x7, 0xff, 0xfb,
    0x0, 0x0, 0xb, 0xff, 0xff, 0xd1, 0x5d, 0xc3,
    0x0, 0x0, 0x4, 0xff, 0xff, 0xfa, 0x0, 0x0,
    0x0, 0x1, 0xc1, 0x7f, 0xff, 0xff, 0x0, 0x0,
    0x0, 0x8, 0xfd, 0xdf, 0xff, 0xff, 0x10, 0x0,
    0x0, 0xe, 0xff, 0xff, 0xff, 0xfe, 0x0, 0x0,
    0x0, 0x6f, 0xff, 0xff, 0xff, 0xf6, 0x0, 0x0,
    0x0, 0xdf, 0xda, 0xff, 0xff, 0x70, 0x0, 0x0,
    0x5, 0xff, 0xb0, 0x8f, 0x81, 0x0, 0x0, 0x0,
    0xc, 0xff, 0xf8, 0x0, 0x0, 0x0, 0x0, 0x0,
    0x2f, 0xfd, 0x50, 0x0, 0x0, 0x0, 0x0, 0x0,
    0x7, 0x40, 0x0, 0x0, 0x0, 0x0, 0x0, 0x0,

    /* U+F788 "" */
    0x0, 0x33, 0x33, 0x32, 0x0, 0x0, 0x0, 0xb,
    0xff, 0xff, 0xff, 0x50, 0x0, 0x0, 0x1f, 0x72,
    0x22, 0x2e, 0xa0, 0x0, 0x0, 0xb, 0xff, 0xff,
    0xff, 0x40, 0x0, 0x0, 0x0, 0x23, 0xfb, 0x21,
    0x0, 0x0, 0x0, 0x9, 0xef, 0xff, 0xff, 0xff,
    0xfe, 0x90, 0x4f, 0xdd, 0xfb, 0xfe, 0xbf, 0xcd,
    0xf4, 0x7f, 0x98, 0xf5, 0xeb, 0x5f, 0x89, 0xf7,
    0xaf, 0xff, 0xef, 0xef, 0xfe, 0xff, 0xfa, 0xcf,
    0xfd, 0x1f, 0x59, 0xf1, 0xdf, 0xfc, 0xff, 0xff,
    0xff, 0xff, 0xff, 0xff, 0xff, 0xff, 0x99, 0x99,
    0x99, 0x99, 0x99, 0xff, 0xfd, 0x0, 0x0, 0x0,
    0x0, 0x0, 0xdf, 0xdf, 0xff, 0xff, 0xff, 0xff,
    0xff, 0xfd, 0x3b, 0xbb, 0xbb, 0xbb, 0xbb, 0xbb,
    0xb3,

    /* U+F78C "" */
    0x1, 0x0, 0x0, 0x0, 0x0, 0x0, 0x10, 0x5f,
    0x60, 0x2, 0x0, 0x20, 0x6, 0xf6, 0xdf, 0xf6,
    0x9f, 0x11, 0xf9, 0x6f, 0xfd, 0x2e, 0xff, 0xff,
    0x22, 0xff, 0xff, 0xe2, 0x2, 0xff, 0xff, 0x22,
    0xff, 0xff, 0x20, 0x9, 0xff, 0xff, 0x22, 0xff,
    0xff, 0x90, 0xd, 0xff, 0xfe, 0x0, 0xef, 0xff,
    0xd0, 0x0, 0x0, 0x0, 0x0, 0x0, 0x0, 0x0,
    0x1, 0x22, 0x21, 0x0, 0x12, 0x22, 0x10, 0xf,
    0xff, 0xff, 0x11, 0xff, 0xff, 0xf0, 0x6, 0xff,
    0xff, 0x22, 0xff, 0xff, 0x60, 0x5, 0xff, 0xff,
    0x22, 0xff, 0xff, 0x50, 0x5f, 0xff, 0xff, 0x22,
    0xff, 0xff, 0xf5, 0xef, 0xf3, 0x6e, 0x11, 0xe6,
    0x3f, 0xfe, 0x3d, 0x40, 0x0, 0x0, 0x0, 0x3,
    0xd3,

    /* U+F793 "" */
    0x7, 0x84, 0x8, 0x81, 0x28, 0x70, 0x58, 0x70,
    0x7f, 0xf6, 0x3f, 0xf3, 0x4f, 0xf2, 0x7f, 0xf6,
    0xcf, 0xf3, 0x7f, 0xf3, 0x4f, 0xf5, 0x4f, 0xfb,
    0xdf, 0xf0, 0xaf, 0xf3, 0x4f, 0xf8, 0x1f, 0xfc,
    0x0, 0x0, 0x0, 0x0, 0x0, 0x0, 0x0, 0x0,
    0x3e, 0xee, 0xee, 0xee, 0xee, 0xee, 0xee, 0xe1,
    0xf, 0xff, 0xff, 0xff, 0xff, 0xff, 0xff, 0xf0,
    0xd, 0xff, 0xff, 0xff, 0xff, 0xff, 0xff, 0xc0,
    0xa, 0xff, 0xff, 0xff, 0xff, 0xff, 0xff, 0x90,
    0x7, 0xff, 0xff, 0xff, 0xff, 0xff, 0xff, 0x60,
    0x4, 0xfa, 0x55, 0x55, 0x55, 0x55, 0xbf, 0x40,
    0x0, 0x82, 0x0, 0x0, 0x0, 0x0, 0x38, 0x0,

    /* U+F794 "" */
    0x1, 0x78, 0x31, 0x88, 0x3, 0x87, 0x5, 0x86,
    0x0, 0x9, 0xff, 0x45, 0xff, 0x16, 0xff, 0x19,
    0xff, 0x50, 0xe, 0xff, 0x19, 0xff, 0x16, 0xff,
    0x35, 0xff, 0xa0, 0xe, 0xfe, 0xc, 0xff, 0x16,
    0xc1, 0x11, 0xa9, 0xa0, 0x0, 0x0, 0x0, 0x0,
    0x0, 0x9, 0xf6, 0x43, 0x0, 0x4, 0xee, 0xee,
    0xee, 0xb0, 0x7f, 0xff, 0xfe, 0x20, 0x2, 0xff,
    0xff, 0xff, 0x34, 0xff, 0xff, 0xff, 0xd0, 0x0,
    0xff, 0xff, 0xfc, 0xc, 0xff, 0xff, 0xff, 0xf5,
    0x0, 0xcf, 0xff, 0xf8, 0xf, 0xff, 0x91, 0xdf,
    0xf9, 0x0, 0x9f, 0xff, 0xf8, 0xf, 0xfd, 0x0,
    0x2f, 0xfa, 0x0, 0x6f, 0x95, 0x53, 0xd, 0xfa,
    0x0, 0xf, 0xf6, 0x0, 0x19, 0x10, 0x0, 0x5,
    0xfe, 0x20, 0x6f, 0xd0, 0x0, 0x0, 0x0, 0x0,
    0x0, 0x6f, 0xfe, 0xfc, 0x20, 0x0, 0x0, 0x0,
    0x0, 0x0, 0x1, 0x46, 0x30, 0x0,

    /* U+F796 "" */
    0x0, 0x1, 0x77, 0x77, 0x77, 0x10, 0x0, 0x0,
    0x7, 0xff, 0xff, 0xff, 0x70, 0x0, 0x0, 0xad,
    0xff, 0xff, 0xff, 0xda, 0x0, 0x3, 0xff, 0xff,
    0xff, 0xff, 0xff, 0x30, 0xcf, 0xff, 0xff, 0xff,
    0xff, 0xff, 0xfc, 0xff, 0xff, 0xff, 0xff, 0xff,
    0xff, 0xff, 0xff, 0xff, 0xff, 0xff, 0xff, 0xff,
    0xff, 0xff, 0xaf, 0xf9, 0xff, 0x9f, 0xfa, 0xff,
    0xfc, 0xf, 0xd0, 0xed, 0xd, 0xf0, 0xcf, 0xfb,
    0xe, 0xc0, 0xed, 0xc, 0xe0, 0xbf, 0xcb, 0xe,
    0xc0, 0xed, 0xc, 0xe0, 0xbc,

    /* U+F79C "" */
    0x0, 0x1d, 0x5b, 0x0, 0x0, 0x0, 0x0, 0x0,
    0x8, 0xcf, 0xfe, 0xe4, 0x0, 0x0, 0x0, 0x0,
    0x6, 0xff, 0xff, 0xd4, 0x0, 0x0, 0x0, 0x0,
    0xcf, 0xff, 0xff, 0xff, 0x80, 0x0, 0x0, 0x0,
    0xff, 0xff, 0xff, 0xfa, 0x20, 0x0, 0x0, 0x0,
    0xff, 0xff, 0xff, 0xb0, 0x69, 0x30, 0x59, 0x40,
    0xff, 0xff, 0xff, 0x45, 0xfc, 0xf9, 0xfc, 0xf2,
    0xff, 0xff, 0xff, 0x27, 0xd1, 0xcf, 0x82, 0xf3,
    0xff, 0xff, 0xfe, 0x8, 0xff, 0xff, 0xff, 0xf4,
    0xff, 0xff, 0xfb, 0xf, 0xff, 0xc4, 0xff, 0xfb,
    0xff, 0xff, 0xfb, 0xf, 0xff, 0xb0, 0xff, 0xfc,
    0xff, 0xff, 0xfb, 0xf, 0xff, 0xb0, 0xff, 0xfc,
    0xff, 0xff, 0xfb, 0xf, 0xff, 0xb0, 0xff, 0xfc,
    0xff, 0xff, 0xfb, 0xe, 0xff, 0xb0, 0xff, 0xfa,
    0x7e, 0xff, 0xfe, 0x5, 0xef, 0xa0, 0xef, 0xd2,

    /* U+F79F "" */
    0x0, 0x0, 0x1, 0x10, 0x0, 0x0, 0x2, 0x0,
    0x0, 0x0, 0x0, 0x0, 0xdf, 0xc6, 0x13, 0x9e,
    0xf5, 0x0, 0x0, 0x0, 0x0, 0x6f, 0xef, 0xff,
    0xff, 0xef, 0xd0, 0x0, 0x0, 0x0, 0xe, 0xf1,
    0x1b, 0xff, 0x40, 0x8f, 0x60, 0x0, 0x0, 0x6,
    0xff, 0x83, 0xbf, 0xf4, 0x5c, 0xfe, 0x0, 0x0,
    0x0, 0xef, 0xff, 0xff, 0xff, 0xff, 0xff, 0xf6,
    0x0, 0x0, 0x3f, 0xff, 0xff, 0xfb, 0xff, 0xff,
    0xff, 0xb0, 0x0, 0x2, 0xff, 0xff, 0xff, 0x5d,
    0xff, 0xff, 0xfa, 0x0, 0x0, 0xd, 0xff, 0xff,
    0xe0, 0x7f, 0xff, 0xff, 0x50, 0x0, 0x0, 0x2f,
    0xff, 0xe3, 0x0, 0xaf, 0xff, 0x90, 0x0, 0x0,
    0x2, 0xfc, 0x30, 0x0, 0x0, 0x26, 0xfa, 0x0,
    0x0, 0x33, 0x8f, 0x50, 0x0, 0x0, 0x0, 0xd,
    0xf2, 0x50, 0xe, 0xff, 0xf3, 0x0, 0x0, 0x0,
    0x0, 0xaf, 0xff, 0x60, 0x39, 0xff, 0xf6, 0x0,
    0x0, 0x0, 0xef, 0xfc, 0x60, 0x0, 0x0, 0x5a,
    0x40, 0x0, 0x0, 0x9, 0x82, 0x0, 0x0,

    /* U+F7A0 "" */
    0x69, 0x99, 0x99, 0x99, 0x99, 0x96, 0xf, 0xff,
    0xff, 0xff, 0xff, 0xff, 0xf1, 0xfc, 0x22, 0x22,
    0x22, 0x22, 0xbf, 0x1f, 0xb0, 0x0, 0x0, 0x0,
    0xa, 0xf1, 0xfb, 0x0, 0x0, 0x0, 0x0, 0xaf,
    0x1f, 0xb0, 0x0, 0x0, 0x0, 0xa, 0xf1, 0xfc,
    0x22, 0x22, 0x22, 0x22, 0xbf, 0x1f, 0xff, 0xff,
    0xff, 0xff, 0xff, 0xf1, 0xff, 0xff, 0xff, 0xff,
    0xff, 0xff, 0x1f, 0xff, 0xff, 0xff, 0xff, 0xff,
    0xf0, 0xcf, 0xff, 0xff, 0xff, 0xff, 0xfd, 0x4,
    0xff, 0xff, 0xff, 0xff, 0xff, 0x50, 0x4, 0xce,
    0xff, 0xff, 0xfc, 0x40, 0x0,

    /* U+F7A2 "" */
    0x0, 0x0, 0x1, 0x33, 0x10, 0x0, 0x0, 0x0,
    0x2, 0xbf, 0xff, 0xfb, 0x20, 0x0, 0x0, 0x7f,
    0xff, 0x82, 0x5b, 0xf7, 0x0, 0x6, 0xff, 0x9e,
    0x81, 0x0, 0x6f, 0x60, 0x1f, 0xfa, 0x4f, 0xe1,
    0x0, 0x7, 0xf1, 0x9f, 0xff, 0xfe, 0x10, 0x4,
    0xd2, 0xd9, 0xdf, 0xff, 0xf5, 0xa, 0xce, 0x90,
    0x9d, 0xff, 0xff, 0xff, 0xef, 0xff, 0x80, 0x6f,
    0xdf, 0xff, 0x90, 0x0, 0x5f, 0xd0, 0x6d, 0xbf,
    0xff, 0x50, 0x0, 0x3, 0xbd, 0xca, 0x6f, 0xff,
    0x60, 0x0, 0x0, 0x6, 0xf6, 0xd, 0xff, 0xb0,
    0x0, 0x0, 0xb, 0xd0, 0x3, 0xef, 0xfa, 0x50,
    0x1, 0xbf, 0x30, 0x0, 0x2d, 0xff, 0xfb, 0xbf,
    0xd2, 0x0, 0x0, 0x0, 0x4a, 0xdd, 0x94, 0x0,
    0x0,

    /* U+F7A4 "" */
    0x9c, 0xcc, 0xcc, 0xcc, 0xcc, 0xcb, 0xb, 0xff,
    0xff, 0xff, 0xff, 0xff, 0xd1, 0x0, 0x0, 0x0,
    0x0, 0x0, 0x0, 0x6, 0x99, 0x99, 0x99, 0x99,
    0x99, 0x80, 0xdf, 0xff, 0xff, 0xff, 0xff, 0xff,
    0x20, 0x22, 0x22, 0x22, 0x22, 0x22, 0x10,

    /* U+F7A5 "" */
    0x31, 0x1, 0x30, 0xfb, 0x9, 0xf0, 0xfb, 0xa,
    0xf1, 0xfb, 0xa, 0xf1, 0xfb, 0xa, 0xf1, 0xfb,
    0xa, 0xf1, 0xfb, 0xa, 0xf1, 0xfb, 0xa, 0xf1,
    0xfb, 0xa, 0xf1, 0xfb, 0xa, 0xf1, 0xfb, 0xa,
    0xf1, 0xfb, 0xa, 0xf1, 0xa7, 0x6, 0xb0,

    /* U+F7A6 "" */
    0x0, 0x0, 0x0, 0x0, 0x0, 0x0, 0x1, 0x0,
    0x0, 0x0, 0x0, 0x0, 0x0, 0x0, 0xbf, 0x40,
    0x0, 0x0, 0x0, 0x0, 0x0, 0xa, 0xff, 0xe0,
    0x0, 0x0, 0x0, 0x0, 0x0, 0x1f, 0xff, 0x40,
    0x0, 0x0, 0x0, 0x0, 0x1, 0xdf, 0xb3, 0x0,
    0x0, 0x0, 0x6, 0xcc, 0x6d, 0xf7, 0x0, 0x0,
    0x0, 0x0, 0x3f, 0xff, 0xff, 0x70, 0x0, 0x0,
    0x0, 0x4, 0xcf, 0xdf, 0xff, 0x40, 0x0, 0x0,
    0x2, 0xef, 0xf9, 0x4, 0xff, 0x80, 0x0, 0x0,
    0xc, 0xff, 0xf8, 0x2, 0xff, 0x70, 0x0, 0x0,
    0xf, 0xff, 0xff, 0xbe, 0xfc, 0x10, 0x0, 0x0,
    0xc, 0xff, 0xff, 0xff, 0x70, 0x0, 0x0, 0x0,
    0x5, 0xff, 0xff, 0xff, 0x0, 0x0, 0x0, 0x0,
    0x0, 0x8f, 0xff, 0xf8, 0x0, 0x0, 0x0, 0x0,
    0x0, 0x4, 0x9a, 0x60, 0x0, 0x0, 0x0, 0x0,
    0x0, 0x0, 0x0, 0x0, 0x0, 0x0, 0x0, 0x0,

    /* U+F7A9 "" */
    0x0, 0x25, 0x30, 0x0, 0x3, 0x52, 0x0, 0x9,
    0xff, 0xf6, 0x0, 0xaf, 0xff, 0x90, 0x7f, 0xff,
    0xff, 0x10, 0x8f, 0xff, 0xf7, 0xdf, 0xff, 0xff,
    0x30, 0x8f, 0xff, 0xfd, 0xff, 0xff, 0xf4, 0x9,
    0xff, 0xff, 0xff, 0xcf, 0xff, 0x80, 0x9f, 0xff,
    0xff, 0xfc, 0x6f, 0xff, 0xf6, 0x3f, 0xff, 0xff,
    0xf6, 0xd, 0xff, 0xff, 0x89, 0xff, 0xff, 0xc0,
    0x3, 0xff, 0xff, 0xfc, 0xff, 0xff, 0x20, 0x0,
    0x5f, 0xff, 0xff, 0xff, 0xf5, 0x0, 0x0, 0x6,
    0xff, 0xff, 0xff, 0x60, 0x0, 0x0, 0x0, 0x5f,
    0xff, 0xf5, 0x0, 0x0, 0x0, 0x0, 0x3, 0xbb,
    0x30, 0x0, 0x0,

    /* U+F7AA "" */
    0x0, 0x0, 0x0, 0x10, 0x0, 0x0, 0x0, 0x0,
    0x0, 0x3, 0xfe, 0x0, 0x0, 0x0, 0x0, 0x0,
    0x4, 0xff, 0x0, 0x0, 0x0, 0x0, 0x1, 0x83,
    0x31, 0x57, 0x0, 0x0, 0x0, 0x8, 0xfe, 0x1,
    0xff, 0x40, 0x0, 0x0, 0x3, 0xe8, 0x0, 0xbd,
    0x10, 0x0, 0x0, 0x0, 0x0, 0x0, 0x0, 0x0,
    0x0, 0x0, 0x5c, 0xbb, 0x64, 0xbb, 0xc3, 0x0,
    0x0, 0x8f, 0xff, 0x86, 0xff, 0xf6, 0x0, 0x0,
    0xdf, 0xff, 0x87, 0xff, 0xfb, 0x0, 0x6e, 0xff,
    0xff, 0x95, 0xff, 0xff, 0xd3, 0xcf, 0xff, 0xe5,
    0x1, 0x8f, 0xff, 0xf7, 0xbf, 0xff, 0x50, 0x0,
    0xb, 0xff, 0xf6, 0xcf, 0xff, 0x30, 0x0, 0x8,
    0xff, 0xf7, 0x45, 0x56, 0x0, 0x0, 0x2, 0x65,
    0x62,

    /* U+F7AB "" */
    0x0, 0x0, 0x0, 0x0, 0x0, 0x0, 0x0, 0x0,
    0x0, 0x0, 0x16, 0xbf, 0x50, 0x0, 0x0, 0x0,
    0x4a, 0xff, 0xfe, 0x20, 0x0, 0x0, 0x2c, 0xff,
    0xff, 0xfd, 0x80, 0x0, 0x2, 0xef, 0xff, 0xff,
    0xff, 0xf9, 0x0, 0xd, 0xff, 0xff, 0xff, 0xab,
    0xff, 0x30, 0x6f, 0xff, 0xff, 0xff, 0xab, 0xff,
    0x90, 0xbf, 0xff, 0xff, 0xff, 0xff, 0xff, 0xf0,
    0xef, 0xff, 0xaf, 0xff, 0xff, 0xff, 0xf5, 0xff,
    0xff, 0x66, 0xff, 0xff, 0xff, 0xf8, 0xff, 0xff,
    0xf8, 0x32, 0x3f, 0xff, 0xf5, 0xff, 0xff, 0xff,
    0xf8, 0x3, 0xce, 0x80, 0xff, 0xff, 0xff, 0xff,
    0x40, 0x0, 0x0, 0xef, 0xff, 0xff, 0xff, 0xa0,
    0x0, 0x0, 0x38, 0x99, 0x99, 0x99, 0x20, 0x0,
    0x0,

    /* U+F7AD "" */
    0x0, 0x0, 0x0, 0x0, 0x0, 0x0, 0x0, 0xdf,
    0xff, 0xff, 0xff, 0xff, 0xff, 0xfd, 0xdf, 0xff,
    0xff, 0xff, 0xff, 0xff, 0xfe, 0x8f, 0xff, 0xff,
    0xff, 0xff, 0xff, 0xfb, 0x4f, 0xff, 0xff, 0xff,
    0xff, 0xff, 0xf9, 0xf, 0xff, 0xff, 0xff, 0xfe,
    0xff, 0xf6, 0xb, 0xfe, 0xff, 0xdf, 0xf9, 0xff,
    0xf3, 0x6, 0xf9, 0xdf, 0x7f, 0xb6, 0xff, 0xf1,
    0x2, 0xf5, 0xaf, 0x2d, 0x83, 0xff, 0xe0, 0x0,
    0x71, 0x8f, 0x5, 0x20, 0xff, 0xb0, 0x0, 0x0,
    0x5d, 0x0, 0x0, 0xdf, 0x80, 0x0, 0x0, 0x3,
    0x0, 0x0, 0xbf, 0x60, 0x0, 0x0, 0x0, 0x0,
    0x0, 0x8f, 0x30, 0x0, 0x0, 0x0, 0x0, 0x0,
    0x5f, 0x0, 0x0, 0x0, 0x0, 0x0, 0x0, 0x1b,
    0x0,

    /* U+F7AE "" */
    0x0, 0x0, 0x1, 0x46, 0x50, 0x0, 0x0, 0x0,
    0x0, 0x1, 0xaf, 0xff, 0xc0, 0xd7, 0x0, 0x0,
    0x0, 0x4e, 0xff, 0xff, 0xc0, 0xff, 0xd1, 0x0,
    0x3, 0xff, 0xff, 0xff, 0xc0, 0xff, 0xfc, 0x0,
    0x0, 0x0, 0x0, 0x0, 0x0, 0x0, 0x0, 0x0,
    0x6c, 0x70, 0xcc, 0xcc, 0xcc, 0xca, 0xb, 0xc2,
    0xcf, 0xa1, 0xff, 0xff, 0xff, 0xfd, 0xe, 0xf7,
    0xef, 0xa1, 0xff, 0xf8, 0x9f, 0xfd, 0xe, 0xf9,
    0x44, 0x20, 0x6f, 0x50, 0x9, 0xf3, 0x4, 0x43,
    0x11, 0x11, 0x4f, 0x20, 0x6, 0xf1, 0x11, 0x11,
    0xff, 0xff, 0xff, 0x20, 0x6, 0xff, 0xff, 0xfb,
    0xff, 0xff, 0xff, 0x75, 0x59, 0xff, 0xff, 0xfa,
    0x7e, 0xff, 0xff, 0xff, 0xff, 0xff, 0xff, 0xe4,

    /* U+F7B5 "" */
    0x0, 0x26, 0x51, 0x0, 0x0, 0x0, 0x0, 0x9f,
    0xff, 0xf6, 0x0, 0x0, 0x0, 0x6f, 0xff, 0xff,
    0xf3, 0x0, 0x0, 0xd, 0xff, 0xff, 0xff, 0xa0,
    0x0, 0x0, 0xff, 0xff, 0xff, 0xfe, 0x0, 0x0,
    0xd, 0xff, 0xff, 0xff, 0xf2, 0x0, 0x0, 0x8f,
    0xff, 0xff, 0xff, 0x67, 0xb6, 0x4, 0xff, 0xff,
    0xff, 0xff, 0xff, 0xf2, 0xf, 0xff, 0xff, 0xff,
    0xff, 0xfe, 0x0, 0xbf, 0xff, 0xff, 0xff, 0xff,
    0x30, 0x6, 0xff, 0xff, 0xff, 0xff, 0x30, 0x0,
    0x0, 0x0, 0x0, 0x0, 0x0, 0x0, 0x2, 0x33,
    0x33, 0x33, 0x33, 0x0, 0x1, 0xff, 0xff, 0xff,
    0xff, 0xf6, 0x0, 0xd, 0xff, 0xff, 0xff, 0xfe,
    0x40, 0x0,

    /* U+F7B6 "" */
    0x0, 0x18, 0x1, 0x80, 0x0, 0x0, 0x0, 0x0,
    0x2, 0xf3, 0x1f, 0x40, 0x0, 0x0, 0x0, 0x0,
    0xa, 0xe2, 0x9f, 0x30, 0x0, 0x0, 0x0, 0x0,
    0xc, 0x90, 0xba, 0x0, 0x0, 0x0, 0x0, 0x0,
    0x46, 0x3, 0x60, 0x0, 0x0, 0x0, 0x0, 0x0,
    0x0, 0x0, 0x0, 0x0, 0x0, 0xd, 0xff, 0xff,
    0xff, 0xff, 0xff, 0xc3, 0x1, 0xff, 0xff, 0xff,
    0xff, 0xff, 0xef, 0xf3, 0x1f, 0xff, 0xff, 0xff,
    0xff, 0xf6, 0x3f, 0xb1, 0xff, 0xff, 0xff, 0xff,
    0xff, 0x60, 0xed, 0x1f, 0xff, 0xff, 0xff, 0xff,
    0xf6, 0x3f, 0xb1, 0xff, 0xff, 0xff, 0xff, 0xff,
    0xef, 0xf3, 0xf, 0xff, 0xff, 0xff, 0xff, 0xff,
    0xc4, 0x0, 0xaf, 0xff, 0xff, 0xff, 0xfd, 0x0,
    0x0, 0x0, 0x7b, 0xbb, 0xbb, 0xb8, 0x20, 0x0,
    0x0,

    /* U+F7B9 "" */
    0x0, 0x2, 0x30, 0x0, 0x0, 0x4, 0x10, 0x0,
    0x0, 0x3f, 0xf1, 0x0, 0x0, 0x4f, 0xd1, 0x0,
    0x2, 0xef, 0xf9, 0x0, 0x0, 0xdf, 0xfc, 0x0,
    0xc, 0xff, 0xff, 0x30, 0x6, 0xff, 0xff, 0x80,
    0x2f, 0xff, 0xff, 0x70, 0xa, 0xff, 0xff, 0xe0,
    0x6f, 0xff, 0xfa, 0x6, 0x40, 0xdf, 0xff, 0xf3,
    0x3b, 0xbb, 0xb4, 0x4f, 0xf1, 0x7b, 0xbb, 0xa1,
    0x0, 0x0, 0x0, 0x2e, 0xc0, 0x0, 0x0, 0x0,
    0x0, 0x0, 0x0, 0x0, 0x0, 0x0, 0x0, 0x0,
    0x0, 0x0, 0x0, 0xdc, 0xda, 0x0, 0x0, 0x0,
    0x0, 0x0, 0x7, 0xff, 0xff, 0x30, 0x0, 0x0,
    0x0, 0x0, 0x1f, 0xff, 0xff, 0xc0, 0x0, 0x0,
    0x0, 0x0, 0x8f, 0xff, 0xff, 0xf4, 0x0, 0x0,
    0x0, 0x0, 0x3b, 0xff, 0xfe, 0xa1, 0x0, 0x0,
    0x0, 0x0, 0x0, 0x1, 0x10, 0x0, 0x0, 0x0,

    /* U+F7BA "" */
    0x0, 0x0, 0x0, 0x11, 0x0, 0x0, 0x0, 0x0,
    0x1, 0xaf, 0xff, 0xfa, 0x10, 0x0, 0x0, 0x6f,
    0xff, 0xff, 0xff, 0xf6, 0x0, 0x5, 0xfd, 0x8f,
    0xff, 0xf7, 0xdf, 0x50, 0x1e, 0xe2, 0xb, 0xff,
    0xb0, 0x2e, 0xe1, 0x9f, 0x40, 0x8, 0xff, 0x80,
    0x4, 0xf9, 0xdf, 0x0, 0x3f, 0xcc, 0xf3, 0x0,
    0xed, 0xfe, 0x44, 0xcd, 0x0, 0xdc, 0x44, 0xef,
    0xef, 0xff, 0xfe, 0x11, 0xef, 0xff, 0xfe, 0xcf,
    0xff, 0xff, 0xff, 0xff, 0xff, 0xfc, 0x6f, 0xff,
    0xf6, 0x55, 0x6f, 0xff, 0xf6, 0xc, 0xff, 0xa0,
    0x0, 0xa, 0xff, 0xc0, 0x2, 0xef, 0xc3, 0x0,
    0x3c, 0xfe, 0x20, 0x0, 0x1a, 0xff, 0xff, 0xff,
    0xa1, 0x0, 0x0, 0x0, 0x49, 0xbb, 0x94, 0x0,
    0x0,

    /* U+F7BD "" */
    0x0, 0x0, 0x0, 0x0, 0x0, 0x0, 0x0, 0x0,
    0x0, 0x0, 0x0, 0xaf, 0x40, 0x1, 0xf2, 0x0,
    0x2f, 0xd0, 0x0, 0x0, 0xd, 0xf7, 0x0, 0x1f,
    0x30, 0x4, 0xff, 0x10, 0x0, 0x0, 0x25, 0x0,
    0x1, 0xf3, 0x0, 0x5, 0x30, 0x0, 0x0, 0x17,
    0x95, 0x0, 0x1f, 0x30, 0x3, 0x98, 0x20, 0x0,
    0xc, 0xff, 0xf5, 0x1, 0xf3, 0x3, 0xff, 0xfe,
    0x10, 0x6, 0xff, 0xff, 0xf0, 0x1f, 0x30, 0xdf,
    0xff, 0xf9, 0x0, 0xbf, 0xff, 0xff, 0x51, 0xf3,
    0x2f, 0xff, 0xff, 0xe0, 0xf, 0xff, 0xff, 0xfa,
    0x1f, 0x37, 0xff, 0xff, 0xff, 0x31, 0xee, 0xff,
    0xfe, 0x91, 0xf3, 0x6f, 0xff, 0xff, 0xf3, 0x0,
    0xaf, 0xcf, 0x40, 0x1f, 0x30, 0xef, 0xff, 0xfa,
    0x0, 0xa, 0xf9, 0xf4, 0x1, 0xf3, 0x5, 0xfc,
    0xee, 0x30, 0x0, 0xaf, 0x9f, 0x40, 0x1f, 0x30,
    0x1f, 0xae, 0xd0, 0x0, 0xa, 0xf8, 0xf4, 0x1,
    0xf3, 0x1, 0xfa, 0xed, 0x0, 0x0, 0x5b, 0x3c,
    0x10, 0xb, 0x10, 0xb, 0x58, 0x80, 0x0,

    /* U+F7BF "" */
    0x0, 0x0, 0x0, 0x10, 0x0, 0x0, 0x0, 0x0,
    0x0, 0x0, 0x3, 0xed, 0x10, 0x3, 0x20, 0x0,
    0x0, 0x0, 0x3e, 0xbd, 0xd1, 0x5f, 0xf3, 0x0,
    0x0, 0x2, 0xeb, 0x1, 0xdd, 0xff, 0xff, 0x0,
    0x0, 0x2, 0xfa, 0x0, 0x6f, 0xff, 0xfc, 0x0,
    0x0, 0x0, 0x3f, 0xa5, 0xff, 0xff, 0xc0, 0x0,
    0x0, 0x1, 0x3, 0xff, 0xff, 0xff, 0xd1, 0x0,
    0x9, 0xff, 0xeb, 0xff, 0xff, 0xc2, 0xdd, 0x10,
    0x7, 0xff, 0xff, 0xff, 0xff, 0x10, 0x1d, 0xc0,
    0x0, 0x7f, 0xff, 0xff, 0xcf, 0xa0, 0x4f, 0x90,
    0x0, 0x8, 0xff, 0xff, 0x83, 0xfb, 0xf9, 0x0,
    0x0, 0x2e, 0xff, 0xff, 0xb0, 0x3f, 0x90, 0x0,
    0x0, 0xdf, 0x87, 0xff, 0xd0, 0x0, 0x0, 0x0,
    0x0, 0xb7, 0x0, 0x7f, 0xa0, 0x0, 0x0, 0x0,
    0x0, 0x0, 0x0, 0x6, 0x30, 0x0, 0x0, 0x0,

    /* U+F7C0 "" */
    0x0, 0x0, 0x0, 0x32, 0x0, 0x0, 0x0, 0x0,
    0x0, 0x3, 0xff, 0xe8, 0x0, 0x0, 0x0, 0x0,
    0x0, 0x14, 0x8e, 0xd3, 0x0, 0x0, 0x0, 0x0,
    0x63, 0x1, 0xbf, 0x20, 0x29, 0x10, 0x2, 0xef,
    0xe4, 0xc, 0xc0, 0x9f, 0xd1, 0x0, 0x1, 0x9f,
    0x42, 0xf6, 0xdf, 0xfd, 0x10, 0x0, 0x9, 0xe0,
    0xbb, 0xff, 0xff, 0xd3, 0xdb, 0x2, 0xf2, 0x8e,
    0xef, 0xff, 0xff, 0xf7, 0x0, 0xd4, 0x3e, 0xcf,
    0xff, 0xff, 0xf1, 0x0, 0x0, 0x0, 0x6f, 0xff,
    0xff, 0xfd, 0x10, 0x0, 0x0, 0xc, 0xff, 0xff,
    0xff, 0xd1, 0x0, 0x0, 0x2, 0xff, 0xff, 0xff,
    0xfd, 0x10, 0x0, 0x0, 0x1b, 0xff, 0xff, 0xff,
    0x50, 0x0, 0x0, 0x0, 0x5a, 0xcc, 0x94, 0x0,
    0x0,

    /* U+F7C2 "" */
    0x0, 0x0, 0x0, 0x0, 0x0, 0x0, 0x1a, 0xff,
    0xff, 0xff, 0xc0, 0x1c, 0xfd, 0xfe, 0xdf, 0xdf,
    0x5b, 0xff, 0x1d, 0x43, 0xf0, 0xf6, 0xff, 0xf2,
    0xe5, 0x4f, 0x1f, 0x6f, 0xff, 0xff, 0xff, 0xff,
    0xf6, 0xff, 0xff, 0xff, 0xff, 0xff, 0x6f, 0xff,
    0xff, 0xff, 0xff, 0xf6, 0xff, 0xff, 0xff, 0xff,
    0xff, 0x6f, 0xff, 0xff, 0xff, 0xff, 0xf6, 0xff,
    0xff, 0xff, 0xff, 0xff, 0x6f, 0xff, 0xff, 0xff,
    0xff, 0xf6, 0xff, 0xff, 0xff, 0xff, 0xff, 0x6d,
    0xff, 0xff, 0xff, 0xff, 0xf3, 0x29, 0xaa, 0xaa,
    0xaa, 0xa6, 0x0,

    /* U+F7C4 "" */
    0x0, 0x0, 0x0, 0x0, 0x0, 0x6, 0xff, 0xff,
    0xff, 0xf7, 0x0, 0xff, 0xff, 0xff, 0xff, 0xf8,
    0xf, 0xff, 0xff, 0xff, 0xff, 0xf6, 0xff, 0xff,
    0xff, 0xff, 0xff, 0xaf, 0xff, 0xff, 0xff, 0xff,
    0xfa, 0xff, 0xff, 0xff, 0xff, 0xff, 0xaf, 0xff,
    0xff, 0xff, 0xff, 0xfa, 0xfd, 0x0, 0xc, 0xa0,
    0x3f, 0xaf, 0xd4, 0x44, 0xdb, 0x45, 0xfa, 0xff,
    0xff, 0xff, 0xff, 0xff, 0xaf, 0xc0, 0x1f, 0x40,
    0x1, 0xfa, 0xfe, 0x11, 0xf4, 0x0, 0x4f, 0xae,
    0xff, 0xff, 0xff, 0xff, 0xf8, 0x3a, 0xcc, 0xcc,
    0xcc, 0xb9, 0x0,

    /* U+F7C5 "" */
    0x0, 0x0, 0x0, 0x0, 0x0, 0x3, 0x10, 0x0,
    0x0, 0x0, 0x0, 0x0, 0x7f, 0xe0, 0x0, 0x0,
    0x0, 0x0, 0x0, 0xaf, 0xf2, 0x0, 0x1, 0xab,
    0xbb, 0xa5, 0x29, 0x60, 0x0, 0x2, 0xff, 0xff,
    0xff, 0x10, 0x0, 0x0, 0x0, 0x0, 0x4f, 0xfe,
    0x0, 0x0, 0x0, 0x0, 0x1, 0xff, 0xf3, 0x0,
    0x0, 0x0, 0x0, 0x4, 0xff, 0x50, 0x0, 0x0,
    0x0, 0x0, 0x30, 0xcf, 0xfa, 0x10, 0x0, 0x0,
    0x5, 0xf8, 0x5, 0xcf, 0x90, 0x0, 0x0, 0x4f,
    0xf3, 0x0, 0x1f, 0xa0, 0x0, 0x42, 0x7e, 0x30,
    0x0, 0x1f, 0xa0, 0x0, 0x2d, 0x30, 0x0, 0x0,
    0xc, 0x60, 0x0, 0x3, 0xdb, 0x20, 0x0, 0x0,
    0x7, 0x40, 0x0, 0x1, 0x0, 0x0, 0xae, 0xda,
    0x0,

    /* U+F7C9 "" */
    0x0, 0x0, 0x0, 0x0, 0x0, 0x0, 0x1, 0x0,
    0x0, 0x0, 0x20, 0x0, 0x0, 0x0, 0x6f, 0xd0,
    0x0, 0xa, 0xe2, 0x0, 0x1, 0x10, 0xaf, 0xf2,
    0x0, 0x6, 0xcd, 0x73, 0xaf, 0xf5, 0x2b, 0x80,
    0x0, 0x1, 0x0, 0x7e, 0xff, 0xfe, 0x0, 0x0,
    0x0, 0x0, 0x0, 0x20, 0x7e, 0xdf, 0xb3, 0x0,
    0x0, 0x0, 0x0, 0x5d, 0x60, 0xc, 0xff, 0x90,
    0x0, 0x0, 0x0, 0x9, 0xfb, 0x0, 0x4a, 0x70,
    0x2, 0x0, 0x0, 0x0, 0xbf, 0x80, 0x0, 0x0,
    0xf, 0xc4, 0x0, 0x0, 0x5f, 0xb0, 0x0, 0x0,
    0x2, 0xaf, 0xc4, 0x1, 0xef, 0x30, 0x0, 0x0,
    0x0, 0x2, 0xbf, 0xcb, 0xf7, 0x0, 0x0, 0x0,
    0x0, 0x0, 0x3, 0xbf, 0xf3, 0x0, 0x0, 0x0,
    0x0, 0x0, 0x0, 0x4, 0xcf, 0xa2, 0x0, 0x0,
    0x0, 0x0, 0x0, 0x0, 0x4, 0xdf, 0xab, 0xb0,
    0x0, 0x0, 0x0, 0x0, 0x0, 0x5, 0xa9, 0x30,

    /* U+F7CA "" */
    0x0, 0x0, 0x0, 0x0, 0x0, 0x4b, 0x60, 0x0,
    0x0, 0x0, 0x0, 0x0, 0x0, 0xcf, 0xf0, 0x0,
    0x0, 0x0, 0x4, 0xa9, 0x30, 0x8f, 0xc0, 0x0,
    0x0, 0x0, 0x3f, 0xff, 0xfc, 0x21, 0x0, 0x0,
    0x0, 0x0, 0x8f, 0x4b, 0xff, 0xe3, 0x0, 0x0,
    0x0, 0x0, 0xac, 0x3f, 0xff, 0xfe, 0x8e, 0x30,
    0x0, 0x3, 0xd0, 0xaf, 0xfd, 0x8f, 0xff, 0x20,
    0x0, 0xc, 0x30, 0xbf, 0xf4, 0x3, 0x4e, 0x0,
    0x0, 0x6a, 0x0, 0x4f, 0xfc, 0x10, 0xe, 0x0,
    0x1, 0xd1, 0x8, 0x42, 0xbf, 0x80, 0xe, 0x0,
    0x9, 0x60, 0x4f, 0xe0, 0x3f, 0x80, 0xe, 0x0,
    0x1a, 0x3, 0xff, 0x50, 0x9f, 0x30, 0xa, 0x0,
    0x45, 0x5e, 0xfa, 0x55, 0xff, 0x55, 0x55, 0x97,
    0xcf, 0xff, 0xff, 0xff, 0xff, 0xff, 0xff, 0xc4,

    /* U+F7CC "" */
    0x4, 0x55, 0x40, 0x0, 0x0, 0x0, 0x0, 0x0,
    0x0, 0xf, 0xff, 0xfe, 0x30, 0x0, 0x0, 0x0,
    0x0, 0x0, 0x6, 0xff, 0xff, 0xe1, 0x0, 0x0,
    0x0, 0x59, 0x30, 0x3, 0xff, 0xff, 0xf9, 0x0,
    0x0, 0x0, 0xef, 0x70, 0x3, 0xff, 0xff, 0xff,
    0x50, 0x0, 0x0, 0xfd, 0x0, 0x3, 0xff, 0xff,
    0xff, 0xf6, 0x10, 0x19, 0xfc, 0x0, 0x3, 0xff,
    0xff, 0xff, 0xff, 0xff, 0xff, 0xfc, 0x0, 0x1,
    0xff, 0xff, 0xff, 0xff, 0xff, 0xff, 0xfa, 0x0,
    0x0, 0x7f, 0xff, 0xff, 0xff, 0xff, 0xff, 0xf2,
    0x0, 0x0, 0x7, 0xf7, 0x77, 0x77, 0x77, 0xf8,
    0x10, 0x42, 0x0, 0x6, 0xe0, 0x0, 0x0, 0x1,
    0xf3, 0x0, 0xe7, 0xe, 0xff, 0xff, 0xff, 0xff,
    0xff, 0xff, 0xff, 0xe2, 0x4, 0x55, 0x55, 0x55,
    0x55, 0x55, 0x55, 0x55, 0x10,

    /* U+F7CD "" */
    0x0, 0x0, 0x0, 0x13, 0x31, 0x0, 0x0, 0x0,
    0x0, 0x3, 0xcf, 0xff, 0xfc, 0x30, 0x0, 0x0,
    0x9, 0xff, 0xff, 0xff, 0xff, 0x90, 0x0, 0x8,
    0xff, 0xff, 0xff, 0xff, 0xff, 0x80, 0x4, 0xff,
    0xff, 0xff, 0xff, 0xff, 0xff, 0x40, 0xbf, 0xfa,
    0xad, 0xdd, 0xdc, 0x8f, 0xfb, 0xe, 0xfd, 0x2c,
    0x83, 0x38, 0x1a, 0xff, 0xe0, 0xff, 0xf6, 0x48,
    0x11, 0x89, 0x2e, 0xff, 0xc, 0xfe, 0x43, 0x9a,
    0xa9, 0x61, 0xef, 0xd0, 0x8f, 0xfd, 0xff, 0xff,
    0xfe, 0xff, 0xf9, 0x1, 0xff, 0xff, 0xff, 0xff,
    0xff, 0xfe, 0x10, 0xb, 0xff, 0xff, 0xff, 0xff,
    0xff, 0x40, 0x3, 0xff, 0xff, 0xff, 0xff, 0xfd,
    0x30, 0x0, 0xcf, 0xf9, 0x6b, 0xdd, 0xb6, 0x0,
    0x0, 0x9, 0x71, 0x0, 0x0, 0x0, 0x0, 0x0,
    0x0,

    /* U+F7CE "" */
    0x0, 0x0, 0x14, 0x0, 0x0, 0x4b, 0x60, 0x0,
    0x0, 0x8, 0xfb, 0x10, 0xc, 0xff, 0x10, 0x0,
    0x0, 0x1b, 0xfe, 0x50, 0x7f, 0xc0, 0x0, 0x0,
    0x0, 0x6, 0xff, 0x90, 0x10, 0x0, 0x0, 0x0,
    0x0, 0x8f, 0xff, 0xd3, 0x0, 0x0, 0x0, 0x0,
    0xbf, 0xff, 0xdf, 0xf8, 0x0, 0x0, 0x0, 0x6f,
    0xff, 0xa0, 0x3d, 0xf7, 0x0, 0x0, 0xa, 0xff,
    0xf7, 0x0, 0x7, 0x20, 0x0, 0x0, 0xbf, 0x4e,
    0xf5, 0x0, 0x0, 0x6, 0x40, 0xb, 0xf1, 0x2f,
    0xa0, 0x0, 0x0, 0x8f, 0x84, 0xbf, 0x11, 0xfa,
    0x0, 0x0, 0x0, 0x5d, 0xff, 0xfb, 0x8f, 0xb0,
    0x0, 0x0, 0x0, 0x0, 0x37, 0xad, 0xff, 0xeb,
    0xcf, 0x20, 0x0, 0x0, 0x0, 0x0, 0x36, 0x98,
    0x40,

    /* U+F7D0 "" */
    0x0, 0x0, 0x0, 0x0, 0x0, 0x0, 0x0, 0x0,
    0x0, 0x0, 0x0, 0x0, 0x4d, 0xff, 0xa1, 0x0,
    0x0, 0x0, 0x0, 0x0, 0x3, 0xff, 0xff, 0xfc,
    0x0, 0x0, 0x0, 0x0, 0x0, 0xb, 0xf6, 0xfb,
    0x9f, 0x50, 0x0, 0x0, 0x0, 0x0, 0xe, 0xe5,
    0xea, 0x9f, 0x80, 0x0, 0x0, 0x0, 0x0, 0xc,
    0xff, 0x7, 0xff, 0x50, 0x0, 0x0, 0x0, 0x0,
    0x5, 0xff, 0x3b, 0xfe, 0x10, 0x0, 0x0, 0x1,
    0xa0, 0x0, 0xcf, 0xff, 0xf6, 0x0, 0x29, 0x0,
    0x8c, 0xf1, 0xb, 0xff, 0xff, 0xff, 0x60, 0x6f,
    0xc4, 0x3b, 0xfd, 0xbf, 0xff, 0xff, 0xff, 0xf9,
    0xef, 0x91, 0x0, 0x29, 0xff, 0xff, 0x3b, 0xff,
    0xfe, 0x60, 0x0, 0x0, 0x3, 0xff, 0xff, 0xff,
    0xff, 0xfd, 0x0, 0x0, 0x0, 0x3, 0xff, 0xff,
    0xae, 0xff, 0xfe, 0x0, 0x0, 0x0, 0x1, 0xff,
    0xff, 0x4c, 0xff, 0xfb, 0x0, 0x0, 0x0, 0x0,
    0xaf, 0xff, 0xff, 0xff, 0xf4, 0x0, 0x0, 0x0,
    0x0, 0x1d, 0xff, 0xff, 0xff, 0x90, 0x0, 0x0,
    0x0, 0x0, 0x1, 0x9c, 0xcc, 0xc6, 0x0, 0x0,
    0x0,

    /* U+F7D2 "" */
    0x0, 0x0, 0x0, 0x0, 0x0, 0x0, 0x0, 0x0,
    0x0, 0x0, 0x1, 0xdf, 0xff, 0xe4, 0x0, 0x0,
    0x0, 0x0, 0x0, 0x7, 0xfc, 0xbb, 0xfe, 0x0,
    0x0, 0x0, 0x0, 0x0, 0x8, 0xf2, 0x0, 0x8f,
    0x70, 0x0, 0x0, 0x0, 0x0, 0x8, 0xf2, 0x0,
    0x1e, 0xe0, 0x0, 0x4, 0xc4, 0x0, 0x6e, 0xf5,
    0x0, 0x7, 0xf7, 0x0, 0x1f, 0xa1, 0x2, 0xff,
    0xff, 0x70, 0x1, 0xee, 0x0, 0x5f, 0x0, 0x4,
    0xff, 0xff, 0xff, 0xff, 0xff, 0x30, 0x6e, 0x0,
    0x4, 0xff, 0xff, 0xff, 0xff, 0xff, 0x41, 0x7e,
    0x0, 0x4, 0xff, 0xff, 0xff, 0xff, 0xff, 0xff,
    0xfe, 0x0, 0xc, 0xfa, 0x77, 0x77, 0x77, 0xaf,
    0xd3, 0x8e, 0x0, 0x1f, 0xc2, 0xb0, 0x85, 0xc,
    0x2c, 0xf0, 0x6e, 0x0, 0xf, 0xe3, 0x30, 0x21,
    0x3, 0x3e, 0xf0, 0x5f, 0x0, 0x7, 0xff, 0xff,
    0xff, 0xff, 0xff, 0x70, 0x1f, 0xc2, 0x0, 0x5a,
    0xcc, 0xcc, 0xcc, 0xa5, 0x0, 0x3, 0xa4,

    /* U+F7D7 "" */
    0xdf, 0xff, 0xff, 0xff, 0xff, 0x54, 0x66, 0x66,
    0x66, 0x66, 0x51, 0x0, 0x0, 0x0, 0x0, 0x0,
    0xc, 0xff, 0xff, 0xff, 0xff, 0xf4, 0x9d, 0xdd,
    0xef, 0xdd, 0xdc, 0x30, 0x0, 0xa, 0xf2, 0x0,
    0x0, 0x0, 0x0, 0xaf, 0x20, 0x0, 0x0, 0x0,
    0xa, 0xf2, 0x0, 0x0, 0x0, 0x0, 0xaf, 0x20,
    0x0, 0x0, 0x0, 0xa, 0xf2, 0x0, 0x0, 0x0,
    0x0, 0xaf, 0x20, 0x0, 0x0, 0x0, 0xa, 0xf2,
    0x0, 0x0, 0x0, 0x0, 0x6d, 0x0, 0x0, 0x0,

    /* U+F7D8 "" */
    0x23, 0x33, 0x33, 0x33, 0x33, 0x33, 0xe, 0xff,
    0xff, 0xff, 0xff, 0xff, 0xf2, 0x2f, 0xe8, 0xef,
    0xff, 0xff, 0xf6, 0x1, 0xff, 0xaf, 0xff, 0xff,
    0xff, 0x50, 0x1f, 0xff, 0xff, 0xff, 0xff, 0xf5,
    0x1, 0xff, 0xff, 0xff, 0xff, 0xff, 0x50, 0x7f,
    0xff, 0xfe, 0xef, 0xff, 0xfa, 0xe, 0xe5, 0x10,
    0x0, 0x0, 0x4c, 0xf2, 0xef, 0xa6, 0x43, 0x23,
    0x58, 0xef, 0x2b, 0xff, 0xff, 0xff, 0xff, 0xff,
    0xf0, 0x3f, 0xff, 0xff, 0xff, 0xff, 0xf8, 0x0,
    0x6f, 0xff, 0xff, 0xff, 0xfa, 0x0, 0x0, 0xcf,
    0xff, 0xff, 0xff, 0x0, 0x0, 0x1f, 0xff, 0xff,
    0xff, 0xf5, 0x0, 0x1, 0xdf, 0xff, 0xff, 0xfe,
    0x40, 0x0,

    /* U+F7D9 "" */
    0x3, 0x70, 0x0, 0x0, 0x2, 0x41, 0x0, 0x0,
    0x3f, 0xfc, 0x20, 0x2, 0xdf, 0xff, 0x10, 0x0,
    0x4f, 0xff, 0xf6, 0xd, 0xff, 0xf3, 0x0, 0x0,
    0xa, 0xff, 0xff, 0xa, 0xff, 0x70, 0x4, 0x50,
    0x1, 0xef, 0xff, 0x15, 0xff, 0x70, 0x5f, 0xa0,
    0x0, 0x4d, 0xef, 0xc0, 0x5b, 0xdf, 0xff, 0xa0,
    0x0, 0x0, 0xa, 0xfc, 0x0, 0x5, 0xef, 0x70,
    0x0, 0x0, 0x0, 0x9f, 0xef, 0xb2, 0x2c, 0x0,
    0x0, 0x0, 0xc7, 0xd, 0xff, 0xfe, 0x20, 0x0,
    0x0, 0xc, 0xfd, 0xd, 0xff, 0xff, 0xe2, 0x0,
    0x0, 0xcf, 0xfe, 0x9, 0xff, 0xff, 0xfe, 0x20,
    0xc, 0xff, 0xff, 0x51, 0xdf, 0xff, 0xff, 0xd0,
    0x5f, 0xff, 0xfb, 0x0, 0x1d, 0xff, 0xff, 0xe0,
    0x5f, 0xff, 0xb0, 0x0, 0x1, 0xdf, 0xff, 0x30,
    0x8, 0xd9, 0x0, 0x0, 0x0, 0x1b, 0xd3, 0x0,
    0x0, 0x0, 0x0, 0x0, 0x0, 0x0, 0x0, 0x0,

    /* U+F7DA "" */
    0x0, 0x0, 0x0, 0x1, 0x0, 0x0, 0x0, 0x0,
    0x0, 0x27, 0xe, 0xa0, 0x0, 0x0, 0x0, 0x0,
    0x7f, 0x14, 0x21, 0x5a, 0xea, 0x0, 0x0, 0x0,
    0x38, 0xcf, 0xfb, 0x61, 0x0, 0x15, 0xae, 0xfe,
    0x84, 0x0, 0x0, 0x4c, 0xff, 0xb7, 0xba, 0x0,
    0x0, 0x0, 0x69, 0x40, 0x0, 0x9a, 0x0, 0x0,
    0x0, 0x0, 0x0, 0x0, 0xaa, 0x0, 0x0, 0x0,
    0x7, 0xff, 0xff, 0xff, 0xff, 0xff, 0x70, 0xf,
    0xfb, 0xcf, 0xbb, 0xfd, 0xbf, 0xf0, 0x1f, 0xa0,
    0x5f, 0x0, 0xe6, 0xa, 0xf1, 0x1f, 0xa0, 0x5f,
    0x0, 0xe6, 0xa, 0xf1, 0x1f, 0xf8, 0xbf, 0x88,
    0xfb, 0x8f, 0xf1, 0x1f, 0xff, 0xff, 0xff, 0xff,
    0xff, 0xf1, 0xf, 0xff, 0xff, 0xff, 0xff, 0xff,
    0xf0, 0x6, 0xef, 0xff, 0xff, 0xff, 0xfe, 0x60,

    /* U+F7E4 "" */
    0x0, 0x0, 0x0, 0x0, 0x0, 0x0, 0x0, 0xa,
    0xa0, 0x0, 0x0, 0x0, 0x3, 0xfe, 0x0, 0x0,
    0x0, 0x0, 0x7f, 0xf9, 0x0, 0x0, 0x0, 0x5,
    0xff, 0xfa, 0x0, 0x0, 0x11, 0x1e, 0xff, 0xf9,
    0x0, 0xd, 0x90, 0x3f, 0xff, 0xf4, 0x8, 0xfa,
    0x0, 0x5f, 0xff, 0xe0, 0xcf, 0xa0, 0x0, 0xef,
    0xff, 0x4f, 0xfd, 0x0, 0x2f, 0xff, 0xf7, 0xdf,
    0xfc, 0x9e, 0xff, 0xff, 0x69, 0xff, 0xff, 0xff,
    0xff, 0xf3, 0x1e, 0xff, 0xff, 0xff, 0xfb, 0x0,
    0x4e, 0xff, 0xff, 0xfd, 0x20, 0x0, 0x17, 0xbd,
    0xb7, 0x0, 0x0,

    /* U+F7E5 "" */
    0x0, 0x0, 0x0, 0x0, 0x0, 0x0, 0x0, 0x0,
    0x0, 0x0, 0x0, 0x0, 0x0, 0x9e, 0x50, 0x0,
    0x0, 0x0, 0x0, 0x0, 0x3d, 0xff, 0xd0, 0x0,
    0x0, 0x0, 0x0, 0x4, 0xff, 0xf8, 0x3, 0x40,
    0x0, 0x0, 0x0, 0x2f, 0xfe, 0x30, 0x8f, 0xf3,
    0x0, 0x0, 0x0, 0xcf, 0xd1, 0x2d, 0xff, 0xf4,
    0x0, 0x0, 0x6, 0xff, 0x24, 0xff, 0xfd, 0x30,
    0x0, 0x0, 0xe, 0xf6, 0x1e, 0xff, 0xc1, 0x0,
    0x0, 0x0, 0x9f, 0xc0, 0xaf, 0xfb, 0x0, 0x0,
    0x0, 0x8, 0xff, 0x43, 0xff, 0xf1, 0x0, 0x0,
    0x0, 0x9f, 0xfa, 0xc, 0xff, 0x60, 0x0, 0x0,
    0x2d, 0xff, 0xb0, 0x7f, 0xfd, 0x0, 0x0, 0x0,
    0x9f, 0xf9, 0x6, 0xff, 0xf3, 0x0, 0x0, 0x0,
    0x2d, 0x60, 0x8f, 0xff, 0x80, 0x0, 0x0, 0x0,
    0x0, 0x1b, 0xff, 0xf7, 0x0, 0x0, 0x0, 0x0,
    0x0, 0x2e, 0xfe, 0x40, 0x0, 0x0, 0x0, 0x0,
    0x0, 0x2, 0x71, 0x0, 0x0, 0x0, 0x0, 0x0,

    /* U+F7E6 "" */
    0x0, 0x0, 0x0, 0x0, 0x0, 0x0, 0x1, 0xbf,
    0xff, 0xff, 0xff, 0xff, 0xc0, 0xbf, 0xff, 0xff,
    0xff, 0xff, 0xff, 0x3f, 0xff, 0xff, 0xed, 0xff,
    0xff, 0xf3, 0xff, 0xff, 0xf4, 0xf, 0xff, 0xff,
    0x3f, 0xff, 0xe5, 0x10, 0x5b, 0xff, 0xf3, 0xff,
    0xfd, 0x51, 0x5, 0xbf, 0xff, 0x3f, 0xff, 0xff,
    0x40, 0xff, 0xff, 0xf3, 0xff, 0xff, 0xfe, 0xdf,
    0xff, 0xff, 0x3f, 0xff, 0xff, 0xff, 0xff, 0xff,
    0xf3, 0xff, 0xff, 0xff, 0xff, 0xff, 0xfd, 0xf,
    0xe2, 0x0, 0x0, 0x0, 0x6f, 0x50, 0xee, 0x10,
    0x0, 0x0, 0x6, 0xf5, 0x9, 0xff, 0xff, 0xff,
    0xff, 0xff, 0xe1, 0x7, 0xbb, 0xbb, 0xbb, 0xbb,
    0xba, 0x0,

    /* U+F7EC "" */
    0x0, 0x0, 0x0, 0x0, 0x0, 0x0, 0x0, 0x0,
    0x0, 0x24, 0x66, 0x42, 0x0, 0x0, 0x0, 0x7d,
    0xff, 0xff, 0xff, 0xd7, 0x0, 0xb, 0xff, 0xff,
    0xff, 0xff, 0xff, 0xb0, 0x9f, 0xff, 0xff, 0xff,
    0xff, 0xff, 0xf9, 0xef, 0xff, 0xff, 0xff, 0xff,
    0xff, 0xfe, 0xdf, 0xff, 0xff, 0xff, 0xff, 0xff,
    0xfd, 0x3c, 0xff, 0xff, 0xff, 0xff, 0xff, 0xc3,
    0x4, 0xff, 0xff, 0xff, 0xff, 0xff, 0x40, 0x4,
    0xff, 0xff, 0xff, 0xff, 0xff, 0x40, 0x4, 0xff,
    0xff, 0xff, 0xff, 0xff, 0x40, 0x4, 0xff, 0xff,
    0xff, 0xff, 0xff, 0x40, 0x3, 0xff, 0xff, 0xff,
    0xff, 0xff, 0x30, 0x0, 0xad, 0xee, 0xee, 0xee,
    0xda, 0x0,

    /* U+F7EF "" */
    0x0, 0x0, 0x0, 0x0, 0x10, 0x0, 0x0, 0x0,
    0x0, 0x0, 0x4d, 0xfe, 0xa1, 0x0, 0x0, 0x0,
    0x9, 0xff, 0xff, 0xff, 0x40, 0x0, 0x4, 0xdf,
    0xff, 0xff, 0xff, 0xe1, 0x0, 0x9f, 0xff, 0xff,
    0xff, 0xff, 0xf9, 0x3e, 0xff, 0xff, 0xff, 0xff,
    0xff, 0xfc, 0xdf, 0xff, 0xff, 0xff, 0xff, 0xff,
    0xfe, 0x0, 0x0, 0x0, 0x0, 0x0, 0x0, 0x0,
    0xff, 0xff, 0xff, 0xff, 0xff, 0xff, 0xff, 0xff,
    0xff, 0xff, 0xff, 0xff, 0xff, 0xff, 0xff, 0xff,
    0xff, 0xff, 0xff, 0xff, 0xff, 0xef, 0xff, 0xff,
    0xff, 0xff, 0xff, 0xfe, 0x4c, 0xdd, 0xdd, 0xdd,
    0xdd, 0xdd, 0xc4,

    /* U+F7F2 "" */
    0x0, 0x0, 0x0, 0x2, 0x0, 0x0, 0x0, 0x0,
    0x0, 0x0, 0x6, 0xfc, 0x10, 0x0, 0x0, 0x0,
    0x0, 0x7, 0xff, 0xfc, 0x2d, 0xd2, 0x0, 0x0,
    0x8, 0xff, 0xff, 0xff, 0xff, 0x50, 0x0, 0x9,
    0xff, 0xff, 0xff, 0xff, 0xf5, 0x0, 0xa, 0xff,
    0xff, 0xff, 0xff, 0xff, 0x60, 0xb, 0xff, 0xff,
    0xff, 0xff, 0xff, 0xff, 0x32, 0xff, 0xff, 0xff,
    0x29, 0xff, 0xff, 0xf9, 0x2, 0xef, 0xfd, 0x90,
    0x4b, 0xff, 0xf7, 0x0, 0xe, 0xff, 0x60, 0x0,
    0xe, 0xff, 0x50, 0x0, 0xef, 0xfd, 0x80, 0x4a,
    0xff, 0xf5, 0x0, 0xe, 0xff, 0xff, 0x19, 0xff,
    0xff, 0x50, 0x0, 0xef, 0xff, 0xff, 0xff, 0xff,
    0xf5, 0x0, 0xc, 0xff, 0xff, 0xff, 0xff, 0xff,
    0x30, 0x0, 0x3b, 0xcc, 0xcc, 0xcc, 0xcc, 0x70,
    0x0,

    /* U+F7F3 "" */
    0x0, 0x0, 0x0, 0x0, 0x0, 0x0, 0x5b, 0xff,
    0xff, 0xd6, 0x10, 0xbf, 0xfc, 0xbb, 0xbf, 0xfe,
    0x1f, 0xff, 0x53, 0x33, 0xef, 0xf4, 0xff, 0xff,
    0xff, 0xff, 0xff, 0x4f, 0xff, 0xff, 0xff, 0xff,
    0xf4, 0xff, 0xff, 0xff, 0xff, 0xff, 0x4f, 0xff,
    0xf6, 0x4e, 0xff, 0xf4, 0xff, 0xfd, 0x0, 0x8f,
    0xff, 0x4f, 0xff, 0xf3, 0x1d, 0xff, 0xf4, 0xff,
    0xff, 0xff, 0xff, 0xff, 0x4f, 0xff, 0x62, 0x23,
    0xbf, 0xf4, 0xff, 0xb0, 0x0, 0x3, 0xff, 0x4d,
    0xff, 0xff, 0xff, 0xff, 0xf2, 0x3b, 0xcc, 0xcc,
    0xcc, 0xb6, 0x0,

    /* U+F7F5 "" */
    0x0, 0x0, 0x0, 0x0, 0x0, 0x0, 0x0, 0x0,
    0x0, 0x1, 0x9d, 0xff, 0xd9, 0x10, 0x0, 0x0,
    0x6, 0xff, 0xff, 0xff, 0xff, 0x60, 0x0, 0x6,
    0xff, 0xff, 0xff, 0xff, 0xff, 0x60, 0x2, 0xff,
    0xff, 0xfa, 0xaf, 0xff, 0xff, 0x20, 0xaf, 0xff,
    0xff, 0x0, 0xff, 0xff, 0xfa, 0xe, 0xff, 0xf9,
    0x70, 0x7, 0x9f, 0xff, 0xe0, 0xff, 0xff, 0x10,
    0x0, 0x1, 0xff, 0xff, 0xc, 0xff, 0xfb, 0x80,
    0x8, 0xbf, 0xff, 0xe0, 0x9f, 0xff, 0xff, 0x0,
    0xff, 0xff, 0xf9, 0x1, 0xff, 0xff, 0xfc, 0xcf,
    0xff, 0xff, 0x20, 0xb, 0xff, 0xff, 0xff, 0xff,
    0xff, 0x50, 0x3, 0xff, 0xff, 0xff, 0xff, 0xfe,
    0x50, 0x0, 0xbf, 0xfa, 0x7c, 0xee, 0xc7, 0x0,
    0x0, 0xa, 0x81, 0x0, 0x0, 0x0, 0x0, 0x0,
    0x0,

    /* U+F7F7 "" */
    0x0, 0x0, 0x0, 0x0, 0x1, 0x0, 0x0, 0x0,
    0x0, 0x0, 0x0, 0x0, 0xf, 0xc1, 0x0, 0x0,
    0x0, 0x0, 0x0, 0x0, 0x2f, 0xfc, 0x10, 0x0,
    0x0, 0x0, 0x0, 0x2, 0xef, 0xcf, 0xc1, 0x0,
    0x0, 0x0, 0x0, 0x2e, 0xf7, 0x9, 0xfc, 0x10,
    0x0, 0x0, 0x2, 0xef, 0x70, 0x1, 0xff, 0xb0,
    0x0, 0x0, 0x1e, 0xff, 0xc0, 0x1d, 0xfc, 0xa0,
    0x0, 0x0, 0xaf, 0x79, 0xfc, 0xdf, 0x80, 0x0,
    0x0, 0x0, 0xed, 0x0, 0xaf, 0xf8, 0x0, 0x0,
    0x0, 0x0, 0xfd, 0x2, 0xdf, 0x80, 0x0, 0x0,
    0x0, 0x2, 0xff, 0xff, 0xf8, 0x0, 0x0, 0x0,
    0x0, 0x1d, 0xfc, 0xba, 0x50, 0x0, 0x0, 0x0,
    0x1, 0xdf, 0x70, 0x0, 0x0, 0x0, 0x0, 0x0,
    0xd, 0xf8, 0x0, 0x0, 0x0, 0x0, 0x0, 0x0,
    0x8, 0x60, 0x0, 0x0, 0x0, 0x0, 0x0, 0x0,

    /* U+F7FA "" */
    0x0, 0x0, 0x0, 0x2, 0x10, 0x0, 0x0, 0x0,
    0x0, 0x0, 0x6f, 0xf4, 0x0, 0x0, 0x0, 0x0,
    0x6, 0xff, 0xfc, 0x0, 0x0, 0x18, 0x9a, 0xdf,
    0xff, 0xff, 0x20, 0x0, 0xcf, 0xff, 0xff, 0xff,
    0xff, 0xb0, 0x0, 0xef, 0xff, 0xff, 0xf4, 0xbf,
    0xfd, 0x60, 0x7f, 0xfa, 0x2f, 0xf4, 0xbf, 0xff,
    0xfa, 0xa, 0xfc, 0x6f, 0xff, 0xff, 0xff, 0xfe,
    0x5, 0xff, 0xff, 0xfc, 0xef, 0xff, 0xf7, 0xc,
    0xff, 0xff, 0xf0, 0x8f, 0xfc, 0x20, 0x9f, 0xff,
    0xff, 0xfc, 0xef, 0xb0, 0x0, 0xaf, 0xff, 0xff,
    0xff, 0xff, 0x50, 0x0, 0x18, 0x84, 0x25, 0xef,
    0xff, 0x40, 0x0, 0x0, 0x0, 0x0, 0x1d, 0xff,
    0x20, 0x0, 0x0, 0x0, 0x0, 0x2, 0xa7, 0x0,
    0x0,

    /* U+F7FB "" */
    0x0, 0x5, 0xbc, 0x91, 0x0, 0x0, 0x8, 0xff,
    0xff, 0xe2, 0x0, 0x7, 0xfe, 0xef, 0xff, 0xd1,
    0x0, 0xfe, 0x2d, 0xff, 0xff, 0x70, 0x6f, 0x78,
    0xff, 0xff, 0xfe, 0xb, 0xf2, 0xff, 0xff, 0xff,
    0xf3, 0xdf, 0x2f, 0xff, 0xff, 0xff, 0x5f, 0xd6,
    0xff, 0xff, 0xff, 0xf7, 0xdf, 0xff, 0xff, 0xff,
    0xff, 0x59, 0xff, 0xff, 0xff, 0xff, 0xf1, 0x2f,
    0xff, 0xff, 0xff, 0xf9, 0x0, 0x6f, 0xff, 0xff,
    0xfd, 0x10, 0x0, 0x4e, 0xff, 0xfa, 0x0, 0x0,
    0x0, 0x2, 0x30, 0x0, 0x0,

    /* U+F802 "" */
    0x10, 0x0, 0x0, 0x0, 0x2, 0x10, 0x0, 0x0,
    0xf4, 0x0, 0x0, 0x0, 0xcf, 0xfa, 0x44, 0x30,
    0xf4, 0x0, 0x0, 0x1, 0xff, 0xff, 0xff, 0xf9,
    0xf6, 0x11, 0x11, 0x1, 0xff, 0xff, 0xff, 0xfc,
    0xff, 0xff, 0xff, 0x81, 0xff, 0xff, 0xff, 0xfc,
    0xf7, 0x33, 0x33, 0x10, 0xff, 0xff, 0xff, 0xfc,
    0xf4, 0x0, 0x0, 0x0, 0x8f, 0xff, 0xff, 0xe5,
    0xf4, 0x0, 0x0, 0x0, 0x0, 0x0, 0x0, 0x0,
    0xf4, 0x0, 0x0, 0x0, 0x2, 0x10, 0x0, 0x0,
    0xf4, 0x0, 0x0, 0x0, 0xcf, 0xfa, 0x44, 0x30,
    0xf4, 0x0, 0x0, 0x1, 0xff, 0xff, 0xff, 0xf9,
    0xf6, 0x11, 0x11, 0x1, 0xff, 0xff, 0xff, 0xfc,
    0x9f, 0xff, 0xff, 0x81, 0xff, 0xff, 0xff, 0xfc,
    0x2, 0x33, 0x33, 0x10, 0xff, 0xff, 0xff, 0xfc,
    0x0, 0x0, 0x0, 0x0, 0x8f, 0xff, 0xff, 0xe5,

    /* U+F805 "" */
    0x0, 0x0, 0x0, 0x22, 0x0, 0x0, 0x0, 0x0,
    0x4, 0xcf, 0xff, 0xfc, 0x40, 0x0, 0x0, 0x9e,
    0xef, 0x77, 0xfe, 0xe9, 0x0, 0x7, 0xf7, 0x9f,
    0xff, 0xf9, 0x7f, 0x70, 0xe, 0xff, 0xff, 0xff,
    0xff, 0xff, 0xe0, 0xd, 0xee, 0xee, 0xee, 0xee,
    0xee, 0xd0, 0x0, 0x0, 0x0, 0x0, 0x0, 0x0,
    0x0, 0x9c, 0xcc, 0xcc, 0xcc, 0xcc, 0xcc, 0xc9,
    0xbf, 0xff, 0xff, 0xff, 0xff, 0xff, 0xfb, 0x0,
    0x0, 0x0, 0x0, 0x0, 0x0, 0x0, 0x9, 0xaa,
    0xaa, 0xaa, 0xaa, 0xaa, 0x90, 0xe, 0xff, 0xff,
    0xff, 0xff, 0xff, 0xe0, 0x4, 0xdf, 0xff, 0xff,
    0xff, 0xfd, 0x40,

    /* U+F806 "" */
    0x0, 0x0, 0x0, 0x0, 0x0, 0x0, 0x0, 0x0,
    0x9, 0xe1, 0x0, 0x0, 0x0, 0x0, 0xe, 0xf4,
    0x0, 0x0, 0x0, 0x0, 0xe, 0xf4, 0x0, 0x0,
    0x0, 0x0, 0xe, 0xf4, 0x0, 0x0, 0x0, 0x0,
    0xe, 0xf4, 0x0, 0x0, 0x0, 0x7, 0xaf, 0xf6,
    0x30, 0x0, 0x0, 0x1f, 0xff, 0xff, 0xf6, 0x50,
    0x4, 0x3f, 0xff, 0xff, 0xff, 0xf7, 0xf, 0x5f,
    0xff, 0xff, 0xff, 0xfa, 0x1f, 0xff, 0xff, 0xff,
    0xff, 0xfa, 0xf, 0xff, 0xff, 0xff, 0xff, 0xf9,
    0xc, 0xff, 0xff, 0xff, 0xff, 0xf6, 0x2, 0xff,
    0xff, 0xff, 0xff, 0xd0, 0x0, 0x19, 0xdf, 0xff,
    0xea, 0x10,

    /* U+F807 "" */
    0x0, 0x0, 0x0, 0x59, 0x92, 0x0, 0x0, 0x0,
    0x0, 0x0, 0x10, 0xdf, 0xf9, 0x1, 0x0, 0x0,
    0x0, 0x9, 0xc0, 0xdf, 0xf9, 0xf, 0x60, 0x0,
    0x0, 0xaf, 0xc0, 0xdf, 0xf9, 0xf, 0xf6, 0x0,
    0x5, 0xff, 0xc0, 0xdf, 0xf9, 0xf, 0xff, 0x10,
    0xc, 0xff, 0xc0, 0xdf, 0xf9, 0xf, 0xff, 0x80,
    0xf, 0xff, 0xd0, 0xef, 0xfa, 0x1f, 0xff, 0xb0,
    0x1f, 0xff, 0xfb, 0xff, 0xff, 0xbf, 0xff, 0xd0,
    0x1f, 0xff, 0xff, 0xff, 0xff, 0xff, 0xff, 0xd0,
    0x2, 0x22, 0x22, 0x22, 0x22, 0x22, 0x22, 0x20,
    0x3, 0x33, 0x33, 0x33, 0x33, 0x33, 0x33, 0x30,
    0xdf, 0xff, 0xff, 0xff, 0xff, 0xff, 0xff, 0xf9,
    0x9f, 0xff, 0xff, 0xff, 0xff, 0xff, 0xff, 0xe6,

    /* U+F80A "" */
    0x0, 0x0, 0x0, 0x0, 0x0, 0x0, 0x0, 0x0,
    0x0, 0x0, 0x0, 0x2d, 0xc1, 0x0, 0x0, 0x0,
    0x0, 0x0, 0x3, 0xef, 0xfd, 0x20, 0x0, 0x0,
    0x0, 0x0, 0x4f, 0xff, 0xff, 0xe2, 0x0, 0x0,
    0x0, 0x5, 0xff, 0xff, 0xff, 0xff, 0x30, 0x0,
    0x0, 0x6f, 0xff, 0xff, 0xff, 0xff, 0xf4, 0x0,
    0x7, 0xff, 0xff, 0xff, 0xff, 0xff, 0xff, 0x60,
    0x1f, 0xff, 0xff, 0xff, 0xff, 0xff, 0xff, 0xf0,
    0x4, 0xef, 0xff, 0xff, 0xff, 0xff, 0xfd, 0x30,
    0x0, 0xdf, 0xff, 0xfb, 0xcf, 0xff, 0xfb, 0x0,
    0x0, 0xdf, 0xff, 0x40, 0x6, 0xff, 0xfb, 0x0,
    0x0, 0xdf, 0xff, 0x10, 0x3, 0xff, 0xfb, 0x0,
    0x0, 0xdf, 0xff, 0x10, 0x3, 0xff, 0xfb, 0x0,
    0x0, 0xcf, 0xff, 0x65, 0x57, 0xff, 0xfa, 0x0,
    0x0, 0x3d, 0xff, 0xff, 0xff, 0xff, 0xd2, 0x0,

    /* U+F80B "" */
    0x0, 0x0, 0x0, 0x0, 0x0, 0x0, 0x0, 0x0,
    0x0, 0x0, 0x0, 0x2d, 0xc1, 0x0, 0x0, 0x0,
    0x0, 0x0, 0x2, 0xef, 0xfe, 0x27, 0xb5, 0x0,
    0x0, 0x0, 0x3f, 0xff, 0xff, 0xef, 0xfb, 0x0,
    0x0, 0x5, 0xff, 0xff, 0xff, 0xff, 0xfb, 0x0,
    0x0, 0x6f, 0xff, 0xff, 0xff, 0xff, 0xfb, 0x0,
    0x7, 0xff, 0xff, 0xff, 0xff, 0xff, 0xff, 0x50,
    0x1f, 0xff, 0xff, 0xff, 0xff, 0xff, 0xff, 0xf0,
    0x4, 0xef, 0xff, 0xff, 0xff, 0xff, 0xfd, 0x30,
    0x0, 0xdf, 0xff, 0xfb, 0xcf, 0xff, 0xfb, 0x0,
    0x0, 0xdf, 0xff, 0x40, 0x6, 0xff, 0xfb, 0x0,
    0x0, 0xdf, 0xff, 0x10, 0x3, 0xff, 0xfb, 0x0,
    0x0, 0xdf, 0xff, 0x10, 0x3, 0xff, 0xfb, 0x0,
    0x0, 0xcf, 0xff, 0x65, 0x57, 0xff, 0xfa, 0x0,
    0x0, 0x3d, 0xff, 0xff, 0xff, 0xff, 0xd2, 0x0,

    /* U+F80C "" */
    0x0, 0x0, 0x0, 0x0, 0x0, 0x0, 0x0, 0x0,
    0x0, 0x0, 0x0, 0x2d, 0xc1, 0x0, 0x0, 0x0,
    0x0, 0x0, 0x3, 0xef, 0xfd, 0x20, 0x0, 0x0,
    0x0, 0x0, 0x4f, 0xff, 0xff, 0xe2, 0x0, 0x0,
    0x0, 0x5, 0xff, 0xff, 0xff, 0xff, 0x30, 0x0,
    0x0, 0x6f, 0xff, 0xff, 0xff, 0xff, 0xf4, 0x0,
    0x7, 0xff, 0xff, 0xff, 0xff, 0xff, 0xff, 0x60,
    0x1f, 0xff, 0xff, 0xff, 0xff, 0xff, 0xff, 0xf0,
    0x4, 0xef, 0xff, 0xff, 0xff, 0xff, 0xfd, 0x30,
    0x0, 0xdf, 0xff, 0xfb, 0xcf, 0xff, 0xfb, 0x0,
    0x0, 0xdf, 0xff, 0x40, 0x6, 0xff, 0xfb, 0x0,
    0x0, 0xdf, 0xff, 0x10, 0x3, 0xff, 0xfb, 0x0,
    0x0, 0xdf, 0xff, 0x10, 0x3, 0xff, 0xfb, 0x0,
    0x0, 0xcf, 0xff, 0x65, 0x57, 0xff, 0xfa, 0x0,
    0x0, 0x3d, 0xff, 0xff, 0xff, 0xff, 0xd2, 0x0,

    /* U+F80D "" */
    0x0, 0x34, 0x44, 0x44, 0x43, 0x0, 0x0, 0x0,
    0x0, 0xdf, 0xff, 0xff, 0xff, 0xfd, 0x0, 0x0,
    0x0, 0x3f, 0xff, 0xff, 0xff, 0xff, 0xf3, 0x0,
    0x0, 0x4, 0xff, 0xff, 0x88, 0xff, 0xff, 0x40,
    0x0, 0x0, 0x4f, 0xff, 0x92, 0x29, 0xff, 0xf4,
    0x0, 0x0, 0x4, 0xff, 0xf5, 0x11, 0x5f, 0xff,
    0x30, 0x0, 0x0, 0x4f, 0xff, 0xf6, 0x6f, 0xff,
    0x60, 0x10, 0x0, 0x4, 0xff, 0xff, 0xff, 0xff,
    0x71, 0xcf, 0xd2, 0x0, 0x4f, 0xff, 0xff, 0xff,
    0xf2, 0x8f, 0xff, 0xa0, 0x4, 0xff, 0xff, 0xff,
    0xff, 0x28, 0xff, 0xfa, 0x0, 0x4f, 0xff, 0xf9,
    0x8f, 0xf6, 0x1d, 0xfe, 0x20, 0x4, 0xff, 0xfc,
    0x0, 0xed, 0x20, 0x2, 0x0, 0x0, 0x3f, 0xff,
    0xb0, 0x6e, 0x13, 0xcf, 0xff, 0xd5, 0x1, 0xff,
    0xfe, 0xae, 0x81, 0xff, 0xff, 0xff, 0xf2, 0x4,
    0xaa, 0xaa, 0xa3, 0x4f, 0xff, 0xff, 0xff, 0x60,
    0x0, 0x0, 0x0, 0x0, 0x78, 0x88, 0x88, 0x81,

    /* U+F80F "" */
    0x0, 0x0, 0x0, 0x2, 0x10, 0x0, 0x0, 0x0,
    0x0, 0x0, 0xaf, 0x50, 0x44, 0x0, 0x0, 0x0,
    0xb, 0xf5, 0xb, 0xff, 0x90, 0x0, 0x0, 0xbf,
    0x50, 0xcf, 0xff, 0xf1, 0x0, 0xb, 0xf5, 0xc,
    0xff, 0xff, 0xf0, 0x0, 0xbf, 0x50, 0xcf, 0xff,
    0xff, 0x50, 0xb, 0xf5, 0xc, 0xff, 0xff, 0xf6,
    0xa, 0x9f, 0x50, 0xcf, 0xff, 0xff, 0x60, 0xcd,
    0xe5, 0xc, 0xff, 0xff, 0xf6, 0xc, 0xf4, 0x30,
    0xcf, 0xff, 0xff, 0x60, 0xcf, 0x40, 0xb, 0xff,
    0xff, 0xf6, 0xc, 0xf4, 0x0, 0x1f, 0xff, 0xff,
    0x60, 0xcf, 0x40, 0x0, 0xe, 0xff, 0xf6, 0xc,
    0xf4, 0x0, 0x0, 0x3, 0xcc, 0x50, 0xcf, 0x40,
    0x0, 0x0, 0x0, 0x0, 0x6, 0xa3, 0x0, 0x0,
    0x0,

    /* U+F810 "" */
    0x0, 0x0, 0x24, 0x10, 0x0, 0x0, 0x3, 0xdf,
    0xff, 0x80, 0x0, 0x1, 0xef, 0xff, 0xff, 0x70,
    0x0, 0x7f, 0xff, 0xff, 0xff, 0x0, 0xa, 0xff,
    0xff, 0xff, 0xf2, 0x7, 0xff, 0xff, 0xff, 0xff,
    0xd2, 0xef, 0xff, 0xff, 0xff, 0xff, 0x64, 0xaa,
    0xaa, 0xaa, 0xaa, 0x80, 0x0, 0x0, 0x0, 0x0,
    0x0, 0x0, 0x1e, 0xff, 0xff, 0xf8, 0x0, 0x0,
    0x9f, 0xff, 0xff, 0x10, 0x0, 0x2, 0xff, 0xff,
    0x90, 0x0, 0x0, 0xa, 0xff, 0xf2, 0x0, 0x0,
    0x0, 0x2f, 0xfa, 0x0, 0x0, 0x0, 0x0, 0xbf,
    0x30, 0x0, 0x0, 0x0, 0x2, 0x60, 0x0, 0x0,

    /* U+F812 "" */
    0x0, 0x39, 0x99, 0x99, 0x99, 0x99, 0x99, 0x70,
    0x0, 0x1, 0xff, 0xff, 0xff, 0xff, 0xff, 0xff,
    0xf8, 0x0, 0x3, 0xf9, 0x22, 0x22, 0x22, 0x22,
    0x22, 0xfb, 0x0, 0x4, 0xf8, 0x0, 0x0, 0x10,
    0x0, 0x0, 0xfc, 0x0, 0x4, 0xf8, 0x0, 0x1,
    0xf9, 0x0, 0x0, 0xfc, 0x0, 0x4, 0xf8, 0x0,
    0x4a, 0xfd, 0x90, 0x0, 0xfc, 0x0, 0x4, 0xf8,
    0x0, 0x9f, 0xff, 0xf1, 0x0, 0xfc, 0x0, 0x4,
    0xf8, 0x0, 0x3, 0xfa, 0x10, 0x0, 0xfc, 0x0,
    0x2, 0xb5, 0x0, 0x0, 0x95, 0x0, 0x0, 0xb8,
    0x0, 0x0, 0x0, 0x0, 0x0, 0x0, 0x0, 0x0,
    0x0, 0x0, 0x9a, 0xaa, 0xaa, 0xaa, 0xaa, 0xaa,
    0xaa, 0xaa, 0xa4, 0xdf, 0xff, 0xff, 0xff, 0xff,
    0xff, 0xff, 0xff, 0xf5, 0x3d, 0xff, 0xff, 0xff,
    0xff, 0xff, 0xff, 0xfe, 0x90,

    /* U+F815 "" */
    0x2a, 0xbb, 0xbb, 0xbb, 0xbb, 0xbb, 0xa2, 0xdf,
    0xff, 0xff, 0xff, 0xff, 0xff, 0xfd, 0xfe, 0x20,
    0x0, 0x0, 0x0, 0x2, 0xef, 0xfc, 0x0, 0x0,
    0x0, 0x0, 0x0, 0xcf, 0xfc, 0x0, 0x0, 0x0,
    0x0, 0x0, 0xcf, 0xfe, 0x20, 0x0, 0x0, 0x0,
    0x2, 0xef, 0xff, 0xff, 0xff, 0xff, 0xff, 0xff,
    0xff, 0xff, 0xbb, 0xfd, 0xbd, 0xff, 0xff, 0xff,
    0xfe, 0x33, 0xd8, 0x36, 0xff, 0xff, 0xff, 0xef,
    0xff, 0xff, 0xff, 0xff, 0xff, 0xfe, 0x6f, 0xff,
    0xff, 0xff, 0xff, 0xff, 0xf6,

    /* U+F816 "" */
    0x0, 0x0, 0x0, 0x0, 0x1, 0x42, 0x0, 0x60,
    0x0, 0x0, 0x0, 0x0, 0xbf, 0xff, 0xcc, 0xe0,
    0x0, 0x0, 0x0, 0x0, 0x6c, 0xff, 0xff, 0x40,
    0x0, 0x0, 0x0, 0x4, 0x15, 0xff, 0xff, 0x90,
    0x0, 0x0, 0x0, 0x3f, 0x55, 0xff, 0xff, 0xd0,
    0x0, 0x0, 0x1, 0xef, 0x63, 0xef, 0xff, 0xd0,
    0x0, 0x0, 0xa, 0xff, 0xc1, 0x0, 0xe, 0xa0,
    0x0, 0x0, 0x5f, 0xff, 0xff, 0xcb, 0x8, 0x20,
    0x0, 0x2, 0xff, 0xff, 0xff, 0xf9, 0x0, 0x0,
    0x0, 0xc, 0xff, 0xff, 0xfe, 0x40, 0x0, 0x0,
    0x19, 0xef, 0xff, 0xff, 0xa1, 0x0, 0x0, 0x0,
    0x6f, 0xff, 0xff, 0xd4, 0x0, 0x0, 0x0, 0x0,
    0x1b, 0xdb, 0x94, 0x0, 0x0, 0x0, 0x0, 0x0,

    /* U+F818 "" */
    0x0, 0x0, 0x21, 0x0, 0x0, 0x0, 0x0, 0x0,
    0x0, 0x7f, 0xfe, 0x92, 0x0, 0x0, 0x0, 0x0,
    0x9, 0xdf, 0xff, 0xf9, 0x0, 0x0, 0x0, 0x0,
    0x0, 0x16, 0xef, 0xfc, 0x10, 0x0, 0x0, 0x5e,
    0xd8, 0x20, 0x9f, 0xfc, 0x0, 0x0, 0x9, 0xff,
    0xff, 0x60, 0x7f, 0xf7, 0x0, 0x0, 0xdf, 0xac,
    0xff, 0xa0, 0x9f, 0xf1, 0x0, 0x2f, 0xf1, 0x6f,
    0xff, 0x51, 0xef, 0x70, 0x6, 0xff, 0xef, 0xff,
    0xfe, 0x18, 0xfb, 0x0, 0xaf, 0xff, 0xfc, 0x2d,
    0xf6, 0x3f, 0xe0, 0xe, 0xf7, 0xef, 0xd4, 0xdf,
    0xa0, 0xfe, 0x3, 0xfc, 0xb, 0xff, 0xff, 0xfb,
    0x8, 0x20, 0x7f, 0xff, 0xff, 0xfe, 0x95, 0x10,
    0x0, 0xb, 0xff, 0xea, 0x62, 0x0, 0x0, 0x0,
    0x0, 0x97, 0x30, 0x0, 0x0, 0x0, 0x0, 0x0,
    0x0,

    /* U+F81D "" */
    0x0, 0x0, 0x11, 0x11, 0x10, 0x0, 0x0, 0x0,
    0x1, 0xff, 0xff, 0xfd, 0x0, 0x0, 0x0, 0x0,
    0xdf, 0xff, 0xf9, 0x0, 0x0, 0x0, 0x0, 0x5f,
    0xff, 0xf1, 0x0, 0x0, 0x0, 0x0, 0x0, 0x0,
    0x0, 0x0, 0x0, 0x0, 0x1, 0xac, 0xcc, 0xc9,
    0x0, 0x0, 0x0, 0x1d, 0xff, 0xff, 0xff, 0xb0,
    0x0, 0x1, 0xdf, 0xfe, 0x55, 0xef, 0xfb, 0x0,
    0x9, 0xff, 0xf3, 0x69, 0xef, 0xff, 0x60, 0x1f,
    0xff, 0xf4, 0x26, 0xef, 0xff, 0xe0, 0x6f, 0xff,
    0xff, 0xb4, 0x5f, 0xff, 0xf3, 0x9f, 0xff, 0xf6,
    0x0, 0x7f, 0xff, 0xf5, 0xaf, 0xff, 0xfd, 0x67,
    0xff, 0xff, 0xf6, 0x5f, 0xff, 0xff, 0xff, 0xff,
    0xff, 0xf2, 0x6, 0xbc, 0xcc, 0xcc, 0xcc, 0xca,
    0x30,

    /* U+F827 "" */
    0x0, 0x0, 0x0, 0x0, 0x0, 0x0, 0x8, 0xff,
    0xff, 0xff, 0xff, 0xfc, 0x20, 0xff, 0xff, 0xff,
    0xef, 0xff, 0xfc, 0xf, 0xff, 0xff, 0x54, 0xff,
    0xff, 0xf0, 0xff, 0xf6, 0x30, 0x3, 0x5f, 0xff,
    0x1f, 0xff, 0xa0, 0x0, 0x8, 0xff, 0xf1, 0xff,
    0xf8, 0x0, 0x0, 0x5f, 0xff, 0x1f, 0xff, 0x97,
    0x0, 0x78, 0xff, 0xf1, 0xff, 0xff, 0xf8, 0x6f,
    0xff, 0xff, 0x1f, 0xff, 0xff, 0xff, 0xff, 0xff,
    0xf1, 0xbf, 0xff, 0xff, 0xff, 0xff, 0xff, 0x11,
    0xfb, 0x33, 0x33, 0x33, 0x4e, 0xf1, 0x1f, 0xa0,
    0x0, 0x0, 0x0, 0xdf, 0xb, 0xff, 0xff, 0xff,
    0xff, 0xff, 0xa0, 0x8c, 0xcc, 0xcc, 0xcc, 0xcb,
    0x70, 0x0,

    /* U+F828 "" */
    0x39, 0x99, 0x99, 0x99, 0x99, 0x93, 0xe, 0xff,
    0xff, 0xff, 0xff, 0xff, 0xe0, 0xff, 0xff, 0xff,
    0xfe, 0x22, 0xbf, 0x1f, 0xff, 0xff, 0xff, 0xe0,
    0xa, 0xf1, 0xff, 0xff, 0xff, 0xff, 0xcc, 0xef,
    0x7, 0xef, 0xff, 0xff, 0xff, 0xff, 0x80, 0x0,
    0x0, 0x0, 0x0, 0x0, 0x0, 0x3, 0x99, 0x99,
    0x99, 0x99, 0x99, 0x30, 0xef, 0xff, 0xff, 0xff,
    0xff, 0xfe, 0xf, 0xff, 0xf7, 0x22, 0x22, 0x2b,
    0xf1, 0xff, 0xff, 0x60, 0x0, 0x0, 0xaf, 0x1f,
    0xff, 0xfd, 0xcc, 0xcc, 0xce, 0xf0, 0x7e, 0xff,
    0xff, 0xff, 0xff, 0xf8, 0x0,

    /* U+F829 "" */
    0x0, 0x2, 0xde, 0xee, 0x50, 0x0, 0x6, 0x99,
    0xcf, 0xff, 0xfd, 0x99, 0x80, 0xdf, 0xff, 0xff,
    0xff, 0xff, 0xff, 0x20, 0x22, 0x22, 0x22, 0x22,
    0x22, 0x10, 0x1, 0x11, 0x11, 0x11, 0x11, 0x10,
    0x1, 0xff, 0xff, 0xff, 0xff, 0xff, 0x50, 0xf,
    0xff, 0xff, 0xff, 0xff, 0xf4, 0x0, 0xff, 0xff,
    0x41, 0xdf, 0xff, 0x30, 0xe, 0xff, 0x40, 0x1,
    0xdf, 0xf2, 0x0, 0xdf, 0x91, 0x42, 0x35, 0xff,
    0x10, 0xc, 0xff, 0xf7, 0x3f, 0xff, 0xf0, 0x0,
    0xbf, 0xff, 0x73, 0xff, 0xff, 0x0, 0xa, 0xff,
    0xfd, 0xbf, 0xff, 0xe0, 0x0, 0x8f, 0xff, 0xff,
    0xff, 0xfc, 0x0, 0x2, 0xdf, 0xff, 0xff, 0xfe,
    0x50, 0x0,

    /* U+F82A "" */
    0x0, 0x2, 0xde, 0xee, 0x50, 0x0, 0x6, 0x99,
    0xcf, 0xff, 0xfd, 0x99, 0x80, 0xdf, 0xff, 0xff,
    0xff, 0xff, 0xff, 0x20, 0x22, 0x22, 0x22, 0x22,
    0x22, 0x10, 0x1, 0x11, 0x11, 0x11, 0x11, 0x10,
    0x2, 0xff, 0xff, 0xff, 0xff, 0xff, 0x60, 0x2f,
    0xff, 0xff, 0xff, 0xff, 0xf6, 0x2, 0xff, 0xff,
    0x41, 0xdf, 0xff, 0x60, 0x2f, 0xff, 0x40, 0x1,
    0xdf, 0xf6, 0x2, 0xff, 0x91, 0x42, 0x35, 0xff,
    0x60, 0x2f, 0xff, 0xf7, 0x3f, 0xff, 0xf6, 0x2,
    0xff, 0xff, 0x73, 0xff, 0xff, 0x60, 0x2f, 0xff,
    0xfd, 0xbf, 0xff, 0xf6, 0x1, 0xff, 0xff, 0xff,
    0xff, 0xff, 0x40, 0x7, 0xef, 0xff, 0xff, 0xff,
    0xa0, 0x0,

    /* U+F82F "" */
    0x0, 0x0, 0x0, 0x0, 0x0, 0x0, 0x0, 0x0,
    0x6d, 0xe8, 0x10, 0x0, 0x0, 0x2e, 0xf7, 0x4f,
    0xf6, 0x0, 0x0, 0x6f, 0xf6, 0x3e, 0xfa, 0x0,
    0x0, 0x6f, 0xff, 0xef, 0xfa, 0x0, 0x0, 0x5f,
    0x55, 0x55, 0xc9, 0x0, 0x0, 0x3f, 0x10, 0x0,
    0xd7, 0x0, 0x0, 0xb, 0xc3, 0x29, 0xe1, 0x0,
    0x0, 0x1, 0xaf, 0xfc, 0x20, 0x0, 0x0, 0x0,
    0x0, 0x0, 0x0, 0x0, 0x0, 0x28, 0x10, 0x0,
    0x74, 0x0, 0x3, 0xff, 0xe5, 0x2d, 0xff, 0x60,
    0xe, 0xff, 0xff, 0xff, 0xff, 0xf2, 0x5f, 0xff,
    0xff, 0xff, 0xff, 0xf9, 0x8f, 0xff, 0xff, 0xff,
    0xff, 0xfc, 0x3a, 0xaa, 0xaa, 0xaa, 0xaa, 0xa5,

    /* U+F83E "" */
    0x0, 0x8b, 0xbb, 0xb8, 0x0, 0x0, 0x0, 0x0,
    0x1f, 0xff, 0xff, 0xf0, 0x0, 0x0, 0x0, 0x1,
    0xfa, 0x0, 0xbf, 0x0, 0x0, 0x0, 0x0, 0x1f,
    0xa0, 0xb, 0xf0, 0x0, 0x0, 0x0, 0x3, 0xfa,
    0x0, 0xbf, 0x0, 0x0, 0x21, 0xa, 0xff, 0xa0,
    0xb, 0xf0, 0x0, 0xef, 0xf4, 0x49, 0x93, 0x0,
    0xbf, 0x0, 0x1f, 0xd9, 0x10, 0x0, 0x0, 0xb,
    0xf0, 0x1, 0xfa, 0x0, 0x0, 0x0, 0x0, 0xbf,
    0x0, 0x1f, 0xa0, 0x0, 0x0, 0x0, 0xb, 0xfc,
    0xcc, 0xfa, 0x0, 0x0, 0x0, 0x0, 0x7f, 0xff,
    0xff, 0x60, 0x0,

    /* U+F84A "" */
    0x0, 0x0, 0x0, 0x0, 0x0, 0x0, 0x0, 0x0,
    0x0, 0x0, 0x0, 0x0, 0xd, 0xe1, 0x0, 0x0,
    0x0, 0x0, 0x0, 0x0, 0x1f, 0xf3, 0x0, 0x0,
    0x0, 0x0, 0x0, 0x1, 0x44, 0x40, 0x0, 0x0,
    0x0, 0x0, 0x0, 0x5f, 0xfc, 0x10, 0x0, 0x0,
    0x0, 0x0, 0x8, 0xff, 0xff, 0xec, 0xa0, 0x0,
    0x0, 0x0, 0x3f, 0xfd, 0x26, 0xef, 0xd0, 0x0,
    0x0, 0x0, 0x2f, 0xfa, 0x0, 0x0, 0x0, 0x0,
    0x0, 0x22, 0x3, 0xdf, 0xa0, 0x0, 0x31, 0x0,
    0x1c, 0xff, 0xd2, 0xf, 0xc0, 0x4e, 0xff, 0x90,
    0xaf, 0xff, 0xfc, 0xf, 0xc1, 0xff, 0xff, 0xf6,
    0xef, 0xff, 0xff, 0xf, 0xc4, 0xff, 0xff, 0xfb,
    0xdf, 0xff, 0xff, 0xd, 0x93, 0xff, 0xff, 0xf9,
    0x6f, 0xff, 0xf8, 0x0, 0x0, 0xcf, 0xff, 0xf3,
    0x5, 0xbc, 0x70, 0x0, 0x0, 0x8, 0xcb, 0x30,

    /* U+F84C "" */
    0x18, 0x99, 0x99, 0x99, 0x99, 0x93, 0xc, 0xff,
    0xff, 0xff, 0xff, 0xff, 0xf1, 0xfc, 0x22, 0x2c,
    0xf2, 0x22, 0x9f, 0x3f, 0xb0, 0x0, 0xbf, 0x0,
    0x7, 0xf3, 0xfb, 0x0, 0xb, 0xf0, 0x0, 0x7f,
    0x3f, 0xc0, 0x0, 0xcf, 0x0, 0x8, 0xf3, 0xff,
    0xff, 0xff, 0xff, 0xff, 0xff, 0x3f, 0xeb, 0xbb,
    0xef, 0xbb, 0xbd, 0xf3, 0xfb, 0x0, 0xb, 0xf0,
    0x0, 0x7f, 0x3f, 0xb0, 0x0, 0xbf, 0x0, 0x7,
    0xf3, 0xfb, 0x0, 0xb, 0xf0, 0x0, 0x7f, 0x3e,
    0xfc, 0xcc, 0xff, 0xcc, 0xce, 0xf2, 0x5e, 0xff,
    0xff, 0xff, 0xff, 0xe8, 0x0,

    /* U+F850 "" */
    0x63, 0x2, 0x70, 0x6, 0x30, 0x27, 0xd, 0x90,
    0x6f, 0x10, 0xd9, 0x6, 0xf1, 0x0, 0x0, 0x0,
    0x0, 0x0, 0x0, 0x0, 0x0, 0x0, 0x0, 0x0,
    0x0, 0x0, 0xa7, 0x0, 0x0, 0x0, 0x0, 0x4c,
    0x1a, 0x70, 0x0, 0x0, 0x0, 0x4, 0xc1, 0x0,
    0x0, 0x0, 0x0, 0x0, 0x0, 0x6, 0x30, 0x0,
    0x0, 0x0, 0x2, 0x70, 0xd9, 0x0, 0x0, 0x0,
    0x0, 0x6f, 0x10, 0x0, 0x0, 0x0, 0x0, 0x0,
    0x0, 0x0, 0x0, 0x0, 0x0, 0x0, 0x0, 0xa,
    0x70, 0x4c, 0x10, 0xa7, 0x4, 0xc1, 0xa7, 0x4,
    0xc1, 0xa, 0x70, 0x4c, 0x10,

    /* U+F853 "" */
    0x18, 0x99, 0x99, 0x99, 0x99, 0x98, 0xc, 0xff,
    0xff, 0xff, 0xff, 0xff, 0xf1, 0xfc, 0x22, 0x22,
    0x22, 0x22, 0x21, 0xf, 0xb0, 0x0, 0x0, 0x0,
    0x0, 0x0, 0xfb, 0x0, 0x0, 0x0, 0x0, 0x4c,
    0x1f, 0xb0, 0x0, 0x0, 0x0, 0x4, 0xc1, 0xfb,
    0x0, 0x0, 0x0, 0x0, 0x0, 0xf, 0xb0, 0x0,
    0x0, 0x0, 0x2, 0x70, 0xfb, 0x0, 0x0, 0x0,
    0x0, 0x6f, 0x1f, 0xb0, 0x0, 0x0, 0x0, 0x0,
    0x0, 0xfb, 0x0, 0x0, 0x0, 0x0, 0x0, 0xf,
    0xb0, 0x4c, 0x10, 0xa7, 0x4, 0xc1, 0xa7, 0x4,
    0xc1, 0xa, 0x70, 0x4c, 0x10,

    /* U+F85E "" */
    0x0, 0x0, 0x0, 0x9, 0xb2, 0x0, 0x0, 0x0,
    0x0, 0x0, 0x0, 0x3, 0xff, 0x90, 0x0, 0x0,
    0x0, 0x0, 0x0, 0x0, 0xe, 0xf5, 0x0, 0x0,
    0x0, 0x0, 0x0, 0x0, 0x42, 0x1, 0x0, 0x0,
    0x0, 0x0, 0x0, 0x4, 0xff, 0xf7, 0x0, 0x0,
    0x0, 0x0, 0x0, 0x67, 0xff, 0xff, 0xf3, 0x0,
    0x0, 0x0, 0x0, 0x7, 0xff, 0xff, 0xff, 0x80,
    0x0, 0x0, 0x0, 0x0, 0x2, 0xaf, 0xff, 0xfc,
    0x0, 0x0, 0x0, 0x0, 0x0, 0x0, 0x2a, 0xff,
    0xf1, 0x0, 0x0, 0x0, 0x0, 0x5, 0x92, 0x3,
    0xbf, 0xc3, 0x9, 0xe2, 0x0, 0x0, 0xef, 0xfa,
    0x20, 0x3b, 0xfc, 0xff, 0xb0, 0x0, 0x3f, 0xbc,
    0xfe, 0x0, 0x4, 0xff, 0xff, 0x40, 0x8, 0xf4,
    0xb, 0xf1, 0x0, 0x7f, 0xff, 0xfd, 0x0, 0xde,
    0x0, 0xaf, 0x10, 0xf, 0xff, 0xff, 0xf7, 0xc,
    0x70, 0x6, 0xc0, 0x1, 0xdf, 0xff, 0xff, 0x60,
    0x0, 0x0, 0x0, 0x0, 0x0, 0x0, 0x0, 0x0,

    /* U+F863 "" */
    0x0, 0x0, 0x0, 0x1, 0x10, 0x0, 0x0, 0x0,
    0x0, 0x1, 0xbf, 0xb0, 0x0, 0x0, 0x0, 0x0,
    0xd, 0xff, 0xc0, 0x0, 0x0, 0x0, 0x0, 0x6f,
    0xff, 0xc0, 0x0, 0x0, 0x0, 0x0, 0x9f, 0xff,
    0xc0, 0x0, 0x0, 0x0, 0x0, 0x7f, 0xff, 0xec,
    0xc8, 0x0, 0xdf, 0xff, 0xff, 0xff, 0xff, 0xff,
    0xd1, 0xcf, 0xff, 0xff, 0x44, 0xff, 0xff, 0xf9,
    0x6f, 0xff, 0xff, 0x99, 0xff, 0xff, 0xfd, 0x8,
    0xff, 0xff, 0xff, 0xfc, 0x99, 0x98, 0x0, 0x26,
    0x6d, 0xff, 0xf8, 0x0, 0x0, 0x0, 0x0, 0xc,
    0xff, 0xf8, 0x0, 0x0, 0x0, 0x0, 0xc, 0xff,
    0xf3, 0x0, 0x0, 0x0, 0x0, 0xc, 0xff, 0x90,
    0x0, 0x0, 0x0, 0x0, 0x8, 0xb5, 0x0, 0x0,
    0x0,

    /* U+F86D "" */
    0x5, 0x20, 0x34, 0x0, 0x0, 0x0, 0x2, 0xa,
    0xff, 0xaf, 0xfa, 0x0, 0x27, 0xbf, 0xf0, 0xff,
    0xff, 0xff, 0xf0, 0xbf, 0xff, 0xff, 0xc, 0xff,
    0xff, 0xfb, 0xe, 0xd8, 0x35, 0xf0, 0x3f, 0xff,
    0xff, 0x20, 0xe6, 0x8, 0xcf, 0x0, 0x4f, 0xff,
    0x41, 0x5f, 0x66, 0xff, 0xf0, 0x0, 0x28, 0x20,
    0xef, 0xf6, 0x1a, 0xc5, 0x0, 0x0, 0x0, 0xa,
    0xfd, 0x10, 0x2, 0x0, 0x0, 0x9f, 0xe4, 0x0,
    0x0, 0x6, 0xe0, 0x8, 0xff, 0xff, 0xfe, 0x50,
    0x8, 0xf8, 0x0, 0xff, 0xf9, 0xcf, 0xfb, 0xa,
    0xff, 0x74, 0xf, 0xfa, 0x1, 0xff, 0xb1, 0x9b,
    0xff, 0xb0, 0xff, 0xd0, 0x4f, 0xfb, 0x0, 0xaf,
    0xa0, 0xe, 0xff, 0xff, 0xff, 0xa0, 0x1f, 0x80,
    0x0, 0x4a, 0xaa, 0xaa, 0x92, 0x2, 0x60, 0x0,
    0x0,

    /* U+F879 "" */
    0x0, 0x0, 0x0, 0x0, 0x0, 0x2, 0x0, 0x0,
    0x0, 0x0, 0x0, 0x0, 0x0, 0x5f, 0xe6, 0x0,
    0x0, 0x0, 0x0, 0x0, 0x0, 0xdf, 0xff, 0x50,
    0x0, 0x0, 0x0, 0x0, 0x4, 0xff, 0xff, 0xd0,
    0x0, 0x0, 0x0, 0x0, 0x8, 0xff, 0xff, 0xe0,
    0x0, 0x0, 0x0, 0x0, 0x1, 0xdf, 0xff, 0xc0,
    0x0, 0x0, 0x0, 0x0, 0x0, 0x3f, 0xff, 0x60,
    0x0, 0x0, 0x0, 0x0, 0x0, 0xbf, 0xff, 0x0,
    0x0, 0x0, 0x0, 0x0, 0x6, 0xff, 0xf9, 0x0,
    0x0, 0x6, 0xb7, 0x0, 0x7f, 0xff, 0xd0, 0x0,
    0x6, 0xef, 0xff, 0x7b, 0xff, 0xff, 0x20, 0x0,
    0xe, 0xff, 0xff, 0xff, 0xff, 0xf4, 0x0, 0x0,
    0x9, 0xff, 0xff, 0xff, 0xfc, 0x20, 0x0, 0x0,
    0x1, 0xdf, 0xff, 0xfd, 0x70, 0x0, 0x0, 0x0,
    0x0, 0x17, 0xa9, 0x30, 0x0, 0x0, 0x0, 0x0,
    0x0, 0x0, 0x0, 0x0, 0x0, 0x0, 0x0, 0x0,

    /* U+F87B "" */
    0x3, 0x44, 0x44, 0x44, 0x44, 0x40, 0xa, 0xff,
    0xff, 0xff, 0xff, 0xff, 0xd0, 0xff, 0xff, 0xff,
    0xff, 0xff, 0xff, 0x3f, 0xff, 0xff, 0xff, 0xa9,
    0xff, 0xf3, 0xff, 0xff, 0xff, 0xf1, 0x8, 0xff,
    0x3f, 0xff, 0xff, 0xff, 0x10, 0x7f, 0xf3, 0xff,
    0xff, 0xff, 0xf6, 0xc, 0xff, 0x3f, 0xff, 0xea,
    0xf9, 0x4, 0xff, 0xf3, 0xff, 0xc0, 0x2, 0x2,
    0xef, 0xff, 0x3f, 0xff, 0x20, 0x6, 0xff, 0xff,
    0xf3, 0xff, 0xfe, 0xbe, 0xff, 0xff, 0xff, 0x3e,
    0xff, 0xff, 0xff, 0xff, 0xff, 0xf2, 0x5e, 0xff,
    0xff, 0xff, 0xff, 0xe8, 0x0,

    /* U+F87C "" */
    0x0, 0x0, 0x0, 0x0, 0x0, 0x0, 0x0, 0x0,
    0x0, 0x0, 0x0, 0x3, 0xef, 0xff, 0xff, 0xff,
    0xff, 0xe3, 0x0, 0x0, 0xb, 0xfd, 0xdf, 0xff,
    0xff, 0xff, 0xfa, 0x0, 0x0, 0xc, 0xf2, 0x2f,
    0xff, 0xbf, 0xff, 0xfb, 0x4c, 0xdc, 0xc, 0xff,
    0xff, 0xfb, 0x5, 0xff, 0xfb, 0xed, 0xaf, 0xc,
    0xff, 0xf7, 0xb1, 0x0, 0xbf, 0xfb, 0xf7, 0x1f,
    0xc, 0xff, 0x60, 0x0, 0x0, 0x1f, 0xfb, 0xff,
    0xef, 0xc, 0xfa, 0x0, 0x0, 0x0, 0x7, 0xfb,
    0xfa, 0x5f, 0xb, 0xfd, 0x66, 0x66, 0x66, 0x6b,
    0xfb, 0xf9, 0x4f, 0x17, 0xff, 0xff, 0xff, 0xff,
    0xff, 0xf6, 0xff, 0xff, 0xa0, 0x35, 0x66, 0x66,
    0x66, 0x65, 0x30, 0xf7, 0x1f, 0xfb, 0x53, 0x33,
    0x33, 0x10, 0x0, 0x0, 0xec, 0x9f, 0xff, 0xff,
    0xff, 0xff, 0x60, 0x0, 0x0, 0x5e, 0xff, 0xff,
    0xff, 0xff, 0xfb, 0x0, 0x0, 0x0,

    /* U+F87D "" */
    0x21, 0x0, 0x0, 0x0, 0x0, 0x0, 0x0, 0x0,
    0xbd, 0x10, 0x0, 0x0, 0x0, 0x0, 0x0, 0x0,
    0x1d, 0xd1, 0x79, 0x99, 0x99, 0x99, 0x99, 0x30,
    0x1, 0xef, 0xff, 0xff, 0xff, 0xff, 0xff, 0xd0,
    0x0, 0x2e, 0xf4, 0x22, 0xcf, 0x32, 0x3f, 0xc0,
    0x0, 0x2, 0xec, 0x0, 0xfd, 0x0, 0xc, 0x50,
    0x0, 0x0, 0x2e, 0xc4, 0xf9, 0x0, 0x0, 0x0,
    0x0, 0x0, 0x2, 0xef, 0xf4, 0x0, 0x0, 0x0,
    0x0, 0x0, 0x0, 0x2e, 0xf1, 0x0, 0x0, 0x0,
    0x0, 0x0, 0x0, 0x3, 0xeb, 0x0, 0x0, 0x0,
    0x0, 0x0, 0x0, 0x31, 0x3e, 0xb0, 0x0, 0x0,
    0x0, 0x0, 0x0, 0x9d, 0x3, 0xfb, 0x0, 0x0,
    0x0, 0x0, 0x0, 0xee, 0x0, 0x3f, 0xa0, 0x0,
    0x0, 0x1, 0xbc, 0xff, 0xc6, 0x3, 0xfa, 0x0,
    0x0, 0x2, 0xef, 0xff, 0xf8, 0x0, 0x4f, 0xa0,
    0x0, 0x0, 0x0, 0x0, 0x0, 0x0, 0x4, 0xf9,
    0x0, 0x0, 0x0, 0x0, 0x0, 0x0, 0x0, 0x47,

    /* U+F881 "" */
    0x0, 0x3, 0x10, 0x0, 0x26, 0x66, 0x50, 0x0,
    0x1f, 0x80, 0x0, 0xcf, 0xff, 0xf4, 0x0, 0x2f,
    0x90, 0x0, 0x26, 0xef, 0xb0, 0x0, 0x2f, 0x90,
    0x0, 0xb, 0xfa, 0x0, 0x0, 0x2f, 0x90, 0x0,
    0xaf, 0xfe, 0xd2, 0x0, 0x2f, 0x90, 0x0, 0x9e,
    0xee, 0xd2, 0x0, 0x2f, 0x90, 0x0, 0x0, 0x10,
    0x0, 0x0, 0x2f, 0x90, 0x0, 0x3, 0xf9, 0x0,
    0x0, 0x2f, 0x90, 0x0, 0xb, 0xff, 0x20, 0x3f,
    0x9f, 0xbd, 0x90, 0x3f, 0xef, 0xa0, 0x1e, 0xff,
    0xff, 0x60, 0xbf, 0x8e, 0xf2, 0x2, 0xef, 0xf7,
    0x2, 0xff, 0xff, 0xf9, 0x0, 0x2c, 0x60, 0x2,
    0xc3, 0x0, 0xa7, 0x0, 0x0, 0x0, 0x0, 0x0,
    0x0, 0x0,

    /* U+F882 "" */
    0x0, 0x4, 0x10, 0x0, 0x25, 0x55, 0x50, 0x0,
    0x8f, 0xd1, 0x0, 0xcf, 0xff, 0xf4, 0x8, 0xff,
    0xfd, 0x10, 0x26, 0xef, 0xb0, 0x3f, 0xef, 0xef,
    0xa0, 0xb, 0xfa, 0x0, 0x7, 0x4f, 0x95, 0x30,
    0xaf, 0xfe, 0xd2, 0x0, 0x2f, 0x90, 0x0, 0x9d,
    0xdd, 0xd2, 0x0, 0x2f, 0x90, 0x0, 0x0, 0x10,
    0x0, 0x0, 0x2f, 0x90, 0x0, 0x3, 0xf9, 0x0,
    0x0, 0x2f, 0x90, 0x0, 0xb, 0xff, 0x20, 0x0,
    0x2f, 0x90, 0x0, 0x3f, 0xef, 0xa0, 0x0, 0x2f,
    0x90, 0x0, 0xbf, 0x8e, 0xf2, 0x0, 0x2f, 0x90,
    0x2, 0xff, 0xff, 0xf9, 0x0, 0xb, 0x50, 0x2,
    0xc3, 0x0, 0xa7, 0x0, 0x0, 0x0, 0x0, 0x0,
    0x0, 0x0,

    /* U+F884 "" */
    0x0, 0x3, 0x10, 0x0, 0x25, 0x10, 0x0, 0x0,
    0x0, 0x1f, 0x80, 0x0, 0xcf, 0x90, 0x0, 0x0,
    0x0, 0x2f, 0x90, 0x0, 0x25, 0x10, 0x0, 0x0,
    0x0, 0x2f, 0x90, 0x0, 0x0, 0x0, 0x0, 0x0,
    0x0, 0x2f, 0x90, 0x0, 0x9e, 0xed, 0x30, 0x0,
    0x0, 0x2f, 0x90, 0x0, 0x9e, 0xed, 0x30, 0x0,
    0x0, 0x2f, 0x90, 0x0, 0x0, 0x0, 0x0, 0x0,
    0x0, 0x2f, 0x90, 0x0, 0x26, 0x66, 0x64, 0x0,
    0x34, 0x2f, 0x91, 0x60, 0xcf, 0xff, 0xff, 0x10,
    0xaf, 0x9f, 0xbe, 0xf1, 0x26, 0x66, 0x64, 0x0,
    0x2e, 0xff, 0xff, 0x70, 0x0, 0x0, 0x0, 0x0,
    0x2, 0xef, 0xf7, 0x0, 0x9e, 0xee, 0xee, 0xea,
    0x0, 0x2c, 0x60, 0x0, 0x9e, 0xee, 0xee, 0xea,

    /* U+F885 "" */
    0x0, 0x7, 0x20, 0x0, 0x59, 0x30, 0x0, 0x0,
    0x0, 0xaf, 0xe2, 0x0, 0xcf, 0x90, 0x0, 0x0,
    0x9, 0xff, 0xfe, 0x20, 0x2, 0x0, 0x0, 0x0,
    0x7f, 0xef, 0xef, 0xe0, 0x0, 0x0, 0x0, 0x0,
    0x9d, 0x4f, 0x98, 0xf1, 0x8c, 0xcc, 0x30, 0x0,
    0x0, 0x2f, 0x90, 0x0, 0xaf, 0xfe, 0x40, 0x0,
    0x0, 0x2f, 0x90, 0x0, 0x0, 0x0, 0x0, 0x0,
    0x0, 0x2f, 0x90, 0x0, 0x59, 0x99, 0x98, 0x0,
    0x0, 0x2f, 0x90, 0x0, 0xcf, 0xff, 0xff, 0x10,
    0x0, 0x2f, 0x90, 0x0, 0x2, 0x22, 0x21, 0x0,
    0x0, 0x2f, 0x90, 0x0, 0x0, 0x0, 0x0, 0x0,
    0x0, 0x2f, 0x90, 0x0, 0x8c, 0xcc, 0xcc, 0xc8,
    0x0, 0xd, 0x50, 0x0, 0xaf, 0xff, 0xff, 0xfb,

    /* U+F886 "" */
    0x0, 0x3, 0x10, 0x0, 0x0, 0x34, 0x0, 0x0,
    0x1f, 0x80, 0x0, 0x8, 0xff, 0xc0, 0x0, 0x2f,
    0x90, 0x0, 0xf, 0xb7, 0xf4, 0x0, 0x2f, 0x90,
    0x0, 0xc, 0xeb, 0xf3, 0x0, 0x2f, 0x90, 0x0,
    0x3, 0xdf, 0xd0, 0x0, 0x2f, 0x90, 0x0, 0x0,
    0xcf, 0x30, 0x0, 0x2f, 0x90, 0x0, 0x0, 0x76,
    0x0, 0x0, 0x2f, 0x90, 0x0, 0x0, 0x33, 0x0,
    0x0, 0x2f, 0x90, 0x0, 0xc, 0xff, 0x0, 0x3f,
    0x9f, 0xbd, 0x90, 0x9, 0xef, 0x0, 0x1e, 0xff,
    0xff, 0x60, 0x0, 0xbf, 0x0, 0x2, 0xef, 0xf7,
    0x0, 0xa, 0xff, 0xd2, 0x0, 0x2c, 0x60, 0x0,
    0xa, 0xee, 0xd2,

    /* U+F887 "" */
    0x0, 0x4, 0x10, 0x0, 0x0, 0x34, 0x0, 0x0,
    0x8f, 0xd1, 0x0, 0x8, 0xff, 0xc0, 0x8, 0xff,
    0xfd, 0x10, 0xf, 0xb7, 0xf4, 0x7f, 0xef, 0xef,
    0xd0, 0xc, 0xeb, 0xf3, 0x8c, 0x4f, 0x98, 0xe1,
    0x3, 0xdf, 0xd0, 0x0, 0x2f, 0x90, 0x0, 0x0,
    0xcf, 0x30, 0x0, 0x2f, 0x90, 0x0, 0x0, 0x76,
    0x0, 0x0, 0x2f, 0x90, 0x0, 0x0, 0x33, 0x0,
    0x0, 0x2f, 0x90, 0x0, 0xc, 0xff, 0x0, 0x0,
    0x2f, 0x90, 0x0, 0x9, 0xef, 0x0, 0x0, 0x2f,
    0x90, 0x0, 0x0, 0xbf, 0x0, 0x0, 0x2f, 0x90,
    0x0, 0xa, 0xff, 0xd2, 0x0, 0xb, 0x50, 0x0,
    0xa, 0xdd, 0xd2,

    /* U+F891 "" */
    0x0, 0x69, 0x60, 0x3, 0x99, 0x71, 0x0, 0x0,
    0x9, 0xff, 0xf9, 0xa, 0xff, 0xfe, 0x10, 0x0,
    0xf, 0xd3, 0xdf, 0xa, 0xf3, 0x8f, 0x60, 0x0,
    0x1f, 0xa0, 0xaf, 0x1a, 0xf5, 0xaf, 0x50, 0x0,
    0x1f, 0xec, 0xef, 0x1a, 0xff, 0xff, 0x30, 0x0,
    0x1f, 0xff, 0xff, 0x1a, 0xf8, 0xaf, 0x90, 0x0,
    0x1f, 0xa0, 0xaf, 0x1a, 0xf1, 0x3f, 0xa0, 0x0,
    0x1f, 0xa0, 0xaf, 0x1a, 0xff, 0xff, 0x50, 0x0,
    0x8, 0x40, 0x48, 0x4, 0xbb, 0xa5, 0x1, 0xea,
    0x0, 0x0, 0x0, 0x0, 0x0, 0x0, 0xc, 0xf6,
    0x0, 0x0, 0x0, 0x0, 0x7, 0x20, 0xaf, 0x90,
    0x0, 0x0, 0x0, 0x0, 0x3f, 0xe8, 0xfc, 0x0,
    0x0, 0x0, 0x0, 0x0, 0x8, 0xff, 0xe1, 0x0,
    0x0, 0x0, 0x0, 0x0, 0x0, 0x7d, 0x30, 0x0,

    /* U+F897 "" */
    0x0, 0x48, 0x84, 0x0, 0x0, 0x0, 0x69, 0x72,
    0x0, 0xb, 0xff, 0xff, 0x90, 0x0, 0x2d, 0xff,
    0xff, 0x50, 0x8f, 0xb3, 0x3c, 0xf6, 0x0, 0xcf,
    0x82, 0x5e, 0xf1, 0xde, 0x0, 0x1, 0xfb, 0x1,
    0xfb, 0x0, 0x6, 0xf5, 0xed, 0x0, 0x0, 0xfd,
    0x2, 0xf9, 0x0, 0x4, 0xf7, 0xbf, 0x40, 0x6,
    0xf9, 0x0, 0xee, 0x20, 0xb, 0xf3, 0x2f, 0xfc,
    0xdf, 0xfc, 0xbb, 0xef, 0xfc, 0xef, 0xa0, 0x2,
    0xbf, 0xff, 0xff, 0xff, 0xff, 0xff, 0xd7, 0x0,
    0x0, 0x0, 0x0, 0x0, 0x0, 0x0, 0x0, 0x0,
    0x0,

    /* U+F8C0 "" */
    0x0, 0x0, 0x0, 0x40, 0x0, 0x23, 0x0, 0x0,
    0x0, 0x0, 0x0, 0xc, 0xff, 0xac, 0xff, 0x50,
    0x0, 0x0, 0x0, 0x0, 0x2f, 0xff, 0xff, 0xff,
    0xa0, 0x0, 0x0, 0x0, 0x0, 0x6f, 0xff, 0xff,
    0xff, 0xe0, 0x0, 0x0, 0x0, 0x0, 0x9f, 0xff,
    0xff, 0xff, 0xf2, 0x0, 0x0, 0x0, 0x0, 0xdf,
    0xff, 0xff, 0xff, 0xf5, 0x0, 0x0, 0xd9, 0x0,
    0xff, 0xff, 0xff, 0xff, 0xf9, 0x2, 0xf5, 0xde,
    0x4, 0xff, 0xff, 0xff, 0xff, 0xfc, 0x6, 0xf5,
    0xaf, 0x42, 0xcf, 0xff, 0xff, 0xff, 0xe7, 0xc,
    0xf2, 0x2f, 0xe4, 0x0, 0x0, 0x0, 0x0, 0x0,
    0xaf, 0x90, 0x5, 0xff, 0xec, 0xbb, 0xbb, 0xbb,
    0xcf, 0xfc, 0x10, 0x0, 0x2a, 0xdf, 0xff, 0xff,
    0xff, 0xfc, 0x70, 0x0,

    /* U+F8C1 "" */
    0x0, 0x0, 0x0, 0x10, 0x0, 0x0, 0x0, 0x0,
    0x0, 0x0, 0x0, 0xa, 0xfd, 0x9b, 0xff, 0x30,
    0x0, 0x0, 0x0, 0x0, 0x1f, 0xff, 0xff, 0xff,
    0xa0, 0x0, 0x0, 0x0, 0x0, 0x5f, 0xff, 0xff,
    0xff, 0xd0, 0x0, 0x0, 0x0, 0x0, 0x6e, 0xff,
    0xff, 0xff, 0xf1, 0x0, 0x0, 0x0, 0x0, 0x10,
    0x18, 0xff, 0xff, 0xf4, 0x0, 0x0, 0x0, 0x8e,
    0xff, 0xb3, 0x2c, 0xff, 0xfe, 0x92, 0x0, 0xc,
    0xff, 0xff, 0xff, 0x80, 0x6f, 0xff, 0xfe, 0x30,
    0x7f, 0xff, 0xff, 0xff, 0xfd, 0x32, 0xcf, 0xff,
    0xd0, 0xcf, 0xff, 0xff, 0xff, 0xff, 0xf8, 0x6,
    0xff, 0xf4, 0xef, 0xff, 0xff, 0xff, 0xff, 0xff,
    0xd3, 0x2c, 0xf6, 0x6f, 0xff, 0xff, 0xff, 0xff,
    0xff, 0xff, 0x80, 0x62,

    /* U+F8CC "" */
    0x0, 0x1, 0x20, 0x20, 0x0, 0x0, 0x2c, 0xf9,
    0x1f, 0xf7, 0x0, 0x1e, 0xff, 0x91, 0xff, 0xf8,
    0xa, 0xff, 0xf9, 0x1f, 0xff, 0xf2, 0xdf, 0xff,
    0x91, 0xff, 0xff, 0x6f, 0xff, 0xf9, 0x1f, 0xff,
    0xf8, 0x0, 0x0, 0x0, 0x0, 0x0, 0x7, 0x77,
    0x77, 0x77, 0x77, 0x73, 0xff, 0xff, 0xff, 0xff,
    0xff, 0x8f, 0xff, 0xff, 0xff, 0xff, 0xf8, 0xff,
    0xff, 0xff, 0xff, 0xff, 0x7d, 0xff, 0xff, 0xff,
    0xff, 0xf5, 0x7f, 0xff, 0xff, 0xff, 0xfe, 0x10,
    0xcf, 0xff, 0xff, 0xff, 0x50, 0x0, 0x7c, 0xff,
    0xea, 0x20, 0x0,

    /* U+F8D7 "" */
    0x0, 0x0, 0x0, 0x0, 0x0, 0x0, 0x13, 0x0,
    0x0, 0x0, 0x0, 0x0, 0x38, 0xdf, 0xd0, 0x0,
    0x0, 0x1, 0x5a, 0xef, 0xd8, 0x30, 0x0, 0x3,
    0x7c, 0xff, 0xb6, 0x10, 0x0, 0x0, 0x4d, 0xff,
    0xff, 0xed, 0xdd, 0xdd, 0xc4, 0xe, 0xff, 0xff,
    0xff, 0xff, 0xff, 0xff, 0xe0, 0xff, 0xff, 0xff,
    0xff, 0xff, 0xff, 0xff, 0xf, 0xfb, 0xaa, 0xbf,
    0xfd, 0x55, 0xcf, 0xf0, 0xfd, 0x0, 0x0, 0xff,
    0x20, 0x1, 0xff, 0xf, 0xff, 0xff, 0xff, 0xe0,
    0x0, 0xc, 0xf0, 0xff, 0x65, 0x56, 0xff, 0x10,
    0x0, 0xff, 0xf, 0xe2, 0x11, 0x2f, 0xfc, 0x33,
    0xbf, 0xf0, 0xff, 0xff, 0xff, 0xff, 0xff, 0xff,
    0xff, 0xe, 0xff, 0xff, 0xff, 0xff, 0xff, 0xff,
    0xe0, 0x5e, 0xff, 0xff, 0xff, 0xff, 0xff, 0xe5,
    0x0,

    /* U+F8D9 "" */
    0x0, 0x0, 0x0, 0x22, 0x0, 0x0, 0x0, 0x0,
    0x2, 0xbf, 0xff, 0xfb, 0x20, 0x0, 0x0, 0x7f,
    0xff, 0xff, 0xff, 0xf7, 0x0, 0x6, 0xff, 0xff,
    0xff, 0xff, 0xff, 0x50, 0x1f, 0xff, 0xc3, 0x0,
    0x3c, 0xff, 0xe1, 0x9f, 0xfd, 0x5, 0xcc, 0x50,
    0xdf, 0xf9, 0xdf, 0xf5, 0x4f, 0xff, 0xf4, 0x5f,
    0xfd, 0xff, 0xf2, 0x9f, 0x44, 0xf9, 0x2f, 0xff,
    0xef, 0xf3, 0x6f, 0xcc, 0xf6, 0x3f, 0xfe, 0xcf,
    0xf7, 0xa, 0xff, 0xa0, 0x7f, 0xfc, 0x6f, 0xff,
    0x30, 0x11, 0x3, 0xff, 0xf6, 0xc, 0xff, 0xf8,
    0x44, 0x8f, 0xff, 0xc0, 0x2, 0xff, 0xff, 0xff,
    0xff, 0xff, 0x20, 0x0, 0x2c, 0xff, 0xff, 0xff,
    0xc2, 0x0, 0x0, 0x0, 0x5a, 0xdc, 0xa5, 0x0,
    0x0,

    /* U+F8E5 "" */
    0x18, 0x99, 0x99, 0x99, 0x99, 0x99, 0x99, 0x70,
    0xcf, 0xff, 0xff, 0xff, 0xff, 0xff, 0xff, 0xf8,
    0xfc, 0x22, 0x22, 0x22, 0x22, 0x22, 0x22, 0xfb,
    0xfc, 0x0, 0x0, 0x0, 0x0, 0x0, 0x0, 0xfc,
    0xfc, 0x0, 0x0, 0x0, 0x0, 0x0, 0x0, 0xfc,
    0xfc, 0x0, 0x0, 0x0, 0x0, 0x0, 0x0, 0xfc,
    0xfc, 0x0, 0x0, 0x0, 0x0, 0x0, 0x0, 0xfc,
    0xfc, 0x0, 0x0, 0x0, 0x0, 0x0, 0x0, 0xfc,
    0xfc, 0x0, 0x0, 0x0, 0x0, 0x0, 0x0, 0xfb,
    0xdf, 0xff, 0xff, 0xff, 0xff, 0xff, 0xff, 0xf9,
    0x2a, 0xbb, 0xbb, 0xbb, 0xbb, 0xbb, 0xbb, 0x91,
    0x0, 0x0, 0x0, 0x0, 0x0, 0x0, 0x0, 0x0,
    0x0, 0x5, 0xff, 0xff, 0xff, 0xfe, 0x10, 0x0,
    0x0, 0x3, 0xbc, 0xcc, 0xcc, 0xca, 0x0, 0x0,

    /* U+F8EF "" */
    0x2, 0xc0, 0x0, 0x0, 0x0, 0x0, 0x4f, 0x10,
    0x0, 0x0, 0x0, 0x7, 0xf5, 0x9f, 0x4d, 0xb2,
    0xc, 0xff, 0xff, 0xff, 0xff, 0xf5, 0xff, 0xfe,
    0xee, 0xef, 0xff, 0x8f, 0xfc, 0x0, 0x0, 0x3f,
    0xf8, 0xff, 0xff, 0xff, 0xff, 0xff, 0x8f, 0xfd,
    0x55, 0x55, 0x8f, 0xf8, 0xff, 0xd3, 0x22, 0x26,
    0xff, 0x8a, 0xff, 0xff, 0xff, 0xff, 0xf3, 0x3f,
    0xff, 0xff, 0xff, 0xfc, 0x2, 0xff, 0xff, 0xff,
    0xff, 0xa0, 0x2f, 0xff, 0xff, 0xff, 0xfa, 0x1,
    0xff, 0xff, 0xff, 0xff, 0x90, 0x7, 0xef, 0xff,
    0xff, 0xc2, 0x0,

    /* U+F8FF "" */
    0x2, 0x89, 0x99, 0x99, 0x99, 0x98, 0x50, 0x0,
    0x0, 0xd, 0xff, 0xff, 0xff, 0xff, 0xff, 0xfc,
    0x0, 0x0, 0x1f, 0xff, 0xff, 0xff, 0xff, 0xff,
    0xff, 0x80, 0x0, 0x1f, 0xfc, 0x10, 0x3f, 0xe2,
    0x1, 0xef, 0xd0, 0x0, 0x1f, 0xf8, 0x0, 0xf,
    0xc0, 0x0, 0xbf, 0xe0, 0x0, 0x1f, 0xf8, 0x0,
    0xf, 0xc0, 0x1, 0xbf, 0xe0, 0x0, 0x1f, 0xfd,
    0x44, 0x7f, 0xc0, 0xe, 0xff, 0xe0, 0x0, 0x1f,
    0xff, 0xff, 0xff, 0xc0, 0x1, 0xcf, 0xe0, 0x0,
    0x1f, 0xff, 0xff, 0xff, 0xd0, 0x0, 0xcf, 0xe0,
    0x0, 0xf, 0xff, 0xff, 0xff, 0xfc, 0xbc, 0xff,
    0xfb, 0xa3, 0x7, 0xff, 0xf9, 0x5f, 0xff, 0xff,
    0xff, 0xff, 0xf5, 0x0, 0x3, 0xf2, 0xd, 0x80,
    0x0, 0x0, 0x0, 0x0, 0x0, 0x0, 0xec, 0x9f,
    0x30, 0x0, 0x0, 0x0, 0x0, 0x0, 0x0, 0x2b,
    0xc5, 0x0, 0x0, 0x0, 0x0, 0x0
};


/*---------------------
 *  GLYPH DESCRIPTION
 *--------------------*/

static const lv_font_fmt_txt_glyph_dsc_t glyph_dsc[] = {
    {.bitmap_index = 0, .adv_w = 0, .box_w = 0, .box_h = 0, .ofs_x = 0, .ofs_y = 0} /* id = 0 reserved */,
    {.bitmap_index = 0, .adv_w = 62, .box_w = 0, .box_h = 0, .ofs_x = 0, .ofs_y = 0},
    {.bitmap_index = 0, .adv_w = 62, .box_w = 4, .box_h = 10, .ofs_x = 0, .ofs_y = 0},
    {.bitmap_index = 20, .adv_w = 93, .box_w = 5, .box_h = 5, .ofs_x = 0, .ofs_y = 5},
    {.bitmap_index = 33, .adv_w = 159, .box_w = 10, .box_h = 10, .ofs_x = 0, .ofs_y = 0},
    {.bitmap_index = 83, .adv_w = 141, .box_w = 9, .box_h = 15, .ofs_x = 0, .ofs_y = -2},
    {.bitmap_index = 151, .adv_w = 193, .box_w = 12, .box_h = 10, .ofs_x = 0, .ofs_y = 0},
    {.bitmap_index = 211, .adv_w = 158, .box_w = 10, .box_h = 11, .ofs_x = 0, .ofs_y = -1},
    {.bitmap_index = 266, .adv_w = 49, .box_w = 3, .box_h = 5, .ofs_x = 0, .ofs_y = 5},
    {.bitmap_index = 274, .adv_w = 78, .box_w = 4, .box_h = 14, .ofs_x = 1, .ofs_y = -3},
    {.bitmap_index = 302, .adv_w = 78, .box_w = 4, .box_h = 14, .ofs_x = 0, .ofs_y = -3},
    {.bitmap_index = 330, .adv_w = 93, .box_w = 6, .box_h = 6, .ofs_x = 0, .ofs_y = 5},
    {.bitmap_index = 348, .adv_w = 132, .box_w = 8, .box_h = 7, .ofs_x = 0, .ofs_y = 2},
    {.bitmap_index = 376, .adv_w = 55, .box_w = 3, .box_h = 5, .ofs_x = 0, .ofs_y = -2},
    {.bitmap_index = 384, .adv_w = 86, .box_w = 5, .box_h = 2, .ofs_x = 0, .ofs_y = 3},
    {.bitmap_index = 389, .adv_w = 55, .box_w = 3, .box_h = 3, .ofs_x = 0, .ofs_y = 0},
    {.bitmap_index = 394, .adv_w = 83, .box_w = 7, .box_h = 14, .ofs_x = -1, .ofs_y = -1},
    {.bitmap_index = 443, .adv_w = 151, .box_w = 9, .box_h = 10, .ofs_x = 0, .ofs_y = 0},
    {.bitmap_index = 488, .adv_w = 85, .box_w = 4, .box_h = 10, .ofs_x = 0, .ofs_y = 0},
    {.bitmap_index = 508, .adv_w = 130, .box_w = 8, .box_h = 10, .ofs_x = 0, .ofs_y = 0},
    {.bitmap_index = 548, .adv_w = 130, .box_w = 8, .box_h = 10, .ofs_x = 0, .ofs_y = 0},
    {.bitmap_index = 588, .adv_w = 152, .box_w = 10, .box_h = 10, .ofs_x = 0, .ofs_y = 0},
    {.bitmap_index = 638, .adv_w = 131, .box_w = 8, .box_h = 10, .ofs_x = 0, .ofs_y = 0},
    {.bitmap_index = 678, .adv_w = 140, .box_w = 9, .box_h = 10, .ofs_x = 0, .ofs_y = 0},
    {.bitmap_index = 723, .adv_w = 136, .box_w = 9, .box_h = 10, .ofs_x = 0, .ofs_y = 0},
    {.bitmap_index = 768, .adv_w = 146, .box_w = 9, .box_h = 10, .ofs_x = 0, .ofs_y = 0},
    {.bitmap_index = 813, .adv_w = 140, .box_w = 9, .box_h = 10, .ofs_x = 0, .ofs_y = 0},
    {.bitmap_index = 858, .adv_w = 55, .box_w = 3, .box_h = 8, .ofs_x = 0, .ofs_y = 0},
    {.bitmap_index = 870, .adv_w = 55, .box_w = 3, .box_h = 10, .ofs_x = 0, .ofs_y = -2},
    {.bitmap_index = 885, .adv_w = 132, .box_w = 8, .box_h = 8, .ofs_x = 0, .ofs_y = 1},
    {.bitmap_index = 917, .adv_w = 132, .box_w = 8, .box_h = 6, .ofs_x = 0, .ofs_y = 2},
    {.bitmap_index = 941, .adv_w = 132, .box_w = 8, .box_h = 8, .ofs_x = 0, .ofs_y = 1},
    {.bitmap_index = 973, .adv_w = 130, .box_w = 8, .box_h = 10, .ofs_x = 0, .ofs_y = 0},
    {.bitmap_index = 1013, .adv_w = 232, .box_w = 14, .box_h = 13, .ofs_x = 0, .ofs_y = -3},
    {.bitmap_index = 1104, .adv_w = 168, .box_w = 12, .box_h = 10, .ofs_x = -1, .ofs_y = 0},
    {.bitmap_index = 1164, .adv_w = 170, .box_w = 10, .box_h = 10, .ofs_x = 1, .ofs_y = 0},
    {.bitmap_index = 1214, .adv_w = 161, .box_w = 10, .box_h = 10, .ofs_x = 0, .ofs_y = 0},
    {.bitmap_index = 1264, .adv_w = 185, .box_w = 10, .box_h = 10, .ofs_x = 1, .ofs_y = 0},
    {.bitmap_index = 1314, .adv_w = 150, .box_w = 8, .box_h = 10, .ofs_x = 1, .ofs_y = 0},
    {.bitmap_index = 1354, .adv_w = 143, .box_w = 8, .box_h = 10, .ofs_x = 1, .ofs_y = 0},
    {.bitmap_index = 1394, .adv_w = 173, .box_w = 10, .box_h = 10, .ofs_x = 0, .ofs_y = 0},
    {.bitmap_index = 1444, .adv_w = 181, .box_w = 10, .box_h = 10, .ofs_x = 1, .ofs_y = 0},
    {.bitmap_index = 1494, .adv_w = 71, .box_w = 3, .box_h = 10, .ofs_x = 1, .ofs_y = 0},
    {.bitmap_index = 1509, .adv_w = 118, .box_w = 8, .box_h = 10, .ofs_x = -1, .ofs_y = 0},
    {.bitmap_index = 1549, .adv_w = 163, .box_w = 10, .box_h = 10, .ofs_x = 1, .ofs_y = 0},
    {.bitmap_index = 1599, .adv_w = 134, .box_w = 8, .box_h = 10, .ofs_x = 1, .ofs_y = 0},
    {.bitmap_index = 1639, .adv_w = 214, .box_w = 12, .box_h = 10, .ofs_x = 1, .ofs_y = 0},
    {.bitmap_index = 1699, .adv_w = 181, .box_w = 10, .box_h = 10, .ofs_x = 1, .ofs_y = 0},
    {.bitmap_index = 1749, .adv_w = 189, .box_w = 12, .box_h = 10, .ofs_x = 0, .ofs_y = 0},
    {.bitmap_index = 1809, .adv_w = 163, .box_w = 9, .box_h = 10, .ofs_x = 1, .ofs_y = 0},
    {.bitmap_index = 1854, .adv_w = 189, .box_w = 12, .box_h = 13, .ofs_x = 0, .ofs_y = -3},
    {.bitmap_index = 1932, .adv_w = 164, .box_w = 9, .box_h = 10, .ofs_x = 1, .ofs_y = 0},
    {.bitmap_index = 1977, .adv_w = 141, .box_w = 9, .box_h = 10, .ofs_x = 0, .ofs_y = 0},
    {.bitmap_index = 2022, .adv_w = 135, .box_w = 9, .box_h = 10, .ofs_x = 0, .ofs_y = 0},
    {.bitmap_index = 2067, .adv_w = 177, .box_w = 9, .box_h = 10, .ofs_x = 1, .ofs_y = 0},
    {.bitmap_index = 2112, .adv_w = 163, .box_w = 12, .box_h = 10, .ofs_x = -1, .ofs_y = 0},
    {.bitmap_index = 2172, .adv_w = 256, .box_w = 16, .box_h = 10, .ofs_x = 0, .ofs_y = 0},
    {.bitmap_index = 2252, .adv_w = 155, .box_w = 10, .box_h = 10, .ofs_x = 0, .ofs_y = 0},
    {.bitmap_index = 2302, .adv_w = 148, .box_w = 11, .box_h = 10, .ofs_x = -1, .ofs_y = 0},
    {.bitmap_index = 2357, .adv_w = 149, .box_w = 9, .box_h = 10, .ofs_x = 0, .ofs_y = 0},
    {.bitmap_index = 2402, .adv_w = 78, .box_w = 4, .box_h = 14, .ofs_x = 1, .ofs_y = -3},
    {.bitmap_index = 2430, .adv_w = 83, .box_w = 7, .box_h = 14, .ofs_x = -1, .ofs_y = -1},
    {.bitmap_index = 2479, .adv_w = 78, .box_w = 4, .box_h = 14, .ofs_x = 0, .ofs_y = -3},
    {.bitmap_index = 2507, .adv_w = 132, .box_w = 8, .box_h = 6, .ofs_x = 0, .ofs_y = 2},
    {.bitmap_index = 2531, .adv_w = 112, .box_w = 7, .box_h = 2, .ofs_x = 0, .ofs_y = -2},
    {.bitmap_index = 2538, .adv_w = 134, .box_w = 5, .box_h = 2, .ofs_x = 1, .ofs_y = 9},
    {.bitmap_index = 2543, .adv_w = 136, .box_w = 8, .box_h = 8, .ofs_x = 0, .ofs_y = 0},
    {.bitmap_index = 2575, .adv_w = 154, .box_w = 9, .box_h = 11, .ofs_x = 1, .ofs_y = 0},
    {.bitmap_index = 2625, .adv_w = 130, .box_w = 8, .box_h = 8, .ofs_x = 0, .ofs_y = 0},
    {.bitmap_index = 2657, .adv_w = 154, .box_w = 9, .box_h = 11, .ofs_x = 0, .ofs_y = 0},
    {.bitmap_index = 2707, .adv_w = 139, .box_w = 9, .box_h = 8, .ofs_x = 0, .ofs_y = 0},
    {.bitmap_index = 2743, .adv_w = 83, .box_w = 6, .box_h = 11, .ofs_x = 0, .ofs_y = 0},
    {.bitmap_index = 2776, .adv_w = 155, .box_w = 9, .box_h = 11, .ofs_x = 0, .ofs_y = -3},
    {.bitmap_index = 2826, .adv_w = 153, .box_w = 8, .box_h = 11, .ofs_x = 1, .ofs_y = 0},
    {.bitmap_index = 2870, .adv_w = 65, .box_w = 4, .box_h = 11, .ofs_x = 0, .ofs_y = 0},
    {.bitmap_index = 2892, .adv_w = 66, .box_w = 6, .box_h = 14, .ofs_x = -2, .ofs_y = -3},
    {.bitmap_index = 2934, .adv_w = 142, .box_w = 8, .box_h = 11, .ofs_x = 1, .ofs_y = 0},
    {.bitmap_index = 2978, .adv_w = 65, .box_w = 2, .box_h = 11, .ofs_x = 1, .ofs_y = 0},
    {.bitmap_index = 2989, .adv_w = 236, .box_w = 13, .box_h = 8, .ofs_x = 1, .ofs_y = 0},
    {.bitmap_index = 3041, .adv_w = 153, .box_w = 8, .box_h = 8, .ofs_x = 1, .ofs_y = 0},
    {.bitmap_index = 3073, .adv_w = 144, .box_w = 9, .box_h = 8, .ofs_x = 0, .ofs_y = 0},
    {.bitmap_index = 3109, .adv_w = 154, .box_w = 9, .box_h = 11, .ofs_x = 1, .ofs_y = -3},
    {.bitmap_index = 3159, .adv_w = 154, .box_w = 9, .box_h = 11, .ofs_x = 0, .ofs_y = -3},
    {.bitmap_index = 3209, .adv_w = 94, .box_w = 5, .box_h = 8, .ofs_x = 1, .ofs_y = 0},
    {.bitmap_index = 3229, .adv_w = 115, .box_w = 7, .box_h = 8, .ofs_x = 0, .ofs_y = 0},
    {.bitmap_index = 3257, .adv_w = 95, .box_w = 6, .box_h = 10, .ofs_x = 0, .ofs_y = 0},
    {.bitmap_index = 3287, .adv_w = 153, .box_w = 8, .box_h = 8, .ofs_x = 1, .ofs_y = 0},
    {.bitmap_index = 3319, .adv_w = 129, .box_w = 10, .box_h = 8, .ofs_x = -1, .ofs_y = 0},
    {.bitmap_index = 3359, .adv_w = 206, .box_w = 13, .box_h = 8, .ofs_x = 0, .ofs_y = 0},
    {.bitmap_index = 3411, .adv_w = 128, .box_w = 8, .box_h = 8, .ofs_x = 0, .ofs_y = 0},
    {.bitmap_index = 3443, .adv_w = 129, .box_w = 10, .box_h = 11, .ofs_x = -1, .ofs_y = -3},
    {.bitmap_index = 3498, .adv_w = 119, .box_w = 7, .box_h = 8, .ofs_x = 0, .ofs_y = 0},
    {.bitmap_index = 3526, .adv_w = 83, .box_w = 5, .box_h = 14, .ofs_x = 0, .ofs_y = -3},
    {.bitmap_index = 3561, .adv_w = 68, .box_w = 2, .box_h = 14, .ofs_x = 1, .ofs_y = -3},
    {.bitmap_index = 3575, .adv_w = 83, .box_w = 5, .box_h = 14, .ofs_x = 0, .ofs_y = -3},
    {.bitmap_index = 3610, .adv_w = 132, .box_w = 8, .box_h = 4, .ofs_x = 0, .ofs_y = 3},
    {.bitmap_index = 3626, .adv_w = 62, .box_w = 0, .box_h = 0, .ofs_x = 0, .ofs_y = 0},
    {.bitmap_index = 3626, .adv_w = 62, .box_w = 4, .box_h = 10, .ofs_x = 0, .ofs_y = -2},
    {.bitmap_index = 3646, .adv_w = 130, .box_w = 8, .box_h = 12, .ofs_x = 0, .ofs_y = -2},
    {.bitmap_index = 3694, .adv_w = 147, .box_w = 9, .box_h = 10, .ofs_x = 0, .ofs_y = 0},
    {.bitmap_index = 3739, .adv_w = 157, .box_w = 10, .box_h = 10, .ofs_x = 0, .ofs_y = 0},
    {.bitmap_index = 3789, .adv_w = 162, .box_w = 12, .box_h = 10, .ofs_x = -1, .ofs_y = 0},
    {.bitmap_index = 3849, .adv_w = 68, .box_w = 2, .box_h = 14, .ofs_x = 1, .ofs_y = -3},
    {.bitmap_index = 3863, .adv_w = 114, .box_w = 7, .box_h = 13, .ofs_x = 0, .ofs_y = -3},
    {.bitmap_index = 3909, .adv_w = 134, .box_w = 5, .box_h = 2, .ofs_x = 2, .ofs_y = 9},
    {.bitmap_index = 3914, .adv_w = 178, .box_w = 11, .box_h = 11, .ofs_x = 0, .ofs_y = 0},
    {.bitmap_index = 3975, .adv_w = 91, .box_w = 5, .box_h = 5, .ofs_x = 0, .ofs_y = 6},
    {.bitmap_index = 3988, .adv_w = 120, .box_w = 8, .box_h = 6, .ofs_x = 0, .ofs_y = 1},
    {.bitmap_index = 4012, .adv_w = 132, .box_w = 8, .box_h = 5, .ofs_x = 0, .ofs_y = 2},
    {.bitmap_index = 4032, .adv_w = 178, .box_w = 11, .box_h = 11, .ofs_x = 0, .ofs_y = 0},
    {.bitmap_index = 4093, .adv_w = 134, .box_w = 6, .box_h = 2, .ofs_x = 1, .ofs_y = 9},
    {.bitmap_index = 4099, .adv_w = 94, .box_w = 6, .box_h = 5, .ofs_x = 0, .ofs_y = 6},
    {.bitmap_index = 4114, .adv_w = 132, .box_w = 8, .box_h = 10, .ofs_x = 0, .ofs_y = 0},
    {.bitmap_index = 4154, .adv_w = 96, .box_w = 6, .box_h = 6, .ofs_x = 0, .ofs_y = 5},
    {.bitmap_index = 4172, .adv_w = 96, .box_w = 6, .box_h = 6, .ofs_x = 0, .ofs_y = 5},
    {.bitmap_index = 4190, .adv_w = 134, .box_w = 4, .box_h = 2, .ofs_x = 3, .ofs_y = 9},
    {.bitmap_index = 4194, .adv_w = 154, .box_w = 8, .box_h = 11, .ofs_x = 1, .ofs_y = -3},
    {.bitmap_index = 4238, .adv_w = 149, .box_w = 9, .box_h = 13, .ofs_x = 0, .ofs_y = -2},
    {.bitmap_index = 4297, .adv_w = 64, .box_w = 4, .box_h = 3, .ofs_x = 0, .ofs_y = 3},
    {.bitmap_index = 4303, .adv_w = 134, .box_w = 4, .box_h = 4, .ofs_x = 2, .ofs_y = -3},
    {.bitmap_index = 4311, .adv_w = 96, .box_w = 5, .box_h = 6, .ofs_x = 1, .ofs_y = 5},
    {.bitmap_index = 4326, .adv_w = 95, .box_w = 6, .box_h = 6, .ofs_x = 0, .ofs_y = 5},
    {.bitmap_index = 4344, .adv_w = 120, .box_w = 7, .box_h = 6, .ofs_x = 0, .ofs_y = 1},
    {.bitmap_index = 4365, .adv_w = 233, .box_w = 14, .box_h = 11, .ofs_x = 1, .ofs_y = -1},
    {.bitmap_index = 4442, .adv_w = 233, .box_w = 13, .box_h = 11, .ofs_x = 1, .ofs_y = -1},
    {.bitmap_index = 4514, .adv_w = 233, .box_w = 15, .box_h = 11, .ofs_x = 0, .ofs_y = -1},
    {.bitmap_index = 4597, .adv_w = 130, .box_w = 9, .box_h = 11, .ofs_x = 0, .ofs_y = -3},
    {.bitmap_index = 4647, .adv_w = 168, .box_w = 12, .box_h = 13, .ofs_x = -1, .ofs_y = 0},
    {.bitmap_index = 4725, .adv_w = 168, .box_w = 12, .box_h = 13, .ofs_x = -1, .ofs_y = 0},
    {.bitmap_index = 4803, .adv_w = 168, .box_w = 12, .box_h = 13, .ofs_x = -1, .ofs_y = 0},
    {.bitmap_index = 4881, .adv_w = 168, .box_w = 12, .box_h = 13, .ofs_x = -1, .ofs_y = 0},
    {.bitmap_index = 4959, .adv_w = 168, .box_w = 12, .box_h = 13, .ofs_x = -1, .ofs_y = 0},
    {.bitmap_index = 5037, .adv_w = 168, .box_w = 12, .box_h = 15, .ofs_x = -1, .ofs_y = 0},
    {.bitmap_index = 5127, .adv_w = 238, .box_w = 16, .box_h = 10, .ofs_x = -1, .ofs_y = 0},
    {.bitmap_index = 5207, .adv_w = 161, .box_w = 10, .box_h = 13, .ofs_x = 0, .ofs_y = -3},
    {.bitmap_index = 5272, .adv_w = 150, .box_w = 8, .box_h = 13, .ofs_x = 1, .ofs_y = 0},
    {.bitmap_index = 5324, .adv_w = 150, .box_w = 8, .box_h = 13, .ofs_x = 1, .ofs_y = 0},
    {.bitmap_index = 5376, .adv_w = 150, .box_w = 8, .box_h = 13, .ofs_x = 1, .ofs_y = 0},
    {.bitmap_index = 5428, .adv_w = 150, .box_w = 8, .box_h = 13, .ofs_x = 1, .ofs_y = 0},
    {.bitmap_index = 5480, .adv_w = 71, .box_w = 5, .box_h = 13, .ofs_x = -1, .ofs_y = 0},
    {.bitmap_index = 5513, .adv_w = 71, .box_w = 4, .box_h = 13, .ofs_x = 1, .ofs_y = 0},
    {.bitmap_index = 5539, .adv_w = 71, .box_w = 6, .box_h = 13, .ofs_x = -1, .ofs_y = 0},
    {.bitmap_index = 5578, .adv_w = 71, .box_w = 5, .box_h = 13, .ofs_x = 0, .ofs_y = 0},
    {.bitmap_index = 5611, .adv_w = 187, .box_w = 12, .box_h = 10, .ofs_x = 0, .ofs_y = 0},
    {.bitmap_index = 5671, .adv_w = 181, .box_w = 10, .box_h = 13, .ofs_x = 1, .ofs_y = 0},
    {.bitmap_index = 5736, .adv_w = 189, .box_w = 12, .box_h = 14, .ofs_x = 0, .ofs_y = 0},
    {.bitmap_index = 5820, .adv_w = 189, .box_w = 12, .box_h = 14, .ofs_x = 0, .ofs_y = 0},
    {.bitmap_index = 5904, .adv_w = 189, .box_w = 12, .box_h = 14, .ofs_x = 0, .ofs_y = 0},
    {.bitmap_index = 5988, .adv_w = 189, .box_w = 12, .box_h = 14, .ofs_x = 0, .ofs_y = 0},
    {.bitmap_index = 6072, .adv_w = 189, .box_w = 12, .box_h = 13, .ofs_x = 0, .ofs_y = 0},
    {.bitmap_index = 6150, .adv_w = 132, .box_w = 6, .box_h = 7, .ofs_x = 1, .ofs_y = 2},
    {.bitmap_index = 6171, .adv_w = 189, .box_w = 12, .box_h = 13, .ofs_x = 0, .ofs_y = -1},
    {.bitmap_index = 6249, .adv_w = 177, .box_w = 9, .box_h = 14, .ofs_x = 1, .ofs_y = 0},
    {.bitmap_index = 6312, .adv_w = 177, .box_w = 9, .box_h = 14, .ofs_x = 1, .ofs_y = 0},
    {.bitmap_index = 6375, .adv_w = 177, .box_w = 9, .box_h = 14, .ofs_x = 1, .ofs_y = 0},
    {.bitmap_index = 6438, .adv_w = 177, .box_w = 9, .box_h = 13, .ofs_x = 1, .ofs_y = 0},
    {.bitmap_index = 6497, .adv_w = 148, .box_w = 11, .box_h = 14, .ofs_x = -1, .ofs_y = 0},
    {.bitmap_index = 6574, .adv_w = 163, .box_w = 9, .box_h = 10, .ofs_x = 1, .ofs_y = 0},
    {.bitmap_index = 6619, .adv_w = 153, .box_w = 9, .box_h = 11, .ofs_x = 1, .ofs_y = 0},
    {.bitmap_index = 6669, .adv_w = 136, .box_w = 8, .box_h = 11, .ofs_x = 0, .ofs_y = 0},
    {.bitmap_index = 6713, .adv_w = 136, .box_w = 8, .box_h = 11, .ofs_x = 0, .ofs_y = 0},
    {.bitmap_index = 6757, .adv_w = 136, .box_w = 8, .box_h = 11, .ofs_x = 0, .ofs_y = 0},
    {.bitmap_index = 6801, .adv_w = 136, .box_w = 8, .box_h = 11, .ofs_x = 0, .ofs_y = 0},
    {.bitmap_index = 6845, .adv_w = 136, .box_w = 8, .box_h = 11, .ofs_x = 0, .ofs_y = 0},
    {.bitmap_index = 6889, .adv_w = 136, .box_w = 8, .box_h = 12, .ofs_x = 0, .ofs_y = 0},
    {.bitmap_index = 6937, .adv_w = 222, .box_w = 14, .box_h = 8, .ofs_x = 0, .ofs_y = 0},
    {.bitmap_index = 6993, .adv_w = 130, .box_w = 8, .box_h = 11, .ofs_x = 0, .ofs_y = -3},
    {.bitmap_index = 7037, .adv_w = 139, .box_w = 9, .box_h = 11, .ofs_x = 0, .ofs_y = 0},
    {.bitmap_index = 7087, .adv_w = 139, .box_w = 9, .box_h = 11, .ofs_x = 0, .ofs_y = 0},
    {.bitmap_index = 7137, .adv_w = 139, .box_w = 9, .box_h = 11, .ofs_x = 0, .ofs_y = 0},
    {.bitmap_index = 7187, .adv_w = 139, .box_w = 9, .box_h = 11, .ofs_x = 0, .ofs_y = 0},
    {.bitmap_index = 7237, .adv_w = 65, .box_w = 5, .box_h = 11, .ofs_x = -1, .ofs_y = 0},
    {.bitmap_index = 7265, .adv_w = 65, .box_w = 5, .box_h = 11, .ofs_x = 0, .ofs_y = 0},
    {.bitmap_index = 7293, .adv_w = 65, .box_w = 6, .box_h = 11, .ofs_x = -1, .ofs_y = 0},
    {.bitmap_index = 7326, .adv_w = 65, .box_w = 4, .box_h = 11, .ofs_x = 0, .ofs_y = 0},
    {.bitmap_index = 7348, .adv_w = 136, .box_w = 8, .box_h = 12, .ofs_x = 0, .ofs_y = 0},
    {.bitmap_index = 7396, .adv_w = 153, .box_w = 8, .box_h = 11, .ofs_x = 1, .ofs_y = 0},
    {.bitmap_index = 7440, .adv_w = 144, .box_w = 9, .box_h = 11, .ofs_x = 0, .ofs_y = 0},
    {.bitmap_index = 7490, .adv_w = 144, .box_w = 9, .box_h = 11, .ofs_x = 0, .ofs_y = 0},
    {.bitmap_index = 7540, .adv_w = 144, .box_w = 9, .box_h = 11, .ofs_x = 0, .ofs_y = 0},
    {.bitmap_index = 7590, .adv_w = 144, .box_w = 9, .box_h = 11, .ofs_x = 0, .ofs_y = 0},
    {.bitmap_index = 7640, .adv_w = 144, .box_w = 9, .box_h = 11, .ofs_x = 0, .ofs_y = 0},
    {.bitmap_index = 7690, .adv_w = 132, .box_w = 8, .box_h = 9, .ofs_x = 0, .ofs_y = 1},
    {.bitmap_index = 7726, .adv_w = 144, .box_w = 9, .box_h = 10, .ofs_x = 0, .ofs_y = -1},
    {.bitmap_index = 7771, .adv_w = 153, .box_w = 8, .box_h = 11, .ofs_x = 1, .ofs_y = 0},
    {.bitmap_index = 7815, .adv_w = 153, .box_w = 8, .box_h = 11, .ofs_x = 1, .ofs_y = 0},
    {.bitmap_index = 7859, .adv_w = 153, .box_w = 8, .box_h = 11, .ofs_x = 1, .ofs_y = 0},
    {.bitmap_index = 7903, .adv_w = 153, .box_w = 8, .box_h = 11, .ofs_x = 1, .ofs_y = 0},
    {.bitmap_index = 7947, .adv_w = 129, .box_w = 10, .box_h = 14, .ofs_x = -1, .ofs_y = -3},
    {.bitmap_index = 8017, .adv_w = 154, .box_w = 9, .box_h = 14, .ofs_x = 1, .ofs_y = -3},
    {.bitmap_index = 8080, .adv_w = 129, .box_w = 10, .box_h = 14, .ofs_x = -1, .ofs_y = -3},
    {.bitmap_index = 8150, .adv_w = 168, .box_w = 12, .box_h = 13, .ofs_x = -1, .ofs_y = -3},
    {.bitmap_index = 8228, .adv_w = 136, .box_w = 8, .box_h = 11, .ofs_x = 0, .ofs_y = -3},
    {.bitmap_index = 8272, .adv_w = 161, .box_w = 10, .box_h = 14, .ofs_x = 0, .ofs_y = 0},
    {.bitmap_index = 8342, .adv_w = 130, .box_w = 8, .box_h = 11, .ofs_x = 0, .ofs_y = 0},
    {.bitmap_index = 8386, .adv_w = 150, .box_w = 8, .box_h = 13, .ofs_x = 1, .ofs_y = -3},
    {.bitmap_index = 8438, .adv_w = 139, .box_w = 9, .box_h = 11, .ofs_x = 0, .ofs_y = -3},
    {.bitmap_index = 8488, .adv_w = 136, .box_w = 10, .box_h = 10, .ofs_x = -1, .ofs_y = 0},
    {.bitmap_index = 8538, .adv_w = 69, .box_w = 6, .box_h = 11, .ofs_x = -1, .ofs_y = 0},
    {.bitmap_index = 8571, .adv_w = 181, .box_w = 10, .box_h = 13, .ofs_x = 1, .ofs_y = 0},
    {.bitmap_index = 8636, .adv_w = 153, .box_w = 8, .box_h = 11, .ofs_x = 1, .ofs_y = 0},
    {.bitmap_index = 8680, .adv_w = 141, .box_w = 9, .box_h = 14, .ofs_x = 0, .ofs_y = 0},
    {.bitmap_index = 8743, .adv_w = 115, .box_w = 7, .box_h = 11, .ofs_x = 0, .ofs_y = 0},
    {.bitmap_index = 8782, .adv_w = 149, .box_w = 9, .box_h = 13, .ofs_x = 0, .ofs_y = 0},
    {.bitmap_index = 8841, .adv_w = 119, .box_w = 7, .box_h = 11, .ofs_x = 0, .ofs_y = 0},
    {.bitmap_index = 8880, .adv_w = 149, .box_w = 9, .box_h = 14, .ofs_x = 0, .ofs_y = 0},
    {.bitmap_index = 8943, .adv_w = 119, .box_w = 7, .box_h = 11, .ofs_x = 0, .ofs_y = 0},
    {.bitmap_index = 8982, .adv_w = 224, .box_w = 15, .box_h = 14, .ofs_x = -1, .ofs_y = -2},
    {.bitmap_index = 9087, .adv_w = 224, .box_w = 14, .box_h = 14, .ofs_x = -1, .ofs_y = -1},
    {.bitmap_index = 9185, .adv_w = 224, .box_w = 15, .box_h = 15, .ofs_x = 0, .ofs_y = -2},
    {.bitmap_index = 9298, .adv_w = 224, .box_w = 14, .box_h = 11, .ofs_x = 0, .ofs_y = 0},
    {.bitmap_index = 9375, .adv_w = 224, .box_w = 14, .box_h = 13, .ofs_x = 0, .ofs_y = -1},
    {.bitmap_index = 9466, .adv_w = 252, .box_w = 16, .box_h = 16, .ofs_x = 0, .ofs_y = -2},
    {.bitmap_index = 9594, .adv_w = 252, .box_w = 16, .box_h = 16, .ofs_x = 0, .ofs_y = -2},
    {.bitmap_index = 9722, .adv_w = 196, .box_w = 12, .box_h = 15, .ofs_x = 0, .ofs_y = -2},
    {.bitmap_index = 9812, .adv_w = 196, .box_w = 13, .box_h = 13, .ofs_x = 0, .ofs_y = -1},
    {.bitmap_index = 9897, .adv_w = 196, .box_w = 13, .box_h = 13, .ofs_x = 0, .ofs_y = -1},
    {.bitmap_index = 9982, .adv_w = 196, .box_w = 13, .box_h = 13, .ofs_x = 0, .ofs_y = -1},
    {.bitmap_index = 10067, .adv_w = 196, .box_w = 13, .box_h = 13, .ofs_x = 0, .ofs_y = -1},
    {.bitmap_index = 10152, .adv_w = 196, .box_w = 14, .box_h = 12, .ofs_x = -1, .ofs_y = -1},
    {.bitmap_index = 10236, .adv_w = 168, .box_w = 12, .box_h = 12, .ofs_x = -1, .ofs_y = 0},
    {.bitmap_index = 10308, .adv_w = 224, .box_w = 14, .box_h = 15, .ofs_x = 0, .ofs_y = -2},
    {.bitmap_index = 10413, .adv_w = 224, .box_w = 14, .box_h = 15, .ofs_x = 0, .ofs_y = -2},
    {.bitmap_index = 10518, .adv_w = 224, .box_w = 14, .box_h = 16, .ofs_x = 0, .ofs_y = -2},
    {.bitmap_index = 10630, .adv_w = 224, .box_w = 14, .box_h = 13, .ofs_x = 0, .ofs_y = -1},
    {.bitmap_index = 10721, .adv_w = 224, .box_w = 16, .box_h = 16, .ofs_x = -1, .ofs_y = -3},
    {.bitmap_index = 10849, .adv_w = 196, .box_w = 13, .box_h = 15, .ofs_x = 0, .ofs_y = -2},
    {.bitmap_index = 10947, .adv_w = 224, .box_w = 16, .box_h = 15, .ofs_x = -1, .ofs_y = -2},
    {.bitmap_index = 11067, .adv_w = 168, .box_w = 11, .box_h = 15, .ofs_x = 0, .ofs_y = -2},
    {.bitmap_index = 11150, .adv_w = 224, .box_w = 14, .box_h = 15, .ofs_x = 0, .ofs_y = -2},
    {.bitmap_index = 11255, .adv_w = 224, .box_w = 16, .box_h = 13, .ofs_x = -1, .ofs_y = -1},
    {.bitmap_index = 11359, .adv_w = 196, .box_w = 13, .box_h = 14, .ofs_x = 0, .ofs_y = -1},
    {.bitmap_index = 11450, .adv_w = 224, .box_w = 14, .box_h = 15, .ofs_x = 0, .ofs_y = -2},
    {.bitmap_index = 11555, .adv_w = 224, .box_w = 14, .box_h = 15, .ofs_x = 0, .ofs_y = -2},
    {.bitmap_index = 11660, .adv_w = 224, .box_w = 14, .box_h = 13, .ofs_x = 0, .ofs_y = -1},
    {.bitmap_index = 11751, .adv_w = 224, .box_w = 14, .box_h = 15, .ofs_x = 0, .ofs_y = -2},
    {.bitmap_index = 11856, .adv_w = 224, .box_w = 15, .box_h = 16, .ofs_x = -1, .ofs_y = -3},
    {.bitmap_index = 11976, .adv_w = 224, .box_w = 14, .box_h = 15, .ofs_x = 0, .ofs_y = -2},
    {.bitmap_index = 12081, .adv_w = 224, .box_w = 14, .box_h = 11, .ofs_x = 0, .ofs_y = 0},
    {.bitmap_index = 12158, .adv_w = 168, .box_w = 11, .box_h = 16, .ofs_x = 0, .ofs_y = -2},
    {.bitmap_index = 12246, .adv_w = 196, .box_w = 13, .box_h = 15, .ofs_x = 0, .ofs_y = -2},
    {.bitmap_index = 12344, .adv_w = 196, .box_w = 13, .box_h = 14, .ofs_x = 0, .ofs_y = -1},
    {.bitmap_index = 12435, .adv_w = 140, .box_w = 8, .box_h = 13, .ofs_x = 0, .ofs_y = -1},
    {.bitmap_index = 12487, .adv_w = 196, .box_w = 12, .box_h = 13, .ofs_x = 0, .ofs_y = -1},
    {.bitmap_index = 12565, .adv_w = 280, .box_w = 18, .box_h = 14, .ofs_x = 0, .ofs_y = -2},
    {.bitmap_index = 12691, .adv_w = 196, .box_w = 13, .box_h = 13, .ofs_x = 0, .ofs_y = -1},
    {.bitmap_index = 12776, .adv_w = 196, .box_w = 13, .box_h = 13, .ofs_x = 0, .ofs_y = -1},
    {.bitmap_index = 12861, .adv_w = 224, .box_w = 14, .box_h = 14, .ofs_x = 0, .ofs_y = -2},
    {.bitmap_index = 12959, .adv_w = 252, .box_w = 16, .box_h = 13, .ofs_x = 0, .ofs_y = -1},
    {.bitmap_index = 13063, .adv_w = 196, .box_w = 13, .box_h = 15, .ofs_x = 0, .ofs_y = -2},
    {.bitmap_index = 13161, .adv_w = 168, .box_w = 11, .box_h = 15, .ofs_x = 0, .ofs_y = -2},
    {.bitmap_index = 13244, .adv_w = 224, .box_w = 15, .box_h = 15, .ofs_x = 0, .ofs_y = -2},
    {.bitmap_index = 13357, .adv_w = 224, .box_w = 14, .box_h = 13, .ofs_x = 0, .ofs_y = -1},
    {.bitmap_index = 13448, .adv_w = 224, .box_w = 14, .box_h = 13, .ofs_x = 0, .ofs_y = -1},
    {.bitmap_index = 13539, .adv_w = 168, .box_w = 11, .box_h = 13, .ofs_x = 0, .ofs_y = -1},
    {.bitmap_index = 13611, .adv_w = 168, .box_w = 11, .box_h = 13, .ofs_x = 0, .ofs_y = -1},
    {.bitmap_index = 13683, .adv_w = 252, .box_w = 16, .box_h = 13, .ofs_x = 0, .ofs_y = -1},
    {.bitmap_index = 13787, .adv_w = 196, .box_w = 14, .box_h = 16, .ofs_x = -1, .ofs_y = -3},
    {.bitmap_index = 13899, .adv_w = 196, .box_w = 13, .box_h = 13, .ofs_x = 0, .ofs_y = -1},
    {.bitmap_index = 13984, .adv_w = 196, .box_w = 13, .box_h = 13, .ofs_x = 0, .ofs_y = -1},
    {.bitmap_index = 14069, .adv_w = 196, .box_w = 13, .box_h = 13, .ofs_x = 0, .ofs_y = -1},
    {.bitmap_index = 14154, .adv_w = 196, .box_w = 13, .box_h = 13, .ofs_x = 0, .ofs_y = -1},
    {.bitmap_index = 14239, .adv_w = 224, .box_w = 14, .box_h = 13, .ofs_x = 0, .ofs_y = -1},
    {.bitmap_index = 14330, .adv_w = 196, .box_w = 14, .box_h = 13, .ofs_x = -1, .ofs_y = -1},
    {.bitmap_index = 14421, .adv_w = 196, .box_w = 13, .box_h = 13, .ofs_x = 0, .ofs_y = -1},
    {.bitmap_index = 14506, .adv_w = 252, .box_w = 16, .box_h = 11, .ofs_x = 0, .ofs_y = 0},
    {.bitmap_index = 14594, .adv_w = 196, .box_w = 13, .box_h = 13, .ofs_x = 0, .ofs_y = -1},
    {.bitmap_index = 14679, .adv_w = 224, .box_w = 15, .box_h = 15, .ofs_x = -1, .ofs_y = -2},
    {.bitmap_index = 14792, .adv_w = 168, .box_w = 11, .box_h = 15, .ofs_x = 0, .ofs_y = -2},
    {.bitmap_index = 14875, .adv_w = 224, .box_w = 14, .box_h = 15, .ofs_x = 0, .ofs_y = -2},
    {.bitmap_index = 14980, .adv_w = 168, .box_w = 11, .box_h = 15, .ofs_x = 0, .ofs_y = -2},
    {.bitmap_index = 15063, .adv_w = 224, .box_w = 14, .box_h = 15, .ofs_x = 0, .ofs_y = -2},
    {.bitmap_index = 15168, .adv_w = 252, .box_w = 16, .box_h = 15, .ofs_x = 0, .ofs_y = -2},
    {.bitmap_index = 15288, .adv_w = 196, .box_w = 13, .box_h = 13, .ofs_x = 0, .ofs_y = -1},
    {.bitmap_index = 15373, .adv_w = 224, .box_w = 16, .box_h = 15, .ofs_x = -1, .ofs_y = -2},
    {.bitmap_index = 15493, .adv_w = 168, .box_w = 11, .box_h = 13, .ofs_x = 0, .ofs_y = -1},
    {.bitmap_index = 15565, .adv_w = 224, .box_w = 14, .box_h = 13, .ofs_x = 0, .ofs_y = -1},
    {.bitmap_index = 15656, .adv_w = 252, .box_w = 14, .box_h = 13, .ofs_x = 0, .ofs_y = -1},
    {.bitmap_index = 15747, .adv_w = 196, .box_w = 13, .box_h = 13, .ofs_x = 0, .ofs_y = -1},
    {.bitmap_index = 15832, .adv_w = 168, .box_w = 11, .box_h = 13, .ofs_x = 0, .ofs_y = -1},
    {.bitmap_index = 15904, .adv_w = 196, .box_w = 13, .box_h = 13, .ofs_x = 0, .ofs_y = -1},
    {.bitmap_index = 15989, .adv_w = 252, .box_w = 15, .box_h = 13, .ofs_x = 1, .ofs_y = -1},
    {.bitmap_index = 16087, .adv_w = 224, .box_w = 14, .box_h = 13, .ofs_x = 0, .ofs_y = -1},
    {.bitmap_index = 16178, .adv_w = 168, .box_w = 11, .box_h = 13, .ofs_x = 0, .ofs_y = -1},
    {.bitmap_index = 16250, .adv_w = 196, .box_w = 14, .box_h = 13, .ofs_x = -1, .ofs_y = -1},
    {.bitmap_index = 16341, .adv_w = 140, .box_w = 9, .box_h = 13, .ofs_x = -1, .ofs_y = -1},
    {.bitmap_index = 16400, .adv_w = 140, .box_w = 8, .box_h = 13, .ofs_x = 1, .ofs_y = -1},
    {.bitmap_index = 16452, .adv_w = 224, .box_w = 14, .box_h = 15, .ofs_x = 0, .ofs_y = -2},
    {.bitmap_index = 16557, .adv_w = 224, .box_w = 14, .box_h = 15, .ofs_x = 0, .ofs_y = -2},
    {.bitmap_index = 16662, .adv_w = 224, .box_w = 14, .box_h = 15, .ofs_x = 0, .ofs_y = -2},
    {.bitmap_index = 16767, .adv_w = 224, .box_w = 14, .box_h = 15, .ofs_x = 0, .ofs_y = -2},
    {.bitmap_index = 16872, .adv_w = 224, .box_w = 14, .box_h = 15, .ofs_x = 0, .ofs_y = -2},
    {.bitmap_index = 16977, .adv_w = 224, .box_w = 14, .box_h = 15, .ofs_x = 0, .ofs_y = -2},
    {.bitmap_index = 17082, .adv_w = 252, .box_w = 16, .box_h = 16, .ofs_x = 0, .ofs_y = -3},
    {.bitmap_index = 17210, .adv_w = 224, .box_w = 14, .box_h = 15, .ofs_x = 0, .ofs_y = -2},
    {.bitmap_index = 17315, .adv_w = 224, .box_w = 14, .box_h = 15, .ofs_x = 0, .ofs_y = -2},
    {.bitmap_index = 17420, .adv_w = 224, .box_w = 14, .box_h = 15, .ofs_x = 0, .ofs_y = -2},
    {.bitmap_index = 17525, .adv_w = 224, .box_w = 15, .box_h = 12, .ofs_x = -1, .ofs_y = -1},
    {.bitmap_index = 17615, .adv_w = 224, .box_w = 15, .box_h = 12, .ofs_x = 0, .ofs_y = -1},
    {.bitmap_index = 17705, .adv_w = 168, .box_w = 12, .box_h = 15, .ofs_x = -1, .ofs_y = -2},
    {.bitmap_index = 17795, .adv_w = 168, .box_w = 12, .box_h = 15, .ofs_x = -1, .ofs_y = -2},
    {.bitmap_index = 17885, .adv_w = 224, .box_w = 15, .box_h = 14, .ofs_x = 0, .ofs_y = -1},
    {.bitmap_index = 17990, .adv_w = 196, .box_w = 13, .box_h = 13, .ofs_x = 0, .ofs_y = -1},
    {.bitmap_index = 18075, .adv_w = 196, .box_w = 13, .box_h = 13, .ofs_x = 0, .ofs_y = -1},
    {.bitmap_index = 18160, .adv_w = 196, .box_w = 13, .box_h = 13, .ofs_x = 0, .ofs_y = -1},
    {.bitmap_index = 18245, .adv_w = 196, .box_w = 13, .box_h = 2, .ofs_x = 0, .ofs_y = 5},
    {.bitmap_index = 18258, .adv_w = 196, .box_w = 14, .box_h = 15, .ofs_x = -1, .ofs_y = -2},
    {.bitmap_index = 18363, .adv_w = 224, .box_w = 14, .box_h = 15, .ofs_x = 0, .ofs_y = -2},
    {.bitmap_index = 18468, .adv_w = 224, .box_w = 14, .box_h = 14, .ofs_x = 0, .ofs_y = -1},
    {.bitmap_index = 18566, .adv_w = 224, .box_w = 14, .box_h = 14, .ofs_x = 0, .ofs_y = -1},
    {.bitmap_index = 18664, .adv_w = 196, .box_w = 13, .box_h = 16, .ofs_x = 0, .ofs_y = -2},
    {.bitmap_index = 18768, .adv_w = 252, .box_w = 17, .box_h = 13, .ofs_x = -1, .ofs_y = -1},
    {.bitmap_index = 18879, .adv_w = 252, .box_w = 17, .box_h = 17, .ofs_x = -1, .ofs_y = -3},
    {.bitmap_index = 19024, .adv_w = 224, .box_w = 16, .box_h = 14, .ofs_x = -1, .ofs_y = -1},
    {.bitmap_index = 19136, .adv_w = 252, .box_w = 16, .box_h = 14, .ofs_x = 0, .ofs_y = -2},
    {.bitmap_index = 19248, .adv_w = 196, .box_w = 13, .box_h = 14, .ofs_x = 0, .ofs_y = -1},
    {.bitmap_index = 19339, .adv_w = 224, .box_w = 14, .box_h = 13, .ofs_x = 0, .ofs_y = -1},
    {.bitmap_index = 19430, .adv_w = 224, .box_w = 15, .box_h = 15, .ofs_x = -1, .ofs_y = -2},
    {.bitmap_index = 19543, .adv_w = 196, .box_w = 13, .box_h = 14, .ofs_x = 0, .ofs_y = -2},
    {.bitmap_index = 19634, .adv_w = 196, .box_w = 14, .box_h = 8, .ofs_x = -1, .ofs_y = 2},
    {.bitmap_index = 19690, .adv_w = 196, .box_w = 14, .box_h = 8, .ofs_x = -1, .ofs_y = 0},
    {.bitmap_index = 19746, .adv_w = 252, .box_w = 16, .box_h = 14, .ofs_x = 0, .ofs_y = -2},
    {.bitmap_index = 19858, .adv_w = 280, .box_w = 16, .box_h = 15, .ofs_x = 0, .ofs_y = -2},
    {.bitmap_index = 19978, .adv_w = 224, .box_w = 14, .box_h = 12, .ofs_x = 0, .ofs_y = 0},
    {.bitmap_index = 20062, .adv_w = 252, .box_w = 16, .box_h = 12, .ofs_x = 0, .ofs_y = 0},
    {.bitmap_index = 20158, .adv_w = 112, .box_w = 8, .box_h = 17, .ofs_x = 0, .ofs_y = -3},
    {.bitmap_index = 20226, .adv_w = 252, .box_w = 16, .box_h = 8, .ofs_x = 0, .ofs_y = 1},
    {.bitmap_index = 20290, .adv_w = 224, .box_w = 14, .box_h = 13, .ofs_x = 0, .ofs_y = -1},
    {.bitmap_index = 20381, .adv_w = 224, .box_w = 14, .box_h = 13, .ofs_x = 0, .ofs_y = -1},
    {.bitmap_index = 20472, .adv_w = 224, .box_w = 14, .box_h = 15, .ofs_x = 0, .ofs_y = -2},
    {.bitmap_index = 20577, .adv_w = 280, .box_w = 18, .box_h = 18, .ofs_x = 0, .ofs_y = -4},
    {.bitmap_index = 20739, .adv_w = 252, .box_w = 17, .box_h = 17, .ofs_x = -1, .ofs_y = -3},
    {.bitmap_index = 20884, .adv_w = 224, .box_w = 14, .box_h = 13, .ofs_x = 0, .ofs_y = -1},
    {.bitmap_index = 20975, .adv_w = 224, .box_w = 14, .box_h = 14, .ofs_x = 0, .ofs_y = -2},
    {.bitmap_index = 21073, .adv_w = 252, .box_w = 9, .box_h = 15, .ofs_x = 0, .ofs_y = -2},
    {.bitmap_index = 21141, .adv_w = 224, .box_w = 14, .box_h = 13, .ofs_x = 0, .ofs_y = -1},
    {.bitmap_index = 21232, .adv_w = 224, .box_w = 15, .box_h = 13, .ofs_x = 0, .ofs_y = -1},
    {.bitmap_index = 21330, .adv_w = 168, .box_w = 12, .box_h = 16, .ofs_x = -1, .ofs_y = -3},
    {.bitmap_index = 21426, .adv_w = 224, .box_w = 15, .box_h = 15, .ofs_x = 0, .ofs_y = -2},
    {.bitmap_index = 21539, .adv_w = 224, .box_w = 14, .box_h = 13, .ofs_x = 0, .ofs_y = -1},
    {.bitmap_index = 21630, .adv_w = 224, .box_w = 16, .box_h = 15, .ofs_x = -1, .ofs_y = -2},
    {.bitmap_index = 21750, .adv_w = 196, .box_w = 13, .box_h = 14, .ofs_x = 0, .ofs_y = -1},
    {.bitmap_index = 21841, .adv_w = 196, .box_w = 14, .box_h = 14, .ofs_x = -1, .ofs_y = -2},
    {.bitmap_index = 21939, .adv_w = 224, .box_w = 16, .box_h = 16, .ofs_x = -1, .ofs_y = -3},
    {.bitmap_index = 22067, .adv_w = 196, .box_w = 13, .box_h = 13, .ofs_x = 0, .ofs_y = -1},
    {.bitmap_index = 22152, .adv_w = 168, .box_w = 11, .box_h = 15, .ofs_x = 0, .ofs_y = -2},
    {.bitmap_index = 22235, .adv_w = 196, .box_w = 13, .box_h = 13, .ofs_x = 0, .ofs_y = -1},
    {.bitmap_index = 22320, .adv_w = 168, .box_w = 11, .box_h = 16, .ofs_x = 0, .ofs_y = -2},
    {.bitmap_index = 22408, .adv_w = 224, .box_w = 14, .box_h = 11, .ofs_x = 0, .ofs_y = 0},
    {.bitmap_index = 22485, .adv_w = 196, .box_w = 13, .box_h = 13, .ofs_x = 0, .ofs_y = -1},
    {.bitmap_index = 22570, .adv_w = 196, .box_w = 13, .box_h = 13, .ofs_x = 0, .ofs_y = -1},
    {.bitmap_index = 22655, .adv_w = 224, .box_w = 14, .box_h = 14, .ofs_x = 0, .ofs_y = -2},
    {.bitmap_index = 22753, .adv_w = 196, .box_w = 13, .box_h = 15, .ofs_x = 0, .ofs_y = -2},
    {.bitmap_index = 22851, .adv_w = 252, .box_w = 16, .box_h = 16, .ofs_x = 0, .ofs_y = -3},
    {.bitmap_index = 22979, .adv_w = 224, .box_w = 14, .box_h = 11, .ofs_x = 0, .ofs_y = 0},
    {.bitmap_index = 23056, .adv_w = 224, .box_w = 14, .box_h = 11, .ofs_x = 0, .ofs_y = 0},
    {.bitmap_index = 23133, .adv_w = 168, .box_w = 11, .box_h = 15, .ofs_x = 0, .ofs_y = -2},
    {.bitmap_index = 23216, .adv_w = 168, .box_w = 11, .box_h = 15, .ofs_x = 0, .ofs_y = -2},
    {.bitmap_index = 23299, .adv_w = 224, .box_w = 14, .box_h = 15, .ofs_x = 0, .ofs_y = -2},
    {.bitmap_index = 23404, .adv_w = 224, .box_w = 14, .box_h = 15, .ofs_x = 0, .ofs_y = -2},
    {.bitmap_index = 23509, .adv_w = 224, .box_w = 14, .box_h = 15, .ofs_x = 0, .ofs_y = -2},
    {.bitmap_index = 23614, .adv_w = 224, .box_w = 14, .box_h = 15, .ofs_x = 0, .ofs_y = -2},
    {.bitmap_index = 23719, .adv_w = 224, .box_w = 15, .box_h = 15, .ofs_x = 0, .ofs_y = -2},
    {.bitmap_index = 23832, .adv_w = 252, .box_w = 15, .box_h = 16, .ofs_x = 0, .ofs_y = -3},
    {.bitmap_index = 23952, .adv_w = 224, .box_w = 15, .box_h = 13, .ofs_x = -1, .ofs_y = -1},
    {.bitmap_index = 24050, .adv_w = 224, .box_w = 15, .box_h = 13, .ofs_x = -1, .ofs_y = -2},
    {.bitmap_index = 24148, .adv_w = 224, .box_w = 14, .box_h = 14, .ofs_x = 0, .ofs_y = -1},
    {.bitmap_index = 24246, .adv_w = 224, .box_w = 16, .box_h = 15, .ofs_x = -1, .ofs_y = -2},
    {.bitmap_index = 24366, .adv_w = 280, .box_w = 18, .box_h = 13, .ofs_x = 0, .ofs_y = -1},
    {.bitmap_index = 24483, .adv_w = 252, .box_w = 16, .box_h = 13, .ofs_x = 0, .ofs_y = -1},
    {.bitmap_index = 24587, .adv_w = 252, .box_w = 16, .box_h = 13, .ofs_x = 0, .ofs_y = -1},
    {.bitmap_index = 24691, .adv_w = 196, .box_w = 13, .box_h = 15, .ofs_x = 0, .ofs_y = -2},
    {.bitmap_index = 24789, .adv_w = 224, .box_w = 14, .box_h = 15, .ofs_x = 0, .ofs_y = -2},
    {.bitmap_index = 24894, .adv_w = 196, .box_w = 13, .box_h = 15, .ofs_x = 0, .ofs_y = -2},
    {.bitmap_index = 24992, .adv_w = 224, .box_w = 15, .box_h = 17, .ofs_x = -1, .ofs_y = -3},
    {.bitmap_index = 25120, .adv_w = 196, .box_w = 13, .box_h = 13, .ofs_x = 0, .ofs_y = -1},
    {.bitmap_index = 25205, .adv_w = 196, .box_w = 13, .box_h = 13, .ofs_x = 0, .ofs_y = -1},
    {.bitmap_index = 25290, .adv_w = 196, .box_w = 13, .box_h = 11, .ofs_x = 0, .ofs_y = 0},
    {.bitmap_index = 25362, .adv_w = 224, .box_w = 14, .box_h = 13, .ofs_x = 0, .ofs_y = -1},
    {.bitmap_index = 25453, .adv_w = 224, .box_w = 15, .box_h = 13, .ofs_x = -1, .ofs_y = -1},
    {.bitmap_index = 25551, .adv_w = 224, .box_w = 14, .box_h = 13, .ofs_x = 0, .ofs_y = -1},
    {.bitmap_index = 25642, .adv_w = 168, .box_w = 11, .box_h = 15, .ofs_x = 0, .ofs_y = -2},
    {.bitmap_index = 25725, .adv_w = 196, .box_w = 13, .box_h = 13, .ofs_x = 0, .ofs_y = -1},
    {.bitmap_index = 25810, .adv_w = 224, .box_w = 14, .box_h = 15, .ofs_x = 0, .ofs_y = -2},
    {.bitmap_index = 25915, .adv_w = 252, .box_w = 16, .box_h = 14, .ofs_x = 0, .ofs_y = -2},
    {.bitmap_index = 26027, .adv_w = 224, .box_w = 14, .box_h = 11, .ofs_x = 0, .ofs_y = 0},
    {.bitmap_index = 26104, .adv_w = 140, .box_w = 10, .box_h = 6, .ofs_x = -1, .ofs_y = 1},
    {.bitmap_index = 26134, .adv_w = 140, .box_w = 10, .box_h = 6, .ofs_x = -1, .ofs_y = 3},
    {.bitmap_index = 26164, .adv_w = 112, .box_w = 7, .box_h = 10, .ofs_x = -1, .ofs_y = 0},
    {.bitmap_index = 26199, .adv_w = 112, .box_w = 7, .box_h = 10, .ofs_x = 1, .ofs_y = 0},
    {.bitmap_index = 26234, .adv_w = 196, .box_w = 13, .box_h = 13, .ofs_x = 0, .ofs_y = -1},
    {.bitmap_index = 26319, .adv_w = 168, .box_w = 12, .box_h = 15, .ofs_x = -1, .ofs_y = -2},
    {.bitmap_index = 26409, .adv_w = 168, .box_w = 12, .box_h = 7, .ofs_x = -1, .ofs_y = -2},
    {.bitmap_index = 26451, .adv_w = 168, .box_w = 12, .box_h = 7, .ofs_x = -1, .ofs_y = 6},
    {.bitmap_index = 26493, .adv_w = 224, .box_w = 14, .box_h = 11, .ofs_x = 0, .ofs_y = 0},
    {.bitmap_index = 26570, .adv_w = 224, .box_w = 14, .box_h = 15, .ofs_x = 0, .ofs_y = -2},
    {.bitmap_index = 26675, .adv_w = 252, .box_w = 16, .box_h = 16, .ofs_x = 0, .ofs_y = -2},
    {.bitmap_index = 26803, .adv_w = 224, .box_w = 14, .box_h = 15, .ofs_x = 0, .ofs_y = -2},
    {.bitmap_index = 26908, .adv_w = 224, .box_w = 15, .box_h = 15, .ofs_x = -1, .ofs_y = -2},
    {.bitmap_index = 27021, .adv_w = 252, .box_w = 17, .box_h = 17, .ofs_x = -1, .ofs_y = -3},
    {.bitmap_index = 27166, .adv_w = 196, .box_w = 14, .box_h = 16, .ofs_x = -1, .ofs_y = -3},
    {.bitmap_index = 27278, .adv_w = 224, .box_w = 14, .box_h = 13, .ofs_x = 0, .ofs_y = -1},
    {.bitmap_index = 27369, .adv_w = 224, .box_w = 14, .box_h = 16, .ofs_x = 0, .ofs_y = -2},
    {.bitmap_index = 27481, .adv_w = 224, .box_w = 14, .box_h = 15, .ofs_x = 0, .ofs_y = -2},
    {.bitmap_index = 27586, .adv_w = 168, .box_w = 11, .box_h = 16, .ofs_x = 0, .ofs_y = -3},
    {.bitmap_index = 27674, .adv_w = 224, .box_w = 16, .box_h = 15, .ofs_x = -1, .ofs_y = -2},
    {.bitmap_index = 27794, .adv_w = 252, .box_w = 16, .box_h = 13, .ofs_x = 0, .ofs_y = -1},
    {.bitmap_index = 27898, .adv_w = 252, .box_w = 16, .box_h = 13, .ofs_x = 0, .ofs_y = -1},
    {.bitmap_index = 28002, .adv_w = 196, .box_w = 12, .box_h = 15, .ofs_x = 0, .ofs_y = -2},
    {.bitmap_index = 28092, .adv_w = 252, .box_w = 16, .box_h = 16, .ofs_x = 0, .ofs_y = -3},
    {.bitmap_index = 28220, .adv_w = 224, .box_w = 14, .box_h = 14, .ofs_x = 0, .ofs_y = -1},
    {.bitmap_index = 28318, .adv_w = 196, .box_w = 13, .box_h = 15, .ofs_x = 0, .ofs_y = -2},
    {.bitmap_index = 28416, .adv_w = 252, .box_w = 16, .box_h = 14, .ofs_x = 0, .ofs_y = -2},
    {.bitmap_index = 28528, .adv_w = 224, .box_w = 14, .box_h = 15, .ofs_x = 0, .ofs_y = -2},
    {.bitmap_index = 28633, .adv_w = 168, .box_w = 11, .box_h = 15, .ofs_x = 0, .ofs_y = -2},
    {.bitmap_index = 28716, .adv_w = 168, .box_w = 11, .box_h = 15, .ofs_x = 0, .ofs_y = -2},
    {.bitmap_index = 28799, .adv_w = 252, .box_w = 16, .box_h = 15, .ofs_x = 0, .ofs_y = -2},
    {.bitmap_index = 28919, .adv_w = 252, .box_w = 16, .box_h = 14, .ofs_x = 0, .ofs_y = -2},
    {.bitmap_index = 29031, .adv_w = 224, .box_w = 14, .box_h = 14, .ofs_x = 0, .ofs_y = -1},
    {.bitmap_index = 29129, .adv_w = 252, .box_w = 16, .box_h = 15, .ofs_x = 0, .ofs_y = -2},
    {.bitmap_index = 29249, .adv_w = 252, .box_w = 15, .box_h = 13, .ofs_x = 1, .ofs_y = -1},
    {.bitmap_index = 29347, .adv_w = 196, .box_w = 13, .box_h = 13, .ofs_x = 0, .ofs_y = -1},
    {.bitmap_index = 29432, .adv_w = 196, .box_w = 13, .box_h = 13, .ofs_x = 0, .ofs_y = -1},
    {.bitmap_index = 29517, .adv_w = 196, .box_w = 13, .box_h = 12, .ofs_x = -1, .ofs_y = 0},
    {.bitmap_index = 29595, .adv_w = 196, .box_w = 13, .box_h = 12, .ofs_x = 0, .ofs_y = 0},
    {.bitmap_index = 29673, .adv_w = 168, .box_w = 12, .box_h = 13, .ofs_x = -1, .ofs_y = -1},
    {.bitmap_index = 29751, .adv_w = 168, .box_w = 12, .box_h = 12, .ofs_x = -1, .ofs_y = -1},
    {.bitmap_index = 29823, .adv_w = 112, .box_w = 8, .box_h = 12, .ofs_x = -1, .ofs_y = 0},
    {.bitmap_index = 29871, .adv_w = 112, .box_w = 8, .box_h = 12, .ofs_x = 0, .ofs_y = 0},
    {.bitmap_index = 29919, .adv_w = 168, .box_w = 12, .box_h = 7, .ofs_x = -1, .ofs_y = 2},
    {.bitmap_index = 29961, .adv_w = 168, .box_w = 12, .box_h = 7, .ofs_x = -1, .ofs_y = 1},
    {.bitmap_index = 30003, .adv_w = 224, .box_w = 14, .box_h = 14, .ofs_x = 0, .ofs_y = -2},
    {.bitmap_index = 30101, .adv_w = 280, .box_w = 18, .box_h = 13, .ofs_x = 0, .ofs_y = -1},
    {.bitmap_index = 30218, .adv_w = 196, .box_w = 13, .box_h = 15, .ofs_x = 0, .ofs_y = -2},
    {.bitmap_index = 30316, .adv_w = 168, .box_w = 10, .box_h = 15, .ofs_x = 0, .ofs_y = -2},
    {.bitmap_index = 30391, .adv_w = 224, .box_w = 14, .box_h = 15, .ofs_x = 0, .ofs_y = -2},
    {.bitmap_index = 30496, .adv_w = 196, .box_w = 13, .box_h = 9, .ofs_x = 0, .ofs_y = 1},
    {.bitmap_index = 30555, .adv_w = 196, .box_w = 13, .box_h = 9, .ofs_x = 0, .ofs_y = 1},
    {.bitmap_index = 30614, .adv_w = 224, .box_w = 15, .box_h = 15, .ofs_x = 0, .ofs_y = -2},
    {.bitmap_index = 30727, .adv_w = 224, .box_w = 14, .box_h = 15, .ofs_x = 0, .ofs_y = -2},
    {.bitmap_index = 30832, .adv_w = 224, .box_w = 15, .box_h = 14, .ofs_x = -1, .ofs_y = -1},
    {.bitmap_index = 30937, .adv_w = 224, .box_w = 14, .box_h = 12, .ofs_x = 0, .ofs_y = 0},
    {.bitmap_index = 31021, .adv_w = 252, .box_w = 16, .box_h = 12, .ofs_x = 0, .ofs_y = 0},
    {.bitmap_index = 31117, .adv_w = 224, .box_w = 14, .box_h = 15, .ofs_x = 0, .ofs_y = -2},
    {.bitmap_index = 31222, .adv_w = 224, .box_w = 14, .box_h = 15, .ofs_x = 0, .ofs_y = -2},
    {.bitmap_index = 31327, .adv_w = 224, .box_w = 14, .box_h = 15, .ofs_x = 0, .ofs_y = -2},
    {.bitmap_index = 31432, .adv_w = 280, .box_w = 18, .box_h = 11, .ofs_x = 0, .ofs_y = 0},
    {.bitmap_index = 31531, .adv_w = 252, .box_w = 16, .box_h = 11, .ofs_x = 0, .ofs_y = 0},
    {.bitmap_index = 31619, .adv_w = 196, .box_w = 13, .box_h = 15, .ofs_x = 0, .ofs_y = -2},
    {.bitmap_index = 31717, .adv_w = 196, .box_w = 13, .box_h = 15, .ofs_x = 0, .ofs_y = -2},
    {.bitmap_index = 31815, .adv_w = 224, .box_w = 15, .box_h = 12, .ofs_x = -1, .ofs_y = -1},
    {.bitmap_index = 31905, .adv_w = 252, .box_w = 17, .box_h = 15, .ofs_x = -1, .ofs_y = -2},
    {.bitmap_index = 32033, .adv_w = 252, .box_w = 16, .box_h = 13, .ofs_x = 0, .ofs_y = -1},
    {.bitmap_index = 32137, .adv_w = 252, .box_w = 9, .box_h = 15, .ofs_x = 0, .ofs_y = -2},
    {.bitmap_index = 32205, .adv_w = 224, .box_w = 14, .box_h = 14, .ofs_x = 0, .ofs_y = -2},
    {.bitmap_index = 32303, .adv_w = 224, .box_w = 15, .box_h = 15, .ofs_x = 0, .ofs_y = -2},
    {.bitmap_index = 32416, .adv_w = 196, .box_w = 13, .box_h = 15, .ofs_x = 0, .ofs_y = -2},
    {.bitmap_index = 32514, .adv_w = 252, .box_w = 17, .box_h = 17, .ofs_x = -1, .ofs_y = -3},
    {.bitmap_index = 32659, .adv_w = 140, .box_w = 9, .box_h = 15, .ofs_x = 0, .ofs_y = -2},
    {.bitmap_index = 32727, .adv_w = 84, .box_w = 6, .box_h = 15, .ofs_x = 0, .ofs_y = -2},
    {.bitmap_index = 32772, .adv_w = 56, .box_w = 4, .box_h = 15, .ofs_x = 0, .ofs_y = -2},
    {.bitmap_index = 32802, .adv_w = 252, .box_w = 15, .box_h = 13, .ofs_x = 1, .ofs_y = 0},
    {.bitmap_index = 32900, .adv_w = 252, .box_w = 15, .box_h = 13, .ofs_x = 1, .ofs_y = -2},
    {.bitmap_index = 32998, .adv_w = 252, .box_w = 15, .box_h = 14, .ofs_x = 0, .ofs_y = -1},
    {.bitmap_index = 33103, .adv_w = 224, .box_w = 15, .box_h = 15, .ofs_x = 0, .ofs_y = -2},
    {.bitmap_index = 33216, .adv_w = 168, .box_w = 11, .box_h = 15, .ofs_x = 0, .ofs_y = -2},
    {.bitmap_index = 33299, .adv_w = 252, .box_w = 17, .box_h = 16, .ofs_x = -1, .ofs_y = -3},
    {.bitmap_index = 33435, .adv_w = 224, .box_w = 14, .box_h = 15, .ofs_x = 0, .ofs_y = -2},
    {.bitmap_index = 33540, .adv_w = 196, .box_w = 13, .box_h = 14, .ofs_x = 0, .ofs_y = -1},
    {.bitmap_index = 33631, .adv_w = 224, .box_w = 15, .box_h = 15, .ofs_x = -1, .ofs_y = -2},
    {.bitmap_index = 33744, .adv_w = 224, .box_w = 15, .box_h = 15, .ofs_x = -1, .ofs_y = -3},
    {.bitmap_index = 33857, .adv_w = 224, .box_w = 14, .box_h = 15, .ofs_x = 0, .ofs_y = -2},
    {.bitmap_index = 33962, .adv_w = 224, .box_w = 14, .box_h = 15, .ofs_x = 0, .ofs_y = -2},
    {.bitmap_index = 34067, .adv_w = 224, .box_w = 14, .box_h = 15, .ofs_x = 0, .ofs_y = -2},
    {.bitmap_index = 34172, .adv_w = 224, .box_w = 14, .box_h = 15, .ofs_x = 0, .ofs_y = -2},
    {.bitmap_index = 34277, .adv_w = 252, .box_w = 16, .box_h = 15, .ofs_x = 0, .ofs_y = -2},
    {.bitmap_index = 34397, .adv_w = 168, .box_w = 11, .box_h = 16, .ofs_x = 0, .ofs_y = -2},
    {.bitmap_index = 34485, .adv_w = 224, .box_w = 14, .box_h = 15, .ofs_x = 0, .ofs_y = -2},
    {.bitmap_index = 34590, .adv_w = 196, .box_w = 13, .box_h = 4, .ofs_x = 0, .ofs_y = 3},
    {.bitmap_index = 34616, .adv_w = 56, .box_w = 4, .box_h = 13, .ofs_x = 0, .ofs_y = -1},
    {.bitmap_index = 34642, .adv_w = 196, .box_w = 13, .box_h = 13, .ofs_x = 0, .ofs_y = -1},
    {.bitmap_index = 34727, .adv_w = 224, .box_w = 14, .box_h = 15, .ofs_x = 0, .ofs_y = -2},
    {.bitmap_index = 34832, .adv_w = 252, .box_w = 16, .box_h = 11, .ofs_x = 0, .ofs_y = 0},
    {.bitmap_index = 34920, .adv_w = 196, .box_w = 13, .box_h = 13, .ofs_x = 0, .ofs_y = -1},
    {.bitmap_index = 35005, .adv_w = 196, .box_w = 13, .box_h = 13, .ofs_x = 0, .ofs_y = -1},
    {.bitmap_index = 35090, .adv_w = 168, .box_w = 11, .box_h = 15, .ofs_x = -1, .ofs_y = -2},
    {.bitmap_index = 35173, .adv_w = 168, .box_w = 11, .box_h = 16, .ofs_x = -1, .ofs_y = -3},
    {.bitmap_index = 35261, .adv_w = 196, .box_w = 13, .box_h = 13, .ofs_x = 0, .ofs_y = -1},
    {.bitmap_index = 35346, .adv_w = 196, .box_w = 14, .box_h = 13, .ofs_x = -1, .ofs_y = -1},
    {.bitmap_index = 35437, .adv_w = 196, .box_w = 13, .box_h = 13, .ofs_x = 0, .ofs_y = -1},
    {.bitmap_index = 35522, .adv_w = 252, .box_w = 16, .box_h = 15, .ofs_x = 0, .ofs_y = -2},
    {.bitmap_index = 35642, .adv_w = 224, .box_w = 14, .box_h = 15, .ofs_x = 0, .ofs_y = -2},
    {.bitmap_index = 35747, .adv_w = 196, .box_w = 13, .box_h = 13, .ofs_x = 0, .ofs_y = -1},
    {.bitmap_index = 35832, .adv_w = 196, .box_w = 13, .box_h = 13, .ofs_x = 0, .ofs_y = -1},
    {.bitmap_index = 35917, .adv_w = 196, .box_w = 13, .box_h = 13, .ofs_x = 0, .ofs_y = -1},
    {.bitmap_index = 36002, .adv_w = 196, .box_w = 11, .box_h = 13, .ofs_x = 0, .ofs_y = -1},
    {.bitmap_index = 36074, .adv_w = 168, .box_w = 10, .box_h = 13, .ofs_x = 0, .ofs_y = -1},
    {.bitmap_index = 36139, .adv_w = 140, .box_w = 9, .box_h = 15, .ofs_x = 0, .ofs_y = -2},
    {.bitmap_index = 36207, .adv_w = 196, .box_w = 13, .box_h = 14, .ofs_x = 0, .ofs_y = -2},
    {.bitmap_index = 36298, .adv_w = 168, .box_w = 11, .box_h = 14, .ofs_x = 0, .ofs_y = -1},
    {.bitmap_index = 36375, .adv_w = 196, .box_w = 11, .box_h = 13, .ofs_x = 0, .ofs_y = -1},
    {.bitmap_index = 36447, .adv_w = 224, .box_w = 16, .box_h = 15, .ofs_x = -1, .ofs_y = -2},
    {.bitmap_index = 36567, .adv_w = 168, .box_w = 11, .box_h = 15, .ofs_x = 0, .ofs_y = -2},
    {.bitmap_index = 36650, .adv_w = 168, .box_w = 11, .box_h = 15, .ofs_x = 0, .ofs_y = -2},
    {.bitmap_index = 36733, .adv_w = 224, .box_w = 14, .box_h = 13, .ofs_x = 0, .ofs_y = -1},
    {.bitmap_index = 36824, .adv_w = 224, .box_w = 14, .box_h = 13, .ofs_x = 0, .ofs_y = -1},
    {.bitmap_index = 36915, .adv_w = 252, .box_w = 16, .box_h = 13, .ofs_x = 0, .ofs_y = -1},
    {.bitmap_index = 37019, .adv_w = 252, .box_w = 16, .box_h = 13, .ofs_x = 0, .ofs_y = -1},
    {.bitmap_index = 37123, .adv_w = 224, .box_w = 14, .box_h = 14, .ofs_x = 0, .ofs_y = -2},
    {.bitmap_index = 37221, .adv_w = 224, .box_w = 14, .box_h = 14, .ofs_x = 0, .ofs_y = -2},
    {.bitmap_index = 37319, .adv_w = 224, .box_w = 14, .box_h = 13, .ofs_x = 0, .ofs_y = -1},
    {.bitmap_index = 37410, .adv_w = 224, .box_w = 14, .box_h = 14, .ofs_x = 0, .ofs_y = -2},
    {.bitmap_index = 37508, .adv_w = 140, .box_w = 10, .box_h = 17, .ofs_x = -1, .ofs_y = -3},
    {.bitmap_index = 37593, .adv_w = 140, .box_w = 10, .box_h = 17, .ofs_x = -1, .ofs_y = -3},
    {.bitmap_index = 37678, .adv_w = 252, .box_w = 17, .box_h = 10, .ofs_x = -1, .ofs_y = 0},
    {.bitmap_index = 37763, .adv_w = 252, .box_w = 16, .box_h = 10, .ofs_x = 0, .ofs_y = 0},
    {.bitmap_index = 37843, .adv_w = 168, .box_w = 11, .box_h = 17, .ofs_x = 0, .ofs_y = -3},
    {.bitmap_index = 37937, .adv_w = 168, .box_w = 11, .box_h = 17, .ofs_x = 0, .ofs_y = -3},
    {.bitmap_index = 38031, .adv_w = 252, .box_w = 16, .box_h = 17, .ofs_x = 0, .ofs_y = -3},
    {.bitmap_index = 38167, .adv_w = 224, .box_w = 13, .box_h = 15, .ofs_x = 0, .ofs_y = -2},
    {.bitmap_index = 38265, .adv_w = 224, .box_w = 14, .box_h = 13, .ofs_x = 0, .ofs_y = -1},
    {.bitmap_index = 38356, .adv_w = 252, .box_w = 17, .box_h = 15, .ofs_x = -1, .ofs_y = -2},
    {.bitmap_index = 38484, .adv_w = 224, .box_w = 14, .box_h = 15, .ofs_x = 0, .ofs_y = -2},
    {.bitmap_index = 38589, .adv_w = 224, .box_w = 14, .box_h = 15, .ofs_x = 0, .ofs_y = -2},
    {.bitmap_index = 38694, .adv_w = 196, .box_w = 13, .box_h = 13, .ofs_x = 0, .ofs_y = -1},
    {.bitmap_index = 38779, .adv_w = 224, .box_w = 14, .box_h = 15, .ofs_x = 0, .ofs_y = -2},
    {.bitmap_index = 38884, .adv_w = 224, .box_w = 15, .box_h = 15, .ofs_x = 0, .ofs_y = -2},
    {.bitmap_index = 38997, .adv_w = 168, .box_w = 10, .box_h = 13, .ofs_x = 0, .ofs_y = -1},
    {.bitmap_index = 39062, .adv_w = 196, .box_w = 13, .box_h = 13, .ofs_x = 0, .ofs_y = -1},
    {.bitmap_index = 39147, .adv_w = 252, .box_w = 15, .box_h = 13, .ofs_x = 0, .ofs_y = -1},
    {.bitmap_index = 39245, .adv_w = 196, .box_w = 13, .box_h = 13, .ofs_x = 0, .ofs_y = -1},
    {.bitmap_index = 39330, .adv_w = 224, .box_w = 16, .box_h = 14, .ofs_x = -1, .ofs_y = -2},
    {.bitmap_index = 39442, .adv_w = 252, .box_w = 16, .box_h = 13, .ofs_x = 0, .ofs_y = -1},
    {.bitmap_index = 39546, .adv_w = 252, .box_w = 16, .box_h = 15, .ofs_x = 0, .ofs_y = -2},
    {.bitmap_index = 39666, .adv_w = 224, .box_w = 14, .box_h = 14, .ofs_x = 0, .ofs_y = -1},
    {.bitmap_index = 39764, .adv_w = 168, .box_w = 11, .box_h = 15, .ofs_x = 0, .ofs_y = -2},
    {.bitmap_index = 39847, .adv_w = 140, .box_w = 10, .box_h = 15, .ofs_x = -1, .ofs_y = -2},
    {.bitmap_index = 39922, .adv_w = 224, .box_w = 16, .box_h = 13, .ofs_x = -1, .ofs_y = -1},
    {.bitmap_index = 40026, .adv_w = 224, .box_w = 15, .box_h = 15, .ofs_x = -1, .ofs_y = -2},
    {.bitmap_index = 40139, .adv_w = 224, .box_w = 14, .box_h = 16, .ofs_x = 0, .ofs_y = -3},
    {.bitmap_index = 40251, .adv_w = 224, .box_w = 16, .box_h = 15, .ofs_x = -1, .ofs_y = -2},
    {.bitmap_index = 40371, .adv_w = 224, .box_w = 16, .box_h = 16, .ofs_x = -1, .ofs_y = -3},
    {.bitmap_index = 40499, .adv_w = 224, .box_w = 14, .box_h = 13, .ofs_x = 0, .ofs_y = -1},
    {.bitmap_index = 40590, .adv_w = 224, .box_w = 14, .box_h = 14, .ofs_x = 0, .ofs_y = -1},
    {.bitmap_index = 40688, .adv_w = 196, .box_w = 14, .box_h = 17, .ofs_x = -1, .ofs_y = -3},
    {.bitmap_index = 40807, .adv_w = 196, .box_w = 13, .box_h = 15, .ofs_x = 0, .ofs_y = -2},
    {.bitmap_index = 40905, .adv_w = 252, .box_w = 16, .box_h = 16, .ofs_x = 0, .ofs_y = -3},
    {.bitmap_index = 41033, .adv_w = 168, .box_w = 11, .box_h = 15, .ofs_x = 0, .ofs_y = -2},
    {.bitmap_index = 41116, .adv_w = 168, .box_w = 11, .box_h = 15, .ofs_x = 0, .ofs_y = -2},
    {.bitmap_index = 41199, .adv_w = 168, .box_w = 11, .box_h = 15, .ofs_x = 0, .ofs_y = -2},
    {.bitmap_index = 41282, .adv_w = 168, .box_w = 11, .box_h = 15, .ofs_x = 0, .ofs_y = -2},
    {.bitmap_index = 41365, .adv_w = 168, .box_w = 11, .box_h = 15, .ofs_x = 0, .ofs_y = -2},
    {.bitmap_index = 41448, .adv_w = 168, .box_w = 11, .box_h = 15, .ofs_x = 0, .ofs_y = -2},
    {.bitmap_index = 41531, .adv_w = 168, .box_w = 11, .box_h = 15, .ofs_x = 0, .ofs_y = -2},
    {.bitmap_index = 41614, .adv_w = 168, .box_w = 11, .box_h = 15, .ofs_x = 0, .ofs_y = -2},
    {.bitmap_index = 41697, .adv_w = 224, .box_w = 14, .box_h = 15, .ofs_x = 0, .ofs_y = -2},
    {.bitmap_index = 41802, .adv_w = 224, .box_w = 14, .box_h = 15, .ofs_x = 0, .ofs_y = -2},
    {.bitmap_index = 41907, .adv_w = 252, .box_w = 16, .box_h = 17, .ofs_x = 0, .ofs_y = -3},
    {.bitmap_index = 42043, .adv_w = 252, .box_w = 16, .box_h = 17, .ofs_x = 0, .ofs_y = -3},
    {.bitmap_index = 42179, .adv_w = 252, .box_w = 15, .box_h = 15, .ofs_x = 0, .ofs_y = -2},
    {.bitmap_index = 42292, .adv_w = 224, .box_w = 14, .box_h = 15, .ofs_x = 0, .ofs_y = -2},
    {.bitmap_index = 42397, .adv_w = 196, .box_w = 13, .box_h = 13, .ofs_x = 0, .ofs_y = -1},
    {.bitmap_index = 42482, .adv_w = 196, .box_w = 13, .box_h = 15, .ofs_x = 0, .ofs_y = -2},
    {.bitmap_index = 42580, .adv_w = 224, .box_w = 14, .box_h = 15, .ofs_x = 0, .ofs_y = -2},
    {.bitmap_index = 42685, .adv_w = 224, .box_w = 14, .box_h = 15, .ofs_x = 0, .ofs_y = -2},
    {.bitmap_index = 42790, .adv_w = 196, .box_w = 13, .box_h = 13, .ofs_x = 0, .ofs_y = -1},
    {.bitmap_index = 42875, .adv_w = 252, .box_w = 16, .box_h = 15, .ofs_x = 0, .ofs_y = -2},
    {.bitmap_index = 42995, .adv_w = 224, .box_w = 14, .box_h = 15, .ofs_x = 0, .ofs_y = -2},
    {.bitmap_index = 43100, .adv_w = 224, .box_w = 16, .box_h = 13, .ofs_x = -1, .ofs_y = -1},
    {.bitmap_index = 43204, .adv_w = 224, .box_w = 14, .box_h = 13, .ofs_x = 0, .ofs_y = -1},
    {.bitmap_index = 43295, .adv_w = 196, .box_w = 13, .box_h = 15, .ofs_x = 0, .ofs_y = -2},
    {.bitmap_index = 43393, .adv_w = 224, .box_w = 14, .box_h = 13, .ofs_x = 0, .ofs_y = -1},
    {.bitmap_index = 43484, .adv_w = 252, .box_w = 17, .box_h = 13, .ofs_x = -1, .ofs_y = -1},
    {.bitmap_index = 43595, .adv_w = 168, .box_w = 11, .box_h = 15, .ofs_x = 0, .ofs_y = -2},
    {.bitmap_index = 43678, .adv_w = 252, .box_w = 17, .box_h = 17, .ofs_x = -1, .ofs_y = -3},
    {.bitmap_index = 43823, .adv_w = 252, .box_w = 17, .box_h = 17, .ofs_x = -1, .ofs_y = -3},
    {.bitmap_index = 43968, .adv_w = 196, .box_w = 13, .box_h = 15, .ofs_x = 0, .ofs_y = -2},
    {.bitmap_index = 44066, .adv_w = 224, .box_w = 14, .box_h = 15, .ofs_x = 0, .ofs_y = -2},
    {.bitmap_index = 44171, .adv_w = 224, .box_w = 14, .box_h = 15, .ofs_x = 0, .ofs_y = -2},
    {.bitmap_index = 44276, .adv_w = 224, .box_w = 16, .box_h = 15, .ofs_x = -1, .ofs_y = -2},
    {.bitmap_index = 44396, .adv_w = 252, .box_w = 16, .box_h = 15, .ofs_x = 0, .ofs_y = -2},
    {.bitmap_index = 44516, .adv_w = 196, .box_w = 13, .box_h = 15, .ofs_x = 0, .ofs_y = -2},
    {.bitmap_index = 44614, .adv_w = 224, .box_w = 14, .box_h = 13, .ofs_x = 0, .ofs_y = -1},
    {.bitmap_index = 44705, .adv_w = 252, .box_w = 16, .box_h = 15, .ofs_x = 0, .ofs_y = -2},
    {.bitmap_index = 44825, .adv_w = 224, .box_w = 14, .box_h = 13, .ofs_x = 0, .ofs_y = -1},
    {.bitmap_index = 44916, .adv_w = 252, .box_w = 16, .box_h = 11, .ofs_x = 0, .ofs_y = 0},
    {.bitmap_index = 45004, .adv_w = 252, .box_w = 16, .box_h = 11, .ofs_x = 0, .ofs_y = 0},
    {.bitmap_index = 45092, .adv_w = 280, .box_w = 18, .box_h = 13, .ofs_x = 0, .ofs_y = -1},
    {.bitmap_index = 45209, .adv_w = 196, .box_w = 13, .box_h = 15, .ofs_x = 0, .ofs_y = -2},
    {.bitmap_index = 45307, .adv_w = 224, .box_w = 14, .box_h = 11, .ofs_x = 0, .ofs_y = 0},
    {.bitmap_index = 45384, .adv_w = 196, .box_w = 13, .box_h = 13, .ofs_x = 0, .ofs_y = -1},
    {.bitmap_index = 45469, .adv_w = 280, .box_w = 16, .box_h = 15, .ofs_x = 0, .ofs_y = -2},
    {.bitmap_index = 45589, .adv_w = 280, .box_w = 16, .box_h = 15, .ofs_x = 0, .ofs_y = -2},
    {.bitmap_index = 45709, .adv_w = 224, .box_w = 14, .box_h = 15, .ofs_x = 0, .ofs_y = -2},
    {.bitmap_index = 45814, .adv_w = 280, .box_w = 18, .box_h = 15, .ofs_x = 0, .ofs_y = -2},
    {.bitmap_index = 45949, .adv_w = 196, .box_w = 12, .box_h = 15, .ofs_x = 0, .ofs_y = -2},
    {.bitmap_index = 46039, .adv_w = 280, .box_w = 18, .box_h = 13, .ofs_x = 0, .ofs_y = -1},
    {.bitmap_index = 46156, .adv_w = 224, .box_w = 14, .box_h = 15, .ofs_x = 0, .ofs_y = -2},
    {.bitmap_index = 46261, .adv_w = 224, .box_w = 14, .box_h = 13, .ofs_x = 0, .ofs_y = -1},
    {.bitmap_index = 46352, .adv_w = 168, .box_w = 11, .box_h = 16, .ofs_x = 0, .ofs_y = -3},
    {.bitmap_index = 46440, .adv_w = 224, .box_w = 14, .box_h = 14, .ofs_x = 0, .ofs_y = -1},
    {.bitmap_index = 46538, .adv_w = 168, .box_w = 11, .box_h = 17, .ofs_x = 0, .ofs_y = -3},
    {.bitmap_index = 46632, .adv_w = 224, .box_w = 14, .box_h = 18, .ofs_x = 1, .ofs_y = -3},
    {.bitmap_index = 46758, .adv_w = 252, .box_w = 16, .box_h = 17, .ofs_x = 0, .ofs_y = -3},
    {.bitmap_index = 46894, .adv_w = 280, .box_w = 18, .box_h = 16, .ofs_x = 0, .ofs_y = -3},
    {.bitmap_index = 47038, .adv_w = 280, .box_w = 18, .box_h = 14, .ofs_x = 0, .ofs_y = -1},
    {.bitmap_index = 47164, .adv_w = 280, .box_w = 18, .box_h = 18, .ofs_x = 0, .ofs_y = -3},
    {.bitmap_index = 47326, .adv_w = 252, .box_w = 15, .box_h = 15, .ofs_x = 1, .ofs_y = -1},
    {.bitmap_index = 47439, .adv_w = 168, .box_w = 11, .box_h = 17, .ofs_x = 0, .ofs_y = -3},
    {.bitmap_index = 47533, .adv_w = 280, .box_w = 18, .box_h = 11, .ofs_x = 0, .ofs_y = 0},
    {.bitmap_index = 47632, .adv_w = 168, .box_w = 10, .box_h = 16, .ofs_x = 0, .ofs_y = -3},
    {.bitmap_index = 47712, .adv_w = 168, .box_w = 11, .box_h = 11, .ofs_x = 0, .ofs_y = 0},
    {.bitmap_index = 47773, .adv_w = 196, .box_w = 13, .box_h = 13, .ofs_x = 0, .ofs_y = -1},
    {.bitmap_index = 47858, .adv_w = 280, .box_w = 16, .box_h = 15, .ofs_x = 1, .ofs_y = -2},
    {.bitmap_index = 47978, .adv_w = 252, .box_w = 16, .box_h = 14, .ofs_x = 0, .ofs_y = -2},
    {.bitmap_index = 48090, .adv_w = 252, .box_w = 16, .box_h = 13, .ofs_x = 0, .ofs_y = -1},
    {.bitmap_index = 48194, .adv_w = 168, .box_w = 12, .box_h = 16, .ofs_x = -1, .ofs_y = -3},
    {.bitmap_index = 48290, .adv_w = 168, .box_w = 12, .box_h = 16, .ofs_x = -1, .ofs_y = -3},
    {.bitmap_index = 48386, .adv_w = 280, .box_w = 18, .box_h = 11, .ofs_x = 0, .ofs_y = 0},
    {.bitmap_index = 48485, .adv_w = 280, .box_w = 18, .box_h = 11, .ofs_x = 0, .ofs_y = 0},
    {.bitmap_index = 48584, .adv_w = 280, .box_w = 18, .box_h = 11, .ofs_x = 0, .ofs_y = 0},
    {.bitmap_index = 48683, .adv_w = 280, .box_w = 18, .box_h = 11, .ofs_x = 0, .ofs_y = 0},
    {.bitmap_index = 48782, .adv_w = 280, .box_w = 18, .box_h = 11, .ofs_x = 0, .ofs_y = -1},
    {.bitmap_index = 48881, .adv_w = 196, .box_w = 11, .box_h = 15, .ofs_x = 1, .ofs_y = -2},
    {.bitmap_index = 48964, .adv_w = 112, .box_w = 9, .box_h = 15, .ofs_x = -1, .ofs_y = -2},
    {.bitmap_index = 49032, .adv_w = 252, .box_w = 16, .box_h = 15, .ofs_x = 0, .ofs_y = -2},
    {.bitmap_index = 49152, .adv_w = 280, .box_w = 18, .box_h = 15, .ofs_x = 0, .ofs_y = -2},
    {.bitmap_index = 49287, .adv_w = 196, .box_w = 13, .box_h = 13, .ofs_x = 0, .ofs_y = -1},
    {.bitmap_index = 49372, .adv_w = 196, .box_w = 13, .box_h = 13, .ofs_x = 0, .ofs_y = -1},
    {.bitmap_index = 49457, .adv_w = 224, .box_w = 14, .box_h = 15, .ofs_x = 0, .ofs_y = -2},
    {.bitmap_index = 49562, .adv_w = 280, .box_w = 19, .box_h = 15, .ofs_x = -1, .ofs_y = -2},
    {.bitmap_index = 49705, .adv_w = 168, .box_w = 11, .box_h = 15, .ofs_x = 0, .ofs_y = -2},
    {.bitmap_index = 49788, .adv_w = 168, .box_w = 11, .box_h = 15, .ofs_x = 0, .ofs_y = -2},
    {.bitmap_index = 49871, .adv_w = 168, .box_w = 11, .box_h = 15, .ofs_x = 0, .ofs_y = -2},
    {.bitmap_index = 49954, .adv_w = 168, .box_w = 11, .box_h = 15, .ofs_x = 0, .ofs_y = -2},
    {.bitmap_index = 50037, .adv_w = 168, .box_w = 11, .box_h = 15, .ofs_x = 0, .ofs_y = -2},
    {.bitmap_index = 50120, .adv_w = 168, .box_w = 11, .box_h = 15, .ofs_x = 0, .ofs_y = -2},
    {.bitmap_index = 50203, .adv_w = 224, .box_w = 14, .box_h = 15, .ofs_x = -1, .ofs_y = -2},
    {.bitmap_index = 50308, .adv_w = 224, .box_w = 14, .box_h = 12, .ofs_x = 0, .ofs_y = -1},
    {.bitmap_index = 50392, .adv_w = 224, .box_w = 14, .box_h = 12, .ofs_x = 0, .ofs_y = -1},
    {.bitmap_index = 50476, .adv_w = 224, .box_w = 16, .box_h = 15, .ofs_x = -1, .ofs_y = -2},
    {.bitmap_index = 50596, .adv_w = 196, .box_w = 13, .box_h = 15, .ofs_x = 0, .ofs_y = -2},
    {.bitmap_index = 50694, .adv_w = 196, .box_w = 13, .box_h = 15, .ofs_x = -1, .ofs_y = -2},
    {.bitmap_index = 50792, .adv_w = 280, .box_w = 17, .box_h = 10, .ofs_x = 0, .ofs_y = 0},
    {.bitmap_index = 50877, .adv_w = 224, .box_w = 14, .box_h = 15, .ofs_x = 0, .ofs_y = -2},
    {.bitmap_index = 50982, .adv_w = 252, .box_w = 16, .box_h = 14, .ofs_x = 0, .ofs_y = -2},
    {.bitmap_index = 51094, .adv_w = 196, .box_w = 13, .box_h = 14, .ofs_x = 0, .ofs_y = -1},
    {.bitmap_index = 51185, .adv_w = 196, .box_w = 13, .box_h = 14, .ofs_x = 0, .ofs_y = -1},
    {.bitmap_index = 51276, .adv_w = 196, .box_w = 13, .box_h = 14, .ofs_x = 0, .ofs_y = -1},
    {.bitmap_index = 51367, .adv_w = 196, .box_w = 13, .box_h = 14, .ofs_x = 0, .ofs_y = -1},
    {.bitmap_index = 51458, .adv_w = 224, .box_w = 14, .box_h = 13, .ofs_x = 0, .ofs_y = -1},
    {.bitmap_index = 51549, .adv_w = 140, .box_w = 9, .box_h = 15, .ofs_x = 0, .ofs_y = -2},
    {.bitmap_index = 51617, .adv_w = 224, .box_w = 14, .box_h = 15, .ofs_x = 0, .ofs_y = -2},
    {.bitmap_index = 51722, .adv_w = 224, .box_w = 14, .box_h = 14, .ofs_x = 0, .ofs_y = -2},
    {.bitmap_index = 51820, .adv_w = 224, .box_w = 14, .box_h = 14, .ofs_x = 0, .ofs_y = -2},
    {.bitmap_index = 51918, .adv_w = 224, .box_w = 14, .box_h = 15, .ofs_x = 0, .ofs_y = -3},
    {.bitmap_index = 52023, .adv_w = 224, .box_w = 15, .box_h = 15, .ofs_x = -1, .ofs_y = -2},
    {.bitmap_index = 52136, .adv_w = 224, .box_w = 14, .box_h = 11, .ofs_x = 0, .ofs_y = 0},
    {.bitmap_index = 52213, .adv_w = 224, .box_w = 14, .box_h = 15, .ofs_x = 0, .ofs_y = -2},
    {.bitmap_index = 52318, .adv_w = 224, .box_w = 14, .box_h = 15, .ofs_x = 0, .ofs_y = -2},
    {.bitmap_index = 52423, .adv_w = 224, .box_w = 14, .box_h = 15, .ofs_x = 0, .ofs_y = -2},
    {.bitmap_index = 52528, .adv_w = 224, .box_w = 14, .box_h = 15, .ofs_x = 0, .ofs_y = -2},
    {.bitmap_index = 52633, .adv_w = 196, .box_w = 13, .box_h = 15, .ofs_x = 0, .ofs_y = -1},
    {.bitmap_index = 52731, .adv_w = 252, .box_w = 16, .box_h = 14, .ofs_x = 0, .ofs_y = -1},
    {.bitmap_index = 52843, .adv_w = 224, .box_w = 14, .box_h = 15, .ofs_x = 0, .ofs_y = -2},
    {.bitmap_index = 52948, .adv_w = 196, .box_w = 14, .box_h = 13, .ofs_x = -1, .ofs_y = -1},
    {.bitmap_index = 53039, .adv_w = 224, .box_w = 14, .box_h = 15, .ofs_x = 0, .ofs_y = -2},
    {.bitmap_index = 53144, .adv_w = 224, .box_w = 14, .box_h = 15, .ofs_x = 0, .ofs_y = -2},
    {.bitmap_index = 53249, .adv_w = 252, .box_w = 15, .box_h = 17, .ofs_x = 1, .ofs_y = -3},
    {.bitmap_index = 53377, .adv_w = 224, .box_w = 14, .box_h = 11, .ofs_x = 0, .ofs_y = 0},
    {.bitmap_index = 53454, .adv_w = 252, .box_w = 16, .box_h = 17, .ofs_x = 0, .ofs_y = -3},
    {.bitmap_index = 53590, .adv_w = 168, .box_w = 11, .box_h = 16, .ofs_x = 0, .ofs_y = -3},
    {.bitmap_index = 53678, .adv_w = 224, .box_w = 14, .box_h = 15, .ofs_x = 0, .ofs_y = -2},
    {.bitmap_index = 53783, .adv_w = 280, .box_w = 18, .box_h = 15, .ofs_x = 0, .ofs_y = -2},
    {.bitmap_index = 53918, .adv_w = 224, .box_w = 15, .box_h = 15, .ofs_x = 0, .ofs_y = -2},
    {.bitmap_index = 54031, .adv_w = 224, .box_w = 15, .box_h = 15, .ofs_x = -1, .ofs_y = -2},
    {.bitmap_index = 54144, .adv_w = 252, .box_w = 17, .box_h = 17, .ofs_x = -1, .ofs_y = -3},
    {.bitmap_index = 54289, .adv_w = 224, .box_w = 14, .box_h = 15, .ofs_x = 0, .ofs_y = -2},
    {.bitmap_index = 54394, .adv_w = 252, .box_w = 16, .box_h = 13, .ofs_x = 0, .ofs_y = -1},
    {.bitmap_index = 54498, .adv_w = 224, .box_w = 14, .box_h = 15, .ofs_x = 0, .ofs_y = -1},
    {.bitmap_index = 54603, .adv_w = 224, .box_w = 14, .box_h = 15, .ofs_x = 0, .ofs_y = -1},
    {.bitmap_index = 54708, .adv_w = 224, .box_w = 14, .box_h = 15, .ofs_x = 0, .ofs_y = -2},
    {.bitmap_index = 54813, .adv_w = 224, .box_w = 14, .box_h = 15, .ofs_x = 0, .ofs_y = -2},
    {.bitmap_index = 54918, .adv_w = 252, .box_w = 16, .box_h = 13, .ofs_x = 0, .ofs_y = -1},
    {.bitmap_index = 55022, .adv_w = 252, .box_w = 16, .box_h = 13, .ofs_x = 0, .ofs_y = -1},
    {.bitmap_index = 55126, .adv_w = 224, .box_w = 14, .box_h = 15, .ofs_x = 0, .ofs_y = -2},
    {.bitmap_index = 55231, .adv_w = 224, .box_w = 14, .box_h = 15, .ofs_x = 0, .ofs_y = -2},
    {.bitmap_index = 55336, .adv_w = 196, .box_w = 12, .box_h = 15, .ofs_x = 0, .ofs_y = -2},
    {.bitmap_index = 55426, .adv_w = 168, .box_w = 11, .box_h = 15, .ofs_x = 0, .ofs_y = -2},
    {.bitmap_index = 55509, .adv_w = 252, .box_w = 16, .box_h = 13, .ofs_x = 0, .ofs_y = -1},
    {.bitmap_index = 55613, .adv_w = 252, .box_w = 16, .box_h = 13, .ofs_x = 0, .ofs_y = -1},
    {.bitmap_index = 55717, .adv_w = 140, .box_w = 9, .box_h = 15, .ofs_x = 0, .ofs_y = -2},
    {.bitmap_index = 55785, .adv_w = 140, .box_w = 9, .box_h = 15, .ofs_x = 0, .ofs_y = -2},
    {.bitmap_index = 55853, .adv_w = 140, .box_w = 9, .box_h = 15, .ofs_x = 0, .ofs_y = -2},
    {.bitmap_index = 55921, .adv_w = 140, .box_w = 9, .box_h = 15, .ofs_x = 0, .ofs_y = -2},
    {.bitmap_index = 55989, .adv_w = 140, .box_w = 9, .box_h = 15, .ofs_x = 0, .ofs_y = -2},
    {.bitmap_index = 56057, .adv_w = 224, .box_w = 15, .box_h = 13, .ofs_x = 0, .ofs_y = -1},
    {.bitmap_index = 56155, .adv_w = 224, .box_w = 14, .box_h = 15, .ofs_x = 0, .ofs_y = -2},
    {.bitmap_index = 56260, .adv_w = 196, .box_w = 13, .box_h = 15, .ofs_x = 0, .ofs_y = -2},
    {.bitmap_index = 56358, .adv_w = 224, .box_w = 14, .box_h = 11, .ofs_x = 0, .ofs_y = 0},
    {.bitmap_index = 56435, .adv_w = 224, .box_w = 14, .box_h = 2, .ofs_x = 0, .ofs_y = 0},
    {.bitmap_index = 56449, .adv_w = 252, .box_w = 16, .box_h = 13, .ofs_x = 0, .ofs_y = -1},
    {.bitmap_index = 56553, .adv_w = 196, .box_w = 13, .box_h = 13, .ofs_x = 0, .ofs_y = -1},
    {.bitmap_index = 56638, .adv_w = 224, .box_w = 14, .box_h = 11, .ofs_x = 0, .ofs_y = 0},
    {.bitmap_index = 56715, .adv_w = 224, .box_w = 14, .box_h = 15, .ofs_x = 0, .ofs_y = -2},
    {.bitmap_index = 56820, .adv_w = 224, .box_w = 16, .box_h = 17, .ofs_x = -1, .ofs_y = -3},
    {.bitmap_index = 56956, .adv_w = 224, .box_w = 15, .box_h = 15, .ofs_x = -1, .ofs_y = -2},
    {.bitmap_index = 57069, .adv_w = 224, .box_w = 14, .box_h = 15, .ofs_x = 0, .ofs_y = -2},
    {.bitmap_index = 57174, .adv_w = 224, .box_w = 15, .box_h = 16, .ofs_x = 0, .ofs_y = -3},
    {.bitmap_index = 57294, .adv_w = 196, .box_w = 13, .box_h = 15, .ofs_x = 0, .ofs_y = -2},
    {.bitmap_index = 57392, .adv_w = 224, .box_w = 14, .box_h = 15, .ofs_x = 0, .ofs_y = -2},
    {.bitmap_index = 57497, .adv_w = 196, .box_w = 13, .box_h = 15, .ofs_x = 0, .ofs_y = -2},
    {.bitmap_index = 57595, .adv_w = 224, .box_w = 15, .box_h = 13, .ofs_x = 0, .ofs_y = -1},
    {.bitmap_index = 57693, .adv_w = 224, .box_w = 14, .box_h = 13, .ofs_x = 0, .ofs_y = -1},
    {.bitmap_index = 57784, .adv_w = 224, .box_w = 15, .box_h = 16, .ofs_x = -1, .ofs_y = -3},
    {.bitmap_index = 57904, .adv_w = 224, .box_w = 14, .box_h = 15, .ofs_x = 0, .ofs_y = -2},
    {.bitmap_index = 58009, .adv_w = 252, .box_w = 15, .box_h = 14, .ofs_x = 0, .ofs_y = -2},
    {.bitmap_index = 58114, .adv_w = 224, .box_w = 15, .box_h = 15, .ofs_x = -1, .ofs_y = -2},
    {.bitmap_index = 58227, .adv_w = 224, .box_w = 15, .box_h = 15, .ofs_x = -1, .ofs_y = -2},
    {.bitmap_index = 58340, .adv_w = 224, .box_w = 15, .box_h = 15, .ofs_x = -1, .ofs_y = -2},
    {.bitmap_index = 58453, .adv_w = 224, .box_w = 14, .box_h = 15, .ofs_x = 0, .ofs_y = -2},
    {.bitmap_index = 58558, .adv_w = 140, .box_w = 10, .box_h = 17, .ofs_x = -1, .ofs_y = -3},
    {.bitmap_index = 58643, .adv_w = 252, .box_w = 17, .box_h = 10, .ofs_x = -1, .ofs_y = 0},
    {.bitmap_index = 58728, .adv_w = 252, .box_w = 16, .box_h = 10, .ofs_x = 0, .ofs_y = 0},
    {.bitmap_index = 58808, .adv_w = 140, .box_w = 10, .box_h = 17, .ofs_x = -1, .ofs_y = -3},
    {.bitmap_index = 58893, .adv_w = 252, .box_w = 16, .box_h = 14, .ofs_x = 0, .ofs_y = -2},
    {.bitmap_index = 59005, .adv_w = 280, .box_w = 17, .box_h = 16, .ofs_x = 1, .ofs_y = -3},
    {.bitmap_index = 59141, .adv_w = 196, .box_w = 13, .box_h = 13, .ofs_x = 0, .ofs_y = -1},
    {.bitmap_index = 59226, .adv_w = 168, .box_w = 11, .box_h = 15, .ofs_x = 0, .ofs_y = -2},
    {.bitmap_index = 59309, .adv_w = 224, .box_w = 14, .box_h = 13, .ofs_x = 0, .ofs_y = -1},
    {.bitmap_index = 59400, .adv_w = 224, .box_w = 16, .box_h = 15, .ofs_x = -1, .ofs_y = -2},
    {.bitmap_index = 59520, .adv_w = 224, .box_w = 15, .box_h = 15, .ofs_x = 0, .ofs_y = -2},
    {.bitmap_index = 59633, .adv_w = 224, .box_w = 14, .box_h = 15, .ofs_x = 0, .ofs_y = -2},
    {.bitmap_index = 59738, .adv_w = 224, .box_w = 14, .box_h = 15, .ofs_x = 0, .ofs_y = -2},
    {.bitmap_index = 59843, .adv_w = 224, .box_w = 14, .box_h = 15, .ofs_x = 0, .ofs_y = -2},
    {.bitmap_index = 59948, .adv_w = 224, .box_w = 14, .box_h = 15, .ofs_x = 0, .ofs_y = -2},
    {.bitmap_index = 60053, .adv_w = 224, .box_w = 14, .box_h = 15, .ofs_x = 0, .ofs_y = -2},
    {.bitmap_index = 60158, .adv_w = 224, .box_w = 14, .box_h = 15, .ofs_x = 0, .ofs_y = -2},
    {.bitmap_index = 60263, .adv_w = 196, .box_w = 13, .box_h = 13, .ofs_x = 0, .ofs_y = -1},
    {.bitmap_index = 60348, .adv_w = 224, .box_w = 16, .box_h = 15, .ofs_x = -1, .ofs_y = -2},
    {.bitmap_index = 60468, .adv_w = 224, .box_w = 14, .box_h = 15, .ofs_x = 0, .ofs_y = -2},
    {.bitmap_index = 60573, .adv_w = 252, .box_w = 16, .box_h = 13, .ofs_x = 0, .ofs_y = -1},
    {.bitmap_index = 60677, .adv_w = 252, .box_w = 16, .box_h = 13, .ofs_x = 0, .ofs_y = -1},
    {.bitmap_index = 60781, .adv_w = 252, .box_w = 16, .box_h = 10, .ofs_x = 0, .ofs_y = 0},
    {.bitmap_index = 60861, .adv_w = 196, .box_w = 13, .box_h = 15, .ofs_x = 0, .ofs_y = -2},
    {.bitmap_index = 60959, .adv_w = 224, .box_w = 14, .box_h = 14, .ofs_x = 0, .ofs_y = -2},
    {.bitmap_index = 61057, .adv_w = 196, .box_w = 13, .box_h = 13, .ofs_x = 0, .ofs_y = -1},
    {.bitmap_index = 61142, .adv_w = 224, .box_w = 16, .box_h = 13, .ofs_x = -1, .ofs_y = -1},
    {.bitmap_index = 61246, .adv_w = 168, .box_w = 10, .box_h = 15, .ofs_x = 0, .ofs_y = -2},
    {.bitmap_index = 61321, .adv_w = 168, .box_w = 10, .box_h = 15, .ofs_x = 0, .ofs_y = -2},
    {.bitmap_index = 61396, .adv_w = 252, .box_w = 14, .box_h = 16, .ofs_x = 2, .ofs_y = -2},
    {.bitmap_index = 61508, .adv_w = 168, .box_w = 11, .box_h = 15, .ofs_x = 0, .ofs_y = -2},
    {.bitmap_index = 61591, .adv_w = 168, .box_w = 11, .box_h = 15, .ofs_x = 0, .ofs_y = -2},
    {.bitmap_index = 61674, .adv_w = 168, .box_w = 10, .box_h = 15, .ofs_x = 0, .ofs_y = -2},
    {.bitmap_index = 61749, .adv_w = 168, .box_w = 10, .box_h = 15, .ofs_x = 0, .ofs_y = -2},
    {.bitmap_index = 61824, .adv_w = 168, .box_w = 10, .box_h = 15, .ofs_x = 0, .ofs_y = -2},
    {.bitmap_index = 61899, .adv_w = 224, .box_w = 14, .box_h = 11, .ofs_x = 0, .ofs_y = 0},
    {.bitmap_index = 61976, .adv_w = 252, .box_w = 17, .box_h = 17, .ofs_x = -1, .ofs_y = -3},
    {.bitmap_index = 62121, .adv_w = 168, .box_w = 11, .box_h = 15, .ofs_x = 0, .ofs_y = -2},
    {.bitmap_index = 62204, .adv_w = 224, .box_w = 15, .box_h = 14, .ofs_x = -1, .ofs_y = -1},
    {.bitmap_index = 62309, .adv_w = 224, .box_w = 14, .box_h = 15, .ofs_x = 0, .ofs_y = -2},
    {.bitmap_index = 62414, .adv_w = 196, .box_w = 13, .box_h = 15, .ofs_x = 0, .ofs_y = -2},
    {.bitmap_index = 62512, .adv_w = 196, .box_w = 13, .box_h = 15, .ofs_x = 0, .ofs_y = -2},
    {.bitmap_index = 62610, .adv_w = 224, .box_w = 14, .box_h = 15, .ofs_x = 0, .ofs_y = -2},
    {.bitmap_index = 62715, .adv_w = 252, .box_w = 16, .box_h = 11, .ofs_x = 0, .ofs_y = 0},
    {.bitmap_index = 62803, .adv_w = 196, .box_w = 12, .box_h = 15, .ofs_x = 0, .ofs_y = -2},
    {.bitmap_index = 62893, .adv_w = 224, .box_w = 14, .box_h = 11, .ofs_x = 0, .ofs_y = 0},
    {.bitmap_index = 62970, .adv_w = 224, .box_w = 16, .box_h = 15, .ofs_x = -1, .ofs_y = -2},
    {.bitmap_index = 63090, .adv_w = 224, .box_w = 14, .box_h = 15, .ofs_x = 0, .ofs_y = -2},
    {.bitmap_index = 63195, .adv_w = 224, .box_w = 14, .box_h = 15, .ofs_x = 0, .ofs_y = -2},
    {.bitmap_index = 63300, .adv_w = 252, .box_w = 17, .box_h = 17, .ofs_x = -1, .ofs_y = -3},
    {.bitmap_index = 63445, .adv_w = 224, .box_w = 14, .box_h = 15, .ofs_x = 0, .ofs_y = -2},
    {.bitmap_index = 63550, .adv_w = 224, .box_w = 14, .box_h = 15, .ofs_x = 0, .ofs_y = -2},
    {.bitmap_index = 63655, .adv_w = 224, .box_w = 14, .box_h = 15, .ofs_x = 0, .ofs_y = -2},
    {.bitmap_index = 63760, .adv_w = 224, .box_w = 14, .box_h = 16, .ofs_x = 0, .ofs_y = -2},
    {.bitmap_index = 63872, .adv_w = 140, .box_w = 9, .box_h = 15, .ofs_x = 0, .ofs_y = -2},
    {.bitmap_index = 63940, .adv_w = 196, .box_w = 13, .box_h = 13, .ofs_x = 0, .ofs_y = -1},
    {.bitmap_index = 64025, .adv_w = 196, .box_w = 13, .box_h = 16, .ofs_x = 0, .ofs_y = -2},
    {.bitmap_index = 64129, .adv_w = 168, .box_w = 11, .box_h = 16, .ofs_x = 0, .ofs_y = -2},
    {.bitmap_index = 64217, .adv_w = 168, .box_w = 11, .box_h = 16, .ofs_x = 0, .ofs_y = -2},
    {.bitmap_index = 64305, .adv_w = 224, .box_w = 14, .box_h = 15, .ofs_x = 0, .ofs_y = -2},
    {.bitmap_index = 64410, .adv_w = 168, .box_w = 11, .box_h = 15, .ofs_x = 0, .ofs_y = -2},
    {.bitmap_index = 64493, .adv_w = 280, .box_w = 18, .box_h = 11, .ofs_x = 0, .ofs_y = 0},
    {.bitmap_index = 64592, .adv_w = 224, .box_w = 14, .box_h = 14, .ofs_x = 0, .ofs_y = -2},
    {.bitmap_index = 64690, .adv_w = 168, .box_w = 11, .box_h = 16, .ofs_x = 0, .ofs_y = -3},
    {.bitmap_index = 64778, .adv_w = 224, .box_w = 14, .box_h = 11, .ofs_x = 0, .ofs_y = 0},
    {.bitmap_index = 64855, .adv_w = 252, .box_w = 16, .box_h = 16, .ofs_x = 0, .ofs_y = -3},
    {.bitmap_index = 64983, .adv_w = 224, .box_w = 14, .box_h = 15, .ofs_x = 0, .ofs_y = -2},
    {.bitmap_index = 65088, .adv_w = 224, .box_w = 14, .box_h = 16, .ofs_x = 0, .ofs_y = -3},
    {.bitmap_index = 65200, .adv_w = 224, .box_w = 14, .box_h = 15, .ofs_x = 0, .ofs_y = -2},
    {.bitmap_index = 65305, .adv_w = 224, .box_w = 14, .box_h = 15, .ofs_x = -1, .ofs_y = -2},
    {.bitmap_index = 65410, .adv_w = 252, .box_w = 16, .box_h = 10, .ofs_x = 0, .ofs_y = 0},
    {.bitmap_index = 65490, .adv_w = 196, .box_w = 13, .box_h = 13, .ofs_x = 0, .ofs_y = -1},
    {.bitmap_index = 65575, .adv_w = 224, .box_w = 14, .box_h = 15, .ofs_x = 0, .ofs_y = -2},
    {.bitmap_index = 65680, .adv_w = 224, .box_w = 14, .box_h = 14, .ofs_x = 0, .ofs_y = -1},
    {.bitmap_index = 65778, .adv_w = 168, .box_w = 11, .box_h = 15, .ofs_x = 0, .ofs_y = -2},
    {.bitmap_index = 65861, .adv_w = 252, .box_w = 17, .box_h = 16, .ofs_x = 0, .ofs_y = -3},
    {.bitmap_index = 65997, .adv_w = 168, .box_w = 11, .box_h = 15, .ofs_x = 0, .ofs_y = -2},
    {.bitmap_index = 66080, .adv_w = 168, .box_w = 11, .box_h = 15, .ofs_x = 0, .ofs_y = -2},
    {.bitmap_index = 66163, .adv_w = 224, .box_w = 14, .box_h = 15, .ofs_x = 0, .ofs_y = -2},
    {.bitmap_index = 66268, .adv_w = 168, .box_w = 11, .box_h = 15, .ofs_x = 0, .ofs_y = -2},
    {.bitmap_index = 66351, .adv_w = 252, .box_w = 17, .box_h = 15, .ofs_x = 0, .ofs_y = -2},
    {.bitmap_index = 66479, .adv_w = 252, .box_w = 16, .box_h = 15, .ofs_x = 0, .ofs_y = -2},
    {.bitmap_index = 66599, .adv_w = 168, .box_w = 11, .box_h = 15, .ofs_x = 0, .ofs_y = -2},
    {.bitmap_index = 66682, .adv_w = 168, .box_w = 11, .box_h = 15, .ofs_x = 0, .ofs_y = -2},
    {.bitmap_index = 66765, .adv_w = 224, .box_w = 14, .box_h = 11, .ofs_x = 0, .ofs_y = 0},
    {.bitmap_index = 66842, .adv_w = 252, .box_w = 16, .box_h = 15, .ofs_x = 0, .ofs_y = -2},
    {.bitmap_index = 66962, .adv_w = 224, .box_w = 14, .box_h = 15, .ofs_x = 0, .ofs_y = -2},
    {.bitmap_index = 67067, .adv_w = 252, .box_w = 16, .box_h = 15, .ofs_x = 0, .ofs_y = -1},
    {.bitmap_index = 67187, .adv_w = 224, .box_w = 14, .box_h = 15, .ofs_x = 0, .ofs_y = -2},
    {.bitmap_index = 67292, .adv_w = 252, .box_w = 16, .box_h = 6, .ofs_x = 0, .ofs_y = -2},
    {.bitmap_index = 67340, .adv_w = 224, .box_w = 14, .box_h = 15, .ofs_x = 0, .ofs_y = -2},
    {.bitmap_index = 67445, .adv_w = 168, .box_w = 11, .box_h = 15, .ofs_x = 0, .ofs_y = -2},
    {.bitmap_index = 67528, .adv_w = 168, .box_w = 11, .box_h = 15, .ofs_x = 0, .ofs_y = -2},
    {.bitmap_index = 67611, .adv_w = 280, .box_w = 18, .box_h = 15, .ofs_x = 0, .ofs_y = -1},
    {.bitmap_index = 67746, .adv_w = 280, .box_w = 18, .box_h = 14, .ofs_x = 0, .ofs_y = -2},
    {.bitmap_index = 67872, .adv_w = 252, .box_w = 16, .box_h = 15, .ofs_x = 0, .ofs_y = -2},
    {.bitmap_index = 67992, .adv_w = 252, .box_w = 16, .box_h = 15, .ofs_x = 0, .ofs_y = -2},
    {.bitmap_index = 68112, .adv_w = 224, .box_w = 14, .box_h = 15, .ofs_x = 0, .ofs_y = -2},
    {.bitmap_index = 68217, .adv_w = 224, .box_w = 15, .box_h = 15, .ofs_x = -1, .ofs_y = -2},
    {.bitmap_index = 68330, .adv_w = 224, .box_w = 15, .box_h = 15, .ofs_x = 0, .ofs_y = -2},
    {.bitmap_index = 68443, .adv_w = 224, .box_w = 14, .box_h = 15, .ofs_x = 0, .ofs_y = -2},
    {.bitmap_index = 68548, .adv_w = 252, .box_w = 16, .box_h = 15, .ofs_x = 0, .ofs_y = -2},
    {.bitmap_index = 68668, .adv_w = 196, .box_w = 13, .box_h = 14, .ofs_x = 0, .ofs_y = -1},
    {.bitmap_index = 68759, .adv_w = 224, .box_w = 14, .box_h = 13, .ofs_x = 0, .ofs_y = -1},
    {.bitmap_index = 68850, .adv_w = 280, .box_w = 17, .box_h = 15, .ofs_x = 0, .ofs_y = -2},
    {.bitmap_index = 68978, .adv_w = 224, .box_w = 14, .box_h = 15, .ofs_x = 0, .ofs_y = -2},
    {.bitmap_index = 69083, .adv_w = 224, .box_w = 15, .box_h = 15, .ofs_x = -1, .ofs_y = -2},
    {.bitmap_index = 69196, .adv_w = 252, .box_w = 17, .box_h = 17, .ofs_x = -1, .ofs_y = -3},
    {.bitmap_index = 69341, .adv_w = 280, .box_w = 18, .box_h = 11, .ofs_x = 0, .ofs_y = 0},
    {.bitmap_index = 69440, .adv_w = 252, .box_w = 16, .box_h = 14, .ofs_x = 0, .ofs_y = -2},
    {.bitmap_index = 69552, .adv_w = 224, .box_w = 15, .box_h = 15, .ofs_x = 0, .ofs_y = -2},
    {.bitmap_index = 69665, .adv_w = 252, .box_w = 16, .box_h = 6, .ofs_x = 0, .ofs_y = -2},
    {.bitmap_index = 69713, .adv_w = 252, .box_w = 16, .box_h = 15, .ofs_x = 0, .ofs_y = -2},
    {.bitmap_index = 69833, .adv_w = 252, .box_w = 16, .box_h = 15, .ofs_x = 0, .ofs_y = -2},
    {.bitmap_index = 69953, .adv_w = 252, .box_w = 16, .box_h = 15, .ofs_x = 0, .ofs_y = -2},
    {.bitmap_index = 70073, .adv_w = 280, .box_w = 18, .box_h = 13, .ofs_x = 0, .ofs_y = -2},
    {.bitmap_index = 70190, .adv_w = 252, .box_w = 16, .box_h = 16, .ofs_x = 0, .ofs_y = -3},
    {.bitmap_index = 70318, .adv_w = 252, .box_w = 16, .box_h = 13, .ofs_x = 0, .ofs_y = -1},
    {.bitmap_index = 70422, .adv_w = 224, .box_w = 14, .box_h = 15, .ofs_x = 0, .ofs_y = -2},
    {.bitmap_index = 70527, .adv_w = 252, .box_w = 16, .box_h = 17, .ofs_x = 0, .ofs_y = -3},
    {.bitmap_index = 70663, .adv_w = 252, .box_w = 15, .box_h = 16, .ofs_x = 1, .ofs_y = -2},
    {.bitmap_index = 70783, .adv_w = 168, .box_w = 11, .box_h = 15, .ofs_x = 0, .ofs_y = -2},
    {.bitmap_index = 70866, .adv_w = 224, .box_w = 14, .box_h = 15, .ofs_x = 0, .ofs_y = -2},
    {.bitmap_index = 70971, .adv_w = 224, .box_w = 15, .box_h = 15, .ofs_x = -1, .ofs_y = -2},
    {.bitmap_index = 71084, .adv_w = 224, .box_w = 14, .box_h = 15, .ofs_x = 0, .ofs_y = -2},
    {.bitmap_index = 71189, .adv_w = 224, .box_w = 14, .box_h = 15, .ofs_x = 0, .ofs_y = -2},
    {.bitmap_index = 71294, .adv_w = 252, .box_w = 16, .box_h = 13, .ofs_x = 0, .ofs_y = -1},
    {.bitmap_index = 71398, .adv_w = 252, .box_w = 17, .box_h = 14, .ofs_x = -1, .ofs_y = -2},
    {.bitmap_index = 71517, .adv_w = 280, .box_w = 18, .box_h = 14, .ofs_x = 0, .ofs_y = -2},
    {.bitmap_index = 71643, .adv_w = 252, .box_w = 17, .box_h = 17, .ofs_x = -1, .ofs_y = -3},
    {.bitmap_index = 71788, .adv_w = 140, .box_w = 9, .box_h = 16, .ofs_x = 0, .ofs_y = -3},
    {.bitmap_index = 71860, .adv_w = 224, .box_w = 14, .box_h = 15, .ofs_x = 0, .ofs_y = -2},
    {.bitmap_index = 71965, .adv_w = 252, .box_w = 17, .box_h = 17, .ofs_x = -1, .ofs_y = -3},
    {.bitmap_index = 72110, .adv_w = 196, .box_w = 13, .box_h = 15, .ofs_x = 0, .ofs_y = -2},
    {.bitmap_index = 72208, .adv_w = 280, .box_w = 17, .box_h = 15, .ofs_x = 1, .ofs_y = -2},
    {.bitmap_index = 72336, .adv_w = 252, .box_w = 16, .box_h = 15, .ofs_x = 0, .ofs_y = -3},
    {.bitmap_index = 72456, .adv_w = 280, .box_w = 17, .box_h = 15, .ofs_x = 1, .ofs_y = -3},
    {.bitmap_index = 72584, .adv_w = 280, .box_w = 17, .box_h = 16, .ofs_x = 1, .ofs_y = -3},
    {.bitmap_index = 72720, .adv_w = 252, .box_w = 16, .box_h = 14, .ofs_x = 0, .ofs_y = -2},
    {.bitmap_index = 72832, .adv_w = 196, .box_w = 13, .box_h = 15, .ofs_x = 0, .ofs_y = -2},
    {.bitmap_index = 72930, .adv_w = 252, .box_w = 16, .box_h = 16, .ofs_x = 0, .ofs_y = -3},
    {.bitmap_index = 73058, .adv_w = 280, .box_w = 16, .box_h = 15, .ofs_x = 1, .ofs_y = -2},
    {.bitmap_index = 73178, .adv_w = 196, .box_w = 12, .box_h = 15, .ofs_x = 0, .ofs_y = -2},
    {.bitmap_index = 73268, .adv_w = 252, .box_w = 16, .box_h = 15, .ofs_x = 0, .ofs_y = -3},
    {.bitmap_index = 73388, .adv_w = 252, .box_w = 17, .box_h = 17, .ofs_x = -1, .ofs_y = -3},
    {.bitmap_index = 73533, .adv_w = 280, .box_w = 16, .box_h = 17, .ofs_x = 1, .ofs_y = -4},
    {.bitmap_index = 73669, .adv_w = 196, .box_w = 12, .box_h = 15, .ofs_x = 0, .ofs_y = -2},
    {.bitmap_index = 73759, .adv_w = 280, .box_w = 18, .box_h = 15, .ofs_x = 0, .ofs_y = -3},
    {.bitmap_index = 73894, .adv_w = 280, .box_w = 19, .box_h = 15, .ofs_x = -1, .ofs_y = -2},
    {.bitmap_index = 74037, .adv_w = 280, .box_w = 18, .box_h = 15, .ofs_x = 0, .ofs_y = -2},
    {.bitmap_index = 74172, .adv_w = 224, .box_w = 14, .box_h = 15, .ofs_x = 0, .ofs_y = -2},
    {.bitmap_index = 74277, .adv_w = 224, .box_w = 14, .box_h = 14, .ofs_x = 0, .ofs_y = -2},
    {.bitmap_index = 74375, .adv_w = 252, .box_w = 16, .box_h = 15, .ofs_x = 0, .ofs_y = -2},
    {.bitmap_index = 74495, .adv_w = 252, .box_w = 16, .box_h = 15, .ofs_x = 0, .ofs_y = -2},
    {.bitmap_index = 74615, .adv_w = 252, .box_w = 16, .box_h = 11, .ofs_x = 0, .ofs_y = 0},
    {.bitmap_index = 74703, .adv_w = 280, .box_w = 17, .box_h = 14, .ofs_x = 0, .ofs_y = -2},
    {.bitmap_index = 74822, .adv_w = 224, .box_w = 14, .box_h = 16, .ofs_x = 0, .ofs_y = -2},
    {.bitmap_index = 74934, .adv_w = 224, .box_w = 14, .box_h = 15, .ofs_x = 0, .ofs_y = -2},
    {.bitmap_index = 75039, .adv_w = 224, .box_w = 14, .box_h = 15, .ofs_x = 0, .ofs_y = -2},
    {.bitmap_index = 75144, .adv_w = 280, .box_w = 19, .box_h = 15, .ofs_x = -1, .ofs_y = -2},
    {.bitmap_index = 75287, .adv_w = 252, .box_w = 16, .box_h = 12, .ofs_x = 0, .ofs_y = 0},
    {.bitmap_index = 75383, .adv_w = 224, .box_w = 15, .box_h = 15, .ofs_x = -1, .ofs_y = -2},
    {.bitmap_index = 75496, .adv_w = 196, .box_w = 13, .box_h = 13, .ofs_x = 0, .ofs_y = -1},
    {.bitmap_index = 75581, .adv_w = 196, .box_w = 13, .box_h = 13, .ofs_x = 0, .ofs_y = -1},
    {.bitmap_index = 75666, .adv_w = 196, .box_w = 13, .box_h = 13, .ofs_x = 0, .ofs_y = -1},
    {.bitmap_index = 75751, .adv_w = 196, .box_w = 13, .box_h = 13, .ofs_x = 0, .ofs_y = -1},
    {.bitmap_index = 75836, .adv_w = 196, .box_w = 13, .box_h = 13, .ofs_x = 0, .ofs_y = -1},
    {.bitmap_index = 75921, .adv_w = 196, .box_w = 13, .box_h = 13, .ofs_x = 0, .ofs_y = -1},
    {.bitmap_index = 76006, .adv_w = 196, .box_w = 13, .box_h = 12, .ofs_x = 0, .ofs_y = 0},
    {.bitmap_index = 76084, .adv_w = 196, .box_w = 13, .box_h = 15, .ofs_x = 0, .ofs_y = -2},
    {.bitmap_index = 76182, .adv_w = 196, .box_w = 13, .box_h = 15, .ofs_x = 0, .ofs_y = -2},
    {.bitmap_index = 76280, .adv_w = 196, .box_w = 13, .box_h = 7, .ofs_x = 0, .ofs_y = 2},
    {.bitmap_index = 76326, .adv_w = 224, .box_w = 14, .box_h = 15, .ofs_x = 0, .ofs_y = -2},
    {.bitmap_index = 76431, .adv_w = 252, .box_w = 16, .box_h = 13, .ofs_x = 0, .ofs_y = -1},
    {.bitmap_index = 76535, .adv_w = 224, .box_w = 14, .box_h = 15, .ofs_x = 0, .ofs_y = -2},
    {.bitmap_index = 76640, .adv_w = 252, .box_w = 16, .box_h = 13, .ofs_x = 0, .ofs_y = -1},
    {.bitmap_index = 76744, .adv_w = 224, .box_w = 14, .box_h = 14, .ofs_x = 0, .ofs_y = -2},
    {.bitmap_index = 76842, .adv_w = 196, .box_w = 14, .box_h = 13, .ofs_x = -1, .ofs_y = -1},
    {.bitmap_index = 76933, .adv_w = 252, .box_w = 17, .box_h = 14, .ofs_x = -1, .ofs_y = -2},
    {.bitmap_index = 77052, .adv_w = 280, .box_w = 18, .box_h = 10, .ofs_x = 0, .ofs_y = 0},
    {.bitmap_index = 77142, .adv_w = 252, .box_w = 16, .box_h = 13, .ofs_x = 0, .ofs_y = -1},
    {.bitmap_index = 77246, .adv_w = 224, .box_w = 14, .box_h = 14, .ofs_x = 0, .ofs_y = -2},
    {.bitmap_index = 77344, .adv_w = 196, .box_w = 13, .box_h = 13, .ofs_x = 0, .ofs_y = -1},
    {.bitmap_index = 77429, .adv_w = 224, .box_w = 14, .box_h = 12, .ofs_x = 0, .ofs_y = -1},
    {.bitmap_index = 77513, .adv_w = 252, .box_w = 17, .box_h = 17, .ofs_x = -1, .ofs_y = -3},
    {.bitmap_index = 77658, .adv_w = 224, .box_w = 14, .box_h = 14, .ofs_x = 0, .ofs_y = -2},
    {.bitmap_index = 77756, .adv_w = 224, .box_w = 14, .box_h = 14, .ofs_x = 0, .ofs_y = -2},
    {.bitmap_index = 77854, .adv_w = 224, .box_w = 14, .box_h = 11, .ofs_x = 0, .ofs_y = 0},
    {.bitmap_index = 77931, .adv_w = 224, .box_w = 14, .box_h = 11, .ofs_x = 0, .ofs_y = 0},
    {.bitmap_index = 78008, .adv_w = 196, .box_w = 13, .box_h = 13, .ofs_x = 0, .ofs_y = -1},
    {.bitmap_index = 78093, .adv_w = 224, .box_w = 14, .box_h = 15, .ofs_x = 0, .ofs_y = -2},
    {.bitmap_index = 78198, .adv_w = 196, .box_w = 13, .box_h = 13, .ofs_x = 0, .ofs_y = -1},
    {.bitmap_index = 78283, .adv_w = 196, .box_w = 14, .box_h = 13, .ofs_x = -1, .ofs_y = -1},
    {.bitmap_index = 78374, .adv_w = 224, .box_w = 14, .box_h = 13, .ofs_x = 0, .ofs_y = -1},
    {.bitmap_index = 78465, .adv_w = 168, .box_w = 11, .box_h = 15, .ofs_x = 0, .ofs_y = -2},
    {.bitmap_index = 78548, .adv_w = 280, .box_w = 18, .box_h = 15, .ofs_x = 0, .ofs_y = -1},
    {.bitmap_index = 78683, .adv_w = 252, .box_w = 16, .box_h = 16, .ofs_x = 0, .ofs_y = -3},
    {.bitmap_index = 78811, .adv_w = 196, .box_w = 13, .box_h = 13, .ofs_x = 0, .ofs_y = -1},
    {.bitmap_index = 78896, .adv_w = 252, .box_w = 16, .box_h = 8, .ofs_x = 0, .ofs_y = 1},
    {.bitmap_index = 78960, .adv_w = 112, .box_w = 7, .box_h = 17, .ofs_x = 0, .ofs_y = -3},
    {.bitmap_index = 79020, .adv_w = 252, .box_w = 16, .box_h = 15, .ofs_x = 0, .ofs_y = -2},
    {.bitmap_index = 79140, .adv_w = 252, .box_w = 16, .box_h = 16, .ofs_x = 0, .ofs_y = -3},
    {.bitmap_index = 79268, .adv_w = 252, .box_w = 16, .box_h = 15, .ofs_x = 0, .ofs_y = -2},
    {.bitmap_index = 79388, .adv_w = 224, .box_w = 14, .box_h = 15, .ofs_x = 0, .ofs_y = -2},
    {.bitmap_index = 79493, .adv_w = 224, .box_w = 14, .box_h = 15, .ofs_x = 0, .ofs_y = -2},
    {.bitmap_index = 79598, .adv_w = 224, .box_w = 16, .box_h = 13, .ofs_x = -1, .ofs_y = -1},
    {.bitmap_index = 79702, .adv_w = 252, .box_w = 16, .box_h = 13, .ofs_x = 0, .ofs_y = -1},
    {.bitmap_index = 79806, .adv_w = 224, .box_w = 14, .box_h = 11, .ofs_x = 0, .ofs_y = 0},
    {.bitmap_index = 79883, .adv_w = 224, .box_w = 14, .box_h = 15, .ofs_x = 0, .ofs_y = -2},
    {.bitmap_index = 79988, .adv_w = 224, .box_w = 14, .box_h = 14, .ofs_x = 0, .ofs_y = -1},
    {.bitmap_index = 80086, .adv_w = 280, .box_w = 18, .box_h = 14, .ofs_x = 0, .ofs_y = -2},
    {.bitmap_index = 80212, .adv_w = 168, .box_w = 11, .box_h = 17, .ofs_x = 0, .ofs_y = -3},
    {.bitmap_index = 80306, .adv_w = 224, .box_w = 14, .box_h = 12, .ofs_x = 0, .ofs_y = 0},
    {.bitmap_index = 80390, .adv_w = 224, .box_w = 14, .box_h = 15, .ofs_x = 0, .ofs_y = -2},
    {.bitmap_index = 80495, .adv_w = 224, .box_w = 14, .box_h = 13, .ofs_x = 0, .ofs_y = -1},
    {.bitmap_index = 80586, .adv_w = 196, .box_w = 13, .box_h = 15, .ofs_x = 0, .ofs_y = -2},
    {.bitmap_index = 80684, .adv_w = 196, .box_w = 14, .box_h = 17, .ofs_x = -1, .ofs_y = -3},
    {.bitmap_index = 80803, .adv_w = 280, .box_w = 16, .box_h = 11, .ofs_x = 0, .ofs_y = 0},
    {.bitmap_index = 80891, .adv_w = 280, .box_w = 18, .box_h = 13, .ofs_x = 0, .ofs_y = -1},
    {.bitmap_index = 81008, .adv_w = 224, .box_w = 14, .box_h = 15, .ofs_x = 1, .ofs_y = -2},
    {.bitmap_index = 81113, .adv_w = 168, .box_w = 11, .box_h = 15, .ofs_x = 0, .ofs_y = -2},
    {.bitmap_index = 81196, .adv_w = 196, .box_w = 13, .box_h = 15, .ofs_x = 0, .ofs_y = -2},
    {.bitmap_index = 81294, .adv_w = 224, .box_w = 14, .box_h = 15, .ofs_x = 0, .ofs_y = -2},
    {.bitmap_index = 81399, .adv_w = 168, .box_w = 12, .box_h = 13, .ofs_x = -1, .ofs_y = -1},
    {.bitmap_index = 81477, .adv_w = 280, .box_w = 17, .box_h = 16, .ofs_x = 1, .ofs_y = -2},
    {.bitmap_index = 81613, .adv_w = 224, .box_w = 14, .box_h = 11, .ofs_x = 0, .ofs_y = 0},
    {.bitmap_index = 81690, .adv_w = 224, .box_w = 14, .box_h = 14, .ofs_x = 0, .ofs_y = -2},
    {.bitmap_index = 81788, .adv_w = 224, .box_w = 14, .box_h = 14, .ofs_x = 0, .ofs_y = -2},
    {.bitmap_index = 81886, .adv_w = 224, .box_w = 15, .box_h = 15, .ofs_x = 0, .ofs_y = -2},
    {.bitmap_index = 81999, .adv_w = 252, .box_w = 16, .box_h = 11, .ofs_x = 0, .ofs_y = 0},
    {.bitmap_index = 82087, .adv_w = 224, .box_w = 14, .box_h = 15, .ofs_x = 0, .ofs_y = -2},
    {.bitmap_index = 82192, .adv_w = 224, .box_w = 14, .box_h = 15, .ofs_x = 0, .ofs_y = -2},
    {.bitmap_index = 82297, .adv_w = 224, .box_w = 15, .box_h = 13, .ofs_x = 0, .ofs_y = -1},
    {.bitmap_index = 82395, .adv_w = 252, .box_w = 16, .box_h = 13, .ofs_x = 0, .ofs_y = -1},
    {.bitmap_index = 82499, .adv_w = 224, .box_w = 15, .box_h = 15, .ofs_x = 0, .ofs_y = -2},
    {.bitmap_index = 82612, .adv_w = 168, .box_w = 11, .box_h = 15, .ofs_x = 0, .ofs_y = -2},
    {.bitmap_index = 82695, .adv_w = 168, .box_w = 11, .box_h = 15, .ofs_x = 0, .ofs_y = -2},
    {.bitmap_index = 82778, .adv_w = 252, .box_w = 16, .box_h = 15, .ofs_x = 0, .ofs_y = -2},
    {.bitmap_index = 82898, .adv_w = 168, .box_w = 11, .box_h = 15, .ofs_x = 0, .ofs_y = -2},
    {.bitmap_index = 82981, .adv_w = 168, .box_w = 11, .box_h = 15, .ofs_x = 0, .ofs_y = -2},
    {.bitmap_index = 83064, .adv_w = 168, .box_w = 11, .box_h = 15, .ofs_x = 0, .ofs_y = -2},
    {.bitmap_index = 83147, .adv_w = 168, .box_w = 11, .box_h = 15, .ofs_x = 0, .ofs_y = -2},
    {.bitmap_index = 83230, .adv_w = 280, .box_w = 17, .box_h = 16, .ofs_x = 1, .ofs_y = -3},
    {.bitmap_index = 83366, .adv_w = 168, .box_w = 11, .box_h = 15, .ofs_x = 0, .ofs_y = -2},
    {.bitmap_index = 83449, .adv_w = 224, .box_w = 14, .box_h = 15, .ofs_x = 0, .ofs_y = -2},
    {.bitmap_index = 83554, .adv_w = 252, .box_w = 16, .box_h = 16, .ofs_x = 0, .ofs_y = -3},
    {.bitmap_index = 83682, .adv_w = 224, .box_w = 14, .box_h = 15, .ofs_x = 0, .ofs_y = -2},
    {.bitmap_index = 83787, .adv_w = 252, .box_w = 17, .box_h = 10, .ofs_x = -1, .ofs_y = 0},
    {.bitmap_index = 83872, .adv_w = 224, .box_w = 14, .box_h = 15, .ofs_x = 0, .ofs_y = -2},
    {.bitmap_index = 83977, .adv_w = 224, .box_w = 14, .box_h = 15, .ofs_x = 0, .ofs_y = -2},
    {.bitmap_index = 84082, .adv_w = 224, .box_w = 15, .box_h = 14, .ofs_x = -1, .ofs_y = -2},
    {.bitmap_index = 84187, .adv_w = 224, .box_w = 14, .box_h = 15, .ofs_x = 0, .ofs_y = -2},
    {.bitmap_index = 84292, .adv_w = 224, .box_w = 14, .box_h = 15, .ofs_x = 0, .ofs_y = -2},
    {.bitmap_index = 84397, .adv_w = 224, .box_w = 14, .box_h = 15, .ofs_x = 0, .ofs_y = -2},
    {.bitmap_index = 84502, .adv_w = 224, .box_w = 14, .box_h = 15, .ofs_x = 0, .ofs_y = -2},
    {.bitmap_index = 84607, .adv_w = 224, .box_w = 14, .box_h = 15, .ofs_x = 0, .ofs_y = -2},
    {.bitmap_index = 84712, .adv_w = 224, .box_w = 14, .box_h = 15, .ofs_x = 0, .ofs_y = -2},
    {.bitmap_index = 84817, .adv_w = 224, .box_w = 14, .box_h = 15, .ofs_x = 0, .ofs_y = -2},
    {.bitmap_index = 84922, .adv_w = 252, .box_w = 16, .box_h = 16, .ofs_x = 0, .ofs_y = -2},
    {.bitmap_index = 85050, .adv_w = 224, .box_w = 14, .box_h = 15, .ofs_x = 0, .ofs_y = -2},
    {.bitmap_index = 85155, .adv_w = 224, .box_w = 15, .box_h = 15, .ofs_x = -1, .ofs_y = -2},
    {.bitmap_index = 85268, .adv_w = 252, .box_w = 16, .box_h = 16, .ofs_x = 0, .ofs_y = -3},
    {.bitmap_index = 85396, .adv_w = 224, .box_w = 16, .box_h = 15, .ofs_x = -1, .ofs_y = -2},
    {.bitmap_index = 85516, .adv_w = 280, .box_w = 18, .box_h = 15, .ofs_x = 0, .ofs_y = -2},
    {.bitmap_index = 85651, .adv_w = 224, .box_w = 14, .box_h = 15, .ofs_x = 0, .ofs_y = -2},
    {.bitmap_index = 85756, .adv_w = 224, .box_w = 15, .box_h = 15, .ofs_x = -1, .ofs_y = -2},
    {.bitmap_index = 85869, .adv_w = 224, .box_w = 14, .box_h = 15, .ofs_x = 0, .ofs_y = -2},
    {.bitmap_index = 85974, .adv_w = 224, .box_w = 14, .box_h = 15, .ofs_x = 0, .ofs_y = -2},
    {.bitmap_index = 86079, .adv_w = 224, .box_w = 14, .box_h = 10, .ofs_x = 0, .ofs_y = 0},
    {.bitmap_index = 86149, .adv_w = 140, .box_w = 9, .box_h = 15, .ofs_x = 0, .ofs_y = -2},
    {.bitmap_index = 86217, .adv_w = 196, .box_w = 13, .box_h = 14, .ofs_x = 0, .ofs_y = -1},
    {.bitmap_index = 86308, .adv_w = 196, .box_w = 13, .box_h = 15, .ofs_x = 0, .ofs_y = -2},
    {.bitmap_index = 86406, .adv_w = 252, .box_w = 15, .box_h = 15, .ofs_x = 0, .ofs_y = -2},
    {.bitmap_index = 86519, .adv_w = 196, .box_w = 13, .box_h = 14, .ofs_x = 0, .ofs_y = -2},
    {.bitmap_index = 86610, .adv_w = 224, .box_w = 14, .box_h = 15, .ofs_x = 0, .ofs_y = -2},
    {.bitmap_index = 86715, .adv_w = 252, .box_w = 16, .box_h = 14, .ofs_x = 0, .ofs_y = -1},
    {.bitmap_index = 86827, .adv_w = 224, .box_w = 14, .box_h = 15, .ofs_x = 0, .ofs_y = -2},
    {.bitmap_index = 86932, .adv_w = 224, .box_w = 14, .box_h = 15, .ofs_x = 0, .ofs_y = -2},
    {.bitmap_index = 87037, .adv_w = 280, .box_w = 18, .box_h = 15, .ofs_x = 0, .ofs_y = -2},
    {.bitmap_index = 87172, .adv_w = 224, .box_w = 14, .box_h = 15, .ofs_x = 0, .ofs_y = -2},
    {.bitmap_index = 87277, .adv_w = 224, .box_w = 14, .box_h = 15, .ofs_x = 0, .ofs_y = -2},
    {.bitmap_index = 87382, .adv_w = 224, .box_w = 15, .box_h = 15, .ofs_x = -1, .ofs_y = -2},
    {.bitmap_index = 87495, .adv_w = 224, .box_w = 14, .box_h = 15, .ofs_x = 0, .ofs_y = -2},
    {.bitmap_index = 87600, .adv_w = 252, .box_w = 16, .box_h = 15, .ofs_x = 0, .ofs_y = -2},
    {.bitmap_index = 87720, .adv_w = 280, .box_w = 17, .box_h = 15, .ofs_x = 1, .ofs_y = -3},
    {.bitmap_index = 87848, .adv_w = 280, .box_w = 17, .box_h = 15, .ofs_x = 1, .ofs_y = -3},
    {.bitmap_index = 87976, .adv_w = 224, .box_w = 15, .box_h = 15, .ofs_x = -1, .ofs_y = -2},
    {.bitmap_index = 88089, .adv_w = 196, .box_w = 13, .box_h = 16, .ofs_x = 0, .ofs_y = -2},
    {.bitmap_index = 88193, .adv_w = 224, .box_w = 14, .box_h = 15, .ofs_x = 0, .ofs_y = -2},
    {.bitmap_index = 88298, .adv_w = 224, .box_w = 14, .box_h = 15, .ofs_x = 0, .ofs_y = -2},
    {.bitmap_index = 88403, .adv_w = 168, .box_w = 11, .box_h = 16, .ofs_x = 0, .ofs_y = -2},
    {.bitmap_index = 88491, .adv_w = 224, .box_w = 15, .box_h = 15, .ofs_x = 0, .ofs_y = -2},
    {.bitmap_index = 88604, .adv_w = 224, .box_w = 14, .box_h = 16, .ofs_x = 0, .ofs_y = -3},
    {.bitmap_index = 88716, .adv_w = 168, .box_w = 11, .box_h = 15, .ofs_x = 0, .ofs_y = -2},
    {.bitmap_index = 88799, .adv_w = 224, .box_w = 14, .box_h = 15, .ofs_x = 0, .ofs_y = -2},
    {.bitmap_index = 88904, .adv_w = 224, .box_w = 15, .box_h = 15, .ofs_x = 0, .ofs_y = -2},
    {.bitmap_index = 89017, .adv_w = 224, .box_w = 16, .box_h = 15, .ofs_x = -1, .ofs_y = -2},
    {.bitmap_index = 89137, .adv_w = 252, .box_w = 16, .box_h = 15, .ofs_x = 0, .ofs_y = -2},
    {.bitmap_index = 89257, .adv_w = 252, .box_w = 17, .box_h = 14, .ofs_x = -1, .ofs_y = -2},
    {.bitmap_index = 89376, .adv_w = 196, .box_w = 13, .box_h = 15, .ofs_x = 0, .ofs_y = -2},
    {.bitmap_index = 89474, .adv_w = 224, .box_w = 14, .box_h = 15, .ofs_x = 0, .ofs_y = -2},
    {.bitmap_index = 89579, .adv_w = 224, .box_w = 14, .box_h = 15, .ofs_x = 0, .ofs_y = -2},
    {.bitmap_index = 89684, .adv_w = 252, .box_w = 16, .box_h = 12, .ofs_x = 0, .ofs_y = -1},
    {.bitmap_index = 89780, .adv_w = 280, .box_w = 18, .box_h = 13, .ofs_x = 0, .ofs_y = -1},
    {.bitmap_index = 89897, .adv_w = 224, .box_w = 14, .box_h = 15, .ofs_x = 0, .ofs_y = -2},
    {.bitmap_index = 90002, .adv_w = 252, .box_w = 17, .box_h = 14, .ofs_x = -1, .ofs_y = -2},
    {.bitmap_index = 90121, .adv_w = 252, .box_w = 16, .box_h = 13, .ofs_x = 0, .ofs_y = -1},
    {.bitmap_index = 90225, .adv_w = 224, .box_w = 14, .box_h = 15, .ofs_x = 0, .ofs_y = -2},
    {.bitmap_index = 90330, .adv_w = 252, .box_w = 15, .box_h = 15, .ofs_x = 1, .ofs_y = -2},
    {.bitmap_index = 90443, .adv_w = 224, .box_w = 14, .box_h = 15, .ofs_x = 0, .ofs_y = -2},
    {.bitmap_index = 90548, .adv_w = 252, .box_w = 16, .box_h = 16, .ofs_x = 0, .ofs_y = -2},
    {.bitmap_index = 90676, .adv_w = 168, .box_w = 11, .box_h = 17, .ofs_x = 0, .ofs_y = -3},
    {.bitmap_index = 90770, .adv_w = 224, .box_w = 14, .box_h = 15, .ofs_x = 0, .ofs_y = -2},
    {.bitmap_index = 90875, .adv_w = 224, .box_w = 14, .box_h = 15, .ofs_x = 0, .ofs_y = -2},
    {.bitmap_index = 90980, .adv_w = 280, .box_w = 18, .box_h = 10, .ofs_x = 0, .ofs_y = 0},
    {.bitmap_index = 91070, .adv_w = 280, .box_w = 18, .box_h = 13, .ofs_x = 0, .ofs_y = -1},
    {.bitmap_index = 91187, .adv_w = 252, .box_w = 17, .box_h = 17, .ofs_x = -1, .ofs_y = -3},
    {.bitmap_index = 91332, .adv_w = 224, .box_w = 14, .box_h = 15, .ofs_x = 0, .ofs_y = -2},
    {.bitmap_index = 91437, .adv_w = 196, .box_w = 13, .box_h = 15, .ofs_x = 0, .ofs_y = -2},
    {.bitmap_index = 91535, .adv_w = 224, .box_w = 14, .box_h = 15, .ofs_x = 0, .ofs_y = -2},
    {.bitmap_index = 91640, .adv_w = 224, .box_w = 14, .box_h = 15, .ofs_x = 0, .ofs_y = -2},
    {.bitmap_index = 91745, .adv_w = 140, .box_w = 9, .box_h = 16, .ofs_x = 0, .ofs_y = -3},
    {.bitmap_index = 91817, .adv_w = 252, .box_w = 15, .box_h = 15, .ofs_x = 1, .ofs_y = -2},
    {.bitmap_index = 91930, .adv_w = 196, .box_w = 13, .box_h = 15, .ofs_x = 0, .ofs_y = -2},
    {.bitmap_index = 92028, .adv_w = 196, .box_w = 14, .box_h = 15, .ofs_x = -1, .ofs_y = -2},
    {.bitmap_index = 92133, .adv_w = 280, .box_w = 18, .box_h = 11, .ofs_x = 0, .ofs_y = 0},
    {.bitmap_index = 92232, .adv_w = 224, .box_w = 14, .box_h = 15, .ofs_x = 0, .ofs_y = -2},
    {.bitmap_index = 92337, .adv_w = 224, .box_w = 14, .box_h = 15, .ofs_x = 0, .ofs_y = -2},
    {.bitmap_index = 92442, .adv_w = 224, .box_w = 14, .box_h = 13, .ofs_x = 0, .ofs_y = -1},
    {.bitmap_index = 92533, .adv_w = 224, .box_w = 14, .box_h = 12, .ofs_x = 0, .ofs_y = 0},
    {.bitmap_index = 92617, .adv_w = 280, .box_w = 17, .box_h = 17, .ofs_x = 0, .ofs_y = -3},
    {.bitmap_index = 92762, .adv_w = 280, .box_w = 18, .box_h = 13, .ofs_x = 0, .ofs_y = -1},
    {.bitmap_index = 92879, .adv_w = 252, .box_w = 15, .box_h = 15, .ofs_x = 1, .ofs_y = -2},
    {.bitmap_index = 92992, .adv_w = 224, .box_w = 14, .box_h = 15, .ofs_x = 0, .ofs_y = -2},
    {.bitmap_index = 93097, .adv_w = 224, .box_w = 14, .box_h = 15, .ofs_x = 0, .ofs_y = -2},
    {.bitmap_index = 93202, .adv_w = 280, .box_w = 18, .box_h = 13, .ofs_x = 0, .ofs_y = -1},
    {.bitmap_index = 93319, .adv_w = 224, .box_w = 14, .box_h = 15, .ofs_x = 0, .ofs_y = -2},
    {.bitmap_index = 93424, .adv_w = 252, .box_w = 16, .box_h = 16, .ofs_x = 0, .ofs_y = -3},
    {.bitmap_index = 93552, .adv_w = 252, .box_w = 16, .box_h = 15, .ofs_x = 0, .ofs_y = -2},
    {.bitmap_index = 93672, .adv_w = 224, .box_w = 14, .box_h = 15, .ofs_x = 0, .ofs_y = -2},
    {.bitmap_index = 93777, .adv_w = 280, .box_w = 18, .box_h = 11, .ofs_x = 0, .ofs_y = 0},
    {.bitmap_index = 93876, .adv_w = 224, .box_w = 14, .box_h = 15, .ofs_x = 0, .ofs_y = -2},
    {.bitmap_index = 93981, .adv_w = 224, .box_w = 13, .box_h = 15, .ofs_x = 0, .ofs_y = -2},
    {.bitmap_index = 94079, .adv_w = 224, .box_w = 14, .box_h = 15, .ofs_x = 0, .ofs_y = -2},
    {.bitmap_index = 94184, .adv_w = 224, .box_w = 14, .box_h = 15, .ofs_x = 0, .ofs_y = -2},
    {.bitmap_index = 94289, .adv_w = 224, .box_w = 14, .box_h = 15, .ofs_x = 0, .ofs_y = -2},
    {.bitmap_index = 94394, .adv_w = 224, .box_w = 14, .box_h = 15, .ofs_x = 0, .ofs_y = -2},
    {.bitmap_index = 94499, .adv_w = 224, .box_w = 14, .box_h = 15, .ofs_x = 0, .ofs_y = -2},
    {.bitmap_index = 94604, .adv_w = 224, .box_w = 14, .box_h = 13, .ofs_x = 0, .ofs_y = -1},
    {.bitmap_index = 94695, .adv_w = 224, .box_w = 14, .box_h = 13, .ofs_x = 0, .ofs_y = -1},
    {.bitmap_index = 94786, .adv_w = 252, .box_w = 16, .box_h = 15, .ofs_x = 0, .ofs_y = -2},
    {.bitmap_index = 94906, .adv_w = 140, .box_w = 9, .box_h = 17, .ofs_x = 0, .ofs_y = -3},
    {.bitmap_index = 94983, .adv_w = 252, .box_w = 16, .box_h = 14, .ofs_x = 0, .ofs_y = -2},
    {.bitmap_index = 95095, .adv_w = 280, .box_w = 18, .box_h = 13, .ofs_x = 0, .ofs_y = -1},
    {.bitmap_index = 95212, .adv_w = 224, .box_w = 14, .box_h = 11, .ofs_x = 0, .ofs_y = 0},
    {.bitmap_index = 95289, .adv_w = 140, .box_w = 9, .box_h = 15, .ofs_x = 0, .ofs_y = -2},
    {.bitmap_index = 95357, .adv_w = 196, .box_w = 13, .box_h = 15, .ofs_x = 0, .ofs_y = -2},
    {.bitmap_index = 95455, .adv_w = 280, .box_w = 17, .box_h = 16, .ofs_x = 1, .ofs_y = -3},
    {.bitmap_index = 95591, .adv_w = 252, .box_w = 16, .box_h = 15, .ofs_x = 0, .ofs_y = -2},
    {.bitmap_index = 95711, .adv_w = 224, .box_w = 15, .box_h = 15, .ofs_x = -1, .ofs_y = -2},
    {.bitmap_index = 95824, .adv_w = 252, .box_w = 17, .box_h = 17, .ofs_x = -1, .ofs_y = -3},
    {.bitmap_index = 95969, .adv_w = 168, .box_w = 11, .box_h = 15, .ofs_x = 0, .ofs_y = -2},
    {.bitmap_index = 96052, .adv_w = 224, .box_w = 14, .box_h = 15, .ofs_x = 0, .ofs_y = -2},
    {.bitmap_index = 96157, .adv_w = 252, .box_w = 16, .box_h = 16, .ofs_x = 0, .ofs_y = -2},
    {.bitmap_index = 96285, .adv_w = 224, .box_w = 14, .box_h = 12, .ofs_x = 0, .ofs_y = 0},
    {.bitmap_index = 96369, .adv_w = 224, .box_w = 14, .box_h = 12, .ofs_x = 0, .ofs_y = 0},
    {.bitmap_index = 96453, .adv_w = 252, .box_w = 17, .box_h = 14, .ofs_x = -1, .ofs_y = -3},
    {.bitmap_index = 96572, .adv_w = 224, .box_w = 14, .box_h = 15, .ofs_x = 0, .ofs_y = -2},
    {.bitmap_index = 96677, .adv_w = 224, .box_w = 14, .box_h = 15, .ofs_x = 0, .ofs_y = -2},
    {.bitmap_index = 96782, .adv_w = 252, .box_w = 16, .box_h = 16, .ofs_x = 0, .ofs_y = -3},
    {.bitmap_index = 96910, .adv_w = 252, .box_w = 16, .box_h = 15, .ofs_x = 0, .ofs_y = -2},
    {.bitmap_index = 97030, .adv_w = 196, .box_w = 13, .box_h = 15, .ofs_x = 0, .ofs_y = -2},
    {.bitmap_index = 97128, .adv_w = 224, .box_w = 14, .box_h = 15, .ofs_x = 0, .ofs_y = -2},
    {.bitmap_index = 97233, .adv_w = 224, .box_w = 15, .box_h = 15, .ofs_x = 0, .ofs_y = -2},
    {.bitmap_index = 97346, .adv_w = 224, .box_w = 16, .box_h = 15, .ofs_x = -1, .ofs_y = -2},
    {.bitmap_index = 97466, .adv_w = 252, .box_w = 16, .box_h = 15, .ofs_x = 0, .ofs_y = -2},
    {.bitmap_index = 97586, .adv_w = 280, .box_w = 18, .box_h = 15, .ofs_x = 0, .ofs_y = -2},
    {.bitmap_index = 97721, .adv_w = 252, .box_w = 16, .box_h = 16, .ofs_x = 0, .ofs_y = -2},
    {.bitmap_index = 97849, .adv_w = 252, .box_w = 15, .box_h = 15, .ofs_x = 1, .ofs_y = -2},
    {.bitmap_index = 97962, .adv_w = 280, .box_w = 18, .box_h = 15, .ofs_x = 0, .ofs_y = -2},
    {.bitmap_index = 98097, .adv_w = 224, .box_w = 14, .box_h = 15, .ofs_x = 0, .ofs_y = -2},
    {.bitmap_index = 98202, .adv_w = 224, .box_w = 14, .box_h = 15, .ofs_x = 0, .ofs_y = -2},
    {.bitmap_index = 98307, .adv_w = 196, .box_w = 13, .box_h = 13, .ofs_x = 0, .ofs_y = -1},
    {.bitmap_index = 98392, .adv_w = 196, .box_w = 13, .box_h = 13, .ofs_x = 0, .ofs_y = -1},
    {.bitmap_index = 98477, .adv_w = 168, .box_w = 12, .box_h = 15, .ofs_x = -1, .ofs_y = -2},
    {.bitmap_index = 98567, .adv_w = 280, .box_w = 19, .box_h = 15, .ofs_x = -1, .ofs_y = -2},
    {.bitmap_index = 98710, .adv_w = 196, .box_w = 13, .box_h = 15, .ofs_x = 0, .ofs_y = -2},
    {.bitmap_index = 98808, .adv_w = 224, .box_w = 14, .box_h = 15, .ofs_x = 0, .ofs_y = -2},
    {.bitmap_index = 98913, .adv_w = 224, .box_w = 15, .box_h = 15, .ofs_x = 0, .ofs_y = -2},
    {.bitmap_index = 99026, .adv_w = 224, .box_w = 14, .box_h = 15, .ofs_x = 0, .ofs_y = -2},
    {.bitmap_index = 99131, .adv_w = 252, .box_w = 16, .box_h = 13, .ofs_x = 0, .ofs_y = -1},
    {.bitmap_index = 99235, .adv_w = 224, .box_w = 15, .box_h = 15, .ofs_x = 0, .ofs_y = -2},
    {.bitmap_index = 99348, .adv_w = 224, .box_w = 14, .box_h = 17, .ofs_x = 0, .ofs_y = -3},
    {.bitmap_index = 99467, .adv_w = 252, .box_w = 16, .box_h = 14, .ofs_x = 0, .ofs_y = -2},
    {.bitmap_index = 99579, .adv_w = 252, .box_w = 16, .box_h = 15, .ofs_x = 0, .ofs_y = -2},
    {.bitmap_index = 99699, .adv_w = 196, .box_w = 13, .box_h = 14, .ofs_x = 0, .ofs_y = -2},
    {.bitmap_index = 99790, .adv_w = 252, .box_w = 16, .box_h = 15, .ofs_x = 0, .ofs_y = -2},
    {.bitmap_index = 99910, .adv_w = 224, .box_w = 14, .box_h = 13, .ofs_x = 0, .ofs_y = -1},
    {.bitmap_index = 100001, .adv_w = 252, .box_w = 15, .box_h = 13, .ofs_x = 0, .ofs_y = -1},
    {.bitmap_index = 100099, .adv_w = 224, .box_w = 14, .box_h = 15, .ofs_x = 0, .ofs_y = -2},
    {.bitmap_index = 100204, .adv_w = 252, .box_w = 17, .box_h = 15, .ofs_x = -1, .ofs_y = -2},
    {.bitmap_index = 100332, .adv_w = 196, .box_w = 13, .box_h = 15, .ofs_x = 0, .ofs_y = -2},
    {.bitmap_index = 100430, .adv_w = 224, .box_w = 14, .box_h = 14, .ofs_x = 0, .ofs_y = -1},
    {.bitmap_index = 100528, .adv_w = 252, .box_w = 15, .box_h = 15, .ofs_x = 1, .ofs_y = -2},
    {.bitmap_index = 100641, .adv_w = 196, .box_w = 13, .box_h = 15, .ofs_x = 0, .ofs_y = -2},
    {.bitmap_index = 100739, .adv_w = 280, .box_w = 17, .box_h = 15, .ofs_x = 0, .ofs_y = -2},
    {.bitmap_index = 100867, .adv_w = 280, .box_w = 18, .box_h = 16, .ofs_x = 0, .ofs_y = -2},
    {.bitmap_index = 101011, .adv_w = 280, .box_w = 18, .box_h = 11, .ofs_x = 0, .ofs_y = 0},
    {.bitmap_index = 101110, .adv_w = 224, .box_w = 14, .box_h = 16, .ofs_x = 0, .ofs_y = -3},
    {.bitmap_index = 101222, .adv_w = 224, .box_w = 14, .box_h = 16, .ofs_x = 0, .ofs_y = -3},
    {.bitmap_index = 101334, .adv_w = 252, .box_w = 16, .box_h = 16, .ofs_x = 0, .ofs_y = -2},
    {.bitmap_index = 101462, .adv_w = 280, .box_w = 19, .box_h = 15, .ofs_x = -1, .ofs_y = -2},
    {.bitmap_index = 101605, .adv_w = 224, .box_w = 14, .box_h = 15, .ofs_x = 0, .ofs_y = -2},
    {.bitmap_index = 101710, .adv_w = 224, .box_w = 14, .box_h = 15, .ofs_x = 0, .ofs_y = -2},
    {.bitmap_index = 101815, .adv_w = 252, .box_w = 16, .box_h = 16, .ofs_x = 0, .ofs_y = -3},
    {.bitmap_index = 101943, .adv_w = 168, .box_w = 11, .box_h = 15, .ofs_x = 0, .ofs_y = -2},
    {.bitmap_index = 102026, .adv_w = 168, .box_w = 11, .box_h = 15, .ofs_x = 0, .ofs_y = -2},
    {.bitmap_index = 102109, .adv_w = 280, .box_w = 17, .box_h = 15, .ofs_x = 0, .ofs_y = -2},
    {.bitmap_index = 102237, .adv_w = 280, .box_w = 18, .box_h = 15, .ofs_x = 0, .ofs_y = -2},
    {.bitmap_index = 102372, .adv_w = 224, .box_w = 14, .box_h = 14, .ofs_x = 0, .ofs_y = -2},
    {.bitmap_index = 102470, .adv_w = 196, .box_w = 12, .box_h = 16, .ofs_x = 0, .ofs_y = -3},
    {.bitmap_index = 102566, .adv_w = 280, .box_w = 19, .box_h = 13, .ofs_x = -1, .ofs_y = -1},
    {.bitmap_index = 102690, .adv_w = 252, .box_w = 16, .box_h = 15, .ofs_x = 0, .ofs_y = -2},
    {.bitmap_index = 102810, .adv_w = 224, .box_w = 15, .box_h = 15, .ofs_x = -1, .ofs_y = -2},
    {.bitmap_index = 102923, .adv_w = 168, .box_w = 11, .box_h = 13, .ofs_x = 0, .ofs_y = -1},
    {.bitmap_index = 102995, .adv_w = 252, .box_w = 16, .box_h = 11, .ofs_x = 0, .ofs_y = 0},
    {.bitmap_index = 103083, .adv_w = 224, .box_w = 16, .box_h = 14, .ofs_x = -1, .ofs_y = -1},
    {.bitmap_index = 103195, .adv_w = 252, .box_w = 16, .box_h = 13, .ofs_x = 0, .ofs_y = -1},
    {.bitmap_index = 103299, .adv_w = 280, .box_w = 18, .box_h = 13, .ofs_x = 0, .ofs_y = -1},
    {.bitmap_index = 103416, .adv_w = 224, .box_w = 14, .box_h = 11, .ofs_x = 0, .ofs_y = 0},
    {.bitmap_index = 103493, .adv_w = 196, .box_w = 12, .box_h = 17, .ofs_x = 0, .ofs_y = -3},
    {.bitmap_index = 103595, .adv_w = 252, .box_w = 15, .box_h = 13, .ofs_x = 0, .ofs_y = -1},
    {.bitmap_index = 103693, .adv_w = 196, .box_w = 14, .box_h = 16, .ofs_x = -1, .ofs_y = -3},
    {.bitmap_index = 103805, .adv_w = 252, .box_w = 17, .box_h = 17, .ofs_x = -1, .ofs_y = -3},
    {.bitmap_index = 103950, .adv_w = 224, .box_w = 15, .box_h = 17, .ofs_x = -1, .ofs_y = -3},
    {.bitmap_index = 104078, .adv_w = 224, .box_w = 14, .box_h = 15, .ofs_x = 0, .ofs_y = -3},
    {.bitmap_index = 104183, .adv_w = 224, .box_w = 14, .box_h = 15, .ofs_x = 0, .ofs_y = -3},
    {.bitmap_index = 104288, .adv_w = 252, .box_w = 16, .box_h = 14, .ofs_x = 0, .ofs_y = -2},
    {.bitmap_index = 104400, .adv_w = 196, .box_w = 12, .box_h = 15, .ofs_x = 0, .ofs_y = -2},
    {.bitmap_index = 104490, .adv_w = 252, .box_w = 16, .box_h = 10, .ofs_x = 0, .ofs_y = 0},
    {.bitmap_index = 104570, .adv_w = 224, .box_w = 15, .box_h = 15, .ofs_x = 0, .ofs_y = -2},
    {.bitmap_index = 104683, .adv_w = 224, .box_w = 14, .box_h = 15, .ofs_x = 0, .ofs_y = -2},
    {.bitmap_index = 104788, .adv_w = 140, .box_w = 9, .box_h = 18, .ofs_x = 0, .ofs_y = -4},
    {.bitmap_index = 104869, .adv_w = 224, .box_w = 14, .box_h = 15, .ofs_x = 0, .ofs_y = -2},
    {.bitmap_index = 104974, .adv_w = 252, .box_w = 16, .box_h = 15, .ofs_x = 0, .ofs_y = -2},
    {.bitmap_index = 105094, .adv_w = 224, .box_w = 14, .box_h = 15, .ofs_x = 0, .ofs_y = -2},
    {.bitmap_index = 105199, .adv_w = 224, .box_w = 14, .box_h = 15, .ofs_x = 0, .ofs_y = -2},
    {.bitmap_index = 105304, .adv_w = 280, .box_w = 16, .box_h = 17, .ofs_x = 0, .ofs_y = -3},
    {.bitmap_index = 105440, .adv_w = 280, .box_w = 18, .box_h = 15, .ofs_x = 0, .ofs_y = -2},
    {.bitmap_index = 105575, .adv_w = 196, .box_w = 13, .box_h = 15, .ofs_x = 0, .ofs_y = -2},
    {.bitmap_index = 105673, .adv_w = 168, .box_w = 11, .box_h = 15, .ofs_x = 0, .ofs_y = -2},
    {.bitmap_index = 105756, .adv_w = 224, .box_w = 14, .box_h = 15, .ofs_x = 0, .ofs_y = -2},
    {.bitmap_index = 105861, .adv_w = 224, .box_w = 14, .box_h = 15, .ofs_x = 0, .ofs_y = -2},
    {.bitmap_index = 105966, .adv_w = 252, .box_w = 16, .box_h = 17, .ofs_x = 0, .ofs_y = -3},
    {.bitmap_index = 106102, .adv_w = 224, .box_w = 14, .box_h = 17, .ofs_x = 0, .ofs_y = -3},
    {.bitmap_index = 106221, .adv_w = 280, .box_w = 18, .box_h = 13, .ofs_x = 0, .ofs_y = -1},
    {.bitmap_index = 106338, .adv_w = 280, .box_w = 18, .box_h = 13, .ofs_x = 0, .ofs_y = -1},
    {.bitmap_index = 106455, .adv_w = 252, .box_w = 16, .box_h = 15, .ofs_x = 0, .ofs_y = -2},
    {.bitmap_index = 106575, .adv_w = 224, .box_w = 13, .box_h = 15, .ofs_x = 1, .ofs_y = -2},
    {.bitmap_index = 106673, .adv_w = 224, .box_w = 13, .box_h = 15, .ofs_x = 1, .ofs_y = -2},
    {.bitmap_index = 106771, .adv_w = 224, .box_w = 14, .box_h = 16, .ofs_x = 0, .ofs_y = -3},
    {.bitmap_index = 106883, .adv_w = 196, .box_w = 13, .box_h = 15, .ofs_x = 0, .ofs_y = -2},
    {.bitmap_index = 106981, .adv_w = 224, .box_w = 14, .box_h = 15, .ofs_x = 0, .ofs_y = -2},
    {.bitmap_index = 107086, .adv_w = 252, .box_w = 16, .box_h = 13, .ofs_x = 0, .ofs_y = -1},
    {.bitmap_index = 107190, .adv_w = 224, .box_w = 16, .box_h = 11, .ofs_x = -1, .ofs_y = 0},
    {.bitmap_index = 107278, .adv_w = 168, .box_w = 12, .box_h = 14, .ofs_x = -1, .ofs_y = -2},
    {.bitmap_index = 107362, .adv_w = 224, .box_w = 13, .box_h = 15, .ofs_x = 1, .ofs_y = -2},
    {.bitmap_index = 107460, .adv_w = 252, .box_w = 16, .box_h = 15, .ofs_x = 0, .ofs_y = -2},
    {.bitmap_index = 107580, .adv_w = 224, .box_w = 15, .box_h = 15, .ofs_x = 0, .ofs_y = -2},
    {.bitmap_index = 107693, .adv_w = 196, .box_w = 13, .box_h = 14, .ofs_x = 0, .ofs_y = -1},
    {.bitmap_index = 107784, .adv_w = 196, .box_w = 13, .box_h = 14, .ofs_x = 0, .ofs_y = -1},
    {.bitmap_index = 107875, .adv_w = 196, .box_w = 13, .box_h = 17, .ofs_x = 0, .ofs_y = -3},
    {.bitmap_index = 107986, .adv_w = 280, .box_w = 16, .box_h = 16, .ofs_x = 1, .ofs_y = -2},
    {.bitmap_index = 108114, .adv_w = 224, .box_w = 14, .box_h = 15, .ofs_x = 0, .ofs_y = -2},
    {.bitmap_index = 108219, .adv_w = 224, .box_w = 14, .box_h = 15, .ofs_x = 0, .ofs_y = -2},
    {.bitmap_index = 108324, .adv_w = 252, .box_w = 16, .box_h = 12, .ofs_x = 0, .ofs_y = -1},
    {.bitmap_index = 108420, .adv_w = 280, .box_w = 18, .box_h = 14, .ofs_x = 0, .ofs_y = -3},
    {.bitmap_index = 108546, .adv_w = 224, .box_w = 14, .box_h = 11, .ofs_x = 0, .ofs_y = 0},
    {.bitmap_index = 108623, .adv_w = 252, .box_w = 16, .box_h = 15, .ofs_x = 0, .ofs_y = -2},
    {.bitmap_index = 108743, .adv_w = 280, .box_w = 19, .box_h = 15, .ofs_x = -1, .ofs_y = -2},
    {.bitmap_index = 108886, .adv_w = 196, .box_w = 13, .box_h = 13, .ofs_x = 0, .ofs_y = -1},
    {.bitmap_index = 108971, .adv_w = 224, .box_w = 14, .box_h = 15, .ofs_x = 0, .ofs_y = -2},
    {.bitmap_index = 109076, .adv_w = 196, .box_w = 13, .box_h = 6, .ofs_x = 0, .ofs_y = 2},
    {.bitmap_index = 109115, .adv_w = 84, .box_w = 6, .box_h = 13, .ofs_x = 0, .ofs_y = -1},
    {.bitmap_index = 109154, .adv_w = 224, .box_w = 16, .box_h = 16, .ofs_x = -1, .ofs_y = -3},
    {.bitmap_index = 109282, .adv_w = 224, .box_w = 14, .box_h = 13, .ofs_x = 0, .ofs_y = -1},
    {.bitmap_index = 109373, .adv_w = 224, .box_w = 14, .box_h = 15, .ofs_x = 0, .ofs_y = -2},
    {.bitmap_index = 109478, .adv_w = 224, .box_w = 14, .box_h = 15, .ofs_x = 0, .ofs_y = -2},
    {.bitmap_index = 109583, .adv_w = 224, .box_w = 14, .box_h = 15, .ofs_x = 0, .ofs_y = -2},
    {.bitmap_index = 109688, .adv_w = 252, .box_w = 16, .box_h = 13, .ofs_x = 0, .ofs_y = -1},
    {.bitmap_index = 109792, .adv_w = 196, .box_w = 13, .box_h = 15, .ofs_x = 0, .ofs_y = -2},
    {.bitmap_index = 109890, .adv_w = 252, .box_w = 15, .box_h = 15, .ofs_x = 1, .ofs_y = -2},
    {.bitmap_index = 110003, .adv_w = 252, .box_w = 16, .box_h = 15, .ofs_x = 0, .ofs_y = -3},
    {.bitmap_index = 110123, .adv_w = 224, .box_w = 14, .box_h = 15, .ofs_x = 0, .ofs_y = -2},
    {.bitmap_index = 110228, .adv_w = 280, .box_w = 19, .box_h = 15, .ofs_x = -1, .ofs_y = -2},
    {.bitmap_index = 110371, .adv_w = 224, .box_w = 16, .box_h = 15, .ofs_x = -1, .ofs_y = -2},
    {.bitmap_index = 110491, .adv_w = 224, .box_w = 14, .box_h = 15, .ofs_x = 0, .ofs_y = -2},
    {.bitmap_index = 110596, .adv_w = 168, .box_w = 11, .box_h = 15, .ofs_x = 0, .ofs_y = -2},
    {.bitmap_index = 110679, .adv_w = 168, .box_w = 11, .box_h = 15, .ofs_x = 0, .ofs_y = -2},
    {.bitmap_index = 110762, .adv_w = 224, .box_w = 14, .box_h = 15, .ofs_x = 0, .ofs_y = -2},
    {.bitmap_index = 110867, .adv_w = 252, .box_w = 16, .box_h = 16, .ofs_x = -1, .ofs_y = -3},
    {.bitmap_index = 110995, .adv_w = 252, .box_w = 16, .box_h = 14, .ofs_x = 0, .ofs_y = -2},
    {.bitmap_index = 111107, .adv_w = 280, .box_w = 18, .box_h = 13, .ofs_x = 0, .ofs_y = -1},
    {.bitmap_index = 111224, .adv_w = 224, .box_w = 15, .box_h = 15, .ofs_x = -1, .ofs_y = -2},
    {.bitmap_index = 111337, .adv_w = 252, .box_w = 15, .box_h = 14, .ofs_x = 0, .ofs_y = -2},
    {.bitmap_index = 111442, .adv_w = 280, .box_w = 18, .box_h = 17, .ofs_x = 0, .ofs_y = -3},
    {.bitmap_index = 111595, .adv_w = 280, .box_w = 18, .box_h = 15, .ofs_x = 0, .ofs_y = -2},
    {.bitmap_index = 111730, .adv_w = 168, .box_w = 11, .box_h = 13, .ofs_x = 0, .ofs_y = -1},
    {.bitmap_index = 111802, .adv_w = 196, .box_w = 13, .box_h = 15, .ofs_x = 0, .ofs_y = -2},
    {.bitmap_index = 111900, .adv_w = 252, .box_w = 16, .box_h = 16, .ofs_x = 0, .ofs_y = -3},
    {.bitmap_index = 112028, .adv_w = 224, .box_w = 14, .box_h = 16, .ofs_x = 0, .ofs_y = -2},
    {.bitmap_index = 112140, .adv_w = 168, .box_w = 11, .box_h = 15, .ofs_x = 0, .ofs_y = -2},
    {.bitmap_index = 112223, .adv_w = 252, .box_w = 16, .box_h = 17, .ofs_x = 0, .ofs_y = -3},
    {.bitmap_index = 112359, .adv_w = 196, .box_w = 13, .box_h = 15, .ofs_x = 0, .ofs_y = -2},
    {.bitmap_index = 112457, .adv_w = 224, .box_w = 14, .box_h = 14, .ofs_x = 0, .ofs_y = -1},
    {.bitmap_index = 112555, .adv_w = 224, .box_w = 14, .box_h = 13, .ofs_x = 0, .ofs_y = -1},
    {.bitmap_index = 112646, .adv_w = 224, .box_w = 15, .box_h = 15, .ofs_x = -1, .ofs_y = -2},
    {.bitmap_index = 112759, .adv_w = 168, .box_w = 11, .box_h = 15, .ofs_x = 0, .ofs_y = -2},
    {.bitmap_index = 112842, .adv_w = 224, .box_w = 15, .box_h = 15, .ofs_x = -1, .ofs_y = -2},
    {.bitmap_index = 112955, .adv_w = 224, .box_w = 16, .box_h = 15, .ofs_x = -1, .ofs_y = -2},
    {.bitmap_index = 113075, .adv_w = 224, .box_w = 14, .box_h = 15, .ofs_x = 0, .ofs_y = -2},
    {.bitmap_index = 113180, .adv_w = 168, .box_w = 11, .box_h = 14, .ofs_x = 0, .ofs_y = -2},
    {.bitmap_index = 113257, .adv_w = 252, .box_w = 16, .box_h = 15, .ofs_x = 0, .ofs_y = -2},
    {.bitmap_index = 113377, .adv_w = 224, .box_w = 14, .box_h = 13, .ofs_x = 0, .ofs_y = -1},
    {.bitmap_index = 113468, .adv_w = 196, .box_w = 12, .box_h = 15, .ofs_x = 0, .ofs_y = -2},
    {.bitmap_index = 113558, .adv_w = 252, .box_w = 16, .box_h = 13, .ofs_x = 0, .ofs_y = -1},
    {.bitmap_index = 113662, .adv_w = 224, .box_w = 16, .box_h = 15, .ofs_x = -1, .ofs_y = -2},
    {.bitmap_index = 113782, .adv_w = 224, .box_w = 16, .box_h = 15, .ofs_x = -1, .ofs_y = -2},
    {.bitmap_index = 113902, .adv_w = 224, .box_w = 16, .box_h = 15, .ofs_x = -1, .ofs_y = -2},
    {.bitmap_index = 114022, .adv_w = 280, .box_w = 17, .box_h = 16, .ofs_x = 1, .ofs_y = -3},
    {.bitmap_index = 114158, .adv_w = 224, .box_w = 14, .box_h = 15, .ofs_x = 0, .ofs_y = -2},
    {.bitmap_index = 114263, .adv_w = 168, .box_w = 11, .box_h = 16, .ofs_x = 0, .ofs_y = -3},
    {.bitmap_index = 114351, .adv_w = 280, .box_w = 18, .box_h = 13, .ofs_x = 0, .ofs_y = -1},
    {.bitmap_index = 114468, .adv_w = 224, .box_w = 14, .box_h = 11, .ofs_x = 0, .ofs_y = 0},
    {.bitmap_index = 114545, .adv_w = 252, .box_w = 16, .box_h = 13, .ofs_x = 0, .ofs_y = -1},
    {.bitmap_index = 114649, .adv_w = 224, .box_w = 15, .box_h = 15, .ofs_x = 0, .ofs_y = -2},
    {.bitmap_index = 114762, .adv_w = 224, .box_w = 14, .box_h = 15, .ofs_x = 0, .ofs_y = -2},
    {.bitmap_index = 114867, .adv_w = 196, .box_w = 13, .box_h = 15, .ofs_x = 0, .ofs_y = -2},
    {.bitmap_index = 114965, .adv_w = 196, .box_w = 13, .box_h = 13, .ofs_x = 0, .ofs_y = -1},
    {.bitmap_index = 115050, .adv_w = 196, .box_w = 13, .box_h = 15, .ofs_x = 0, .ofs_y = -2},
    {.bitmap_index = 115148, .adv_w = 196, .box_w = 13, .box_h = 15, .ofs_x = 0, .ofs_y = -2},
    {.bitmap_index = 115246, .adv_w = 196, .box_w = 12, .box_h = 16, .ofs_x = 0, .ofs_y = -2},
    {.bitmap_index = 115342, .adv_w = 224, .box_w = 15, .box_h = 11, .ofs_x = 0, .ofs_y = 0},
    {.bitmap_index = 115425, .adv_w = 252, .box_w = 16, .box_h = 15, .ofs_x = 0, .ofs_y = -2},
    {.bitmap_index = 115545, .adv_w = 196, .box_w = 13, .box_h = 13, .ofs_x = 0, .ofs_y = -1},
    {.bitmap_index = 115630, .adv_w = 196, .box_w = 13, .box_h = 13, .ofs_x = 0, .ofs_y = -1},
    {.bitmap_index = 115715, .adv_w = 196, .box_w = 13, .box_h = 13, .ofs_x = 0, .ofs_y = -1},
    {.bitmap_index = 115800, .adv_w = 252, .box_w = 17, .box_h = 16, .ofs_x = -1, .ofs_y = -3},
    {.bitmap_index = 115936, .adv_w = 224, .box_w = 14, .box_h = 15, .ofs_x = 0, .ofs_y = -2},
    {.bitmap_index = 116041, .adv_w = 224, .box_w = 15, .box_h = 15, .ofs_x = 0, .ofs_y = -2},
    {.bitmap_index = 116154, .adv_w = 224, .box_w = 16, .box_h = 16, .ofs_x = -1, .ofs_y = -3},
    {.bitmap_index = 116282, .adv_w = 196, .box_w = 13, .box_h = 13, .ofs_x = 0, .ofs_y = -1},
    {.bitmap_index = 116367, .adv_w = 280, .box_w = 18, .box_h = 14, .ofs_x = 0, .ofs_y = -1},
    {.bitmap_index = 116493, .adv_w = 252, .box_w = 16, .box_h = 17, .ofs_x = 0, .ofs_y = -3},
    {.bitmap_index = 116629, .adv_w = 224, .box_w = 14, .box_h = 14, .ofs_x = 0, .ofs_y = -2},
    {.bitmap_index = 116727, .adv_w = 224, .box_w = 14, .box_h = 14, .ofs_x = 0, .ofs_y = -2},
    {.bitmap_index = 116825, .adv_w = 252, .box_w = 16, .box_h = 13, .ofs_x = 0, .ofs_y = -1},
    {.bitmap_index = 116929, .adv_w = 252, .box_w = 16, .box_h = 13, .ofs_x = 0, .ofs_y = -1},
    {.bitmap_index = 117033, .adv_w = 224, .box_w = 14, .box_h = 13, .ofs_x = 0, .ofs_y = -1},
    {.bitmap_index = 117124, .adv_w = 224, .box_w = 14, .box_h = 13, .ofs_x = 0, .ofs_y = -1},
    {.bitmap_index = 117215, .adv_w = 252, .box_w = 16, .box_h = 14, .ofs_x = 0, .ofs_y = -2},
    {.bitmap_index = 117327, .adv_w = 280, .box_w = 18, .box_h = 9, .ofs_x = 0, .ofs_y = 1},
    {.bitmap_index = 117408, .adv_w = 280, .box_w = 18, .box_h = 12, .ofs_x = 0, .ofs_y = 0},
    {.bitmap_index = 117516, .adv_w = 280, .box_w = 18, .box_h = 12, .ofs_x = 0, .ofs_y = 0},
    {.bitmap_index = 117624, .adv_w = 168, .box_w = 11, .box_h = 15, .ofs_x = 0, .ofs_y = -2},
    {.bitmap_index = 117707, .adv_w = 224, .box_w = 15, .box_h = 15, .ofs_x = 0, .ofs_y = -1},
    {.bitmap_index = 117820, .adv_w = 224, .box_w = 14, .box_h = 15, .ofs_x = 0, .ofs_y = -2},
    {.bitmap_index = 117925, .adv_w = 252, .box_w = 16, .box_h = 14, .ofs_x = 0, .ofs_y = -2},
    {.bitmap_index = 118037, .adv_w = 168, .box_w = 11, .box_h = 15, .ofs_x = 0, .ofs_y = -2},
    {.bitmap_index = 118120, .adv_w = 280, .box_w = 18, .box_h = 14, .ofs_x = 0, .ofs_y = -2}
};

/*---------------------
 *  CHARACTER MAPPING
 *--------------------*/

static const uint16_t unicode_list_3[] = {
    0x0, 0x1, 0x2, 0x3, 0x14, 0x15, 0x3d, 0x3e,
    0x3f, 0x40, 0x56, 0x57, 0x75, 0x76, 0x77, 0x78
};

static const uint8_t glyph_id_ofs_list_10[] = {
    0, 1, 2, 3, 4, 5, 6, 7,
    8, 9, 10, 11, 12, 13, 14, 0,
    15, 0, 0, 16, 17, 18, 19, 20,
    21, 22, 23, 24, 0, 25, 26, 0,
    27, 28, 0, 29, 30, 31, 32, 33,
    34, 0, 0, 0, 35, 36, 37, 0,
    38, 39, 40, 41, 42, 43, 44, 45,
    46, 47, 48, 49, 50, 51, 52, 0,
    53, 54, 55, 0, 0, 0, 0, 0,
    0, 0, 0, 0, 0, 0, 0, 0,
    56, 57, 58, 59, 60, 61, 62, 63,
    64, 65, 66, 67, 68, 69, 70, 0,
    71, 72, 0, 0, 0, 0, 73, 74,
    75, 76, 77, 78, 79, 80, 81, 0,
    82, 0, 83, 84, 85, 86, 87, 88,
    89, 90, 91, 92, 93, 94, 95, 0,
    96, 97, 98, 99, 100, 101, 102, 103,
    104, 105, 106, 107, 108, 109, 110, 0,
    111, 112, 113, 114, 115, 116, 117, 118,
    119, 120, 121, 122, 123, 124, 125, 0,
    126, 127, 128, 0, 129, 130, 0, 0,
    131, 132, 133, 134, 135, 136, 137, 0,
    138, 139, 140, 141, 142, 143, 144, 145,
    146, 147, 148, 149, 150, 151, 152, 0,
    153, 154, 155, 156, 157, 158, 0, 159,
    160, 161, 162, 0, 0, 163, 164, 0,
    165, 166, 167, 168, 169, 170, 171, 172,
    173, 174, 175, 176, 177, 178, 179, 0,
    180, 181, 182, 183, 184, 185, 186, 187,
    188, 189, 0, 190, 191, 192, 193, 0,
    194, 195, 196, 197, 198, 199
};

static const uint8_t glyph_id_ofs_list_11[] = {
    0, 1, 2, 3, 0, 0, 0, 0,
    0, 0, 0, 0, 0, 4, 5, 0,
    6, 7, 8, 9, 0, 0, 0, 0,
    0, 10, 0, 11, 12, 13, 14, 0,
    15, 16, 17, 0, 18, 0, 0, 19,
    20, 0, 0, 0, 0, 0, 0, 0,
    0, 0, 0, 0, 0, 0, 21, 22,
    23, 24, 0, 25, 26, 27, 28, 0,
    0, 0, 0, 29, 30, 31, 32, 0,
    0, 0, 0, 33, 34, 35, 36, 37,
    38, 39, 40, 41, 42, 0, 0, 0,
    43, 44, 0, 0, 0, 0, 0, 0,
    0, 0, 0, 45, 46, 47, 48, 49,
    50, 51, 0, 52, 53, 54, 55, 56,
    57, 58, 0, 0, 0, 59, 60, 61,
    0, 0, 0, 0, 0, 0, 0, 0,
    0, 62, 63, 64, 65, 66, 67, 68,
    69, 70, 0, 71, 72, 0, 0, 73,
    74, 75, 76, 0, 0, 77, 78, 0,
    0, 0, 0, 0, 0, 0, 0, 0,
    0, 0, 79, 80, 81, 82, 83, 84,
    85, 86, 0, 0, 87, 88, 89, 90,
    91, 92, 93, 94, 95, 96, 97, 98,
    99, 0, 0, 0, 0, 0, 100, 101,
    102, 103, 0, 104, 105, 0, 0, 0,
    0, 0, 0, 106, 107, 108, 109, 110,
    111, 112, 113, 114, 115, 116, 0, 0,
    117, 118, 0, 119, 120, 121, 122, 123,
    124, 125, 126, 127, 128, 129, 130, 131,
    132
};

static const uint16_t unicode_list_12[] = {
    0x0, 0x5, 0x6, 0x7, 0x8, 0x9, 0xa, 0xb,
    0xc, 0xd, 0xe, 0xf, 0x17, 0x1f, 0x20, 0x21,
    0x22, 0x24, 0x25, 0x26, 0x29, 0x2e, 0x30, 0x31,
    0x32, 0x34, 0x35, 0x36, 0x37, 0x38, 0x3b, 0x3c,
    0x48, 0x49, 0x4a, 0x4b, 0x4d, 0x4e, 0x4f, 0x50,
    0x51, 0x52, 0x54, 0x55, 0x56, 0x57, 0x5b, 0x5c,
    0x5d, 0x5e, 0x5f, 0x60, 0x61, 0x62, 0x64, 0x65,
    0x66, 0x67, 0x68, 0x6f, 0x70, 0x79, 0x7b, 0x7e,
    0x81, 0x85, 0x86, 0x89, 0x8a, 0x8d, 0x92, 0x96,
    0x97, 0x98, 0x99, 0x9a, 0x9d, 0x9e, 0x9f, 0xa0,
    0xa6, 0xb0, 0xb2, 0xbc, 0xc6, 0xcb, 0xcc, 0xe2,
    0xec, 0xed, 0xee, 0xef, 0xf1, 0xf4, 0xf6, 0xf7,
    0x115, 0x116, 0x11a, 0x11b, 0x124, 0x134, 0x139, 0x152,
    0x153, 0x155, 0x159, 0x15d, 0x161, 0x162, 0x163, 0x165,
    0x171, 0x174, 0x179, 0x181, 0x18e, 0x18f, 0x191, 0x193,
    0x19a, 0x1a4, 0x1b6, 0x1b8, 0x1b9, 0x1c6, 0x1c7, 0x1c8,
    0x1ca, 0x1cd, 0x1ce, 0x1d0, 0x1d3, 0x1d5, 0x1d7, 0x1d9,
    0x1db, 0x1df, 0x1e2, 0x1e4, 0x1e7, 0x1ec, 0x1f0, 0x1f1,
    0x1f3, 0x1f5, 0x1f6, 0x1fa, 0x1fc, 0x1fd, 0x1fe, 0x1ff,
    0x200, 0x201, 0x204, 0x205, 0x206, 0x208, 0x20b, 0x20c,
    0x20d, 0x211, 0x212, 0x213, 0x215, 0x216, 0x218, 0x219,
    0x21a, 0x21b, 0x21f, 0x221, 0x222, 0x224, 0x225, 0x226,
    0x227, 0x228, 0x22a, 0x22b, 0x232, 0x235, 0x241, 0x247,
    0x24c, 0x24d, 0x24e, 0x251, 0x252, 0x254, 0x255, 0x256,
    0x258, 0x25a, 0x261, 0x262, 0x267, 0x26a, 0x26b, 0x26c,
    0x26d, 0x26e, 0x26f, 0x272, 0x273, 0x276, 0x277, 0x27a
};

static const uint8_t glyph_id_ofs_list_15[] = {
    0, 1, 2, 3, 4, 5, 6, 7,
    8, 9, 10, 0, 11, 12, 13, 14,
    0, 15, 16, 17, 18, 0, 0, 19,
    20, 21, 22, 23, 24, 25, 26, 0,
    27, 28, 0, 29, 30, 31, 0, 32,
    33, 34, 35, 0, 36, 37, 38, 39,
    40, 41, 42, 0, 43, 44, 45, 46,
    0, 0, 47, 48, 0, 49, 50, 51
};

static const uint16_t unicode_list_16[] = {
    0x0, 0x3, 0x5, 0x7, 0x8, 0xa, 0xd, 0x10,
    0x14, 0x17, 0x25, 0x26, 0x2a, 0x2d, 0x39, 0x3c,
    0x42, 0x48, 0x4a, 0x4d, 0x4e, 0x52, 0x53, 0x57,
    0x58, 0x59, 0x60, 0x64, 0x65, 0x6a, 0x6d, 0x70,
    0x73, 0x78, 0x7a, 0x7c, 0x7d, 0x7e, 0x81, 0x86,
    0x87, 0x8b, 0x8d, 0x8e, 0x8f, 0x92, 0x93, 0x94,
    0x96, 0x98, 0x9d, 0x9f, 0xa1, 0xa2, 0xa4, 0xa5,
    0xa8, 0xaa, 0xab, 0xac, 0xad, 0xb0, 0xb1, 0xb2,
    0xbf, 0xc1, 0xc2, 0xc3, 0xc4, 0xc9, 0xca, 0xd0,
    0xd1, 0xd2, 0xd6, 0xdf, 0xe0, 0xe4, 0xe7, 0xe9,
    0xec, 0xed, 0xf1, 0xf8, 0xfa, 0xfc, 0xfe, 0x100,
    0x102, 0x106, 0x107, 0x10b, 0x10c, 0x10f, 0x111, 0x115,
    0x116, 0x119, 0x11a, 0x11b, 0x123, 0x125, 0x128, 0x129,
    0x134, 0x135, 0x137, 0x13d, 0x13e, 0x140, 0x147, 0x148,
    0x14b, 0x151, 0x152, 0x154, 0x157, 0x158, 0x164, 0x165,
    0x166, 0x169, 0x16c, 0x170, 0x176, 0x17a, 0x17b, 0x17c,
    0x17f, 0x183, 0x184, 0x187, 0x188, 0x192, 0x194, 0x195,
    0x198, 0x199, 0x19b, 0x19c, 0x1a5, 0x1a6, 0x1a9, 0x1aa,
    0x1ac, 0x1ad, 0x1af, 0x1b0, 0x1b1, 0x1b5, 0x1bc, 0x1bd,
    0x1bf, 0x1c5, 0x1c8, 0x1c9, 0x1cb, 0x1cd, 0x1ce, 0x1cf,
    0x1d2, 0x1d3, 0x1d4, 0x1d6, 0x1d7, 0x1de, 0x1df, 0x1e2,
    0x1e3, 0x1e6, 0x1e8, 0x1e9, 0x1eb, 0x1ed, 0x1ee, 0x1f2,
    0x1f3, 0x1f5, 0x1f6, 0x1f7, 0x1f9, 0x1fb, 0x200, 0x201,
    0x202, 0x203, 0x20d, 0x20e, 0x20f, 0x215, 0x218, 0x21b,
    0x21c, 0x21e, 0x220, 0x223, 0x224, 0x22b, 0x22e, 0x22f,
    0x230, 0x233, 0x234, 0x235, 0x236, 0x238, 0x239, 0x23b,
    0x23e, 0x23f, 0x241, 0x246, 0x250, 0x251, 0x252, 0x253,
    0x258, 0x267, 0x273, 0x275, 0x279, 0x27c, 0x287, 0x28c,
    0x296, 0x2a2, 0x2a4, 0x2a5, 0x2a6, 0x2aa, 0x2ab, 0x2ad,
    0x2ae, 0x2af, 0x2b0, 0x2ba, 0x2c0, 0x2e9, 0x2ea, 0x2f5,
    0x300, 0x302, 0x30e, 0x318, 0x328
};

/*Collect the unicode lists and glyph_id offsets*/
static const lv_font_fmt_txt_cmap_t cmaps[] =
{
    {
        .range_start = 32, .range_length = 95, .glyph_id_start = 1,
        .unicode_list = NULL, .glyph_id_ofs_list = NULL, .list_length = 0, .type = LV_FONT_FMT_TXT_CMAP_FORMAT0_TINY
    },
    {
        .range_start = 160, .range_length = 13, .glyph_id_start = 96,
        .unicode_list = NULL, .glyph_id_ofs_list = NULL, .list_length = 0, .type = LV_FONT_FMT_TXT_CMAP_FORMAT0_TINY
    },
    {
        .range_start = 174, .range_length = 82, .glyph_id_start = 109,
        .unicode_list = NULL, .glyph_id_ofs_list = NULL, .list_length = 0, .type = LV_FONT_FMT_TXT_CMAP_FORMAT0_TINY
    },
    {
        .range_start = 260, .range_length = 121, .glyph_id_start = 191,
        .unicode_list = unicode_list_3, .glyph_id_ofs_list = NULL, .list_length = 16, .type = LV_FONT_FMT_TXT_CMAP_SPARSE_TINY
    },
    {
        .range_start = 61440, .range_length = 15, .glyph_id_start = 207,
        .unicode_list = NULL, .glyph_id_ofs_list = NULL, .list_length = 0, .type = LV_FONT_FMT_TXT_CMAP_FORMAT0_TINY
    },
    {
        .range_start = 61456, .range_length = 15, .glyph_id_start = 222,
        .unicode_list = NULL, .glyph_id_ofs_list = NULL, .list_length = 0, .type = LV_FONT_FMT_TXT_CMAP_FORMAT0_TINY
    },
    {
        .range_start = 61473, .range_length = 30, .glyph_id_start = 237,
        .unicode_list = NULL, .glyph_id_ofs_list = NULL, .list_length = 0, .type = LV_FONT_FMT_TXT_CMAP_FORMAT0_TINY
    },
    {
        .range_start = 61504, .range_length = 15, .glyph_id_start = 267,
        .unicode_list = NULL, .glyph_id_ofs_list = NULL, .list_length = 0, .type = LV_FONT_FMT_TXT_CMAP_FORMAT0_TINY
    },
    {
        .range_start = 61520, .range_length = 15, .glyph_id_start = 282,
        .unicode_list = NULL, .glyph_id_ofs_list = NULL, .list_length = 0, .type = LV_FONT_FMT_TXT_CMAP_FORMAT0_TINY
    },
    {
        .range_start = 61536, .range_length = 15, .glyph_id_start = 297,
        .unicode_list = NULL, .glyph_id_ofs_list = NULL, .list_length = 0, .type = LV_FONT_FMT_TXT_CMAP_FORMAT0_TINY
    },
    {
        .range_start = 61552, .range_length = 246, .glyph_id_start = 312,
        .unicode_list = NULL, .glyph_id_ofs_list = glyph_id_ofs_list_10, .list_length = 246, .type = LV_FONT_FMT_TXT_CMAP_FORMAT0_FULL
    },
    {
        .range_start = 61813, .range_length = 233, .glyph_id_start = 512,
        .unicode_list = NULL, .glyph_id_ofs_list = glyph_id_ofs_list_11, .list_length = 233, .type = LV_FONT_FMT_TXT_CMAP_FORMAT0_FULL
    },
    {
        .range_start = 62060, .range_length = 635, .glyph_id_start = 645,
        .unicode_list = unicode_list_12, .glyph_id_ofs_list = NULL, .list_length = 208, .type = LV_FONT_FMT_TXT_CMAP_SPARSE_TINY
    },
    {
        .range_start = 62714, .range_length = 16, .glyph_id_start = 853,
        .unicode_list = NULL, .glyph_id_ofs_list = NULL, .list_length = 0, .type = LV_FONT_FMT_TXT_CMAP_FORMAT0_TINY
    },
    {
        .range_start = 62741, .range_length = 125, .glyph_id_start = 869,
        .unicode_list = NULL, .glyph_id_ofs_list = NULL, .list_length = 0, .type = LV_FONT_FMT_TXT_CMAP_FORMAT0_TINY
    },
    {
        .range_start = 62867, .range_length = 64, .glyph_id_start = 994,
        .unicode_list = NULL, .glyph_id_ofs_list = glyph_id_ofs_list_15, .list_length = 64, .type = LV_FONT_FMT_TXT_CMAP_FORMAT0_FULL
    },
    {
        .range_start = 62935, .range_length = 809, .glyph_id_start = 1046,
        .unicode_list = unicode_list_16, .glyph_id_ofs_list = NULL, .list_length = 245, .type = LV_FONT_FMT_TXT_CMAP_SPARSE_TINY
    }
};



/*--------------------
 *  ALL CUSTOM DATA
 *--------------------*/

#if LVGL_VERSION_MAJOR == 8
/*Store all the custom data of the font*/
static  lv_font_fmt_txt_glyph_cache_t cache;
#endif

#if LVGL_VERSION_MAJOR >= 8
static const lv_font_fmt_txt_dsc_t font_dsc = {
#else
static lv_font_fmt_txt_dsc_t font_dsc = {
#endif
    .glyph_bitmap = glyph_bitmap,
    .glyph_dsc = glyph_dsc,
    .cmaps = cmaps,
    .kern_dsc = NULL,
    .kern_scale = 0,
    .cmap_num = 17,
    .bpp = 4,
    .kern_classes = 0,
    .bitmap_format = 0,
#if LVGL_VERSION_MAJOR == 8
    .cache = &cache
#endif

};



/*-----------------
 *  PUBLIC FONT
 *----------------*/

/*Initialize a public general font descriptor*/
#if LVGL_VERSION_MAJOR >= 8
const lv_font_t montserrat_pl_14 = {
#else
lv_font_t montserrat_pl_14 = {
#endif
    .get_glyph_dsc = lv_font_get_glyph_dsc_fmt_txt,    /*Function pointer to get glyph's data*/
    .get_glyph_bitmap = lv_font_get_bitmap_fmt_txt,    /*Function pointer to get glyph's bitmap*/
    .line_height = 19,          /*The maximum line height required by the font*/
    .base_line = 4,             /*Baseline measured from the bottom of the line*/
#if !(LVGL_VERSION_MAJOR == 6 && LVGL_VERSION_MINOR == 0)
    .subpx = LV_FONT_SUBPX_NONE,
#endif
#if LV_VERSION_CHECK(7, 4, 0) || LVGL_VERSION_MAJOR >= 8
    .underline_position = 0,
    .underline_thickness = 0,
#endif
    //.static_bitmap = 0,
    .dsc = &font_dsc,          /*The custom font data. Will be accessed by `get_glyph_bitmap/dsc` */
#if LV_VERSION_CHECK(8, 2, 0) || LVGL_VERSION_MAJOR >= 9
    .fallback = NULL,
#endif
    .user_data = NULL,
};



#endif /*#if MONTSERRAT_PL_14*/
